nohup: ignoring input
--- DEBUG: Starting command:---
=======================================
🛠️  开始测试流程
Engine: milvus-p10 | Dataset: random-range-2048-angular-no-filters
=======================================
>>> [Step 1] 启动后台监控...
    监控进程 PID: 3614019
>>> [Step 2] 重置 Milvus...
 Container milvus-standalone  Stopping
 Container milvus-standalone  Stopped
 Container milvus-standalone  Removing
 Container milvus-standalone  Removed
 Container milvus-etcd  Stopping
 Container milvus-minio  Stopping
 Container milvus-etcd  Stopped
 Container milvus-etcd  Removing
 Container milvus-etcd  Removed
 Container milvus-minio  Stopped
 Container milvus-minio  Removing
 Container milvus-minio  Removed
 Network milvus  Removing
 Network milvus  Removed
    🧹 清理宿主机数据目录: /home/dzh/project/vdtuner/vector-db-benchmark-master/engine/servers/milvus-single-node/volumes
 Network milvus  Creating
 Network milvus  Created
 Container milvus-minio  Creating
 Container milvus-etcd  Creating
 Container milvus-etcd  Created
 Container milvus-minio  Created
 Container milvus-standalone  Creating
 Container milvus-standalone  Created
 Container milvus-etcd  Starting
 Container milvus-minio  Starting
 Container milvus-etcd  Started
 Container milvus-minio  Started
 Container milvus-standalone  Starting
 Container milvus-standalone  Started
>>> [Step 3] 等待服务启动 (90s)...
    等待中... (10s/120s)
    ✅ Milvus 服务已就绪
>>> [Step 4] 运行 Benchmark...
Running experiment: milvus-p10 - random-range-2048-angular-no-filters
established connection
/home/dzh/project/vdtuner/vector-db-benchmark-master/datasets/random-range-2048-angular/random_float_100k_no_filters already exists
Experiment stage: Configure
Experiment stage: Upload

0it [00:00, ?it/s]
1it [00:01,  1.57s/it]
768it [00:01, 630.18it/s]
1148it [00:01, 831.98it/s]
1536it [00:02, 1149.85it/s]
1920it [00:02, 1514.83it/s]
2241it [00:02, 1584.23it/s]
2688it [00:02, 2058.12it/s]
3264it [00:02, 2779.44it/s]
4032it [00:02, 3821.85it/s]
4992it [00:02, 5185.64it/s]
6016it [00:02, 6452.20it/s]
7040it [00:02, 7410.19it/s]
8000it [00:03, 7961.50it/s]
8960it [00:03, 8288.89it/s]
9984it [00:03, 8781.39it/s]
10953it [00:03, 9041.11it/s]
11921it [00:03, 9226.25it/s]
12928it [00:03, 9343.43it/s]
13952it [00:03, 9578.59it/s]
14976it [00:03, 9709.14it/s]
15966it [00:03, 9764.76it/s]
16948it [00:04, 5802.43it/s]
17856it [00:04, 6430.97it/s]
18880it [00:04, 7267.32it/s]
19904it [00:04, 7931.10it/s]
20890it [00:04, 8421.74it/s]
21830it [00:04, 8681.84it/s]
22848it [00:04, 9016.05it/s]
23831it [00:04, 9244.31it/s]
24792it [00:05, 9341.29it/s]
25752it [00:05, 8768.80it/s]
26752it [00:05, 9019.86it/s]
27776it [00:05, 9288.98it/s]
28768it [00:05, 9468.96it/s]
29726it [00:05, 9156.30it/s]
30656it [00:05, 9173.59it/s]
31580it [00:05, 6142.53it/s]
32384it [00:06, 6482.42it/s]
33344it [00:06, 7109.87it/s]
34304it [00:06, 7640.92it/s]
35171it [00:06, 7907.43it/s]
36032it [00:06, 8064.54it/s]
36928it [00:06, 8271.00it/s]
37824it [00:06, 8414.55it/s]
38720it [00:06, 8541.87it/s]
39680it [00:06, 8760.95it/s]
40567it [00:06, 8647.34it/s]
41484it [00:07, 8797.47it/s]
42432it [00:07, 8951.00it/s]
43456it [00:07, 9229.49it/s]
44416it [00:07, 9267.94it/s]
45345it [00:07, 8870.51it/s]
46237it [00:07, 8799.36it/s]
47120it [00:07, 5331.71it/s]
48083it [00:08, 6189.56it/s]
49024it [00:08, 6891.15it/s]
49990it [00:08, 7556.02it/s]
50880it [00:08, 7874.70it/s]
51797it [00:08, 8219.92it/s]
52693it [00:08, 8423.76it/s]
53632it [00:08, 8648.55it/s]
54592it [00:08, 8823.66it/s]
55542it [00:08, 8992.06it/s]
56459it [00:08, 8962.47it/s]
57408it [00:09, 9052.23it/s]
58337it [00:09, 9121.30it/s]
59256it [00:09, 9057.92it/s]
60167it [00:09, 9004.17it/s]
61120it [00:09, 9155.91it/s]
62038it [00:09, 7253.49it/s]
62912it [00:09, 7543.82it/s]
63872it [00:09, 8003.15it/s]
64820it [00:09, 8401.91it/s]
65775it [00:10, 8720.98it/s]
66672it [00:10, 8784.53it/s]
67648it [00:10, 8960.73it/s]
68557it [00:10, 8943.77it/s]
69461it [00:10, 8840.74it/s]
70375it [00:10, 8927.62it/s]
71273it [00:10, 8806.14it/s]
72158it [00:10, 8096.84it/s]
72981it [00:10, 8041.40it/s]
73920it [00:10, 8337.70it/s]
74816it [00:11, 8502.54it/s]
75712it [00:11, 7005.29it/s]
76608it [00:11, 7494.10it/s]
77504it [00:11, 7857.39it/s]
78465it [00:11, 8335.33it/s]
79424it [00:11, 8571.38it/s]
80389it [00:11, 8876.49it/s]
81294it [00:11, 8585.90it/s]
82176it [00:11, 8548.88it/s]
83072it [00:12, 8648.18it/s]
83968it [00:12, 8633.73it/s]
84864it [00:12, 8691.12it/s]
85786it [00:12, 8845.51it/s]
86720it [00:12, 8973.33it/s]
87667it [00:12, 9119.60it/s]
88581it [00:12, 9054.33it/s]
89536it [00:12, 9082.40it/s]
90446it [00:13, 5624.40it/s]
91361it [00:13, 6352.61it/s]
92224it [00:13, 6840.50it/s]
93057it [00:13, 7205.02it/s]
94016it [00:13, 7743.29it/s]
94912it [00:13, 8054.03it/s]
95808it [00:13, 8209.02it/s]
96704it [00:13, 8396.97it/s]
97607it [00:13, 8577.75it/s]
98496it [00:14, 8644.62it/s]
99456it [00:14, 8840.17it/s]
100000it [00:14, 7044.19it/s]
Upload time: 14.595714184921235
Total import time: 21.559237743727863
Experiment stage: Search

0it [00:00, ?it/s]
4it [00:00,  5.45it/s]
8it [00:00, 10.91it/s]
18it [00:00, 27.31it/s]
33it [00:01, 52.63it/s]
60it [00:01, 101.44it/s]
101it [00:01, 176.24it/s]
134it [00:01, 214.90it/s]
197it [00:01, 325.82it/s]
237it [00:01, 345.76it/s]
276it [00:01, 305.65it/s]
317it [00:01, 331.80it/s]
395it [00:01, 449.32it/s]
444it [00:02, 371.02it/s]
493it [00:02, 394.47it/s]
537it [00:02, 373.75it/s]
601it [00:02, 412.62it/s]
645it [00:02, 392.84it/s]
686it [00:02, 380.04it/s]
727it [00:02, 385.70it/s]
775it [00:02, 410.29it/s]
828it [00:03, 436.48it/s]
873it [00:03, 439.92it/s]
944it [00:03, 515.10it/s]
1027it [00:03, 603.51it/s]
1108it [00:03, 662.65it/s]
1175it [00:03, 540.24it/s]
1234it [00:03, 467.70it/s]
1293it [00:03, 494.82it/s]
1363it [00:03, 542.14it/s]
1421it [00:04, 543.34it/s]
1478it [00:04, 510.01it/s]
1531it [00:04, 488.14it/s]
1582it [00:04, 470.44it/s]
1631it [00:04, 472.67it/s]
1710it [00:04, 557.73it/s]
1799it [00:04, 649.00it/s]
1866it [00:04, 650.66it/s]
1945it [00:04, 686.42it/s]
2023it [00:05, 713.55it/s]
2110it [00:05, 757.82it/s]
2198it [00:05, 792.41it/s]
2286it [00:05, 815.76it/s]
2373it [00:05, 829.99it/s]
2457it [00:05, 720.92it/s]
2532it [00:05, 566.63it/s]
2603it [00:05, 598.15it/s]
2669it [00:06, 506.92it/s]
2733it [00:06, 536.59it/s]
2797it [00:06, 559.70it/s]
2875it [00:06, 614.17it/s]
2941it [00:06, 586.27it/s]
3021it [00:06, 641.78it/s]
3109it [00:06, 704.49it/s]
3201it [00:06, 762.97it/s]
3286it [00:06, 785.87it/s]
3371it [00:07, 804.01it/s]
3453it [00:07, 804.95it/s]
3535it [00:07, 796.69it/s]
3616it [00:07, 789.92it/s]
3696it [00:07, 788.33it/s]
3776it [00:07, 783.77it/s]
3855it [00:07, 755.86it/s]
3931it [00:07, 705.43it/s]
4003it [00:07, 659.33it/s]
4084it [00:08, 699.08it/s]
4156it [00:08, 704.58it/s]
4228it [00:08, 672.53it/s]
4297it [00:08, 652.49it/s]
4363it [00:08, 653.15it/s]
4429it [00:08, 650.13it/s]
4498it [00:08, 660.86it/s]
4565it [00:08, 578.85it/s]
4631it [00:08, 592.30it/s]
4692it [00:09, 541.34it/s]
4748it [00:09, 383.58it/s]
4830it [00:09, 473.92it/s]
4905it [00:09, 536.90it/s]
4967it [00:09, 533.50it/s]
5032it [00:09, 561.62it/s]
5095it [00:09, 578.54it/s]
5176it [00:09, 640.01it/s]
5243it [00:10, 576.64it/s]
5319it [00:10, 612.00it/s]
5395it [00:10, 650.43it/s]
5463it [00:10, 589.88it/s]
5525it [00:10, 424.93it/s]
5576it [00:10, 409.74it/s]
5623it [00:10, 394.17it/s]
5666it [00:11, 388.61it/s]
5708it [00:11, 382.17it/s]
5754it [00:11, 399.47it/s]
5796it [00:11, 329.43it/s]
5842it [00:11, 356.57it/s]
5881it [00:11, 329.02it/s]
5916it [00:11, 277.80it/s]
5947it [00:12, 279.96it/s]
5985it [00:12, 294.31it/s]
6016it [00:12, 294.17it/s]
6069it [00:12, 355.09it/s]
6107it [00:12, 273.73it/s]
6145it [00:12, 288.39it/s]
6177it [00:12, 284.28it/s]
6235it [00:12, 317.91it/s]
6293it [00:13, 379.21it/s]
6334it [00:13, 308.83it/s]
6369it [00:13, 214.99it/s]
6397it [00:13, 212.14it/s]
6423it [00:13, 171.62it/s]
6444it [00:14, 164.16it/s]
6491it [00:14, 211.18it/s]
6524it [00:14, 223.64it/s]
6556it [00:14, 218.75it/s]
6580it [00:14, 202.37it/s]
6602it [00:14, 185.55it/s]
6648it [00:14, 245.38it/s]
6676it [00:15, 251.68it/s]
6704it [00:15, 251.30it/s]
6731it [00:15, 239.18it/s]
6756it [00:15, 154.01it/s]
6784it [00:15, 176.11it/s]
6811it [00:15, 190.25it/s]
6834it [00:15, 178.91it/s]
6869it [00:16, 217.27it/s]
6912it [00:16, 269.01it/s]
6943it [00:16, 258.30it/s]
6980it [00:16, 276.64it/s]
7031it [00:16, 336.27it/s]
7067it [00:16, 334.26it/s]
7102it [00:16, 338.52it/s]
7137it [00:16, 300.19it/s]
7177it [00:16, 325.81it/s]
7213it [00:17, 327.27it/s]
7247it [00:17, 304.36it/s]
7279it [00:17, 296.33it/s]
7310it [00:17, 298.72it/s]
7341it [00:17, 266.60it/s]
7391it [00:17, 324.74it/s]
7435it [00:17, 355.53it/s]
7473it [00:17, 361.51it/s]
7511it [00:18, 311.73it/s]
7555it [00:18, 342.43it/s]
7592it [00:18, 330.72it/s]
7628it [00:18, 322.61it/s]
7670it [00:18, 335.18it/s]
7705it [00:18, 261.05it/s]
7734it [00:18, 206.71it/s]
7767it [00:19, 231.03it/s]
7794it [00:19, 194.95it/s]
7849it [00:19, 267.43it/s]
7882it [00:19, 255.88it/s]
7912it [00:19, 262.07it/s]
7961it [00:19, 317.26it/s]
8014it [00:19, 362.94it/s]
8054it [00:19, 372.48it/s]
8094it [00:20, 317.41it/s]
8129it [00:20, 296.38it/s]
8161it [00:20, 274.41it/s]
8202it [00:20, 306.42it/s]
8235it [00:20, 239.06it/s]
8274it [00:20, 271.19it/s]
8311it [00:20, 275.69it/s]
8342it [00:21, 270.29it/s]
8382it [00:21, 300.75it/s]
8414it [00:21, 287.77it/s]
8446it [00:21, 284.31it/s]
8514it [00:21, 386.48it/s]
8588it [00:21, 480.61it/s]
8662it [00:21, 551.62it/s]
8735it [00:21, 600.55it/s]
8808it [00:21, 636.85it/s]
8876it [00:21, 646.98it/s]
8942it [00:22, 550.75it/s]
9001it [00:22, 484.20it/s]
9053it [00:22, 457.94it/s]
9102it [00:22, 365.45it/s]
9143it [00:22, 314.20it/s]
9178it [00:22, 292.30it/s]
9210it [00:23, 290.77it/s]
9264it [00:23, 346.56it/s]
9303it [00:23, 341.75it/s]
9340it [00:23, 342.97it/s]
9376it [00:23, 319.98it/s]
9414it [00:23, 329.65it/s]
9448it [00:23, 316.11it/s]
9520it [00:23, 422.40it/s]
9592it [00:23, 500.17it/s]
9658it [00:24, 542.87it/s]
9729it [00:24, 589.11it/s]
9802it [00:24, 629.49it/s]
9868it [00:24, 638.03it/s]
9936it [00:24, 648.68it/s]
10000it [00:24, 406.83it/s]
Experiment stage: Done
Results saved to:  /home/dzh/project/vdtuner/vector-db-benchmark-master/results
>>> [Step 5] 收尾工作...
    监控日志已保存。
📊 测试结果摘要:
0.8732500000000002
404.7712026922298
0.01292135000694543
line1:  0.01292135000694543
line1:  404.7712026922298
line1:  0.8732500000000002
numeric_values:  [0.01292135000694543, 404.7712026922298, 0.8732500000000002]
[1] 80 0.8732500000000002 0.01292135000694543 80
--- DEBUG: Starting command:---
=======================================
🛠️  开始测试流程
Engine: milvus-p10 | Dataset: random-range-2048-angular-no-filters
=======================================
>>> [Step 1] 启动后台监控...
    监控进程 PID: 3625658
>>> [Step 2] 重置 Milvus...
 Container milvus-standalone  Stopping
 Container milvus-standalone  Stopped
 Container milvus-standalone  Removing
 Container milvus-standalone  Removed
 Container milvus-minio  Stopping
 Container milvus-etcd  Stopping
 Container milvus-etcd  Stopped
 Container milvus-etcd  Removing
 Container milvus-etcd  Removed
 Container milvus-minio  Stopped
 Container milvus-minio  Removing
 Container milvus-minio  Removed
 Network milvus  Removing
 Network milvus  Removed
    🧹 清理宿主机数据目录: /home/dzh/project/vdtuner/vector-db-benchmark-master/engine/servers/milvus-single-node/volumes
 Network milvus  Creating
 Network milvus  Created
 Container milvus-etcd  Creating
 Container milvus-minio  Creating
 Container milvus-etcd  Created
 Container milvus-minio  Created
 Container milvus-standalone  Creating
 Container milvus-standalone  Created
 Container milvus-etcd  Starting
 Container milvus-minio  Starting
 Container milvus-etcd  Started
 Container milvus-minio  Started
 Container milvus-standalone  Starting
 Container milvus-standalone  Started
>>> [Step 3] 等待服务启动 (90s)...
    等待中... (10s/120s)
    ✅ Milvus 服务已就绪
>>> [Step 4] 运行 Benchmark...
Running experiment: milvus-p10 - random-range-2048-angular-no-filters
established connection
/home/dzh/project/vdtuner/vector-db-benchmark-master/datasets/random-range-2048-angular/random_float_100k_no_filters already exists
Experiment stage: Configure
Experiment stage: Upload

0it [00:00, ?it/s]
1it [00:00,  1.72it/s]
64it [00:00, 80.56it/s]
688it [00:01, 1023.06it/s]
979it [00:01, 1303.94it/s]
1247it [00:01, 1473.29it/s]
1536it [00:01, 1740.48it/s]
1788it [00:01, 1891.91it/s]
2176it [00:01, 2370.77it/s]
2468it [00:01, 2393.48it/s]
2816it [00:01, 2670.56it/s]
3136it [00:01, 2720.18it/s]
4096it [00:02, 4543.45it/s]
5056it [00:02, 5909.45it/s]
6080it [00:02, 7055.30it/s]
7168it [00:02, 8074.54it/s]
8221it [00:02, 8780.68it/s]
9216it [00:02, 9039.56it/s]
10240it [00:02, 9360.30it/s]
11264it [00:02, 9594.57it/s]
12288it [00:02, 9757.06it/s]
13312it [00:02, 9883.59it/s]
14336it [00:03, 9881.03it/s]
15327it [00:03, 9578.92it/s]
16320it [00:03, 9612.08it/s]
17284it [00:03, 5908.50it/s]
18357it [00:03, 6890.38it/s]
19328it [00:03, 7467.22it/s]
20352it [00:03, 8078.24it/s]
21376it [00:04, 8542.54it/s]
22400it [00:04, 8905.12it/s]
23360it [00:04, 9018.74it/s]
24384it [00:04, 9289.20it/s]
25408it [00:04, 9433.33it/s]
26375it [00:04, 9378.36it/s]
27392it [00:04, 9536.92it/s]
28358it [00:04, 9436.59it/s]
29376it [00:04, 9615.03it/s]
30344it [00:04, 9472.80it/s]
31296it [00:05, 7161.58it/s]
32192it [00:05, 7550.60it/s]
33152it [00:05, 8068.46it/s]
34176it [00:05, 8570.41it/s]
35136it [00:05, 8825.42it/s]
36096it [00:05, 9029.63it/s]
37025it [00:05, 8940.83it/s]
37937it [00:05, 8981.43it/s]
38848it [00:05, 8929.48it/s]
39808it [00:06, 9090.94it/s]
40768it [00:06, 9231.00it/s]
41696it [00:06, 9212.33it/s]
42621it [00:06, 8998.29it/s]
43584it [00:06, 9078.74it/s]
44544it [00:06, 9221.43it/s]
45469it [00:06, 7193.98it/s]
46336it [00:06, 7551.76it/s]
47296it [00:07, 8041.13it/s]
48256it [00:07, 8342.12it/s]
49125it [00:07, 8286.37it/s]
49984it [00:07, 8268.71it/s]
50880it [00:07, 8382.29it/s]
51840it [00:07, 8694.64it/s]
52736it [00:07, 8700.99it/s]
53696it [00:07, 8899.46it/s]
54656it [00:07, 8998.65it/s]
55616it [00:07, 9053.69it/s]
56524it [00:08, 8974.19it/s]
57424it [00:08, 8955.36it/s]
58368it [00:08, 8996.22it/s]
59275it [00:08, 9016.36it/s]
60178it [00:08, 6131.08it/s]
61056it [00:08, 6715.03it/s]
61952it [00:08, 7189.75it/s]
62912it [00:08, 7709.81it/s]
63808it [00:09, 8022.79it/s]
64828it [00:09, 8618.34it/s]
65731it [00:09, 8460.86it/s]
66624it [00:09, 8565.81it/s]
67502it [00:09, 8619.02it/s]
68416it [00:09, 8741.06it/s]
69312it [00:09, 8692.84it/s]
70189it [00:09, 8448.99it/s]
71041it [00:09, 7921.47it/s]
71843it [00:09, 7927.16it/s]
72643it [00:10, 7259.87it/s]
73536it [00:10, 7574.68it/s]
74336it [00:10, 7690.96it/s]
75115it [00:10, 6010.88it/s]
75911it [00:10, 6475.82it/s]
76800it [00:10, 7043.68it/s]
77696it [00:10, 7539.61it/s]
78605it [00:10, 7964.66it/s]
79488it [00:11, 8188.76it/s]
80443it [00:11, 8578.40it/s]
81319it [00:11, 8625.65it/s]
82195it [00:11, 8657.77it/s]
83080it [00:11, 8713.89it/s]
83968it [00:11, 8730.40it/s]
84864it [00:11, 8786.71it/s]
85766it [00:11, 8853.90it/s]
86656it [00:11, 8782.13it/s]
87584it [00:11, 8929.63it/s]
88512it [00:12, 9003.22it/s]
89414it [00:12, 6155.81it/s]
90240it [00:12, 6597.52it/s]
91113it [00:12, 7114.13it/s]
91968it [00:12, 7477.36it/s]
92801it [00:12, 7705.71it/s]
93696it [00:12, 7951.33it/s]
94528it [00:12, 7975.48it/s]
95424it [00:13, 8147.45it/s]
96320it [00:13, 8334.63it/s]
97216it [00:13, 8458.34it/s]
98071it [00:13, 8432.44it/s]
98921it [00:13, 8228.97it/s]
99776it [00:13, 8249.99it/s]
100000it [00:13, 7382.94it/s]
Upload time: 14.118817920796573
Total import time: 43.76510564610362
Experiment stage: Search

0it [00:00, ?it/s]
4it [00:00,  5.24it/s]
13it [00:00, 18.58it/s]
19it [00:01, 23.90it/s]
53it [00:01, 84.95it/s]
136it [00:01, 245.95it/s]
219it [00:01, 383.42it/s]
305it [00:01, 502.80it/s]
391it [00:01, 596.98it/s]
472it [00:01, 652.92it/s]
551it [00:01, 691.10it/s]
638it [00:01, 741.18it/s]
721it [00:01, 765.02it/s]
801it [00:02, 748.27it/s]
898it [00:02, 810.54it/s]
999it [00:02, 866.69it/s]
1092it [00:02, 883.55it/s]
1182it [00:02, 804.30it/s]
1265it [00:02, 786.81it/s]
1346it [00:02, 779.25it/s]
1430it [00:02, 792.19it/s]
1520it [00:02, 820.24it/s]
1603it [00:02, 811.89it/s]
1685it [00:03, 797.17it/s]
1766it [00:03, 758.65it/s]
1843it [00:03, 758.59it/s]
1920it [00:03, 699.43it/s]
1996it [00:03, 703.34it/s]
2070it [00:03, 712.99it/s]
2162it [00:03, 770.93it/s]
2259it [00:03, 827.35it/s]
2359it [00:03, 874.44it/s]
2448it [00:04, 854.27it/s]
2534it [00:04, 825.85it/s]
2618it [00:04, 793.28it/s]
2698it [00:04, 780.47it/s]
2777it [00:04, 762.47it/s]
2854it [00:04, 761.75it/s]
2938it [00:04, 780.42it/s]
3017it [00:04, 776.61it/s]
3095it [00:04, 741.73it/s]
3170it [00:05, 718.68it/s]
3243it [00:05, 700.36it/s]
3326it [00:05, 736.48it/s]
3415it [00:05, 778.02it/s]
3503it [00:05, 807.02it/s]
3596it [00:05, 841.80it/s]
3689it [00:05, 867.30it/s]
3777it [00:05, 870.63it/s]
3869it [00:05, 884.29it/s]
3960it [00:05, 885.22it/s]
4049it [00:06, 831.59it/s]
4133it [00:06, 816.45it/s]
4217it [00:06, 820.10it/s]
4300it [00:06, 818.93it/s]
4391it [00:06, 843.56it/s]
4488it [00:06, 878.87it/s]
4585it [00:06, 905.53it/s]
4676it [00:06, 899.43it/s]
4767it [00:06, 883.72it/s]
4856it [00:07, 884.23it/s]
4945it [00:07, 885.72it/s]
5034it [00:07, 878.84it/s]
5125it [00:07, 884.90it/s]
5214it [00:07, 860.79it/s]
5301it [00:07, 808.34it/s]
5383it [00:07, 797.49it/s]
5467it [00:07, 808.72it/s]
5549it [00:07, 803.48it/s]
5630it [00:07, 774.95it/s]
5719it [00:08, 805.97it/s]
5800it [00:08, 795.57it/s]
5880it [00:08, 781.55it/s]
5959it [00:08, 728.13it/s]
6045it [00:08, 764.45it/s]
6127it [00:08, 778.04it/s]
6206it [00:08, 753.64it/s]
6302it [00:08, 811.23it/s]
6404it [00:08, 869.71it/s]
6504it [00:09, 904.17it/s]
6595it [00:09, 901.90it/s]
6686it [00:09, 858.07it/s]
6773it [00:09, 808.25it/s]
6855it [00:09, 801.44it/s]
6936it [00:09, 792.48it/s]
7016it [00:09, 775.33it/s]
7094it [00:09, 772.57it/s]
7172it [00:09, 742.74it/s]
7247it [00:10, 744.78it/s]
7332it [00:10, 773.62it/s]
7414it [00:10, 780.96it/s]
7495it [00:10, 789.26it/s]
7575it [00:10, 773.88it/s]
7654it [00:10, 772.53it/s]
7732it [00:10, 751.58it/s]
7825it [00:10, 800.17it/s]
7923it [00:10, 852.23it/s]
8024it [00:10, 898.08it/s]
8115it [00:11, 889.80it/s]
8205it [00:11, 853.49it/s]
8291it [00:11, 754.28it/s]
8369it [00:11, 735.35it/s]
8445it [00:11, 693.21it/s]
8516it [00:11, 688.43it/s]
8586it [00:11, 672.53it/s]
8656it [00:11, 679.59it/s]
8734it [00:11, 702.88it/s]
8824it [00:12, 757.16it/s]
8904it [00:12, 769.31it/s]
8985it [00:12, 781.15it/s]
9064it [00:12, 739.05it/s]
9139it [00:12, 716.19it/s]
9217it [00:12, 731.63it/s]
9304it [00:12, 768.17it/s]
9382it [00:12, 751.42it/s]
9460it [00:12, 758.67it/s]
9537it [00:13, 732.73it/s]
9620it [00:13, 760.29it/s]
9706it [00:13, 787.94it/s]
9786it [00:13, 763.86it/s]
9863it [00:13, 743.01it/s]
9938it [00:13, 740.54it/s]
10000it [00:13, 733.59it/s]
Experiment stage: Done
Results saved to:  /home/dzh/project/vdtuner/vector-db-benchmark-master/results
>>> [Step 5] 收尾工作...
    监控日志已保存。
📊 测试结果摘要:
0.8754300000000002
728.235400460713
0.005218604509718715
line1:  0.005218604509718715
line1:  728.235400460713
line1:  0.8754300000000002
numeric_values:  [0.005218604509718715, 728.235400460713, 0.8754300000000002]
[2] 169 0.8754300000000002 0.005218604509718715 89
--- DEBUG: Starting command:---
=======================================
🛠️  开始测试流程
Engine: milvus-p10 | Dataset: random-range-2048-angular-no-filters
=======================================
>>> [Step 1] 启动后台监控...
    监控进程 PID: 3636964
>>> [Step 2] 重置 Milvus...
 Container milvus-standalone  Stopping
 Container milvus-standalone  Stopped
 Container milvus-standalone  Removing
 Container milvus-standalone  Removed
 Container milvus-etcd  Stopping
 Container milvus-minio  Stopping
 Container milvus-etcd  Stopped
 Container milvus-etcd  Removing
 Container milvus-etcd  Removed
 Container milvus-minio  Stopped
 Container milvus-minio  Removing
 Container milvus-minio  Removed
 Network milvus  Removing
 Network milvus  Removed
    🧹 清理宿主机数据目录: /home/dzh/project/vdtuner/vector-db-benchmark-master/engine/servers/milvus-single-node/volumes
 Network milvus  Creating
 Network milvus  Created
 Container milvus-minio  Creating
 Container milvus-etcd  Creating
 Container milvus-etcd  Created
 Container milvus-minio  Created
 Container milvus-standalone  Creating
 Container milvus-standalone  Created
 Container milvus-minio  Starting
 Container milvus-etcd  Starting
 Container milvus-minio  Started
 Container milvus-etcd  Started
 Container milvus-standalone  Starting
 Container milvus-standalone  Started
>>> [Step 3] 等待服务启动 (90s)...
    等待中... (10s/120s)
    ✅ Milvus 服务已就绪
>>> [Step 4] 运行 Benchmark...
Running experiment: milvus-p10 - random-range-2048-angular-no-filters
established connection
/home/dzh/project/vdtuner/vector-db-benchmark-master/datasets/random-range-2048-angular/random_float_100k_no_filters already exists
Experiment stage: Configure
Experiment stage: Upload

0it [00:00, ?it/s]
1it [00:00,  1.86it/s]
64it [00:00, 78.81it/s]
640it [00:01, 878.78it/s]
832it [00:01, 1033.33it/s]
1152it [00:01, 1393.47it/s]
1366it [00:01, 1545.20it/s]
1856it [00:01, 2270.28it/s]
2148it [00:01, 2404.77it/s]
2437it [00:01, 2389.75it/s]
2857it [00:01, 2852.40it/s]
3328it [00:01, 3327.52it/s]
4224it [00:02, 4855.39it/s]
5178it [00:02, 6173.74it/s]
6144it [00:02, 7092.74it/s]
7168it [00:02, 7941.42it/s]
8128it [00:02, 8390.63it/s]
9216it [00:02, 9011.29it/s]
10176it [00:02, 9123.64it/s]
11136it [00:02, 9241.33it/s]
12096it [00:02, 9313.16it/s]
13120it [00:03, 9539.99it/s]
14080it [00:03, 9502.91it/s]
15040it [00:03, 9519.94it/s]
16006it [00:03, 9561.20it/s]
16964it [00:03, 6990.45it/s]
17763it [00:03, 7044.65it/s]
18752it [00:03, 7722.49it/s]
19712it [00:03, 8174.73it/s]
20736it [00:03, 8634.86it/s]
21696it [00:04, 8861.76it/s]
22656it [00:04, 9040.90it/s]
23582it [00:04, 9075.90it/s]
24575it [00:04, 9322.99it/s]
25536it [00:04, 9320.17it/s]
26496it [00:04, 9354.83it/s]
27520it [00:04, 9508.88it/s]
28522it [00:04, 9658.27it/s]
29504it [00:04, 9586.55it/s]
30482it [00:04, 9642.72it/s]
31449it [00:05, 9650.08it/s]
32416it [00:05, 8821.99it/s]
33313it [00:05, 8849.88it/s]
34209it [00:05, 8854.13it/s]
35102it [00:05, 8592.48it/s]
35968it [00:05, 8604.24it/s]
36833it [00:05, 8327.40it/s]
37790it [00:05, 8681.68it/s]
38784it [00:05, 8995.71it/s]
39732it [00:06, 9136.35it/s]
40704it [00:06, 9247.08it/s]
41664it [00:06, 9283.77it/s]
42624it [00:06, 9314.43it/s]
43584it [00:06, 9312.09it/s]
44544it [00:06, 9326.36it/s]
45478it [00:06, 9234.81it/s]
46464it [00:06, 9272.88it/s]
47392it [00:06, 7195.71it/s]
48192it [00:07, 7387.99it/s]
48984it [00:07, 7070.28it/s]
49729it [00:07, 7108.48it/s]
50633it [00:07, 7625.23it/s]
51584it [00:07, 8088.54it/s]
52544it [00:07, 8472.13it/s]
53451it [00:07, 8642.90it/s]
54338it [00:07, 8707.81it/s]
55232it [00:07, 8748.31it/s]
56192it [00:07, 8858.66it/s]
57105it [00:08, 8937.41it/s]
58002it [00:08, 8876.38it/s]
58944it [00:08, 8923.13it/s]
59854it [00:08, 8974.45it/s]
60798it [00:08, 9111.78it/s]
61711it [00:08, 5799.92it/s]
62493it [00:08, 6228.93it/s]
63342it [00:08, 6755.03it/s]
64120it [00:09, 6836.94it/s]
65024it [00:09, 7313.28it/s]
65972it [00:09, 7890.95it/s]
66880it [00:09, 8120.88it/s]
67776it [00:09, 8306.69it/s]
68684it [00:09, 8526.23it/s]
69632it [00:09, 8722.14it/s]
70528it [00:09, 8757.75it/s]
71424it [00:09, 8695.79it/s]
72384it [00:10, 8816.80it/s]
73280it [00:10, 8809.62it/s]
74165it [00:10, 8617.88it/s]
75049it [00:10, 8680.49it/s]
75968it [00:10, 8730.36it/s]
76843it [00:10, 5829.12it/s]
77696it [00:10, 6377.27it/s]
78592it [00:10, 6974.76it/s]
79552it [00:11, 7601.87it/s]
80448it [00:11, 7928.12it/s]
81344it [00:11, 8198.09it/s]
82288it [00:11, 8545.40it/s]
83246it [00:11, 8840.56it/s]
84154it [00:11, 8726.60it/s]
85044it [00:11, 8740.04it/s]
85930it [00:11, 8650.19it/s]
86848it [00:11, 8738.96it/s]
87805it [00:11, 8981.42it/s]
88724it [00:12, 9042.41it/s]
89664it [00:12, 9051.58it/s]
90572it [00:12, 8969.10it/s]
91503it [00:12, 9069.33it/s]
92412it [00:12, 7131.36it/s]
93312it [00:12, 7550.81it/s]
94208it [00:12, 7815.84it/s]
95168it [00:12, 8250.16it/s]
96128it [00:12, 8589.45it/s]
97024it [00:13, 8586.16it/s]
97984it [00:13, 8790.99it/s]
98880it [00:13, 8725.18it/s]
99773it [00:13, 8783.35it/s]
100000it [00:13, 7474.72it/s]
Upload time: 13.759657772257924
Total import time: 34.20152906514704
Experiment stage: Search

0it [00:00, ?it/s]
4it [00:00,  5.29it/s]
14it [00:00, 19.91it/s]
25it [00:00, 36.27it/s]
77it [00:01, 135.95it/s]
163it [00:01, 300.26it/s]
249it [00:01, 437.28it/s]
340it [00:01, 559.40it/s]
418it [00:01, 615.29it/s]
500it [00:01, 668.08it/s]
579it [00:01, 702.32it/s]
660it [00:01, 732.40it/s]
740it [00:01, 751.04it/s]
826it [00:01, 781.32it/s]
908it [00:02, 789.24it/s]
989it [00:02, 786.67it/s]
1071it [00:02, 796.36it/s]
1152it [00:02, 779.11it/s]
1231it [00:02, 781.64it/s]
1319it [00:02, 809.51it/s]
1401it [00:02, 810.69it/s]
1492it [00:02, 836.92it/s]
1588it [00:02, 870.81it/s]
1676it [00:03, 840.06it/s]
1767it [00:03, 859.54it/s]
1854it [00:03, 850.47it/s]
1941it [00:03, 855.45it/s]
2029it [00:03, 862.64it/s]
2118it [00:03, 869.71it/s]
2213it [00:03, 891.35it/s]
2305it [00:03, 897.18it/s]
2401it [00:03, 913.99it/s]
2493it [00:03, 893.07it/s]
2583it [00:04, 863.28it/s]
2670it [00:04, 841.67it/s]
2763it [00:04, 865.57it/s]
2855it [00:04, 880.08it/s]
2951it [00:04, 901.13it/s]
3042it [00:04, 902.87it/s]
3142it [00:04, 929.36it/s]
3237it [00:04, 932.94it/s]
3331it [00:04, 925.35it/s]
3424it [00:04, 883.17it/s]
3513it [00:05, 873.51it/s]
3602it [00:05, 872.00it/s]
3690it [00:05, 802.02it/s]
3776it [00:05, 817.64it/s]
3868it [00:05, 846.27it/s]
3963it [00:05, 874.33it/s]
4052it [00:05, 866.18it/s]
4140it [00:05, 845.29it/s]
4230it [00:05, 860.52it/s]
4317it [00:06, 854.43it/s]
4414it [00:06, 885.34it/s]
4503it [00:06, 874.95it/s]
4591it [00:06, 844.22it/s]
4686it [00:06, 874.52it/s]
4780it [00:06, 892.29it/s]
4870it [00:06, 794.62it/s]
4963it [00:06, 830.62it/s]
5049it [00:06, 835.42it/s]
5134it [00:06, 839.02it/s]
5225it [00:07, 856.14it/s]
5318it [00:07, 872.51it/s]
5406it [00:07, 864.38it/s]
5494it [00:07, 867.87it/s]
5586it [00:07, 880.95it/s]
5675it [00:07, 836.49it/s]
5760it [00:07, 805.21it/s]
5842it [00:07, 806.78it/s]
5924it [00:07, 784.98it/s]
6009it [00:08, 803.19it/s]
6094it [00:08, 815.73it/s]
6176it [00:08, 796.25it/s]
6256it [00:08, 779.69it/s]
6337it [00:08, 786.56it/s]
6416it [00:08, 785.11it/s]
6501it [00:08, 803.50it/s]
6586it [00:08, 816.24it/s]
6668it [00:08, 815.67it/s]
6753it [00:08, 814.66it/s]
6835it [00:09, 808.39it/s]
6935it [00:09, 863.00it/s]
7034it [00:09, 900.53it/s]
7134it [00:09, 928.95it/s]
7228it [00:09, 893.27it/s]
7318it [00:09, 874.80it/s]
7406it [00:09, 848.07it/s]
7492it [00:09, 826.67it/s]
7588it [00:09, 864.06it/s]
7676it [00:10, 862.76it/s]
7763it [00:10, 857.14it/s]
7849it [00:10, 836.95it/s]
7933it [00:10, 832.36it/s]
8017it [00:10, 802.91it/s]
8098it [00:10, 790.43it/s]
8182it [00:10, 803.48it/s]
8271it [00:10, 826.44it/s]
8358it [00:10, 837.55it/s]
8451it [00:10, 863.78it/s]
8538it [00:11, 504.91it/s]
8607it [00:11, 472.48it/s]
8667it [00:11, 415.26it/s]
8721it [00:11, 438.98it/s]
8783it [00:11, 476.94it/s]
8866it [00:11, 558.77it/s]
8953it [00:12, 635.82it/s]
9040it [00:12, 695.70it/s]
9125it [00:12, 735.65it/s]
9212it [00:12, 770.83it/s]
9299it [00:12, 798.28it/s]
9385it [00:12, 814.12it/s]
9469it [00:12, 807.46it/s]
9551it [00:12, 666.84it/s]
9623it [00:12, 669.61it/s]
9694it [00:13, 447.99it/s]
9751it [00:13, 410.47it/s]
9801it [00:13, 376.58it/s]
9845it [00:13, 339.72it/s]
9883it [00:13, 344.94it/s]
9921it [00:14, 339.15it/s]
9957it [00:14, 332.94it/s]
10000it [00:14, 705.38it/s]
Experiment stage: Done
Results saved to:  /home/dzh/project/vdtuner/vector-db-benchmark-master/results
>>> [Step 5] 收尾工作...
    监控日志已保存。
📊 测试结果摘要:
0.39825
698.859577164892
0.003867369727231559
line1:  0.003867369727231559
line1:  698.859577164892
line1:  0.39825
numeric_values:  [0.003867369727231559, 698.859577164892, 0.39825]
[3] 250 0.39825 0.003867369727231559 80
/data/dzh/venv/lib/python3.10/site-packages/botorch/models/utils/assorted.py:274: InputDataWarning: Data (outcome observations) is not standardized (std = tensor([7.8935e-13], dtype=torch.float64), mean = tensor([7.4015e-17], dtype=torch.float64)).Please consider scaling the input to zero mean and unit variance.
  check_standardization(Y=train_Y, raise_on_fail=raise_on_fail)
/data/dzh/venv/lib/python3.10/site-packages/botorch/models/utils/assorted.py:274: InputDataWarning: Data (outcome observations) is not standardized (std = tensor([6.4099e-16], dtype=torch.float64), mean = tensor([-3.7007e-17], dtype=torch.float64)).Please consider scaling the input to zero mean and unit variance.
  check_standardization(Y=train_Y, raise_on_fail=raise_on_fail)
/bin/sh: 1: Syntax error: "(" unexpected
/data/dzh/venv/lib/python3.10/site-packages/botorch/acquisition/multi_objective/monte_carlo.py:110: NumericsWarning: qExpectedHypervolumeImprovement has known numerical issues that lead to suboptimal optimization performance. It is strongly recommended to simply replace

	 qExpectedHypervolumeImprovement 	 --> 	 qLogExpectedHypervolumeImprovement 

instead, which fixes the issues and has the same API. See https://arxiv.org/abs/2310.20708 for details.
  legacy_ei_numerics_warning(legacy_name=type(self).__name__)
--- DEBUG: Starting command:---
=======================================
🛠️  开始测试流程
Engine: milvus-p10 | Dataset: random-range-2048-angular-no-filters
=======================================
>>> [Step 1] 启动后台监控...
    监控进程 PID: 3648318
>>> [Step 2] 重置 Milvus...
 Container milvus-standalone  Stopping
 Container milvus-standalone  Stopped
 Container milvus-standalone  Removing
 Container milvus-standalone  Removed
 Container milvus-etcd  Stopping
 Container milvus-minio  Stopping
 Container milvus-etcd  Stopped
 Container milvus-etcd  Removing
 Container milvus-etcd  Removed
 Container milvus-minio  Stopped
 Container milvus-minio  Removing
 Container milvus-minio  Removed
 Network milvus  Removing
 Network milvus  Removed
    🧹 清理宿主机数据目录: /home/dzh/project/vdtuner/vector-db-benchmark-master/engine/servers/milvus-single-node/volumes
 Network milvus  Creating
 Network milvus  Created
 Container milvus-etcd  Creating
 Container milvus-minio  Creating
 Container milvus-etcd  Created
 Container milvus-minio  Created
 Container milvus-standalone  Creating
 Container milvus-standalone  Created
 Container milvus-minio  Starting
 Container milvus-etcd  Starting
 Container milvus-etcd  Started
 Container milvus-minio  Started
 Container milvus-standalone  Starting
 Container milvus-standalone  Started
>>> [Step 3] 等待服务启动 (90s)...
    等待中... (10s/120s)
    ✅ Milvus 服务已就绪
>>> [Step 4] 运行 Benchmark...
Running experiment: milvus-p10 - random-range-2048-angular-no-filters
established connection
/home/dzh/project/vdtuner/vector-db-benchmark-master/datasets/random-range-2048-angular/random_float_100k_no_filters already exists
Experiment stage: Configure
Experiment stage: Upload

0it [00:00, ?it/s]
1it [00:00,  1.46it/s]
64it [00:00, 80.96it/s]
576it [00:01, 838.55it/s]
790it [00:01, 1042.75it/s]
1152it [00:01, 1513.37it/s]
1600it [00:01, 1995.46it/s]
1874it [00:01, 2073.23it/s]
2176it [00:01, 2240.07it/s]
2574it [00:01, 2667.47it/s]
2882it [00:01, 2774.42it/s]
3584it [00:02, 3897.81it/s]
4160it [00:02, 4384.63it/s]
5312it [00:02, 6346.26it/s]
6327it [00:02, 7432.97it/s]
7275it [00:02, 8010.81it/s]
8320it [00:02, 8576.38it/s]
9340it [00:02, 9048.45it/s]
10256it [00:02, 8962.13it/s]
11328it [00:02, 9364.05it/s]
12288it [00:02, 9405.63it/s]
13248it [00:03, 9456.49it/s]
14272it [00:03, 9553.52it/s]
15232it [00:03, 9565.75it/s]
16192it [00:03, 9544.37it/s]
17148it [00:03, 6400.94it/s]
18112it [00:03, 7053.37it/s]
19008it [00:03, 7507.58it/s]
19921it [00:03, 7919.26it/s]
20881it [00:04, 8366.20it/s]
21775it [00:04, 8487.90it/s]
22665it [00:04, 8539.05it/s]
23617it [00:04, 8816.32it/s]
24521it [00:04, 8822.20it/s]
25469it [00:04, 9012.81it/s]
26382it [00:04, 8596.10it/s]
27297it [00:04, 8753.56it/s]
28224it [00:04, 8889.96it/s]
29128it [00:04, 8933.54it/s]
30080it [00:05, 9074.91it/s]
31040it [00:05, 9120.46it/s]
31955it [00:05, 6432.79it/s]
32896it [00:05, 7048.78it/s]
33792it [00:05, 7513.50it/s]
34752it [00:05, 7993.40it/s]
35648it [00:05, 8180.01it/s]
36551it [00:05, 8413.54it/s]
37504it [00:05, 8641.56it/s]
38400it [00:06, 8727.75it/s]
39290it [00:06, 8222.37it/s]
40130it [00:06, 8246.28it/s]
41024it [00:06, 8399.08it/s]
41984it [00:06, 8668.64it/s]
42858it [00:06, 8486.18it/s]
43723it [00:06, 8532.93it/s]
44581it [00:06, 8533.95it/s]
45522it [00:06, 8790.59it/s]
46464it [00:07, 8899.66it/s]
47356it [00:07, 7814.36it/s]
48219it [00:07, 8034.15it/s]
49152it [00:07, 8313.38it/s]
50048it [00:07, 8480.16it/s]
50944it [00:07, 8514.31it/s]
51904it [00:07, 8794.58it/s]
52864it [00:07, 8906.02it/s]
53824it [00:07, 9027.16it/s]
54731it [00:07, 8977.09it/s]
55631it [00:08, 8933.96it/s]
56526it [00:08, 8807.04it/s]
57408it [00:08, 8794.30it/s]
58304it [00:08, 8808.71it/s]
59264it [00:08, 8962.23it/s]
60161it [00:08, 8721.68it/s]
61120it [00:08, 8850.86it/s]
62006it [00:08, 6714.48it/s]
62864it [00:09, 7160.71it/s]
63788it [00:09, 7690.13it/s]
64612it [00:09, 7834.63it/s]
65536it [00:09, 8174.98it/s]
66430it [00:09, 8390.25it/s]
67392it [00:09, 8670.40it/s]
68352it [00:09, 8842.26it/s]
69312it [00:09, 8968.94it/s]
70272it [00:09, 9058.49it/s]
71184it [00:09, 9032.19it/s]
72128it [00:10, 9063.98it/s]
73038it [00:10, 9064.83it/s]
73984it [00:10, 9103.60it/s]
74981it [00:10, 9358.31it/s]
75919it [00:10, 9229.68it/s]
76844it [00:10, 7396.51it/s]
77642it [00:10, 7481.44it/s]
78592it [00:10, 7959.55it/s]
79488it [00:10, 8099.54it/s]
80324it [00:11, 8080.87it/s]
81216it [00:11, 8266.25it/s]
82176it [00:11, 8533.82it/s]
83040it [00:11, 8379.11it/s]
83885it [00:11, 8300.47it/s]
84720it [00:11, 8106.05it/s]
85535it [00:11, 8062.36it/s]
86397it [00:11, 8223.07it/s]
87271it [00:11, 8373.66it/s]
88111it [00:11, 8282.20it/s]
89024it [00:12, 8410.16it/s]
89931it [00:12, 8602.71it/s]
90793it [00:12, 6254.74it/s]
91520it [00:12, 6458.44it/s]
92416it [00:12, 7046.03it/s]
93376it [00:12, 7648.71it/s]
94289it [00:12, 8049.22it/s]
95232it [00:12, 8318.14it/s]
96128it [00:13, 8459.46it/s]
97069it [00:13, 8729.44it/s]
97958it [00:13, 8768.49it/s]
98846it [00:13, 8737.04it/s]
99728it [00:13, 8516.66it/s]
100000it [00:13, 7414.57it/s]
Upload time: 14.072842573747039
Total import time: 20.642395273782313
Experiment stage: Search

0it [00:00, ?it/s]
4it [00:00,  4.96it/s]
12it [00:00, 14.69it/s]
36it [00:01, 51.20it/s]
70it [00:01, 105.01it/s]
108it [00:01, 162.95it/s]
170it [00:01, 266.83it/s]
241it [00:01, 374.68it/s]
309it [00:01, 453.69it/s]
377it [00:01, 513.87it/s]
436it [00:01, 455.85it/s]
488it [00:02, 396.80it/s]
559it [00:02, 468.97it/s]
625it [00:02, 515.83it/s]
686it [00:02, 540.08it/s]
751it [00:02, 567.83it/s]
818it [00:02, 595.93it/s]
889it [00:02, 616.30it/s]
953it [00:02, 601.11it/s]
1015it [00:02, 584.48it/s]
1078it [00:02, 594.60it/s]
1139it [00:03, 580.86it/s]
1214it [00:03, 625.48it/s]
1278it [00:03, 591.89it/s]
1338it [00:03, 585.72it/s]
1398it [00:03, 470.50it/s]
1450it [00:03, 481.50it/s]
1509it [00:03, 502.65it/s]
1562it [00:04, 333.93it/s]
1605it [00:04, 337.35it/s]
1653it [00:04, 362.39it/s]
1719it [00:04, 429.88it/s]
1786it [00:04, 488.85it/s]
1840it [00:04, 493.90it/s]
1909it [00:04, 544.89it/s]
1977it [00:04, 582.12it/s]
2045it [00:04, 608.12it/s]
2123it [00:05, 657.33it/s]
2191it [00:05, 643.42it/s]
2257it [00:05, 519.62it/s]
2314it [00:05, 523.83it/s]
2372it [00:05, 537.20it/s]
2438it [00:05, 569.86it/s]
2501it [00:05, 584.65it/s]
2562it [00:05, 565.13it/s]
2627it [00:05, 587.46it/s]
2697it [00:06, 618.82it/s]
2775it [00:06, 661.45it/s]
2842it [00:06, 653.14it/s]
2916it [00:06, 676.62it/s]
2985it [00:06, 554.52it/s]
3045it [00:06, 513.85it/s]
3120it [00:06, 572.24it/s]
3185it [00:06, 581.68it/s]
3246it [00:07, 570.65it/s]
3305it [00:07, 550.97it/s]
3362it [00:07, 488.15it/s]
3413it [00:07, 490.36it/s]
3465it [00:07, 495.70it/s]
3526it [00:07, 526.08it/s]
3590it [00:07, 507.45it/s]
3642it [00:07, 471.90it/s]
3691it [00:07, 425.70it/s]
3762it [00:08, 496.15it/s]
3821it [00:08, 520.78it/s]
3890it [00:08, 565.86it/s]
3965it [00:08, 614.26it/s]
4051it [00:08, 682.76it/s]
4121it [00:08, 572.15it/s]
4183it [00:08, 584.10it/s]
4245it [00:08, 581.07it/s]
4306it [00:09, 529.54it/s]
4367it [00:09, 535.39it/s]
4423it [00:09, 365.89it/s]
4469it [00:09, 384.75it/s]
4514it [00:09, 346.07it/s]
4554it [00:09, 344.78it/s]
4592it [00:09, 313.41it/s]
4638it [00:10, 345.94it/s]
4690it [00:10, 387.76it/s]
4744it [00:10, 425.47it/s]
4801it [00:10, 456.87it/s]
4858it [00:10, 485.76it/s]
4911it [00:10, 497.64it/s]
4963it [00:10, 386.66it/s]
5007it [00:10, 378.87it/s]
5081it [00:10, 465.54it/s]
5137it [00:11, 488.99it/s]
5190it [00:11, 471.56it/s]
5240it [00:11, 466.53it/s]
5289it [00:11, 329.26it/s]
5350it [00:11, 388.34it/s]
5396it [00:11, 392.37it/s]
5441it [00:11, 328.02it/s]
5482it [00:12, 321.70it/s]
5550it [00:12, 402.16it/s]
5606it [00:12, 437.54it/s]
5660it [00:12, 463.55it/s]
5716it [00:12, 488.52it/s]
5768it [00:12, 471.12it/s]
5831it [00:12, 509.05it/s]
5891it [00:12, 533.70it/s]
5946it [00:12, 500.39it/s]
5998it [00:13, 422.38it/s]
6062it [00:13, 474.86it/s]
6113it [00:13, 481.82it/s]
6164it [00:13, 432.53it/s]
6210it [00:13, 422.83it/s]
6258it [00:13, 436.22it/s]
6315it [00:13, 471.65it/s]
6370it [00:13, 493.03it/s]
6427it [00:14, 509.36it/s]
6489it [00:14, 507.84it/s]
6541it [00:14, 452.42it/s]
6607it [00:14, 506.11it/s]
6660it [00:14, 460.22it/s]
6708it [00:14, 440.48it/s]
6767it [00:14, 477.15it/s]
6817it [00:14, 464.03it/s]
6865it [00:15, 448.69it/s]
6942it [00:15, 533.53it/s]
7014it [00:15, 583.07it/s]
7076it [00:15, 592.29it/s]
7142it [00:15, 609.20it/s]
7204it [00:15, 601.37it/s]
7278it [00:15, 640.15it/s]
7343it [00:15, 623.83it/s]
7406it [00:15, 606.85it/s]
7468it [00:15, 581.48it/s]
7527it [00:16, 533.94it/s]
7584it [00:16, 543.13it/s]
7652it [00:16, 580.80it/s]
7716it [00:16, 596.93it/s]
7777it [00:16, 522.19it/s]
7832it [00:16, 453.19it/s]
7881it [00:16, 442.46it/s]
7937it [00:16, 471.70it/s]
7987it [00:17, 435.38it/s]
8033it [00:17, 389.62it/s]
8074it [00:17, 377.67it/s]
8113it [00:17, 361.20it/s]
8167it [00:17, 399.92it/s]
8224it [00:17, 438.59it/s]
8269it [00:17, 381.72it/s]
8310it [00:17, 364.10it/s]
8365it [00:18, 410.58it/s]
8418it [00:18, 441.28it/s]
8471it [00:18, 464.54it/s]
8519it [00:18, 407.32it/s]
8562it [00:18, 397.26it/s]
8604it [00:18, 371.16it/s]
8643it [00:18, 358.10it/s]
8686it [00:18, 368.57it/s]
8742it [00:18, 418.51it/s]
8802it [00:19, 467.35it/s]
8872it [00:19, 531.71it/s]
8940it [00:19, 573.62it/s]
9009it [00:19, 599.94it/s]
9070it [00:19, 557.87it/s]
9127it [00:19, 550.47it/s]
9183it [00:19, 543.62it/s]
9255it [00:19, 592.03it/s]
9315it [00:20, 488.18it/s]
9369it [00:20, 500.83it/s]
9422it [00:20, 494.08it/s]
9474it [00:20, 496.44it/s]
9525it [00:20, 492.35it/s]
9576it [00:20, 376.34it/s]
9619it [00:20, 370.38it/s]
9669it [00:20, 399.74it/s]
9712it [00:21, 235.42it/s]
9746it [00:21, 241.80it/s]
9778it [00:21, 241.45it/s]
9822it [00:21, 281.48it/s]
9867it [00:21, 318.93it/s]
9917it [00:21, 362.63it/s]
9958it [00:21, 335.53it/s]
9995it [00:22, 332.49it/s]
10000it [00:22, 452.86it/s]
Experiment stage: Done
Results saved to:  /home/dzh/project/vdtuner/vector-db-benchmark-master/results
>>> [Step 5] 收尾工作...
    监控日志已保存。
📊 测试结果摘要:
0.9833200000000001
450.88382419872835
0.014216429251246153
line1:  0.014216429251246153
line1:  450.88382419872835
line1:  0.9833200000000001
numeric_values:  [0.014216429251246153, 450.88382419872835, 0.9833200000000001]
[4] 326 0.9833200000000001 0.014216429251246153 76
/bin/sh: 1: Syntax error: "(" unexpected
/data/dzh/venv/lib/python3.10/site-packages/botorch/acquisition/multi_objective/monte_carlo.py:110: NumericsWarning: qExpectedHypervolumeImprovement has known numerical issues that lead to suboptimal optimization performance. It is strongly recommended to simply replace

	 qExpectedHypervolumeImprovement 	 --> 	 qLogExpectedHypervolumeImprovement 

instead, which fixes the issues and has the same API. See https://arxiv.org/abs/2310.20708 for details.
  legacy_ei_numerics_warning(legacy_name=type(self).__name__)
--- DEBUG: Starting command:---
=======================================
🛠️  开始测试流程
Engine: milvus-p10 | Dataset: random-range-2048-angular-no-filters
=======================================
>>> [Step 1] 启动后台监控...
    监控进程 PID: 3659963
>>> [Step 2] 重置 Milvus...
 Container milvus-standalone  Stopping
 Container milvus-standalone  Stopped
 Container milvus-standalone  Removing
 Container milvus-standalone  Removed
 Container milvus-minio  Stopping
 Container milvus-etcd  Stopping
 Container milvus-etcd  Stopped
 Container milvus-etcd  Removing
 Container milvus-etcd  Removed
 Container milvus-minio  Stopped
 Container milvus-minio  Removing
 Container milvus-minio  Removed
 Network milvus  Removing
 Network milvus  Removed
    🧹 清理宿主机数据目录: /home/dzh/project/vdtuner/vector-db-benchmark-master/engine/servers/milvus-single-node/volumes
 Network milvus  Creating
 Network milvus  Created
 Container milvus-etcd  Creating
 Container milvus-minio  Creating
 Container milvus-etcd  Created
 Container milvus-minio  Created
 Container milvus-standalone  Creating
 Container milvus-standalone  Created
 Container milvus-minio  Starting
 Container milvus-etcd  Starting
 Container milvus-etcd  Started
 Container milvus-minio  Started
 Container milvus-standalone  Starting
 Container milvus-standalone  Started
>>> [Step 3] 等待服务启动 (90s)...
    等待中... (10s/120s)
    ✅ Milvus 服务已就绪
>>> [Step 4] 运行 Benchmark...
Running experiment: milvus-p10 - random-range-2048-angular-no-filters
established connection
/home/dzh/project/vdtuner/vector-db-benchmark-master/datasets/random-range-2048-angular/random_float_100k_no_filters already exists
Experiment stage: Configure
Experiment stage: Upload

0it [00:00, ?it/s]
1it [00:00,  1.71it/s]
64it [00:00, 82.66it/s]
448it [00:01, 664.88it/s]
640it [00:01, 878.56it/s]
1152it [00:01, 1689.21it/s]
1424it [00:01, 1657.43it/s]
1658it [00:01, 1759.17it/s]
2112it [00:01, 2290.20it/s]
2496it [00:01, 2578.44it/s]
2848it [00:01, 2731.32it/s]
3251it [00:02, 3063.86it/s]
4224it [00:02, 4827.34it/s]
5248it [00:02, 6262.94it/s]
6272it [00:02, 7297.61it/s]
7296it [00:02, 8034.58it/s]
8320it [00:02, 8558.84it/s]
9280it [00:02, 8795.44it/s]
10173it [00:02, 8674.65it/s]
11136it [00:02, 8856.61it/s]
12096it [00:02, 9036.05it/s]
13056it [00:03, 9076.48it/s]
14016it [00:03, 9182.37it/s]
14977it [00:03, 9306.26it/s]
15936it [00:03, 9337.78it/s]
16872it [00:03, 6319.17it/s]
17856it [00:03, 7055.71it/s]
18816it [00:03, 7640.10it/s]
19776it [00:03, 8050.12it/s]
20768it [00:04, 8544.24it/s]
21680it [00:04, 8697.79it/s]
22592it [00:04, 8739.28it/s]
23495it [00:04, 8596.30it/s]
24448it [00:04, 8858.86it/s]
25350it [00:04, 8882.76it/s]
26304it [00:04, 9035.56it/s]
27216it [00:04, 8948.59it/s]
28160it [00:04, 9070.12it/s]
29120it [00:04, 9115.69it/s]
30080it [00:05, 9151.41it/s]
30998it [00:05, 8177.61it/s]
32000it [00:05, 8670.52it/s]
33024it [00:05, 9066.67it/s]
33984it [00:05, 9214.71it/s]
34944it [00:05, 9302.11it/s]
35883it [00:05, 9309.00it/s]
36864it [00:05, 9333.47it/s]
37802it [00:05, 9297.01it/s]
38784it [00:05, 9420.27it/s]
39729it [00:06, 9387.15it/s]
40670it [00:06, 9313.47it/s]
41603it [00:06, 9229.64it/s]
42560it [00:06, 9161.79it/s]
43520it [00:06, 9182.68it/s]
44480it [00:06, 9294.39it/s]
45411it [00:06, 6355.53it/s]
46272it [00:06, 6846.23it/s]
47168it [00:07, 7273.24it/s]
48064it [00:07, 7667.56it/s]
48896it [00:07, 7733.43it/s]
49856it [00:07, 8182.89it/s]
50752it [00:07, 8367.80it/s]
51615it [00:07, 8207.23it/s]
52544it [00:07, 8461.46it/s]
53504it [00:07, 8691.88it/s]
54464it [00:07, 8848.35it/s]
55360it [00:08, 8820.84it/s]
56248it [00:08, 8635.65it/s]
57116it [00:08, 8588.37it/s]
58048it [00:08, 8763.26it/s]
58927it [00:08, 8556.71it/s]
59785it [00:08, 7122.57it/s]
60544it [00:08, 7240.77it/s]
61417it [00:08, 7639.36it/s]
62297it [00:08, 7959.97it/s]
63214it [00:09, 8302.30it/s]
64064it [00:09, 8311.58it/s]
64960it [00:09, 8476.70it/s]
65856it [00:09, 8598.92it/s]
66752it [00:09, 8679.21it/s]
67712it [00:09, 8934.22it/s]
68609it [00:09, 8909.61it/s]
69568it [00:09, 9077.72it/s]
70528it [00:09, 9135.61it/s]
71443it [00:09, 8995.12it/s]
72344it [00:10, 8961.09it/s]
73241it [00:10, 8505.28it/s]
74097it [00:10, 8242.37it/s]
74926it [00:10, 7979.58it/s]
75728it [00:10, 6137.48it/s]
76611it [00:10, 6771.45it/s]
77568it [00:10, 7432.16it/s]
78528it [00:10, 7857.22it/s]
79488it [00:10, 8212.88it/s]
80448it [00:11, 8593.73it/s]
81345it [00:11, 8698.84it/s]
82287it [00:11, 8905.45it/s]
83192it [00:11, 8858.05it/s]
84096it [00:11, 8873.34it/s]
85037it [00:11, 9030.08it/s]
85946it [00:11, 8779.40it/s]
86829it [00:11, 8590.69it/s]
87692it [00:11, 8434.29it/s]
88576it [00:12, 8491.75it/s]
89472it [00:12, 8574.86it/s]
90432it [00:12, 8820.61it/s]
91316it [00:12, 7423.74it/s]
92217it [00:12, 7836.25it/s]
93056it [00:12, 7912.56it/s]
93952it [00:12, 8184.15it/s]
94789it [00:12, 8229.18it/s]
95680it [00:12, 8391.50it/s]
96576it [00:12, 8501.84it/s]
97493it [00:13, 8696.85it/s]
98369it [00:13, 8641.07it/s]
99237it [00:13, 8450.89it/s]
100000it [00:13, 7466.17it/s]
Upload time: 13.963862132746726
Total import time: 43.78925743373111
Experiment stage: Search

0it [00:00, ?it/s]
4it [00:00,  5.24it/s]
14it [00:00, 19.55it/s]
26it [00:00, 37.41it/s]
91it [00:01, 161.68it/s]
180it [00:01, 323.28it/s]
252it [00:01, 419.09it/s]
340it [00:01, 536.72it/s]
427it [00:01, 620.07it/s]
518it [00:01, 699.28it/s]
604it [00:01, 742.46it/s]
686it [00:01, 762.90it/s]
773it [00:01, 793.48it/s]
859it [00:01, 812.60it/s]
947it [00:02, 828.75it/s]
1037it [00:02, 848.33it/s]
1125it [00:02, 855.95it/s]
1217it [00:02, 874.20it/s]
1306it [00:02, 851.02it/s]
1392it [00:02, 847.28it/s]
1478it [00:02, 840.20it/s]
1571it [00:02, 865.55it/s]
1661it [00:02, 873.45it/s]
1750it [00:03, 875.10it/s]
1838it [00:03, 875.67it/s]
1926it [00:03, 836.83it/s]
2011it [00:03, 831.51it/s]
2106it [00:03, 863.94it/s]
2193it [00:03, 842.17it/s]
2278it [00:03, 827.09it/s]
2382it [00:03, 887.98it/s]
2473it [00:03, 877.64it/s]
2562it [00:03, 844.39it/s]
2647it [00:04, 781.61it/s]
2727it [00:04, 716.55it/s]
2812it [00:04, 750.65it/s]
2906it [00:04, 801.58it/s]
2994it [00:04, 817.91it/s]
3077it [00:04, 752.11it/s]
3172it [00:04, 803.27it/s]
3258it [00:04, 817.48it/s]
3344it [00:04, 827.99it/s]
3434it [00:05, 847.53it/s]
3524it [00:05, 861.35it/s]
3611it [00:05, 857.44it/s]
3703it [00:05, 873.82it/s]
3791it [00:05, 860.62it/s]
3894it [00:05, 908.16it/s]
3995it [00:05, 937.69it/s]
4089it [00:05, 910.32it/s]
4186it [00:05, 925.96it/s]
4279it [00:06, 914.55it/s]
4371it [00:06, 907.71it/s]
4465it [00:06, 915.43it/s]
4557it [00:06, 916.24it/s]
4649it [00:06, 917.25it/s]
4741it [00:06, 898.15it/s]
4831it [00:06, 871.97it/s]
4919it [00:06, 826.10it/s]
5003it [00:06, 807.50it/s]
5085it [00:06, 792.10it/s]
5165it [00:07, 791.39it/s]
5250it [00:07, 807.28it/s]
5331it [00:07, 775.82it/s]
5411it [00:07, 781.89it/s]
5490it [00:07, 719.85it/s]
5578it [00:07, 749.50it/s]
5666it [00:07, 785.27it/s]
5747it [00:07, 791.36it/s]
5831it [00:07, 804.18it/s]
5912it [00:08, 785.59it/s]
5991it [00:08, 724.87it/s]
6082it [00:08, 774.85it/s]
6163it [00:08, 778.51it/s]
6254it [00:08, 814.54it/s]
6340it [00:08, 822.77it/s]
6423it [00:08, 817.61it/s]
6508it [00:08, 826.36it/s]
6599it [00:08, 846.33it/s]
6684it [00:08, 789.48it/s]
6766it [00:09, 796.02it/s]
6867it [00:09, 854.48it/s]
6954it [00:09, 830.44it/s]
7038it [00:09, 819.88it/s]
7125it [00:09, 832.60it/s]
7214it [00:09, 847.26it/s]
7300it [00:09, 850.42it/s]
7393it [00:09, 873.46it/s]
7481it [00:09, 838.18it/s]
7576it [00:10, 869.87it/s]
7668it [00:10, 883.57it/s]
7757it [00:10, 826.89it/s]
7843it [00:10, 833.38it/s]
7928it [00:10, 828.49it/s]
8014it [00:10, 835.22it/s]
8098it [00:10, 820.73it/s]
8181it [00:10, 805.82it/s]
8262it [00:10, 782.16it/s]
8341it [00:11, 706.07it/s]
8433it [00:11, 763.44it/s]
8513it [00:11, 772.23it/s]
8594it [00:11, 781.84it/s]
8674it [00:11, 778.39it/s]
8753it [00:11, 724.64it/s]
8829it [00:11, 733.23it/s]
8909it [00:11, 750.19it/s]
9000it [00:11, 794.38it/s]
9086it [00:11, 813.01it/s]
9179it [00:12, 846.58it/s]
9272it [00:12, 865.35it/s]
9361it [00:12, 870.13it/s]
9449it [00:12, 862.26it/s]
9536it [00:12, 817.16it/s]
9619it [00:12, 798.80it/s]
9700it [00:12, 761.34it/s]
9777it [00:12, 718.37it/s]
9850it [00:12, 715.85it/s]
9928it [00:13, 732.51it/s]
10000it [00:13, 761.51it/s]
Experiment stage: Done
Results saved to:  /home/dzh/project/vdtuner/vector-db-benchmark-master/results
>>> [Step 5] 收尾工作...
    监控日志已保存。
📊 测试结果摘要:
0.9694900000000002
755.7570582266436
0.0056694291764870265
line1:  0.0056694291764870265
line1:  755.7570582266436
line1:  0.9694900000000002
numeric_values:  [0.0056694291764870265, 755.7570582266436, 0.9694900000000002]
[5] 415 0.9694900000000002 0.0056694291764870265 89
/bin/sh: 1: Syntax error: "(" unexpected
/data/dzh/venv/lib/python3.10/site-packages/botorch/acquisition/multi_objective/monte_carlo.py:110: NumericsWarning: qExpectedHypervolumeImprovement has known numerical issues that lead to suboptimal optimization performance. It is strongly recommended to simply replace

	 qExpectedHypervolumeImprovement 	 --> 	 qLogExpectedHypervolumeImprovement 

instead, which fixes the issues and has the same API. See https://arxiv.org/abs/2310.20708 for details.
  legacy_ei_numerics_warning(legacy_name=type(self).__name__)
--- DEBUG: Starting command:---
=======================================
🛠️  开始测试流程
Engine: milvus-p10 | Dataset: random-range-2048-angular-no-filters
=======================================
>>> [Step 1] 启动后台监控...
    监控进程 PID: 3671452
>>> [Step 2] 重置 Milvus...
 Container milvus-standalone  Stopping
 Container milvus-standalone  Stopped
 Container milvus-standalone  Removing
 Container milvus-standalone  Removed
 Container milvus-etcd  Stopping
 Container milvus-minio  Stopping
 Container milvus-etcd  Stopped
 Container milvus-etcd  Removing
 Container milvus-etcd  Removed
 Container milvus-minio  Stopped
 Container milvus-minio  Removing
 Container milvus-minio  Removed
 Network milvus  Removing
 Network milvus  Removed
    🧹 清理宿主机数据目录: /home/dzh/project/vdtuner/vector-db-benchmark-master/engine/servers/milvus-single-node/volumes
 Network milvus  Creating
 Network milvus  Created
 Container milvus-etcd  Creating
 Container milvus-minio  Creating
 Container milvus-etcd  Created
 Container milvus-minio  Created
 Container milvus-standalone  Creating
 Container milvus-standalone  Created
 Container milvus-minio  Starting
 Container milvus-etcd  Starting
 Container milvus-etcd  Started
 Container milvus-minio  Started
 Container milvus-standalone  Starting
 Container milvus-standalone  Started
>>> [Step 3] 等待服务启动 (90s)...
    等待中... (10s/120s)
    ✅ Milvus 服务已就绪
>>> [Step 4] 运行 Benchmark...
Running experiment: milvus-p10 - random-range-2048-angular-no-filters
established connection
/home/dzh/project/vdtuner/vector-db-benchmark-master/datasets/random-range-2048-angular/random_float_100k_no_filters already exists
Experiment stage: Configure
Experiment stage: Upload

0it [00:00, ?it/s]
1it [00:00,  1.94it/s]
64it [00:00, 89.58it/s]
128it [00:00, 174.77it/s]
513it [00:01, 861.80it/s]
768it [00:01, 1164.11it/s]
1216it [00:01, 1881.44it/s]
1536it [00:01, 2038.40it/s]
1794it [00:01, 2131.37it/s]
2048it [00:01, 2198.37it/s]
2368it [00:01, 2448.01it/s]
2752it [00:01, 2761.58it/s]
3200it [00:01, 3186.77it/s]
4160it [00:02, 4916.27it/s]
4992it [00:02, 5823.26it/s]
5888it [00:02, 6697.94it/s]
6915it [00:02, 7730.50it/s]
7936it [00:02, 8379.19it/s]
8960it [00:02, 8837.38it/s]
9924it [00:02, 9071.32it/s]
10930it [00:02, 9362.20it/s]
11872it [00:02, 9369.97it/s]
12813it [00:02, 9279.27it/s]
13760it [00:03, 9314.26it/s]
14720it [00:03, 9288.33it/s]
15680it [00:03, 9359.95it/s]
16618it [00:03, 6088.61it/s]
17569it [00:03, 6821.03it/s]
18496it [00:03, 7311.48it/s]
19456it [00:03, 7879.13it/s]
20416it [00:03, 8317.43it/s]
21376it [00:04, 8611.03it/s]
22285it [00:04, 8632.98it/s]
23232it [00:04, 8863.19it/s]
24192it [00:04, 9021.85it/s]
25152it [00:04, 9103.08it/s]
26113it [00:04, 9248.96it/s]
27072it [00:04, 9300.10it/s]
28096it [00:04, 9490.85it/s]
29056it [00:04, 9395.07it/s]
30053it [00:05, 9563.26it/s]
31013it [00:05, 9444.05it/s]
31960it [00:05, 6503.33it/s]
32896it [00:05, 7081.77it/s]
33856it [00:05, 7616.08it/s]
34816it [00:05, 8059.93it/s]
35729it [00:05, 8342.95it/s]
36672it [00:05, 8522.73it/s]
37632it [00:05, 8821.11it/s]
38542it [00:06, 8846.38it/s]
39446it [00:06, 8876.66it/s]
40348it [00:06, 8790.08it/s]
41237it [00:06, 8810.01it/s]
42125it [00:06, 8619.15it/s]
43008it [00:06, 8581.22it/s]
43870it [00:06, 8487.39it/s]
44766it [00:06, 8624.56it/s]
45719it [00:06, 8889.95it/s]
46656it [00:07, 9023.64it/s]
47561it [00:07, 8446.95it/s]
48414it [00:07, 8452.27it/s]
49266it [00:07, 8373.48it/s]
50112it [00:07, 8289.32it/s]
51008it [00:07, 8464.05it/s]
51857it [00:07, 8308.91it/s]
52864it [00:07, 8713.37it/s]
53824it [00:07, 8942.89it/s]
54720it [00:07, 8928.63it/s]
55616it [00:08, 8861.84it/s]
56512it [00:08, 8851.65it/s]
57408it [00:08, 8802.71it/s]
58304it [00:08, 8806.94it/s]
59200it [00:08, 8743.00it/s]
60160it [00:08, 8972.11it/s]
61155it [00:08, 9260.64it/s]
62082it [00:08, 5935.34it/s]
62953it [00:09, 6527.57it/s]
63847it [00:09, 7091.40it/s]
64768it [00:09, 7535.48it/s]
65700it [00:09, 8001.17it/s]
66575it [00:09, 8204.35it/s]
67456it [00:09, 8319.62it/s]
68322it [00:09, 8048.11it/s]
69152it [00:09, 7969.81it/s]
69967it [00:09, 7878.75it/s]
70848it [00:10, 8014.10it/s]
71680it [00:10, 8014.44it/s]
72576it [00:10, 8192.95it/s]
73472it [00:10, 8406.01it/s]
74370it [00:10, 8572.96it/s]
75264it [00:10, 8680.69it/s]
76224it [00:10, 8847.22it/s]
77111it [00:10, 6379.33it/s]
77994it [00:10, 6949.41it/s]
78848it [00:11, 7282.58it/s]
79744it [00:11, 7647.92it/s]
80640it [00:11, 7979.74it/s]
81536it [00:11, 8227.68it/s]
82432it [00:11, 8388.35it/s]
83328it [00:11, 8510.45it/s]
84224it [00:11, 8609.79it/s]
85120it [00:11, 8647.25it/s]
86016it [00:11, 8689.49it/s]
86945it [00:11, 8864.10it/s]
87836it [00:12, 8747.43it/s]
88714it [00:12, 8574.33it/s]
89600it [00:12, 8555.80it/s]
90458it [00:12, 8494.85it/s]
91309it [00:12, 6275.77it/s]
92096it [00:12, 6608.47it/s]
92928it [00:12, 6983.49it/s]
93760it [00:12, 7298.38it/s]
94592it [00:13, 7562.99it/s]
95468it [00:13, 7896.84it/s]
96283it [00:13, 7713.66it/s]
97088it [00:13, 7724.74it/s]
97998it [00:13, 8116.88it/s]
98908it [00:13, 8401.27it/s]
99757it [00:13, 8387.92it/s]
100000it [00:13, 7318.50it/s]
Upload time: 14.039155676029623
Total import time: 34.533207761123776
Experiment stage: Search

0it [00:00, ?it/s]
4it [00:00,  5.24it/s]
14it [00:00, 17.92it/s]
59it [00:01, 89.80it/s]
145it [00:01, 237.03it/s]
224it [00:01, 354.41it/s]
305it [00:01, 461.04it/s]
390it [00:01, 557.49it/s]
483it [00:01, 654.74it/s]
570it [00:01, 712.38it/s]
665it [00:01, 778.71it/s]
751it [00:01, 790.51it/s]
836it [00:01, 790.00it/s]
919it [00:02, 796.87it/s]
1002it [00:02, 792.10it/s]
1083it [00:02, 766.64it/s]
1169it [00:02, 790.95it/s]
1254it [00:02, 805.90it/s]
1340it [00:02, 817.47it/s]
1423it [00:02, 793.08it/s]
1511it [00:02, 816.15it/s]
1596it [00:02, 825.48it/s]
1679it [00:03, 803.65it/s]
1763it [00:03, 812.11it/s]
1849it [00:03, 825.96it/s]
1943it [00:03, 858.32it/s]
2043it [00:03, 898.59it/s]
2144it [00:03, 929.94it/s]
2243it [00:03, 947.67it/s]
2342it [00:03, 957.80it/s]
2443it [00:03, 971.08it/s]
2541it [00:03, 947.46it/s]
2636it [00:04, 904.27it/s]
2731it [00:04, 916.72it/s]
2828it [00:04, 932.06it/s]
2923it [00:04, 936.89it/s]
3017it [00:04, 927.14it/s]
3110it [00:04, 919.43it/s]
3203it [00:04, 895.48it/s]
3301it [00:04, 918.46it/s]
3399it [00:04, 934.84it/s]
3493it [00:04, 935.85it/s]
3587it [00:05, 933.03it/s]
3681it [00:05, 928.04it/s]
3774it [00:05, 923.57it/s]
3867it [00:05, 922.70it/s]
3960it [00:05, 913.90it/s]
4054it [00:05, 920.77it/s]
4147it [00:05, 911.09it/s]
4240it [00:05, 911.32it/s]
4332it [00:05, 878.30it/s]
4421it [00:05, 876.77it/s]
4520it [00:06, 906.99it/s]
4614it [00:06, 915.22it/s]
4711it [00:06, 931.06it/s]
4805it [00:06, 925.92it/s]
4898it [00:06, 828.21it/s]
4988it [00:06, 844.39it/s]
5085it [00:06, 877.54it/s]
5175it [00:06, 871.29it/s]
5263it [00:06, 853.53it/s]
5355it [00:07, 869.93it/s]
5448it [00:07, 887.27it/s]
5538it [00:07, 885.01it/s]
5633it [00:07, 902.86it/s]
5728it [00:07, 914.03it/s]
5820it [00:07, 901.38it/s]
5911it [00:07, 900.02it/s]
6012it [00:07, 929.42it/s]
6106it [00:07, 918.57it/s]
6198it [00:07, 897.01it/s]
6289it [00:08, 897.35it/s]
6379it [00:08, 881.62it/s]
6468it [00:08, 858.33it/s]
6554it [00:08, 856.68it/s]
6640it [00:08, 856.82it/s]
6726it [00:08, 854.52it/s]
6820it [00:08, 877.96it/s]
6909it [00:08, 879.82it/s]
7000it [00:08, 884.99it/s]
7097it [00:09, 907.09it/s]
7188it [00:09, 907.07it/s]
7279it [00:09, 894.63it/s]
7372it [00:09, 903.18it/s]
7468it [00:09, 917.76it/s]
7560it [00:09, 910.84it/s]
7657it [00:09, 927.71it/s]
7750it [00:09, 927.95it/s]
7843it [00:09, 925.22it/s]
7937it [00:09, 929.01it/s]
8030it [00:10, 873.32it/s]
8131it [00:10, 911.27it/s]
8230it [00:10, 933.43it/s]
8324it [00:10, 852.53it/s]
8415it [00:10, 867.89it/s]
8504it [00:10, 869.89it/s]
8592it [00:10, 854.91it/s]
8691it [00:10, 893.06it/s]
8782it [00:10, 893.91it/s]
8872it [00:10, 882.81it/s]
8961it [00:11, 875.31it/s]
9049it [00:11, 868.49it/s]
9138it [00:11, 874.60it/s]
9234it [00:11, 898.50it/s]
9329it [00:11, 911.84it/s]
9421it [00:11, 908.72it/s]
9517it [00:11, 923.38it/s]
9611it [00:11, 925.94it/s]
9706it [00:11, 931.07it/s]
9800it [00:12, 920.82it/s]
9898it [00:12, 936.34it/s]
9992it [00:12, 904.13it/s]
10000it [00:12, 817.71it/s]
Experiment stage: Done
Results saved to:  /home/dzh/project/vdtuner/vector-db-benchmark-master/results
>>> [Step 5] 收尾工作...
    监控日志已保存。
📊 测试结果摘要:
0.39755
810.0123548966294
0.0034997634589672083
line1:  0.0034997634589672083
line1:  810.0123548966294
line1:  0.39755
numeric_values:  [0.0034997634589672083, 810.0123548966294, 0.39755]
[6] 494 0.39755 0.0034997634589672083 78
/bin/sh: 1: Syntax error: "(" unexpected
/data/dzh/venv/lib/python3.10/site-packages/botorch/acquisition/multi_objective/monte_carlo.py:110: NumericsWarning: qExpectedHypervolumeImprovement has known numerical issues that lead to suboptimal optimization performance. It is strongly recommended to simply replace

	 qExpectedHypervolumeImprovement 	 --> 	 qLogExpectedHypervolumeImprovement 

instead, which fixes the issues and has the same API. See https://arxiv.org/abs/2310.20708 for details.
  legacy_ei_numerics_warning(legacy_name=type(self).__name__)
--- DEBUG: Starting command:---
=======================================
🛠️  开始测试流程
Engine: milvus-p10 | Dataset: random-range-2048-angular-no-filters
=======================================
>>> [Step 1] 启动后台监控...
    监控进程 PID: 3682659
>>> [Step 2] 重置 Milvus...
 Container milvus-standalone  Stopping
 Container milvus-standalone  Stopped
 Container milvus-standalone  Removing
 Container milvus-standalone  Removed
 Container milvus-minio  Stopping
 Container milvus-etcd  Stopping
 Container milvus-etcd  Stopped
 Container milvus-etcd  Removing
 Container milvus-etcd  Removed
 Container milvus-minio  Stopped
 Container milvus-minio  Removing
 Container milvus-minio  Removed
 Network milvus  Removing
 Network milvus  Removed
    🧹 清理宿主机数据目录: /home/dzh/project/vdtuner/vector-db-benchmark-master/engine/servers/milvus-single-node/volumes
 Network milvus  Creating
 Network milvus  Created
 Container milvus-minio  Creating
 Container milvus-etcd  Creating
 Container milvus-etcd  Created
 Container milvus-minio  Created
 Container milvus-standalone  Creating
 Container milvus-standalone  Created
 Container milvus-etcd  Starting
 Container milvus-minio  Starting
 Container milvus-minio  Started
 Container milvus-etcd  Started
 Container milvus-standalone  Starting
 Container milvus-standalone  Started
>>> [Step 3] 等待服务启动 (90s)...
    等待中... (10s/120s)
    ✅ Milvus 服务已就绪
>>> [Step 4] 运行 Benchmark...
Running experiment: milvus-p10 - random-range-2048-angular-no-filters
established connection
/home/dzh/project/vdtuner/vector-db-benchmark-master/datasets/random-range-2048-angular/random_float_100k_no_filters already exists
Experiment stage: Configure
Experiment stage: Upload

0it [00:00, ?it/s]
1it [00:00,  1.66it/s]
64it [00:00, 81.00it/s]
576it [00:01, 851.94it/s]
809it [00:01, 1085.62it/s]
1088it [00:01, 1413.15it/s]
1408it [00:01, 1741.21it/s]
1728it [00:01, 2031.70it/s]
2240it [00:01, 2765.56it/s]
2577it [00:01, 2806.66it/s]
3117it [00:01, 3484.13it/s]
3520it [00:01, 3550.07it/s]
4224it [00:02, 4462.73it/s]
5300it [00:02, 6225.44it/s]
6336it [00:02, 7266.76it/s]
7360it [00:02, 8107.45it/s]
8337it [00:02, 8589.08it/s]
9344it [00:02, 9019.09it/s]
10287it [00:02, 9139.48it/s]
11211it [00:02, 9157.65it/s]
12160it [00:02, 9162.27it/s]
13081it [00:02, 9138.18it/s]
14043it [00:03, 9280.61it/s]
15104it [00:03, 9570.85it/s]
16192it [00:03, 9850.61it/s]
17178it [00:03, 6201.16it/s]
18176it [00:03, 6920.02it/s]
19200it [00:03, 7641.21it/s]
20224it [00:03, 8230.51it/s]
21184it [00:03, 8581.83it/s]
22208it [00:04, 8942.21it/s]
23168it [00:04, 9022.39it/s]
24128it [00:04, 9128.68it/s]
25088it [00:04, 9175.87it/s]
26068it [00:04, 9354.71it/s]
27018it [00:04, 9392.84it/s]
27968it [00:04, 9392.02it/s]
28928it [00:04, 9386.79it/s]
29915it [00:04, 9528.51it/s]
30912it [00:04, 9599.08it/s]
31875it [00:05, 7211.27it/s]
32768it [00:05, 7612.05it/s]
33728it [00:05, 8092.33it/s]
34688it [00:05, 8387.76it/s]
35648it [00:05, 8689.83it/s]
36672it [00:05, 9029.63it/s]
37696it [00:05, 9291.65it/s]
38656it [00:05, 9341.83it/s]
39616it [00:06, 9339.94it/s]
40559it [00:06, 9273.83it/s]
41493it [00:06, 9260.12it/s]
42465it [00:06, 9394.30it/s]
43408it [00:06, 9220.03it/s]
44333it [00:06, 9125.57it/s]
45248it [00:06, 8941.82it/s]
46208it [00:06, 9088.49it/s]
47119it [00:07, 5653.99it/s]
48043it [00:07, 6392.20it/s]
48832it [00:07, 6684.94it/s]
49686it [00:07, 7127.43it/s]
50600it [00:07, 7646.44it/s]
51520it [00:07, 8013.48it/s]
52416it [00:07, 8254.94it/s]
53312it [00:07, 8420.74it/s]
54273it [00:07, 8760.01it/s]
55232it [00:07, 8948.76it/s]
56192it [00:08, 9133.26it/s]
57117it [00:08, 9142.22it/s]
58039it [00:08, 9155.54it/s]
58960it [00:08, 8898.17it/s]
59887it [00:08, 9006.12it/s]
60800it [00:08, 6122.82it/s]
61632it [00:08, 6543.08it/s]
62464it [00:08, 6958.37it/s]
63424it [00:09, 7606.78it/s]
64348it [00:09, 8040.15it/s]
65239it [00:09, 8278.91it/s]
66176it [00:09, 8565.10it/s]
67136it [00:09, 8750.25it/s]
68032it [00:09, 8681.59it/s]
68915it [00:09, 8704.77it/s]
69796it [00:09, 8613.92it/s]
70665it [00:09, 8413.50it/s]
71552it [00:09, 8507.56it/s]
72407it [00:10, 8487.38it/s]
73356it [00:10, 8779.80it/s]
74240it [00:10, 8796.91it/s]
75220it [00:10, 9093.42it/s]
76132it [00:10, 7128.24it/s]
77025it [00:10, 7577.67it/s]
77855it [00:10, 7766.87it/s]
78827it [00:10, 8299.38it/s]
79692it [00:10, 8198.58it/s]
80576it [00:11, 8289.61it/s]
81472it [00:11, 8388.97it/s]
82422it [00:11, 8707.29it/s]
83303it [00:11, 8512.20it/s]
84224it [00:11, 8704.25it/s]
85121it [00:11, 8780.30it/s]
86032it [00:11, 8876.60it/s]
86923it [00:11, 8352.29it/s]
87872it [00:11, 8592.37it/s]
88764it [00:12, 8685.92it/s]
89638it [00:12, 8292.65it/s]
90474it [00:12, 8114.48it/s]
91290it [00:12, 7267.59it/s]
92224it [00:12, 7804.81it/s]
93135it [00:12, 8162.99it/s]
94054it [00:12, 8451.78it/s]
94913it [00:12, 8361.61it/s]
95759it [00:12, 8325.92it/s]
96704it [00:13, 8540.40it/s]
97603it [00:13, 8670.15it/s]
98474it [00:13, 8637.10it/s]
99341it [00:13, 8570.26it/s]
100000it [00:13, 7469.41it/s]
Upload time: 13.78402881976217
Total import time: 20.536179212853312
Experiment stage: Search

0it [00:00, ?it/s]
4it [00:00,  4.91it/s]
11it [00:00, 14.25it/s]
17it [00:01, 21.83it/s]
36it [00:01, 53.71it/s]
58it [00:01, 89.42it/s]
107it [00:01, 167.01it/s]
151it [00:01, 230.68it/s]
230it [00:01, 369.63it/s]
295it [00:01, 442.60it/s]
372it [00:01, 530.27it/s]
452it [00:01, 604.33it/s]
521it [00:01, 626.06it/s]
587it [00:02, 632.39it/s]
653it [00:02, 613.72it/s]
727it [00:02, 645.33it/s]
808it [00:02, 690.94it/s]
893it [00:02, 731.02it/s]
967it [00:02, 677.31it/s]
1037it [00:02, 632.08it/s]
1102it [00:02, 629.11it/s]
1178it [00:02, 664.12it/s]
1255it [00:03, 690.91it/s]
1326it [00:03, 694.60it/s]
1397it [00:03, 610.13it/s]
1464it [00:03, 624.80it/s]
1529it [00:03, 609.36it/s]
1596it [00:03, 622.64it/s]
1671it [00:03, 656.96it/s]
1738it [00:03, 633.30it/s]
1809it [00:03, 653.71it/s]
1878it [00:04, 663.29it/s]
1945it [00:04, 533.88it/s]
2016it [00:04, 574.56it/s]
2086it [00:04, 607.26it/s]
2150it [00:04, 583.08it/s]
2211it [00:04, 583.76it/s]
2294it [00:04, 650.93it/s]
2377it [00:04, 699.05it/s]
2449it [00:04, 697.82it/s]
2520it [00:05, 670.97it/s]
2588it [00:05, 672.62it/s]
2656it [00:05, 640.35it/s]
2721it [00:05, 626.90it/s]
2785it [00:05, 467.37it/s]
2838it [00:05, 370.74it/s]
2882it [00:06, 319.71it/s]
2920it [00:06, 313.83it/s]
2955it [00:06, 305.39it/s]
3002it [00:06, 340.58it/s]
3070it [00:06, 419.05it/s]
3143it [00:06, 492.55it/s]
3211it [00:06, 541.36it/s]
3282it [00:06, 584.61it/s]
3352it [00:06, 615.11it/s]
3426it [00:07, 648.84it/s]
3493it [00:07, 629.81it/s]
3558it [00:07, 631.13it/s]
3622it [00:07, 554.79it/s]
3701it [00:07, 615.73it/s]
3765it [00:07, 600.28it/s]
3839it [00:07, 638.19it/s]
3905it [00:07, 631.58it/s]
3972it [00:07, 642.06it/s]
4040it [00:08, 640.59it/s]
4109it [00:08, 652.20it/s]
4175it [00:08, 624.00it/s]
4243it [00:08, 638.79it/s]
4315it [00:08, 660.35it/s]
4388it [00:08, 676.42it/s]
4456it [00:08, 645.44it/s]
4532it [00:08, 677.98it/s]
4613it [00:08, 716.03it/s]
4686it [00:09, 353.91it/s]
4747it [00:09, 396.36it/s]
4804it [00:09, 353.11it/s]
4852it [00:09, 287.06it/s]
4894it [00:10, 308.40it/s]
4960it [00:10, 375.76it/s]
5035it [00:10, 456.31it/s]
5091it [00:10, 469.98it/s]
5167it [00:10, 541.62it/s]
5241it [00:10, 592.98it/s]
5311it [00:10, 621.69it/s]
5391it [00:10, 670.68it/s]
5463it [00:10, 681.13it/s]
5534it [00:10, 668.36it/s]
5603it [00:11, 642.82it/s]
5674it [00:11, 660.95it/s]
5742it [00:11, 665.15it/s]
5810it [00:11, 655.80it/s]
5877it [00:11, 631.59it/s]
5950it [00:11, 656.74it/s]
6017it [00:11, 630.92it/s]
6100it [00:11, 685.28it/s]
6176it [00:11, 704.34it/s]
6254it [00:12, 725.16it/s]
6328it [00:12, 728.96it/s]
6402it [00:12, 729.98it/s]
6476it [00:12, 703.05it/s]
6547it [00:12, 693.77it/s]
6617it [00:12, 673.50it/s]
6694it [00:12, 699.84it/s]
6777it [00:12, 736.96it/s]
6852it [00:12, 735.73it/s]
6926it [00:12, 671.20it/s]
6995it [00:13, 632.87it/s]
7062it [00:13, 642.44it/s]
7133it [00:13, 660.72it/s]
7213it [00:13, 697.56it/s]
7284it [00:13, 698.61it/s]
7355it [00:13, 694.35it/s]
7425it [00:13, 578.85it/s]
7487it [00:13, 478.09it/s]
7540it [00:14, 432.30it/s]
7587it [00:14, 378.82it/s]
7628it [00:14, 309.51it/s]
7663it [00:14, 295.44it/s]
7723it [00:14, 358.13it/s]
7789it [00:14, 426.91it/s]
7875it [00:14, 532.28it/s]
7947it [00:15, 580.04it/s]
8018it [00:15, 611.98it/s]
8095it [00:15, 654.93it/s]
8173it [00:15, 689.14it/s]
8247it [00:15, 702.57it/s]
8319it [00:15, 603.40it/s]
8385it [00:15, 617.34it/s]
8450it [00:15, 625.22it/s]
8515it [00:15, 631.30it/s]
8581it [00:16, 637.61it/s]
8653it [00:16, 659.68it/s]
8734it [00:16, 703.17it/s]
8805it [00:16, 703.67it/s]
8876it [00:16, 644.24it/s]
8942it [00:16, 640.56it/s]
9015it [00:16, 663.80it/s]
9083it [00:16, 667.62it/s]
9151it [00:16, 661.53it/s]
9218it [00:17, 593.90it/s]
9282it [00:17, 606.14it/s]
9344it [00:17, 556.70it/s]
9405it [00:17, 569.73it/s]
9471it [00:17, 592.37it/s]
9534it [00:17, 602.78it/s]
9596it [00:17, 596.45it/s]
9657it [00:17, 581.80it/s]
9728it [00:17, 616.34it/s]
9795it [00:17, 629.78it/s]
9859it [00:18, 629.67it/s]
9923it [00:18, 452.33it/s]
9976it [00:18, 406.95it/s]
10000it [00:18, 539.29it/s]
Experiment stage: Done
Results saved to:  /home/dzh/project/vdtuner/vector-db-benchmark-master/results
>>> [Step 5] 收尾工作...
    监控日志已保存。
📊 测试结果摘要:
0.9809700000000001
535.7847802511928
0.013450793898664415
line1:  0.013450793898664415
line1:  535.7847802511928
line1:  0.9809700000000001
numeric_values:  [0.013450793898664415, 535.7847802511928, 0.9809700000000001]
[7] 565 0.9809700000000001 0.013450793898664415 71
/bin/sh: 1: Syntax error: "(" unexpected
/data/dzh/venv/lib/python3.10/site-packages/botorch/acquisition/multi_objective/monte_carlo.py:110: NumericsWarning: qExpectedHypervolumeImprovement has known numerical issues that lead to suboptimal optimization performance. It is strongly recommended to simply replace

	 qExpectedHypervolumeImprovement 	 --> 	 qLogExpectedHypervolumeImprovement 

instead, which fixes the issues and has the same API. See https://arxiv.org/abs/2310.20708 for details.
  legacy_ei_numerics_warning(legacy_name=type(self).__name__)
--- DEBUG: Starting command:---
=======================================
🛠️  开始测试流程
Engine: milvus-p10 | Dataset: random-range-2048-angular-no-filters
=======================================
>>> [Step 1] 启动后台监控...
    监控进程 PID: 3693947
>>> [Step 2] 重置 Milvus...
 Container milvus-standalone  Stopping
 Container milvus-standalone  Stopped
 Container milvus-standalone  Removing
 Container milvus-standalone  Removed
 Container milvus-etcd  Stopping
 Container milvus-minio  Stopping
 Container milvus-etcd  Stopped
 Container milvus-etcd  Removing
 Container milvus-etcd  Removed
 Container milvus-minio  Stopped
 Container milvus-minio  Removing
 Container milvus-minio  Removed
 Network milvus  Removing
 Network milvus  Removed
    🧹 清理宿主机数据目录: /home/dzh/project/vdtuner/vector-db-benchmark-master/engine/servers/milvus-single-node/volumes
 Network milvus  Creating
 Network milvus  Created
 Container milvus-minio  Creating
 Container milvus-etcd  Creating
 Container milvus-etcd  Created
 Container milvus-minio  Created
 Container milvus-standalone  Creating
 Container milvus-standalone  Created
 Container milvus-etcd  Starting
 Container milvus-minio  Starting
 Container milvus-etcd  Started
 Container milvus-minio  Started
 Container milvus-standalone  Starting
 Container milvus-standalone  Started
>>> [Step 3] 等待服务启动 (90s)...
    等待中... (10s/120s)
    ✅ Milvus 服务已就绪
>>> [Step 4] 运行 Benchmark...
Running experiment: milvus-p10 - random-range-2048-angular-no-filters
established connection
/home/dzh/project/vdtuner/vector-db-benchmark-master/datasets/random-range-2048-angular/random_float_100k_no_filters already exists
Experiment stage: Configure
Experiment stage: Upload

0it [00:00, ?it/s]
1it [00:00,  1.41it/s]
64it [00:01, 76.74it/s]
704it [00:01, 1002.14it/s]
997it [00:01, 1210.91it/s]
1247it [00:01, 1389.02it/s]
1538it [00:01, 1694.02it/s]
1856it [00:01, 1948.27it/s]
2176it [00:01, 2223.55it/s]
2560it [00:01, 2611.31it/s]
2944it [00:01, 2798.17it/s]
3712it [00:02, 4033.43it/s]
4688it [00:02, 5582.87it/s]
5696it [00:02, 6801.21it/s]
6748it [00:02, 7856.00it/s]
7680it [00:02, 8189.88it/s]
8704it [00:02, 8709.02it/s]
9730it [00:02, 9159.71it/s]
10707it [00:02, 9338.73it/s]
11712it [00:02, 9476.18it/s]
12672it [00:02, 9399.63it/s]
13659it [00:03, 9537.40it/s]
14656it [00:03, 9523.02it/s]
15680it [00:03, 9597.87it/s]
16642it [00:03, 6383.43it/s]
17664it [00:03, 7183.56it/s]
18682it [00:03, 7891.24it/s]
19584it [00:03, 8079.56it/s]
20544it [00:03, 8381.79it/s]
21441it [00:04, 8232.69it/s]
22400it [00:04, 8570.97it/s]
23424it [00:04, 8980.78it/s]
24364it [00:04, 9098.94it/s]
25344it [00:04, 9171.56it/s]
26304it [00:04, 9217.19it/s]
27264it [00:04, 9278.59it/s]
28288it [00:04, 9420.75it/s]
29312it [00:04, 9556.00it/s]
30292it [00:05, 9626.53it/s]
31258it [00:05, 7761.67it/s]
32192it [00:05, 8073.59it/s]
33194it [00:05, 8585.54it/s]
34092it [00:05, 8425.93it/s]
35001it [00:05, 8607.14it/s]
35901it [00:05, 8717.38it/s]
36788it [00:05, 8749.54it/s]
37696it [00:05, 8807.71it/s]
38592it [00:06, 8787.01it/s]
39552it [00:06, 9004.05it/s]
40457it [00:06, 8902.68it/s]
41351it [00:06, 8614.78it/s]
42217it [00:06, 8484.22it/s]
43069it [00:06, 8107.61it/s]
43885it [00:06, 7933.77it/s]
44682it [00:06, 7833.94it/s]
45468it [00:06, 7183.72it/s]
46252it [00:07, 7361.28it/s]
46997it [00:07, 7280.91it/s]
47805it [00:07, 7488.14it/s]
48576it [00:07, 7533.96it/s]
49536it [00:07, 8029.26it/s]
50432it [00:07, 8232.02it/s]
51258it [00:07, 8220.32it/s]
52082it [00:07, 8127.10it/s]
52896it [00:07, 7961.63it/s]
53760it [00:07, 8043.09it/s]
54699it [00:08, 8434.12it/s]
55552it [00:08, 8378.11it/s]
56448it [00:08, 8472.64it/s]
57408it [00:08, 8671.58it/s]
58365it [00:08, 8933.87it/s]
59260it [00:08, 8862.81it/s]
60147it [00:08, 5858.64it/s]
61030it [00:08, 6504.33it/s]
61952it [00:09, 7073.33it/s]
62848it [00:09, 7498.41it/s]
63744it [00:09, 7857.37it/s]
64640it [00:09, 8115.21it/s]
65536it [00:09, 8300.21it/s]
66466it [00:09, 8583.00it/s]
67392it [00:09, 8662.65it/s]
68352it [00:09, 8862.88it/s]
69250it [00:09, 8782.78it/s]
70208it [00:09, 8961.10it/s]
71111it [00:10, 8846.36it/s]
72000it [00:10, 8730.29it/s]
72936it [00:10, 8913.15it/s]
73831it [00:10, 8834.56it/s]
74752it [00:10, 8906.09it/s]
75645it [00:10, 5763.95it/s]
76480it [00:10, 6289.69it/s]
77248it [00:10, 6610.51it/s]
78080it [00:11, 6934.58it/s]
78976it [00:11, 7420.05it/s]
79936it [00:11, 7949.53it/s]
80775it [00:11, 8028.54it/s]
81709it [00:11, 8398.41it/s]
82573it [00:11, 8318.15it/s]
83513it [00:11, 8628.28it/s]
84389it [00:11, 8546.41it/s]
85312it [00:11, 8664.33it/s]
86208it [00:11, 8745.55it/s]
87168it [00:12, 8881.64it/s]
88060it [00:12, 8889.01it/s]
88960it [00:12, 8786.75it/s]
89867it [00:12, 8869.67it/s]
90756it [00:12, 8617.70it/s]
91621it [00:12, 8527.37it/s]
92544it [00:12, 8619.78it/s]
93440it [00:12, 8622.04it/s]
94333it [00:12, 8711.47it/s]
95205it [00:13, 8624.93it/s]
96069it [00:13, 8166.40it/s]
96896it [00:13, 8157.53it/s]
97792it [00:13, 8262.05it/s]
98688it [00:13, 8407.23it/s]
99584it [00:13, 8496.78it/s]
100000it [00:13, 7348.96it/s]
Upload time: 14.214093848131597
Total import time: 44.030998759903014
Experiment stage: Search

0it [00:00, ?it/s]
4it [00:00,  5.23it/s]
14it [00:00, 19.52it/s]
26it [00:00, 37.10it/s]
76it [00:01, 130.05it/s]
168it [00:01, 305.27it/s]
259it [00:01, 450.70it/s]
342it [00:01, 540.84it/s]
420it [00:01, 596.43it/s]
490it [00:01, 534.75it/s]
554it [00:01, 540.77it/s]
629it [00:01, 593.74it/s]
696it [00:01, 612.98it/s]
767it [00:02, 637.80it/s]
852it [00:02, 697.63it/s]
949it [00:02, 775.54it/s]
1047it [00:02, 833.31it/s]
1132it [00:02, 787.27it/s]
1213it [00:02, 760.23it/s]
1308it [00:02, 812.74it/s]
1398it [00:02, 837.28it/s]
1484it [00:02, 836.39it/s]
1569it [00:03, 820.95it/s]
1652it [00:03, 790.14it/s]
1742it [00:03, 819.66it/s]
1825it [00:03, 820.49it/s]
1914it [00:03, 835.48it/s]
2003it [00:03, 850.11it/s]
2089it [00:03, 841.54it/s]
2176it [00:03, 849.11it/s]
2262it [00:03, 812.80it/s]
2346it [00:03, 820.13it/s]
2430it [00:04, 824.72it/s]
2523it [00:04, 852.80it/s]
2609it [00:04, 793.98it/s]
2690it [00:04, 785.13it/s]
2773it [00:04, 797.09it/s]
2863it [00:04, 826.22it/s]
2947it [00:04, 771.28it/s]
3026it [00:04, 745.57it/s]
3113it [00:04, 776.96it/s]
3192it [00:05, 714.89it/s]
3277it [00:05, 748.33it/s]
3354it [00:05, 749.72it/s]
3436it [00:05, 768.58it/s]
3514it [00:05, 765.55it/s]
3592it [00:05, 761.97it/s]
3669it [00:05, 754.31it/s]
3745it [00:05, 747.23it/s]
3839it [00:05, 802.63it/s]
3933it [00:06, 840.90it/s]
4020it [00:06, 846.37it/s]
4105it [00:06, 836.77it/s]
4189it [00:06, 822.51it/s]
4275it [00:06, 833.01it/s]
4365it [00:06, 850.87it/s]
4460it [00:06, 879.74it/s]
4553it [00:06, 891.77it/s]
4655it [00:06, 928.00it/s]
4756it [00:06, 948.63it/s]
4851it [00:07, 910.71it/s]
4943it [00:07, 887.11it/s]
5033it [00:07, 884.23it/s]
5122it [00:07, 868.32it/s]
5209it [00:07, 853.89it/s]
5295it [00:07, 830.73it/s]
5384it [00:07, 847.30it/s]
5469it [00:07, 827.61it/s]
5556it [00:07, 839.16it/s]
5641it [00:07, 842.14it/s]
5726it [00:08, 827.62it/s]
5811it [00:08, 833.71it/s]
5895it [00:08, 790.17it/s]
5975it [00:08, 780.56it/s]
6057it [00:08, 789.25it/s]
6137it [00:08, 751.78it/s]
6213it [00:08, 748.04it/s]
6301it [00:08, 785.06it/s]
6385it [00:08, 799.41it/s]
6472it [00:09, 818.34it/s]
6562it [00:09, 841.88it/s]
6655it [00:09, 867.46it/s]
6744it [00:09, 871.56it/s]
6832it [00:09, 849.88it/s]
6918it [00:09, 850.26it/s]
7004it [00:09, 852.27it/s]
7091it [00:09, 853.41it/s]
7180it [00:09, 862.25it/s]
7267it [00:09, 849.26it/s]
7356it [00:10, 857.23it/s]
7442it [00:10, 771.33it/s]
7522it [00:10, 777.18it/s]
7601it [00:10, 763.85it/s]
7679it [00:10, 717.97it/s]
7752it [00:10, 710.03it/s]
7824it [00:10, 660.12it/s]
7892it [00:10, 663.18it/s]
7971it [00:10, 696.71it/s]
8046it [00:11, 710.56it/s]
8118it [00:11, 670.05it/s]
8186it [00:11, 672.05it/s]
8259it [00:11, 686.94it/s]
8329it [00:11, 630.25it/s]
8394it [00:11, 631.88it/s]
8485it [00:11, 706.49it/s]
8559it [00:11, 715.97it/s]
8633it [00:11, 720.48it/s]
8706it [00:12, 721.47it/s]
8791it [00:12, 756.41it/s]
8867it [00:12, 730.72it/s]
8941it [00:12, 710.50it/s]
9013it [00:12, 702.23it/s]
9084it [00:12, 692.85it/s]
9154it [00:12, 546.30it/s]
9231it [00:12, 599.82it/s]
9313it [00:12, 656.44it/s]
9393it [00:13, 692.76it/s]
9475it [00:13, 727.98it/s]
9551it [00:13, 704.89it/s]
9624it [00:13, 697.09it/s]
9699it [00:13, 711.75it/s]
9772it [00:13, 667.63it/s]
9853it [00:13, 706.87it/s]
9931it [00:13, 726.48it/s]
10000it [00:13, 718.32it/s]
Experiment stage: Done
Results saved to:  /home/dzh/project/vdtuner/vector-db-benchmark-master/results
>>> [Step 5] 收尾工作...
    监控日志已保存。
📊 测试结果摘要:
0.9851300000000001
711.8153138521114
0.006130087189376354
line1:  0.006130087189376354
line1:  711.8153138521114
line1:  0.9851300000000001
numeric_values:  [0.006130087189376354, 711.8153138521114, 0.9851300000000001]
[8] 656 0.9851300000000001 0.006130087189376354 90
/bin/sh: 1: Syntax error: "(" unexpected
/data/dzh/venv/lib/python3.10/site-packages/botorch/acquisition/multi_objective/monte_carlo.py:110: NumericsWarning: qExpectedHypervolumeImprovement has known numerical issues that lead to suboptimal optimization performance. It is strongly recommended to simply replace

	 qExpectedHypervolumeImprovement 	 --> 	 qLogExpectedHypervolumeImprovement 

instead, which fixes the issues and has the same API. See https://arxiv.org/abs/2310.20708 for details.
  legacy_ei_numerics_warning(legacy_name=type(self).__name__)
--- DEBUG: Starting command:---
=======================================
🛠️  开始测试流程
Engine: milvus-p10 | Dataset: random-range-2048-angular-no-filters
=======================================
>>> [Step 1] 启动后台监控...
    监控进程 PID: 3705904
>>> [Step 2] 重置 Milvus...
 Container milvus-standalone  Stopping
 Container milvus-standalone  Stopped
 Container milvus-standalone  Removing
 Container milvus-standalone  Removed
 Container milvus-minio  Stopping
 Container milvus-etcd  Stopping
 Container milvus-etcd  Stopped
 Container milvus-etcd  Removing
 Container milvus-etcd  Removed
 Container milvus-minio  Stopped
 Container milvus-minio  Removing
 Container milvus-minio  Removed
 Network milvus  Removing
 Network milvus  Removed
    🧹 清理宿主机数据目录: /home/dzh/project/vdtuner/vector-db-benchmark-master/engine/servers/milvus-single-node/volumes
 Network milvus  Creating
 Network milvus  Created
 Container milvus-minio  Creating
 Container milvus-etcd  Creating
 Container milvus-etcd  Created
 Container milvus-minio  Created
 Container milvus-standalone  Creating
 Container milvus-standalone  Created
 Container milvus-minio  Starting
 Container milvus-etcd  Starting
 Container milvus-etcd  Started
 Container milvus-minio  Started
 Container milvus-standalone  Starting
 Container milvus-standalone  Started
>>> [Step 3] 等待服务启动 (90s)...
    等待中... (10s/120s)
    ✅ Milvus 服务已就绪
>>> [Step 4] 运行 Benchmark...
Running experiment: milvus-p10 - random-range-2048-angular-no-filters
established connection
/home/dzh/project/vdtuner/vector-db-benchmark-master/datasets/random-range-2048-angular/random_float_100k_no_filters already exists
Experiment stage: Configure
Experiment stage: Upload

0it [00:00, ?it/s]
1it [00:00,  1.63it/s]
64it [00:00, 79.35it/s]
832it [00:01, 1189.79it/s]
1216it [00:01, 1629.12it/s]
1537it [00:01, 1616.07it/s]
1800it [00:01, 1783.50it/s]
2176it [00:01, 2122.60it/s]
2454it [00:01, 2182.77it/s]
2944it [00:01, 2799.27it/s]
3324it [00:01, 3049.73it/s]
4224it [00:02, 4548.61it/s]
5248it [00:02, 6033.95it/s]
6319it [00:02, 7328.63it/s]
7296it [00:02, 7997.75it/s]
8320it [00:02, 8544.27it/s]
9313it [00:02, 8944.06it/s]
10240it [00:02, 8945.94it/s]
11200it [00:02, 9114.97it/s]
12224it [00:02, 9276.41it/s]
13196it [00:02, 9405.68it/s]
14148it [00:03, 9439.08it/s]
15104it [00:03, 9461.64it/s]
16087it [00:03, 9570.86it/s]
17046it [00:03, 9491.82it/s]
17997it [00:03, 6775.12it/s]
18944it [00:03, 7316.33it/s]
19904it [00:03, 7793.28it/s]
20953it [00:03, 8490.38it/s]
21952it [00:04, 8881.06it/s]
22912it [00:04, 9014.02it/s]
23847it [00:04, 9069.90it/s]
24793it [00:04, 9181.55it/s]
25729it [00:04, 9143.92it/s]
26688it [00:04, 9224.49it/s]
27619it [00:04, 9096.07it/s]
28608it [00:04, 9194.50it/s]
29602it [00:04, 9410.99it/s]
30547it [00:04, 9297.37it/s]
31488it [00:05, 9314.04it/s]
32463it [00:05, 9441.78it/s]
33409it [00:05, 6067.57it/s]
34368it [00:05, 6757.67it/s]
35328it [00:05, 7393.73it/s]
36312it [00:05, 8001.10it/s]
37202it [00:05, 8223.59it/s]
38091it [00:05, 8006.72it/s]
39104it [00:06, 8490.25it/s]
40128it [00:06, 8898.78it/s]
41094it [00:06, 9112.63it/s]
42027it [00:06, 9122.14it/s]
42955it [00:06, 8878.23it/s]
43855it [00:06, 8851.46it/s]
44800it [00:06, 8885.93it/s]
45697it [00:06, 8909.83it/s]
46592it [00:06, 8870.87it/s]
47552it [00:07, 8879.91it/s]
48442it [00:07, 6039.47it/s]
49282it [00:07, 6558.57it/s]
50176it [00:07, 7115.33it/s]
51072it [00:07, 7571.43it/s]
51904it [00:07, 7729.46it/s]
52800it [00:07, 8033.99it/s]
53696it [00:07, 8262.17it/s]
54550it [00:08, 7881.12it/s]
55361it [00:08, 7520.60it/s]
56131it [00:08, 7142.23it/s]
56960it [00:08, 7310.28it/s]
57761it [00:08, 7488.81it/s]
58543it [00:08, 7581.18it/s]
59335it [00:08, 7677.39it/s]
60224it [00:08, 7965.35it/s]
61056it [00:08, 7978.98it/s]
61969it [00:08, 8314.25it/s]
62848it [00:09, 8341.99it/s]
63685it [00:09, 5786.91it/s]
64576it [00:09, 6441.47it/s]
65472it [00:09, 7000.20it/s]
66368it [00:09, 7496.32it/s]
67277it [00:09, 7921.91it/s]
68214it [00:09, 8321.44it/s]
69120it [00:09, 8432.70it/s]
69991it [00:10, 8180.68it/s]
70848it [00:10, 8200.64it/s]
71802it [00:10, 8581.47it/s]
72673it [00:10, 8474.00it/s]
73584it [00:10, 8657.53it/s]
74457it [00:10, 8581.28it/s]
75392it [00:10, 8737.30it/s]
76312it [00:10, 8871.97it/s]
77202it [00:10, 8850.51it/s]
78089it [00:11, 6944.38it/s]
78976it [00:11, 7376.61it/s]
79872it [00:11, 7757.59it/s]
80705it [00:11, 7912.38it/s]
81536it [00:11, 7990.54it/s]
82432it [00:11, 8230.51it/s]
83328it [00:11, 8392.63it/s]
84224it [00:11, 8489.49it/s]
85120it [00:11, 8520.24it/s]
86016it [00:11, 8598.34it/s]
86912it [00:12, 8684.96it/s]
87872it [00:12, 8833.78it/s]
88768it [00:12, 8756.59it/s]
89664it [00:12, 8737.70it/s]
90560it [00:12, 8788.18it/s]
91520it [00:12, 8887.86it/s]
92410it [00:12, 6056.05it/s]
93248it [00:12, 6510.54it/s]
94097it [00:13, 6982.97it/s]
94976it [00:13, 7386.87it/s]
95876it [00:13, 7814.28it/s]
96768it [00:13, 8071.22it/s]
97664it [00:13, 8254.86it/s]
98560it [00:13, 8420.83it/s]
99422it [00:13, 8443.58it/s]
100000it [00:13, 7282.62it/s]
Upload time: 14.118422424886376
Total import time: 35.98133546067402
Experiment stage: Search

0it [00:00, ?it/s]
4it [00:00,  5.08it/s]
13it [00:00, 17.83it/s]
25it [00:01, 35.83it/s]
75it [00:01, 129.31it/s]
161it [00:01, 292.23it/s]
246it [00:01, 426.93it/s]
328it [00:01, 525.22it/s]
416it [00:01, 618.46it/s]
510it [00:01, 705.52it/s]
594it [00:01, 743.23it/s]
684it [00:01, 786.59it/s]
771it [00:01, 809.13it/s]
860it [00:02, 830.20it/s]
946it [00:02, 838.92it/s]
1038it [00:02, 861.69it/s]
1132it [00:02, 884.38it/s]
1224it [00:02, 894.39it/s]
1328it [00:02, 936.21it/s]
1423it [00:02, 917.87it/s]
1516it [00:02, 891.66it/s]
1606it [00:02, 884.67it/s]
1695it [00:02, 880.43it/s]
1785it [00:03, 884.47it/s]
1874it [00:03, 866.68it/s]
1961it [00:03, 840.39it/s]
2046it [00:03, 818.36it/s]
2129it [00:03, 800.90it/s]
2210it [00:03, 786.37it/s]
2293it [00:03, 797.84it/s]
2378it [00:03, 811.94it/s]
2470it [00:03, 842.00it/s]
2557it [00:03, 848.38it/s]
2644it [00:04, 854.02it/s]
2734it [00:04, 866.30it/s]
2825it [00:04, 878.32it/s]
2918it [00:04, 891.73it/s]
3009it [00:04, 894.23it/s]
3099it [00:04, 878.08it/s]
3187it [00:04, 853.76it/s]
3273it [00:04, 819.09it/s]
3359it [00:04, 827.42it/s]
3449it [00:05, 847.22it/s]
3535it [00:05, 849.87it/s]
3621it [00:05, 838.21it/s]
3713it [00:05, 853.06it/s]
3799it [00:05, 828.31it/s]
3899it [00:05, 876.12it/s]
3990it [00:05, 883.20it/s]
4081it [00:05, 890.42it/s]
4174it [00:05, 858.46it/s]
4261it [00:05, 798.73it/s]
4352it [00:06, 827.34it/s]
4438it [00:06, 834.97it/s]
4523it [00:06, 821.67it/s]
4610it [00:06, 820.55it/s]
4702it [00:06, 848.26it/s]
4788it [00:06, 849.05it/s]
4879it [00:06, 864.49it/s]
4973it [00:06, 883.39it/s]
5062it [00:06, 874.65it/s]
5150it [00:07, 864.62it/s]
5241it [00:07, 877.19it/s]
5329it [00:07, 859.04it/s]
5416it [00:07, 846.01it/s]
5509it [00:07, 869.20it/s]
5597it [00:07, 842.46it/s]
5682it [00:07, 843.09it/s]
5767it [00:07, 842.38it/s]
5854it [00:07, 848.68it/s]
5942it [00:07, 857.26it/s]
6028it [00:08, 783.11it/s]
6115it [00:08, 806.62it/s]
6199it [00:08, 814.58it/s]
6291it [00:08, 844.39it/s]
6388it [00:08, 879.18it/s]
6482it [00:08, 884.80it/s]
6571it [00:08, 868.15it/s]
6659it [00:08, 865.41it/s]
6756it [00:08, 895.21it/s]
6846it [00:08, 890.97it/s]
6936it [00:09, 886.84it/s]
7025it [00:09, 855.47it/s]
7116it [00:09, 870.34it/s]
7204it [00:09, 867.53it/s]
7292it [00:09, 870.86it/s]
7380it [00:09, 872.27it/s]
7470it [00:09, 879.26it/s]
7560it [00:09, 884.59it/s]
7651it [00:09, 891.47it/s]
7741it [00:10, 883.82it/s]
7837it [00:10, 902.90it/s]
7935it [00:10, 921.78it/s]
8031it [00:10, 930.96it/s]
8125it [00:10, 913.91it/s]
8217it [00:10, 879.03it/s]
8306it [00:10, 878.36it/s]
8395it [00:10, 692.56it/s]
8471it [00:10, 708.37it/s]
8552it [00:11, 732.82it/s]
8629it [00:11, 735.27it/s]
8729it [00:11, 807.21it/s]
8813it [00:11, 807.42it/s]
8906it [00:11, 842.08it/s]
8992it [00:11, 816.21it/s]
9075it [00:11, 741.00it/s]
9168it [00:11, 789.48it/s]
9253it [00:11, 804.43it/s]
9346it [00:12, 838.97it/s]
9432it [00:12, 824.47it/s]
9527it [00:12, 858.37it/s]
9617it [00:12, 870.21it/s]
9706it [00:12, 875.91it/s]
9794it [00:12, 813.68it/s]
9881it [00:12, 829.10it/s]
9965it [00:12, 781.32it/s]
10000it [00:12, 780.61it/s]
Experiment stage: Done
Results saved to:  /home/dzh/project/vdtuner/vector-db-benchmark-master/results
>>> [Step 5] 收尾工作...
    监控日志已保存。
📊 测试结果摘要:
0.39647
775.1739128134566
0.003600127063691616
line1:  0.003600127063691616
line1:  775.1739128134566
line1:  0.39647
numeric_values:  [0.003600127063691616, 775.1739128134566, 0.39647]
[9] 737 0.39647 0.003600127063691616 81
/bin/sh: 1: Syntax error: "(" unexpected
/data/dzh/venv/lib/python3.10/site-packages/botorch/acquisition/multi_objective/monte_carlo.py:110: NumericsWarning: qExpectedHypervolumeImprovement has known numerical issues that lead to suboptimal optimization performance. It is strongly recommended to simply replace

	 qExpectedHypervolumeImprovement 	 --> 	 qLogExpectedHypervolumeImprovement 

instead, which fixes the issues and has the same API. See https://arxiv.org/abs/2310.20708 for details.
  legacy_ei_numerics_warning(legacy_name=type(self).__name__)
--- DEBUG: Starting command:---
=======================================
🛠️  开始测试流程
Engine: milvus-p10 | Dataset: random-range-2048-angular-no-filters
=======================================
>>> [Step 1] 启动后台监控...
    监控进程 PID: 3717131
>>> [Step 2] 重置 Milvus...
 Container milvus-standalone  Stopping
 Container milvus-standalone  Stopped
 Container milvus-standalone  Removing
 Container milvus-standalone  Removed
 Container milvus-minio  Stopping
 Container milvus-etcd  Stopping
 Container milvus-etcd  Stopped
 Container milvus-etcd  Removing
 Container milvus-etcd  Removed
 Container milvus-minio  Stopped
 Container milvus-minio  Removing
 Container milvus-minio  Removed
 Network milvus  Removing
 Network milvus  Removed
    🧹 清理宿主机数据目录: /home/dzh/project/vdtuner/vector-db-benchmark-master/engine/servers/milvus-single-node/volumes
 Network milvus  Creating
 Network milvus  Created
 Container milvus-etcd  Creating
 Container milvus-minio  Creating
 Container milvus-etcd  Created
 Container milvus-minio  Created
 Container milvus-standalone  Creating
 Container milvus-standalone  Created
 Container milvus-etcd  Starting
 Container milvus-minio  Starting
 Container milvus-minio  Started
 Container milvus-etcd  Started
 Container milvus-standalone  Starting
 Container milvus-standalone  Started
>>> [Step 3] 等待服务启动 (90s)...
    等待中... (10s/120s)
    ✅ Milvus 服务已就绪
>>> [Step 4] 运行 Benchmark...
Running experiment: milvus-p10 - random-range-2048-angular-no-filters
established connection
/home/dzh/project/vdtuner/vector-db-benchmark-master/datasets/random-range-2048-angular/random_float_100k_no_filters already exists
Experiment stage: Configure
Experiment stage: Upload

0it [00:00, ?it/s]
1it [00:00,  1.51it/s]
64it [00:00, 91.01it/s]
192it [00:01, 275.71it/s]
704it [00:01, 1161.87it/s]
960it [00:01, 1419.55it/s]
1280it [00:01, 1718.58it/s]
1515it [00:01, 1800.24it/s]
1984it [00:01, 2500.16it/s]
2286it [00:01, 2526.21it/s]
2575it [00:01, 2583.10it/s]
2859it [00:01, 2600.37it/s]
3456it [00:02, 3460.16it/s]
4352it [00:02, 4978.72it/s]
5440it [00:02, 6591.45it/s]
6400it [00:02, 7438.50it/s]
7403it [00:02, 8189.26it/s]
8384it [00:02, 8609.40it/s]
9402it [00:02, 9069.94it/s]
10367it [00:02, 9240.68it/s]
11328it [00:02, 9295.64it/s]
12416it [00:02, 9661.66it/s]
13440it [00:03, 9719.81it/s]
14464it [00:03, 9786.33it/s]
15445it [00:03, 9732.55it/s]
16420it [00:03, 9724.51it/s]
17466it [00:03, 9941.74it/s]
18461it [00:03, 7671.34it/s]
19392it [00:03, 8061.35it/s]
20352it [00:03, 8457.60it/s]
21331it [00:03, 8818.23it/s]
22272it [00:04, 8902.74it/s]
23296it [00:04, 9198.56it/s]
24256it [00:04, 9231.52it/s]
25194it [00:04, 9267.23it/s]
26131it [00:04, 9199.19it/s]
27072it [00:04, 9123.27it/s]
28032it [00:04, 9220.27it/s]
29056it [00:04, 9391.90it/s]
30016it [00:04, 9370.58it/s]
30976it [00:04, 9341.17it/s]
31936it [00:05, 9355.08it/s]
32873it [00:05, 5765.48it/s]
33831it [00:05, 6548.14it/s]
34688it [00:05, 6989.79it/s]
35650it [00:05, 7631.52it/s]
36544it [00:05, 7952.74it/s]
37568it [00:05, 8497.04it/s]
38528it [00:06, 8794.67it/s]
39451it [00:06, 8830.43it/s]
40448it [00:06, 9051.95it/s]
41408it [00:06, 9182.47it/s]
42374it [00:06, 9320.40it/s]
43327it [00:06, 9379.86it/s]
44274it [00:06, 9316.13it/s]
45212it [00:06, 9264.11it/s]
46144it [00:06, 9145.43it/s]
47062it [00:07, 6517.37it/s]
47936it [00:07, 6942.20it/s]
48832it [00:07, 7398.55it/s]
49664it [00:07, 7556.35it/s]
50582it [00:07, 7990.00it/s]
51520it [00:07, 8267.07it/s]
52416it [00:07, 8418.88it/s]
53312it [00:07, 8545.80it/s]
54208it [00:07, 8656.33it/s]
55168it [00:07, 8800.28it/s]
56128it [00:08, 8917.23it/s]
57072it [00:08, 9068.63it/s]
57984it [00:08, 8815.89it/s]
58880it [00:08, 8783.19it/s]
59834it [00:08, 9003.04it/s]
60738it [00:08, 8993.74it/s]
61640it [00:08, 5679.50it/s]
62528it [00:09, 6302.88it/s]
63424it [00:09, 6873.67it/s]
64220it [00:09, 7080.20it/s]
65088it [00:09, 7473.17it/s]
65921it [00:09, 7702.74it/s]
66738it [00:09, 7811.48it/s]
67584it [00:09, 7925.32it/s]
68408it [00:09, 8014.90it/s]
69248it [00:09, 8074.80it/s]
70184it [00:09, 8449.35it/s]
71040it [00:10, 8435.64it/s]
71936it [00:10, 8566.97it/s]
72822it [00:10, 8652.15it/s]
73691it [00:10, 8594.25it/s]
74560it [00:10, 8616.01it/s]
75424it [00:10, 8554.21it/s]
76281it [00:10, 7592.28it/s]
77120it [00:10, 7727.37it/s]
78016it [00:10, 8060.70it/s]
78967it [00:10, 8472.21it/s]
79826it [00:11, 8444.39it/s]
80768it [00:11, 8672.10it/s]
81684it [00:11, 8814.09it/s]
82589it [00:11, 8883.39it/s]
83481it [00:11, 8833.03it/s]
84367it [00:11, 8706.37it/s]
85240it [00:11, 8675.26it/s]
86109it [00:11, 8640.07it/s]
86974it [00:11, 8640.42it/s]
87872it [00:11, 8632.97it/s]
88768it [00:12, 8636.13it/s]
89728it [00:12, 8801.75it/s]
90609it [00:12, 6289.03it/s]
91520it [00:12, 6857.99it/s]
92352it [00:12, 7167.93it/s]
93248it [00:12, 7586.56it/s]
94099it [00:12, 7833.73it/s]
94976it [00:12, 8063.82it/s]
95872it [00:13, 8274.17it/s]
96768it [00:13, 8338.95it/s]
97664it [00:13, 8493.25it/s]
98542it [00:13, 8575.87it/s]
99408it [00:13, 8593.38it/s]
100000it [00:13, 7389.90it/s]
Upload time: 13.919987095985562
Total import time: 20.476229491643608
Experiment stage: Search

0it [00:00, ?it/s]
4it [00:00,  4.99it/s]
9it [00:00, 11.47it/s]
19it [00:01, 26.80it/s]
54it [00:01, 90.52it/s]
90it [00:01, 148.48it/s]
126it [00:01, 198.52it/s]
159it [00:01, 212.69it/s]
209it [00:01, 284.18it/s]
255it [00:01, 297.56it/s]
317it [00:01, 377.69it/s]
384it [00:01, 453.74it/s]
464it [00:02, 548.18it/s]
550it [00:02, 632.57it/s]
633it [00:02, 688.27it/s]
705it [00:02, 692.49it/s]
777it [00:02, 691.13it/s]
848it [00:02, 692.84it/s]
926it [00:02, 717.94it/s]
1003it [00:02, 730.98it/s]
1077it [00:02, 707.23it/s]
1149it [00:02, 707.84it/s]
1221it [00:03, 636.89it/s]
1287it [00:03, 639.02it/s]
1354it [00:03, 646.14it/s]
1421it [00:03, 652.20it/s]
1503it [00:03, 700.53it/s]
1579it [00:03, 717.30it/s]
1656it [00:03, 730.23it/s]
1730it [00:03, 723.37it/s]
1803it [00:03, 599.64it/s]
1868it [00:04, 611.61it/s]
1941it [00:04, 642.84it/s]
2008it [00:04, 644.59it/s]
2075it [00:04, 646.53it/s]
2157it [00:04, 694.68it/s]
2228it [00:04, 697.89it/s]
2299it [00:04, 636.21it/s]
2365it [00:04, 621.01it/s]
2429it [00:04, 614.71it/s]
2492it [00:05, 591.88it/s]
2561it [00:05, 618.03it/s]
2624it [00:05, 616.50it/s]
2703it [00:05, 665.90it/s]
2782it [00:05, 701.83it/s]
2853it [00:05, 683.17it/s]
2928it [00:05, 695.41it/s]
2998it [00:05, 690.91it/s]
3068it [00:05, 687.39it/s]
3142it [00:05, 702.13it/s]
3213it [00:06, 649.60it/s]
3279it [00:06, 645.49it/s]
3349it [00:06, 657.36it/s]
3416it [00:06, 640.50it/s]
3495it [00:06, 681.55it/s]
3565it [00:06, 684.97it/s]
3634it [00:06, 656.88it/s]
3701it [00:06, 600.82it/s]
3763it [00:06, 580.35it/s]
3823it [00:07, 503.92it/s]
3890it [00:07, 543.71it/s]
3957it [00:07, 576.70it/s]
4017it [00:07, 407.40it/s]
4066it [00:07, 367.19it/s]
4113it [00:07, 388.15it/s]
4181it [00:07, 454.13it/s]
4236it [00:08, 476.53it/s]
4290it [00:08, 492.25it/s]
4343it [00:08, 450.67it/s]
4426it [00:08, 547.67it/s]
4499it [00:08, 596.31it/s]
4574it [00:08, 636.98it/s]
4642it [00:08, 649.12it/s]
4709it [00:08, 623.34it/s]
4787it [00:08, 664.11it/s]
4864it [00:09, 693.62it/s]
4949it [00:09, 734.92it/s]
5024it [00:09, 710.29it/s]
5096it [00:09, 702.34it/s]
5167it [00:09, 696.38it/s]
5237it [00:09, 663.20it/s]
5304it [00:09, 618.36it/s]
5388it [00:09, 676.75it/s]
5468it [00:09, 710.16it/s]
5541it [00:10, 678.19it/s]
5610it [00:10, 668.15it/s]
5680it [00:10, 676.41it/s]
5750it [00:10, 673.43it/s]
5820it [00:10, 680.81it/s]
5892it [00:10, 691.46it/s]
5962it [00:10, 609.14it/s]
6025it [00:10, 598.09it/s]
6087it [00:10, 593.97it/s]
6148it [00:11, 595.64it/s]
6209it [00:11, 513.84it/s]
6291it [00:11, 590.98it/s]
6364it [00:11, 625.07it/s]
6429it [00:11, 570.75it/s]
6500it [00:11, 605.57it/s]
6570it [00:11, 630.07it/s]
6638it [00:11, 643.89it/s]
6721it [00:11, 696.49it/s]
6793it [00:12, 636.73it/s]
6867it [00:12, 664.36it/s]
6935it [00:12, 642.81it/s]
7010it [00:12, 668.90it/s]
7078it [00:12, 670.66it/s]
7146it [00:12, 649.74it/s]
7228it [00:12, 697.81it/s]
7304it [00:12, 714.73it/s]
7377it [00:12, 712.02it/s]
7449it [00:12, 693.36it/s]
7521it [00:13, 694.35it/s]
7591it [00:13, 672.97it/s]
7659it [00:13, 665.16it/s]
7726it [00:13, 626.93it/s]
7790it [00:13, 627.99it/s]
7855it [00:13, 633.80it/s]
7936it [00:13, 684.41it/s]
8024it [00:13, 741.14it/s]
8104it [00:13, 756.29it/s]
8180it [00:14, 708.33it/s]
8252it [00:14, 614.50it/s]
8316it [00:14, 578.41it/s]
8376it [00:14, 542.55it/s]
8432it [00:14, 507.81it/s]
8491it [00:14, 527.72it/s]
8560it [00:14, 568.44it/s]
8631it [00:14, 605.23it/s]
8693it [00:15, 607.57it/s]
8757it [00:15, 616.72it/s]
8820it [00:15, 597.83it/s]
8899it [00:15, 649.48it/s]
8980it [00:15, 694.59it/s]
9061it [00:15, 727.06it/s]
9135it [00:15, 717.53it/s]
9211it [00:15, 728.64it/s]
9285it [00:16, 419.86it/s]
9356it [00:16, 472.30it/s]
9417it [00:16, 482.39it/s]
9479it [00:16, 509.66it/s]
9538it [00:16, 483.32it/s]
9592it [00:16, 435.36it/s]
9650it [00:16, 468.12it/s]
9729it [00:16, 546.89it/s]
9794it [00:17, 570.48it/s]
9855it [00:17, 555.48it/s]
9913it [00:17, 532.36it/s]
9968it [00:17, 533.51it/s]
10000it [00:17, 575.03it/s]
Experiment stage: Done
Results saved to:  /home/dzh/project/vdtuner/vector-db-benchmark-master/results
>>> [Step 5] 收尾工作...
    监控日志已保存。
📊 测试结果摘要:
0.9826400000000002
570.5844250221124
0.013798831473104655
line1:  0.013798831473104655
line1:  570.5844250221124
line1:  0.9826400000000002
numeric_values:  [0.013798831473104655, 570.5844250221124, 0.9826400000000002]
[10] 809 0.9826400000000002 0.013798831473104655 71
/bin/sh: 1: Syntax error: "(" unexpected
/data/dzh/venv/lib/python3.10/site-packages/botorch/acquisition/multi_objective/monte_carlo.py:110: NumericsWarning: qExpectedHypervolumeImprovement has known numerical issues that lead to suboptimal optimization performance. It is strongly recommended to simply replace

	 qExpectedHypervolumeImprovement 	 --> 	 qLogExpectedHypervolumeImprovement 

instead, which fixes the issues and has the same API. See https://arxiv.org/abs/2310.20708 for details.
  legacy_ei_numerics_warning(legacy_name=type(self).__name__)
--- DEBUG: Starting command:---
=======================================
🛠️  开始测试流程
Engine: milvus-p10 | Dataset: random-range-2048-angular-no-filters
=======================================
>>> [Step 1] 启动后台监控...
    监控进程 PID: 3728342
>>> [Step 2] 重置 Milvus...
 Container milvus-standalone  Stopping
 Container milvus-standalone  Stopped
 Container milvus-standalone  Removing
 Container milvus-standalone  Removed
 Container milvus-minio  Stopping
 Container milvus-etcd  Stopping
 Container milvus-etcd  Stopped
 Container milvus-etcd  Removing
 Container milvus-etcd  Removed
 Container milvus-minio  Stopped
 Container milvus-minio  Removing
 Container milvus-minio  Removed
 Network milvus  Removing
 Network milvus  Removed
    🧹 清理宿主机数据目录: /home/dzh/project/vdtuner/vector-db-benchmark-master/engine/servers/milvus-single-node/volumes
 Network milvus  Creating
 Network milvus  Created
 Container milvus-minio  Creating
 Container milvus-etcd  Creating
 Container milvus-etcd  Created
 Container milvus-minio  Created
 Container milvus-standalone  Creating
 Container milvus-standalone  Created
 Container milvus-etcd  Starting
 Container milvus-minio  Starting
 Container milvus-etcd  Started
 Container milvus-minio  Started
 Container milvus-standalone  Starting
 Container milvus-standalone  Started
>>> [Step 3] 等待服务启动 (90s)...
    等待中... (10s/120s)
    ✅ Milvus 服务已就绪
>>> [Step 4] 运行 Benchmark...
Running experiment: milvus-p10 - random-range-2048-angular-no-filters
established connection
/home/dzh/project/vdtuner/vector-db-benchmark-master/datasets/random-range-2048-angular/random_float_100k_no_filters already exists
Experiment stage: Configure
Experiment stage: Upload

0it [00:00, ?it/s]
1it [00:00,  1.53it/s]
64it [00:00, 80.96it/s]
576it [00:01, 837.45it/s]
896it [00:01, 1238.68it/s]
1142it [00:01, 1474.45it/s]
1502it [00:01, 1943.94it/s]
1785it [00:01, 2009.14it/s]
2047it [00:01, 2145.02it/s]
2307it [00:01, 2174.69it/s]
2556it [00:01, 2169.68it/s]
3008it [00:01, 2753.14it/s]
3712it [00:02, 3867.60it/s]
4352it [00:02, 4549.03it/s]
5440it [00:02, 6270.30it/s]
6464it [00:02, 7360.79it/s]
7488it [00:02, 8173.63it/s]
8448it [00:02, 8549.01it/s]
9472it [00:02, 8916.66it/s]
10501it [00:02, 9317.63it/s]
11520it [00:02, 9442.40it/s]
12544it [00:03, 9644.94it/s]
13559it [00:03, 9793.02it/s]
14542it [00:03, 9778.33it/s]
15522it [00:03, 9570.27it/s]
16554it [00:03, 9789.29it/s]
17536it [00:03, 8051.34it/s]
18546it [00:03, 8577.89it/s]
19520it [00:03, 8792.41it/s]
20433it [00:03, 8810.09it/s]
21376it [00:03, 8979.60it/s]
22336it [00:04, 9132.92it/s]
23296it [00:04, 9250.32it/s]
24283it [00:04, 9430.96it/s]
25234it [00:04, 9343.60it/s]
26176it [00:04, 9346.27it/s]
27136it [00:04, 9418.69it/s]
28105it [00:04, 9498.73it/s]
29057it [00:04, 9489.11it/s]
30080it [00:04, 9586.27it/s]
31040it [00:05, 9582.80it/s]
31999it [00:05, 7497.91it/s]
32960it [00:05, 7991.85it/s]
33970it [00:05, 8543.02it/s]
34880it [00:05, 8646.60it/s]
35904it [00:05, 8988.95it/s]
36928it [00:05, 9256.43it/s]
37888it [00:05, 9351.72it/s]
38838it [00:05, 9290.65it/s]
39777it [00:06, 9244.93it/s]
40709it [00:06, 9134.33it/s]
41628it [00:06, 9103.39it/s]
42542it [00:06, 8122.81it/s]
43376it [00:06, 7805.08it/s]
44288it [00:06, 8100.06it/s]
45248it [00:06, 8466.85it/s]
46208it [00:06, 8751.96it/s]
47093it [00:07, 6507.53it/s]
48064it [00:07, 7170.53it/s]
49024it [00:07, 7708.22it/s]
49984it [00:07, 8112.11it/s]
50880it [00:07, 8333.01it/s]
51751it [00:07, 8420.67it/s]
52621it [00:07, 8476.13it/s]
53568it [00:07, 8657.65it/s]
54464it [00:07, 8646.07it/s]
55339it [00:07, 8567.03it/s]
56203it [00:08, 8517.63it/s]
57088it [00:08, 8557.88it/s]
57964it [00:08, 8616.29it/s]
58829it [00:08, 8547.14it/s]
59712it [00:08, 8590.93it/s]
60672it [00:08, 8782.97it/s]
61551it [00:08, 6589.31it/s]
62400it [00:08, 6993.32it/s]
63296it [00:08, 7466.25it/s]
64131it [00:09, 7700.05it/s]
64966it [00:09, 7878.30it/s]
65918it [00:09, 8340.61it/s]
66777it [00:09, 8228.48it/s]
67648it [00:09, 8290.04it/s]
68489it [00:09, 8184.49it/s]
69316it [00:09, 8006.75it/s]
70123it [00:09, 7628.15it/s]
70893it [00:09, 7429.07it/s]
71680it [00:10, 7547.90it/s]
72448it [00:10, 7565.39it/s]
73344it [00:10, 7833.57it/s]
74234it [00:10, 8140.92it/s]
75133it [00:10, 8388.58it/s]
75975it [00:10, 6023.89it/s]
76800it [00:10, 6476.60it/s]
77696it [00:10, 7070.33it/s]
78592it [00:10, 7504.76it/s]
79488it [00:11, 7822.02it/s]
80384it [00:11, 8109.53it/s]
81331it [00:11, 8492.55it/s]
82204it [00:11, 8391.53it/s]
83072it [00:11, 8402.64it/s]
83968it [00:11, 8552.28it/s]
84864it [00:11, 8590.92it/s]
85730it [00:11, 8610.02it/s]
86596it [00:11, 8553.97it/s]
87476it [00:11, 8625.68it/s]
88341it [00:12, 8337.43it/s]
89280it [00:12, 8540.11it/s]
90213it [00:12, 8768.33it/s]
91093it [00:12, 6009.29it/s]
91968it [00:12, 6579.95it/s]
92877it [00:12, 7182.88it/s]
93760it [00:12, 7587.58it/s]
94614it [00:12, 7841.54it/s]
95478it [00:13, 8061.92it/s]
96321it [00:13, 8140.41it/s]
97248it [00:13, 8464.09it/s]
98176it [00:13, 8628.65it/s]
99053it [00:13, 8567.84it/s]
99926it [00:13, 8614.84it/s]
100000it [00:13, 7360.88it/s]
Upload time: 13.981202217750251
Total import time: 43.804332627914846
Experiment stage: Search

0it [00:00, ?it/s]
4it [00:00,  5.62it/s]
16it [00:00, 24.45it/s]
32it [00:00, 49.68it/s]
66it [00:01, 111.01it/s]
133it [00:01, 240.33it/s]
214it [00:01, 381.20it/s]
303it [00:01, 508.73it/s]
388it [00:01, 599.91it/s]
464it [00:01, 643.22it/s]
544it [00:01, 686.39it/s]
621it [00:01, 709.38it/s]
708it [00:01, 755.88it/s]
787it [00:01, 755.77it/s]
872it [00:02, 781.45it/s]
955it [00:02, 792.38it/s]
1044it [00:02, 819.70it/s]
1131it [00:02, 832.70it/s]
1219it [00:02, 845.01it/s]
1304it [00:02, 813.88it/s]
1400it [00:02, 855.38it/s]
1487it [00:02, 752.65it/s]
1578it [00:02, 792.58it/s]
1662it [00:03, 804.89it/s]
1747it [00:03, 815.98it/s]
1830it [00:03, 815.69it/s]
1913it [00:03, 801.61it/s]
1994it [00:03, 786.57it/s]
2081it [00:03, 809.23it/s]
2171it [00:03, 829.77it/s]
2262it [00:03, 850.72it/s]
2348it [00:03, 844.56it/s]
2441it [00:03, 868.28it/s]
2535it [00:04, 888.69it/s]
2629it [00:04, 900.55it/s]
2720it [00:04, 899.12it/s]
2816it [00:04, 916.20it/s]
2908it [00:04, 901.84it/s]
2999it [00:04, 879.04it/s]
3088it [00:04, 881.30it/s]
3179it [00:04, 888.40it/s]
3268it [00:04, 874.71it/s]
3358it [00:04, 880.49it/s]
3447it [00:05, 876.89it/s]
3535it [00:05, 864.45it/s]
3622it [00:05, 838.25it/s]
3706it [00:05, 819.26it/s]
3793it [00:05, 828.42it/s]
3878it [00:05, 830.06it/s]
3965it [00:05, 841.26it/s]
4050it [00:05, 829.18it/s]
4134it [00:05, 824.63it/s]
4224it [00:06, 845.38it/s]
4310it [00:06, 847.37it/s]
4395it [00:06, 833.42it/s]
4489it [00:06, 863.97it/s]
4577it [00:06, 868.42it/s]
4664it [00:06, 818.67it/s]
4747it [00:06, 775.04it/s]
4829it [00:06, 785.95it/s]
4918it [00:06, 813.64it/s]
5000it [00:06, 769.74it/s]
5086it [00:07, 794.32it/s]
5168it [00:07, 800.16it/s]
5253it [00:07, 813.59it/s]
5346it [00:07, 847.51it/s]
5439it [00:07, 869.76it/s]
5527it [00:07, 762.25it/s]
5612it [00:07, 785.33it/s]
5695it [00:07, 794.13it/s]
5776it [00:07, 780.53it/s]
5865it [00:08, 806.90it/s]
5959it [00:08, 842.66it/s]
6046it [00:08, 849.79it/s]
6132it [00:08, 844.87it/s]
6217it [00:08, 746.24it/s]
6303it [00:08, 775.97it/s]
6385it [00:08, 787.70it/s]
6476it [00:08, 821.33it/s]
6568it [00:08, 848.41it/s]
6660it [00:08, 867.56it/s]
6748it [00:09, 862.04it/s]
6835it [00:09, 848.24it/s]
6926it [00:09, 865.59it/s]
7013it [00:09, 859.15it/s]
7100it [00:09, 848.70it/s]
7186it [00:09, 830.24it/s]
7270it [00:09, 815.78it/s]
7357it [00:09, 829.81it/s]
7441it [00:09, 828.34it/s]
7524it [00:10, 822.11it/s]
7607it [00:10, 801.28it/s]
7692it [00:10, 812.71it/s]
7774it [00:10, 778.45it/s]
7860it [00:10, 799.15it/s]
7949it [00:10, 824.67it/s]
8032it [00:10, 787.10it/s]
8114it [00:10, 796.31it/s]
8195it [00:10, 775.42it/s]
8273it [00:11, 742.88it/s]
8348it [00:11, 639.51it/s]
8433it [00:11, 692.86it/s]
8512it [00:11, 718.13it/s]
8605it [00:11, 773.93it/s]
8686it [00:11, 782.80it/s]
8775it [00:11, 812.38it/s]
8866it [00:11, 837.88it/s]
8961it [00:11, 869.43it/s]
9049it [00:11, 856.99it/s]
9136it [00:12, 800.91it/s]
9218it [00:12, 747.02it/s]
9294it [00:12, 719.39it/s]
9374it [00:12, 738.85it/s]
9456it [00:12, 759.92it/s]
9537it [00:12, 772.56it/s]
9628it [00:12, 811.18it/s]
9718it [00:12, 836.99it/s]
9803it [00:12, 817.34it/s]
9886it [00:13, 803.84it/s]
9972it [00:13, 817.98it/s]
10000it [00:13, 757.42it/s]
Experiment stage: Done
Results saved to:  /home/dzh/project/vdtuner/vector-db-benchmark-master/results
>>> [Step 5] 收尾工作...
    监控日志已保存。
📊 测试结果摘要:
0.8821200000000001
751.6564348005562
0.005162353347986936
line1:  0.005162353347986936
line1:  751.6564348005562
line1:  0.8821200000000001
numeric_values:  [0.005162353347986936, 751.6564348005562, 0.8821200000000001]
[11] 899 0.8821200000000001 0.005162353347986936 89
/bin/sh: 1: Syntax error: "(" unexpected
/data/dzh/venv/lib/python3.10/site-packages/botorch/acquisition/multi_objective/monte_carlo.py:110: NumericsWarning: qExpectedHypervolumeImprovement has known numerical issues that lead to suboptimal optimization performance. It is strongly recommended to simply replace

	 qExpectedHypervolumeImprovement 	 --> 	 qLogExpectedHypervolumeImprovement 

instead, which fixes the issues and has the same API. See https://arxiv.org/abs/2310.20708 for details.
  legacy_ei_numerics_warning(legacy_name=type(self).__name__)
--- DEBUG: Starting command:---
=======================================
🛠️  开始测试流程
Engine: milvus-p10 | Dataset: random-range-2048-angular-no-filters
=======================================
>>> [Step 1] 启动后台监控...
    监控进程 PID: 3739920
>>> [Step 2] 重置 Milvus...
 Container milvus-standalone  Stopping
 Container milvus-standalone  Stopped
 Container milvus-standalone  Removing
 Container milvus-standalone  Removed
 Container milvus-minio  Stopping
 Container milvus-etcd  Stopping
 Container milvus-etcd  Stopped
 Container milvus-etcd  Removing
 Container milvus-etcd  Removed
 Container milvus-minio  Stopped
 Container milvus-minio  Removing
 Container milvus-minio  Removed
 Network milvus  Removing
 Network milvus  Removed
    🧹 清理宿主机数据目录: /home/dzh/project/vdtuner/vector-db-benchmark-master/engine/servers/milvus-single-node/volumes
 Network milvus  Creating
 Network milvus  Created
 Container milvus-etcd  Creating
 Container milvus-minio  Creating
 Container milvus-minio  Created
 Container milvus-etcd  Created
 Container milvus-standalone  Creating
 Container milvus-standalone  Created
 Container milvus-etcd  Starting
 Container milvus-minio  Starting
 Container milvus-minio  Started
 Container milvus-etcd  Started
 Container milvus-standalone  Starting
 Container milvus-standalone  Started
>>> [Step 3] 等待服务启动 (90s)...
    等待中... (10s/120s)
    ✅ Milvus 服务已就绪
>>> [Step 4] 运行 Benchmark...
Running experiment: milvus-p10 - random-range-2048-angular-no-filters
established connection
/home/dzh/project/vdtuner/vector-db-benchmark-master/datasets/random-range-2048-angular/random_float_100k_no_filters already exists
Experiment stage: Configure
Experiment stage: Upload

0it [00:00, ?it/s]
1it [00:00,  1.55it/s]
64it [00:01, 77.24it/s]
640it [00:01, 915.17it/s]
907it [00:01, 1191.43it/s]
1216it [00:01, 1461.03it/s]
1600it [00:01, 1945.34it/s]
1890it [00:01, 1996.60it/s]
2176it [00:01, 2106.49it/s]
2560it [00:01, 2453.23it/s]
2844it [00:01, 2545.79it/s]
3520it [00:02, 3649.46it/s]
4352it [00:02, 4875.39it/s]
5440it [00:02, 6481.76it/s]
6464it [00:02, 7474.21it/s]
7488it [00:02, 8197.27it/s]
8448it [00:02, 8534.23it/s]
9472it [00:02, 8892.13it/s]
10432it [00:02, 9088.82it/s]
11392it [00:02, 9230.93it/s]
12413it [00:02, 9518.75it/s]
13371it [00:03, 9177.33it/s]
14336it [00:03, 9172.59it/s]
15360it [00:03, 9364.61it/s]
16300it [00:03, 6753.39it/s]
17216it [00:03, 7293.92it/s]
18239it [00:03, 8018.36it/s]
19136it [00:03, 8216.25it/s]
20083it [00:03, 8554.53it/s]
20992it [00:04, 8598.61it/s]
21883it [00:04, 8483.68it/s]
22784it [00:04, 8591.62it/s]
23808it [00:04, 8956.68it/s]
24832it [00:04, 9249.28it/s]
25856it [00:04, 9446.08it/s]
26816it [00:04, 9418.94it/s]
27840it [00:04, 9540.42it/s]
28800it [00:04, 9438.62it/s]
29760it [00:04, 9452.25it/s]
30784it [00:05, 9615.28it/s]
31747it [00:05, 5748.17it/s]
32768it [00:05, 6581.53it/s]
33728it [00:05, 7211.24it/s]
34624it [00:05, 7590.87it/s]
35520it [00:05, 7862.22it/s]
36416it [00:05, 8101.64it/s]
37312it [00:06, 8294.80it/s]
38184it [00:06, 8413.03it/s]
39056it [00:06, 8411.42it/s]
39919it [00:06, 8282.82it/s]
40768it [00:06, 8221.59it/s]
41664it [00:06, 8371.72it/s]
42671it [00:06, 8862.25it/s]
43565it [00:06, 8866.31it/s]
44457it [00:06, 8758.13it/s]
45337it [00:06, 8707.00it/s]
46211it [00:07, 5689.52it/s]
47168it [00:07, 6465.22it/s]
48128it [00:07, 7146.91it/s]
49024it [00:07, 7585.00it/s]
49984it [00:07, 8034.62it/s]
50926it [00:07, 8408.65it/s]
51815it [00:07, 8514.91it/s]
52736it [00:07, 8641.42it/s]
53625it [00:08, 8585.27it/s]
54501it [00:08, 8537.07it/s]
55367it [00:08, 8139.72it/s]
56256it [00:08, 8272.74it/s]
57216it [00:08, 8541.93it/s]
58112it [00:08, 8574.62it/s]
59043it [00:08, 8786.19it/s]
59968it [00:08, 8836.43it/s]
60928it [00:08, 8975.22it/s]
61828it [00:09, 7229.45it/s]
62720it [00:09, 7607.05it/s]
63634it [00:09, 8010.01it/s]
64576it [00:09, 8329.03it/s]
65536it [00:09, 8586.12it/s]
66432it [00:09, 8596.17it/s]
67307it [00:09, 8619.01it/s]
68180it [00:09, 8283.84it/s]
69018it [00:09, 8184.11it/s]
69843it [00:10, 8002.09it/s]
70720it [00:10, 8115.64it/s]
71616it [00:10, 8256.13it/s]
72512it [00:10, 8372.85it/s]
73408it [00:10, 8506.01it/s]
74304it [00:10, 8513.21it/s]
75157it [00:10, 8395.15it/s]
75998it [00:10, 7062.86it/s]
76800it [00:10, 7294.28it/s]
77696it [00:10, 7729.44it/s]
78592it [00:11, 7991.77it/s]
79488it [00:11, 8171.09it/s]
80384it [00:11, 8282.27it/s]
81280it [00:11, 8473.99it/s]
82172it [00:11, 8602.84it/s]
83039it [00:11, 8495.45it/s]
83929it [00:11, 8613.19it/s]
84800it [00:11, 8558.69it/s]
85669it [00:11, 8596.35it/s]
86531it [00:12, 8445.20it/s]
87424it [00:12, 8463.56it/s]
88272it [00:12, 8457.83it/s]
89152it [00:12, 8500.35it/s]
90108it [00:12, 8812.04it/s]
90991it [00:12, 5801.35it/s]
91775it [00:12, 6245.04it/s]
92608it [00:12, 6692.05it/s]
93440it [00:13, 7094.27it/s]
94336it [00:13, 7563.07it/s]
95232it [00:13, 7894.98it/s]
96129it [00:13, 8194.74it/s]
96979it [00:13, 8197.38it/s]
97843it [00:13, 8323.94it/s]
98691it [00:13, 8233.74it/s]
99584it [00:13, 8374.61it/s]
100000it [00:13, 7260.73it/s]
Upload time: 14.170493782032281
Total import time: 35.26903996895999
Experiment stage: Search

0it [00:00, ?it/s]
4it [00:00,  5.18it/s]
14it [00:00, 18.64it/s]
34it [00:01, 49.83it/s]
120it [00:01, 209.55it/s]
214it [00:01, 369.80it/s]
299it [00:01, 484.29it/s]
379it [00:01, 563.62it/s]
471it [00:01, 657.40it/s]
557it [00:01, 709.87it/s]
638it [00:01, 724.50it/s]
717it [00:01, 734.30it/s]
798it [00:01, 755.21it/s]
885it [00:02, 787.93it/s]
973it [00:02, 813.52it/s]
1070it [00:02, 855.90it/s]
1169it [00:02, 894.07it/s]
1260it [00:02, 894.09it/s]
1351it [00:02, 841.07it/s]
1450it [00:02, 881.00it/s]
1540it [00:02, 886.20it/s]
1633it [00:02, 898.21it/s]
1729it [00:02, 914.50it/s]
1821it [00:03, 849.13it/s]
1908it [00:03, 852.71it/s]
2000it [00:03, 870.89it/s]
2095it [00:03, 893.52it/s]
2193it [00:03, 918.80it/s]
2299it [00:03, 960.29it/s]
2396it [00:03, 920.63it/s]
2489it [00:03, 902.31it/s]
2580it [00:03, 873.04it/s]
2668it [00:04, 850.89it/s]
2756it [00:04, 856.99it/s]
2851it [00:04, 882.83it/s]
2952it [00:04, 916.52it/s]
3046it [00:04, 920.08it/s]
3143it [00:04, 932.13it/s]
3237it [00:04, 929.43it/s]
3331it [00:04, 902.20it/s]
3422it [00:04, 902.21it/s]
3514it [00:04, 907.18it/s]
3605it [00:05, 905.50it/s]
3700it [00:05, 917.54it/s]
3795it [00:05, 925.81it/s]
3888it [00:05, 926.95it/s]
3981it [00:05, 921.98it/s]
4077it [00:05, 929.31it/s]
4175it [00:05, 941.08it/s]
4270it [00:05, 928.70it/s]
4363it [00:05, 917.81it/s]
4462it [00:05, 938.83it/s]
4556it [00:06, 927.67it/s]
4651it [00:06, 933.07it/s]
4745it [00:06, 929.10it/s]
4846it [00:06, 952.47it/s]
4942it [00:06, 929.34it/s]
5036it [00:06, 898.45it/s]
5132it [00:06, 913.15it/s]
5226it [00:06, 920.43it/s]
5320it [00:06, 924.87it/s]
5413it [00:07, 917.02it/s]
5508it [00:07, 925.06it/s]
5606it [00:07, 940.24it/s]
5701it [00:07, 901.24it/s]
5800it [00:07, 926.74it/s]
5894it [00:07, 912.33it/s]
5989it [00:07, 922.64it/s]
6087it [00:07, 938.07it/s]
6185it [00:07, 948.91it/s]
6286it [00:07, 964.26it/s]
6383it [00:08, 950.58it/s]
6479it [00:08, 952.70it/s]
6575it [00:08, 934.68it/s]
6674it [00:08, 949.46it/s]
6770it [00:08, 939.42it/s]
6870it [00:08, 955.77it/s]
6966it [00:08, 898.73it/s]
7064it [00:08, 920.55it/s]
7160it [00:08, 928.83it/s]
7256it [00:08, 937.75it/s]
7351it [00:09, 932.49it/s]
7445it [00:09, 915.52it/s]
7537it [00:09, 916.39it/s]
7636it [00:09, 937.83it/s]
7739it [00:09, 963.41it/s]
7836it [00:09, 905.01it/s]
7928it [00:09, 901.87it/s]
8019it [00:10, 538.41it/s]
8113it [00:10, 613.74it/s]
8201it [00:10, 671.74it/s]
8298it [00:10, 713.59it/s]
8390it [00:10, 763.01it/s]
8487it [00:10, 815.63it/s]
8576it [00:10, 833.88it/s]
8665it [00:10, 825.55it/s]
8751it [00:10, 788.31it/s]
8840it [00:11, 814.51it/s]
8924it [00:11, 792.05it/s]
9019it [00:11, 835.26it/s]
9111it [00:11, 859.00it/s]
9198it [00:11, 800.13it/s]
9280it [00:11, 785.04it/s]
9360it [00:11, 777.15it/s]
9462it [00:11, 841.47it/s]
9547it [00:11, 798.66it/s]
9646it [00:11, 850.33it/s]
9733it [00:12, 855.18it/s]
9820it [00:12, 803.34it/s]
9902it [00:12, 807.12it/s]
9984it [00:12, 762.92it/s]
10000it [00:12, 802.69it/s]
Experiment stage: Done
Results saved to:  /home/dzh/project/vdtuner/vector-db-benchmark-master/results
>>> [Step 5] 收尾工作...
    监控日志已保存。
📊 测试结果摘要:
0.40024
794.6998651636109
0.0034998202696442603
line1:  0.0034998202696442603
line1:  794.6998651636109
line1:  0.40024
numeric_values:  [0.0034998202696442603, 794.6998651636109, 0.40024]
[12] 981 0.40024 0.0034998202696442603 81
/bin/sh: 1: Syntax error: "(" unexpected
/data/dzh/venv/lib/python3.10/site-packages/botorch/acquisition/multi_objective/monte_carlo.py:110: NumericsWarning: qExpectedHypervolumeImprovement has known numerical issues that lead to suboptimal optimization performance. It is strongly recommended to simply replace

	 qExpectedHypervolumeImprovement 	 --> 	 qLogExpectedHypervolumeImprovement 

instead, which fixes the issues and has the same API. See https://arxiv.org/abs/2310.20708 for details.
  legacy_ei_numerics_warning(legacy_name=type(self).__name__)
--- DEBUG: Starting command:---
=======================================
🛠️  开始测试流程
Engine: milvus-p10 | Dataset: random-range-2048-angular-no-filters
=======================================
>>> [Step 1] 启动后台监控...
    监控进程 PID: 3751555
>>> [Step 2] 重置 Milvus...
 Container milvus-standalone  Stopping
 Container milvus-standalone  Stopped
 Container milvus-standalone  Removing
 Container milvus-standalone  Removed
 Container milvus-minio  Stopping
 Container milvus-etcd  Stopping
 Container milvus-etcd  Stopped
 Container milvus-etcd  Removing
 Container milvus-etcd  Removed
 Container milvus-minio  Stopped
 Container milvus-minio  Removing
 Container milvus-minio  Removed
 Network milvus  Removing
 Network milvus  Removed
    🧹 清理宿主机数据目录: /home/dzh/project/vdtuner/vector-db-benchmark-master/engine/servers/milvus-single-node/volumes
 Network milvus  Creating
 Network milvus  Created
 Container milvus-etcd  Creating
 Container milvus-minio  Creating
 Container milvus-etcd  Created
 Container milvus-minio  Created
 Container milvus-standalone  Creating
 Container milvus-standalone  Created
 Container milvus-etcd  Starting
 Container milvus-minio  Starting
 Container milvus-minio  Started
 Container milvus-etcd  Started
 Container milvus-standalone  Starting
 Container milvus-standalone  Started
>>> [Step 3] 等待服务启动 (90s)...
    等待中... (10s/120s)
    ✅ Milvus 服务已就绪
>>> [Step 4] 运行 Benchmark...
Running experiment: milvus-p10 - random-range-2048-angular-no-filters
established connection
/home/dzh/project/vdtuner/vector-db-benchmark-master/datasets/random-range-2048-angular/random_float_100k_no_filters already exists
Experiment stage: Configure
Experiment stage: Upload

0it [00:00, ?it/s]
1it [00:00,  1.17it/s]
64it [00:00, 89.41it/s]
448it [00:01, 712.43it/s]
768it [00:01, 1178.38it/s]
1024it [00:01, 1445.10it/s]
1536it [00:01, 2233.97it/s]
1848it [00:01, 2128.93it/s]
2121it [00:01, 1920.39it/s]
2560it [00:01, 2381.88it/s]
3008it [00:01, 2864.44it/s]
3584it [00:02, 3512.78it/s]
4416it [00:02, 4699.62it/s]
5480it [00:02, 6287.29it/s]
6513it [00:02, 7404.11it/s]
7552it [00:02, 8151.92it/s]
8576it [00:02, 8677.38it/s]
9600it [00:02, 9006.19it/s]
10577it [00:02, 9226.15it/s]
11543it [00:02, 9352.23it/s]
12509it [00:02, 9442.22it/s]
13504it [00:03, 9486.95it/s]
14458it [00:03, 9408.19it/s]
15424it [00:03, 9428.79it/s]
16370it [00:03, 6258.76it/s]
17280it [00:03, 6878.47it/s]
18240it [00:03, 7481.90it/s]
19139it [00:03, 7862.36it/s]
20032it [00:03, 8138.17it/s]
20992it [00:04, 8460.28it/s]
21940it [00:04, 8745.17it/s]
22847it [00:04, 8829.67it/s]
23753it [00:04, 8825.96it/s]
24737it [00:04, 9120.70it/s]
25664it [00:04, 9051.25it/s]
26578it [00:04, 9050.01it/s]
27489it [00:04, 8955.45it/s]
28416it [00:04, 8974.43it/s]
29376it [00:04, 9044.00it/s]
30336it [00:05, 9143.01it/s]
31252it [00:05, 6146.97it/s]
32128it [00:05, 6711.90it/s]
33088it [00:05, 7378.48it/s]
34048it [00:05, 7846.32it/s]
34944it [00:05, 8113.49it/s]
35904it [00:05, 8477.62it/s]
36800it [00:05, 8575.55it/s]
37696it [00:06, 8633.32it/s]
38595it [00:06, 8735.63it/s]
39552it [00:06, 8922.41it/s]
40473it [00:06, 9006.24it/s]
41382it [00:06, 8670.15it/s]
42257it [00:06, 8647.48it/s]
43128it [00:06, 8661.29it/s]
44032it [00:06, 8716.28it/s]
44928it [00:06, 8745.05it/s]
45824it [00:06, 8723.85it/s]
46698it [00:07, 6109.63it/s]
47552it [00:07, 6642.66it/s]
48448it [00:07, 7206.68it/s]
49280it [00:07, 7453.94it/s]
50176it [00:07, 7769.44it/s]
51072it [00:07, 8032.57it/s]
52010it [00:07, 8410.30it/s]
52928it [00:07, 8497.73it/s]
53796it [00:08, 8340.74it/s]
54643it [00:08, 8203.52it/s]
55552it [00:08, 8403.97it/s]
56448it [00:08, 8497.13it/s]
57344it [00:08, 8518.39it/s]
58240it [00:08, 8603.64it/s]
59200it [00:08, 8806.41it/s]
60096it [00:08, 8752.93it/s]
60973it [00:09, 5799.25it/s]
61857it [00:09, 6451.91it/s]
62720it [00:09, 6903.92it/s]
63502it [00:09, 7085.99it/s]
64320it [00:09, 7331.18it/s]
65152it [00:09, 7519.28it/s]
66048it [00:09, 7903.50it/s]
66944it [00:09, 8124.37it/s]
67778it [00:09, 7994.97it/s]
68672it [00:09, 8174.99it/s]
69504it [00:10, 8191.45it/s]
70464it [00:10, 8491.12it/s]
71319it [00:10, 8484.58it/s]
72192it [00:10, 8536.03it/s]
73088it [00:10, 8640.97it/s]
73984it [00:10, 8640.53it/s]
74910it [00:10, 8822.56it/s]
75794it [00:10, 6967.44it/s]
76608it [00:10, 7255.84it/s]
77440it [00:11, 7442.31it/s]
78221it [00:11, 7450.55it/s]
79104it [00:11, 7777.37it/s]
80000it [00:11, 8048.50it/s]
80896it [00:11, 8210.80it/s]
81792it [00:11, 8407.66it/s]
82688it [00:11, 8478.14it/s]
83584it [00:11, 8505.76it/s]
84489it [00:11, 8663.56it/s]
85440it [00:12, 8786.75it/s]
86321it [00:12, 8692.74it/s]
87232it [00:12, 8699.79it/s]
88128it [00:12, 8706.99it/s]
89088it [00:12, 8915.25it/s]
90045it [00:12, 9106.72it/s]
90957it [00:12, 6754.75it/s]
91840it [00:12, 7174.40it/s]
92736it [00:12, 7547.33it/s]
93632it [00:13, 7820.95it/s]
94456it [00:13, 7783.09it/s]
95360it [00:13, 8062.49it/s]
96256it [00:13, 8297.02it/s]
97152it [00:13, 8485.41it/s]
98014it [00:13, 8508.89it/s]
98880it [00:13, 8456.83it/s]
99776it [00:13, 8555.50it/s]
100000it [00:13, 7237.24it/s]
Upload time: 14.206065754871815
Total import time: 21.15712375426665
Experiment stage: Search

0it [00:00, ?it/s]
4it [00:00,  5.30it/s]
9it [00:00, 11.91it/s]
26it [00:00, 39.86it/s]
49it [00:01, 78.24it/s]
68it [00:01, 101.17it/s]
112it [00:01, 180.90it/s]
182it [00:01, 312.24it/s]
233it [00:01, 364.22it/s]
299it [00:01, 444.01it/s]
350it [00:01, 351.26it/s]
392it [00:01, 326.43it/s]
447it [00:02, 376.73it/s]
507it [00:02, 429.26it/s]
557it [00:02, 446.90it/s]
615it [00:02, 482.65it/s]
678it [00:02, 523.00it/s]
748it [00:02, 571.97it/s]
824it [00:02, 625.43it/s]
902it [00:02, 669.55it/s]
980it [00:02, 701.55it/s]
1052it [00:02, 668.10it/s]
1129it [00:03, 694.86it/s]
1200it [00:03, 658.62it/s]
1267it [00:03, 640.64it/s]
1332it [00:03, 564.88it/s]
1391it [00:03, 451.26it/s]
1453it [00:03, 488.94it/s]
1518it [00:03, 515.31it/s]
1575it [00:04, 499.46it/s]
1642it [00:04, 542.29it/s]
1699it [00:04, 537.44it/s]
1755it [00:04, 527.57it/s]
1809it [00:04, 400.60it/s]
1855it [00:04, 378.90it/s]
1906it [00:04, 405.51it/s]
1969it [00:04, 458.99it/s]
2053it [00:05, 554.34it/s]
2114it [00:05, 568.77it/s]
2174it [00:05, 557.62it/s]
2241it [00:05, 588.49it/s]
2318it [00:05, 639.33it/s]
2384it [00:05, 563.49it/s]
2443it [00:05, 564.42it/s]
2502it [00:05, 562.29it/s]
2560it [00:05, 564.62it/s]
2624it [00:05, 584.77it/s]
2684it [00:06, 586.32it/s]
2747it [00:06, 598.68it/s]
2815it [00:06, 620.99it/s]
2894it [00:06, 669.89it/s]
2962it [00:06, 642.92it/s]
3027it [00:06, 552.54it/s]
3085it [00:06, 539.59it/s]
3144it [00:06, 551.02it/s]
3208it [00:06, 574.65it/s]
3267it [00:07, 530.12it/s]
3330it [00:07, 556.28it/s]
3387it [00:07, 515.21it/s]
3440it [00:07, 451.72it/s]
3521it [00:07, 539.99it/s]
3600it [00:07, 603.99it/s]
3680it [00:07, 654.20it/s]
3749it [00:08, 485.11it/s]
3806it [00:08, 445.32it/s]
3858it [00:08, 461.12it/s]
3909it [00:08, 446.08it/s]
3961it [00:08, 461.48it/s]
4010it [00:08, 454.87it/s]
4065it [00:08, 479.21it/s]
4132it [00:08, 529.22it/s]
4201it [00:08, 572.42it/s]
4261it [00:09, 577.90it/s]
4329it [00:09, 606.70it/s]
4399it [00:09, 633.86it/s]
4474it [00:09, 667.94it/s]
4556it [00:09, 712.43it/s]
4628it [00:09, 713.50it/s]
4704it [00:09, 725.69it/s]
4777it [00:09, 723.54it/s]
4850it [00:09, 710.43it/s]
4922it [00:09, 658.78it/s]
4989it [00:10, 550.78it/s]
5048it [00:10, 522.24it/s]
5111it [00:10, 547.81it/s]
5168it [00:10, 530.99it/s]
5223it [00:10, 452.75it/s]
5271it [00:10, 441.29it/s]
5320it [00:10, 453.21it/s]
5367it [00:11, 397.70it/s]
5410it [00:11, 375.66it/s]
5449it [00:11, 351.06it/s]
5486it [00:11, 338.14it/s]
5521it [00:11, 329.20it/s]
5555it [00:11, 318.79it/s]
5590it [00:11, 326.21it/s]
5629it [00:11, 332.52it/s]
5684it [00:11, 389.89it/s]
5724it [00:12, 380.57it/s]
5774it [00:12, 410.15it/s]
5816it [00:12, 377.15it/s]
5855it [00:12, 341.95it/s]
5891it [00:12, 343.83it/s]
5927it [00:12, 321.05it/s]
5960it [00:12, 282.16it/s]
5990it [00:12, 273.44it/s]
6029it [00:13, 301.22it/s]
6066it [00:13, 292.31it/s]
6102it [00:13, 307.26it/s]
6156it [00:13, 365.14it/s]
6194it [00:13, 368.58it/s]
6233it [00:13, 365.27it/s]
6297it [00:13, 436.28it/s]
6359it [00:13, 459.44it/s]
6406it [00:14, 379.98it/s]
6456it [00:14, 408.82it/s]
6534it [00:14, 504.50it/s]
6610it [00:14, 573.25it/s]
6683it [00:14, 615.03it/s]
6758it [00:14, 653.28it/s]
6831it [00:14, 668.97it/s]
6900it [00:14, 576.41it/s]
6961it [00:14, 500.02it/s]
7018it [00:15, 515.34it/s]
7073it [00:15, 498.86it/s]
7125it [00:15, 476.18it/s]
7174it [00:15, 453.14it/s]
7221it [00:15, 416.73it/s]
7264it [00:15, 359.82it/s]
7322it [00:15, 411.61it/s]
7391it [00:15, 480.72it/s]
7443it [00:16, 372.84it/s]
7486it [00:16, 378.25it/s]
7554it [00:16, 446.98it/s]
7604it [00:16, 330.67it/s]
7665it [00:16, 387.37it/s]
7720it [00:16, 423.47it/s]
7776it [00:16, 456.03it/s]
7827it [00:17, 433.63it/s]
7875it [00:17, 356.19it/s]
7923it [00:17, 383.61it/s]
7975it [00:17, 416.54it/s]
8030it [00:17, 449.60it/s]
8079it [00:17, 401.81it/s]
8123it [00:17, 347.56it/s]
8169it [00:17, 373.12it/s]
8240it [00:18, 455.39it/s]
8290it [00:18, 442.97it/s]
8337it [00:18, 448.58it/s]
8405it [00:18, 509.39it/s]
8479it [00:18, 573.56it/s]
8555it [00:18, 626.13it/s]
8624it [00:18, 643.32it/s]
8690it [00:18, 639.71it/s]
8760it [00:18, 656.87it/s]
8829it [00:19, 663.67it/s]
8896it [00:19, 659.13it/s]
8963it [00:19, 652.28it/s]
9049it [00:19, 711.84it/s]
9122it [00:19, 715.49it/s]
9202it [00:19, 737.21it/s]
9279it [00:19, 742.93it/s]
9358it [00:19, 755.95it/s]
9434it [00:19, 650.78it/s]
9502it [00:20, 512.73it/s]
9578it [00:20, 569.22it/s]
9641it [00:20, 557.00it/s]
9701it [00:20, 547.24it/s]
9768it [00:20, 577.40it/s]
9832it [00:20, 587.76it/s]
9903it [00:20, 620.52it/s]
9967it [00:20, 622.39it/s]
10000it [00:20, 479.11it/s]
Experiment stage: Done
Results saved to:  /home/dzh/project/vdtuner/vector-db-benchmark-master/results
>>> [Step 5] 收尾工作...
    监控日志已保存。
📊 测试结果摘要:
0.98267
475.8382791645836
0.0139281481038779
line1:  0.0139281481038779
line1:  475.8382791645836
line1:  0.98267
numeric_values:  [0.0139281481038779, 475.8382791645836, 0.98267]
[13] 1056 0.98267 0.0139281481038779 75
/bin/sh: 1: Syntax error: "(" unexpected
/data/dzh/venv/lib/python3.10/site-packages/botorch/acquisition/multi_objective/monte_carlo.py:110: NumericsWarning: qExpectedHypervolumeImprovement has known numerical issues that lead to suboptimal optimization performance. It is strongly recommended to simply replace

	 qExpectedHypervolumeImprovement 	 --> 	 qLogExpectedHypervolumeImprovement 

instead, which fixes the issues and has the same API. See https://arxiv.org/abs/2310.20708 for details.
  legacy_ei_numerics_warning(legacy_name=type(self).__name__)
--- DEBUG: Starting command:---
=======================================
🛠️  开始测试流程
Engine: milvus-p10 | Dataset: random-range-2048-angular-no-filters
=======================================
>>> [Step 1] 启动后台监控...
    监控进程 PID: 3762781
>>> [Step 2] 重置 Milvus...
 Container milvus-standalone  Stopping
 Container milvus-standalone  Stopped
 Container milvus-standalone  Removing
 Container milvus-standalone  Removed
 Container milvus-minio  Stopping
 Container milvus-etcd  Stopping
 Container milvus-etcd  Stopped
 Container milvus-etcd  Removing
 Container milvus-etcd  Removed
 Container milvus-minio  Stopped
 Container milvus-minio  Removing
 Container milvus-minio  Removed
 Network milvus  Removing
 Network milvus  Removed
    🧹 清理宿主机数据目录: /home/dzh/project/vdtuner/vector-db-benchmark-master/engine/servers/milvus-single-node/volumes
 Network milvus  Creating
 Network milvus  Created
 Container milvus-etcd  Creating
 Container milvus-minio  Creating
 Container milvus-etcd  Created
 Container milvus-minio  Created
 Container milvus-standalone  Creating
 Container milvus-standalone  Created
 Container milvus-etcd  Starting
 Container milvus-minio  Starting
 Container milvus-minio  Started
 Container milvus-etcd  Started
 Container milvus-standalone  Starting
 Container milvus-standalone  Started
>>> [Step 3] 等待服务启动 (90s)...
    等待中... (10s/120s)
    ✅ Milvus 服务已就绪
>>> [Step 4] 运行 Benchmark...
Running experiment: milvus-p10 - random-range-2048-angular-no-filters
established connection
/home/dzh/project/vdtuner/vector-db-benchmark-master/datasets/random-range-2048-angular/random_float_100k_no_filters already exists
Experiment stage: Configure
Experiment stage: Upload

0it [00:00, ?it/s]
1it [00:00,  1.39it/s]
64it [00:00, 87.29it/s]
198it [00:01, 292.36it/s]
704it [00:01, 1191.58it/s]
1065it [00:01, 1705.34it/s]
1348it [00:01, 1734.52it/s]
1596it [00:01, 1680.44it/s]
1982it [00:01, 2165.09it/s]
2268it [00:01, 2332.56it/s]
2560it [00:01, 2420.38it/s]
3072it [00:01, 2997.00it/s]
3645it [00:02, 3719.54it/s]
4420it [00:02, 4824.02it/s]
5504it [00:02, 6459.94it/s]
6528it [00:02, 7520.73it/s]
7616it [00:02, 8451.85it/s]
8651it [00:02, 9004.16it/s]
9664it [00:02, 9227.09it/s]
10688it [00:02, 9399.49it/s]
11712it [00:02, 9544.49it/s]
12736it [00:03, 9694.83it/s]
13760it [00:03, 9811.37it/s]
14784it [00:03, 9908.27it/s]
15808it [00:03, 9939.01it/s]
16804it [00:03, 7566.36it/s]
17762it [00:03, 8055.44it/s]
18688it [00:03, 8339.55it/s]
19712it [00:03, 8815.04it/s]
20672it [00:03, 9005.51it/s]
21632it [00:04, 9137.81it/s]
22656it [00:04, 9418.26it/s]
23616it [00:04, 9465.65it/s]
24640it [00:04, 9587.14it/s]
25608it [00:04, 9354.33it/s]
26667it [00:04, 9711.04it/s]
27648it [00:04, 9650.92it/s]
28618it [00:04, 9602.95it/s]
29582it [00:04, 9598.85it/s]
30544it [00:04, 9525.83it/s]
31499it [00:05, 7402.52it/s]
32397it [00:05, 7790.89it/s]
33300it [00:05, 8113.41it/s]
34176it [00:05, 8253.21it/s]
35136it [00:05, 8623.14it/s]
36096it [00:05, 8848.33it/s]
37056it [00:05, 9025.72it/s]
38080it [00:05, 9243.61it/s]
39040it [00:05, 9243.81it/s]
40000it [00:06, 9320.50it/s]
40960it [00:06, 9371.87it/s]
41920it [00:06, 9346.00it/s]
42880it [00:06, 9375.89it/s]
43820it [00:06, 9274.60it/s]
44800it [00:06, 9418.98it/s]
45744it [00:06, 7062.54it/s]
46600it [00:06, 7421.95it/s]
47488it [00:06, 7759.05it/s]
48320it [00:07, 7881.13it/s]
49180it [00:07, 8078.19it/s]
50048it [00:07, 8128.88it/s]
50882it [00:07, 8179.83it/s]
51840it [00:07, 8527.51it/s]
52800it [00:07, 8782.68it/s]
53760it [00:07, 8907.09it/s]
54720it [00:07, 8995.54it/s]
55624it [00:07, 8912.91it/s]
56553it [00:08, 9022.27it/s]
57472it [00:08, 9063.23it/s]
58432it [00:08, 9137.86it/s]
59392it [00:08, 9143.46it/s]
60308it [00:08, 5854.60it/s]
61184it [00:08, 6428.06it/s]
62016it [00:08, 6848.09it/s]
62976it [00:08, 7509.14it/s]
63936it [00:09, 8036.75it/s]
64896it [00:09, 8455.55it/s]
65856it [00:09, 8661.42it/s]
66759it [00:09, 8739.66it/s]
67659it [00:09, 8790.61it/s]
68557it [00:09, 8764.01it/s]
69478it [00:09, 8893.69it/s]
70377it [00:09, 8907.13it/s]
71296it [00:09, 8901.44it/s]
72192it [00:09, 8864.37it/s]
73088it [00:10, 8844.90it/s]
73984it [00:10, 8802.08it/s]
74944it [00:10, 8904.64it/s]
75836it [00:10, 6370.22it/s]
76672it [00:10, 6773.12it/s]
77504it [00:10, 7143.73it/s]
78464it [00:10, 7688.65it/s]
79360it [00:10, 8004.24it/s]
80256it [00:10, 8220.14it/s]
81152it [00:11, 8358.82it/s]
82048it [00:11, 8484.93it/s]
82944it [00:11, 8502.17it/s]
83840it [00:11, 8504.46it/s]
84698it [00:11, 8455.24it/s]
85549it [00:11, 8326.59it/s]
86386it [00:11, 7756.91it/s]
87171it [00:11, 7663.02it/s]
88000it [00:11, 7768.50it/s]
88841it [00:12, 7950.67it/s]
89728it [00:12, 8077.73it/s]
90560it [00:12, 8051.67it/s]
91368it [00:12, 5900.53it/s]
92288it [00:12, 6661.49it/s]
93184it [00:12, 7215.05it/s]
94107it [00:12, 7742.66it/s]
94976it [00:12, 7839.50it/s]
95872it [00:12, 8124.38it/s]
96768it [00:13, 8246.01it/s]
97728it [00:13, 8603.49it/s]
98624it [00:13, 8691.29it/s]
99584it [00:13, 8914.96it/s]
100000it [00:13, 7433.79it/s]
Upload time: 13.879024431109428
Total import time: 43.90883627301082
Experiment stage: Search

0it [00:00, ?it/s]
4it [00:00,  5.25it/s]
13it [00:00, 17.81it/s]
32it [00:00, 48.25it/s]
65it [00:01, 104.58it/s]
133it [00:01, 232.71it/s]
219it [00:01, 383.21it/s]
273it [00:01, 376.10it/s]
361it [00:01, 499.11it/s]
449it [00:01, 595.52it/s]
541it [00:01, 682.19it/s]
629it [00:01, 736.30it/s]
718it [00:01, 777.00it/s]
801it [00:02, 790.85it/s]
890it [00:02, 819.45it/s]
980it [00:02, 840.39it/s]
1066it [00:02, 845.84it/s]
1152it [00:02, 812.17it/s]
1239it [00:02, 826.69it/s]
1342it [00:02, 885.38it/s]
1442it [00:02, 918.61it/s]
1540it [00:02, 934.62it/s]
1634it [00:02, 925.70it/s]
1727it [00:03, 864.84it/s]
1827it [00:03, 897.30it/s]
1921it [00:03, 904.72it/s]
2013it [00:03, 902.04it/s]
2104it [00:03, 866.33it/s]
2192it [00:03, 860.66it/s]
2280it [00:03, 859.49it/s]
2370it [00:03, 869.61it/s]
2458it [00:03, 861.95it/s]
2545it [00:04, 820.36it/s]
2628it [00:04, 813.47it/s]
2710it [00:04, 805.06it/s]
2791it [00:04, 798.27it/s]
2876it [00:04, 812.95it/s]
2962it [00:04, 826.38it/s]
3047it [00:04, 833.04it/s]
3137it [00:04, 852.79it/s]
3229it [00:04, 870.79it/s]
3317it [00:04, 832.96it/s]
3413it [00:05, 868.22it/s]
3508it [00:05, 891.41it/s]
3599it [00:05, 896.31it/s]
3692it [00:05, 905.68it/s]
3783it [00:05, 887.06it/s]
3872it [00:05, 885.86it/s]
3961it [00:05, 873.84it/s]
4052it [00:05, 883.31it/s]
4147it [00:05, 902.39it/s]
4246it [00:05, 926.01it/s]
4339it [00:06, 921.64it/s]
4432it [00:06, 914.03it/s]
4524it [00:06, 890.39it/s]
4614it [00:06, 864.65it/s]
4701it [00:06, 849.84it/s]
4787it [00:06, 821.54it/s]
4878it [00:06, 845.65it/s]
4972it [00:06, 870.33it/s]
5060it [00:06, 855.99it/s]
5147it [00:07, 859.23it/s]
5236it [00:07, 866.19it/s]
5323it [00:07, 838.89it/s]
5408it [00:07, 786.54it/s]
5502it [00:07, 826.72it/s]
5603it [00:07, 878.60it/s]
5697it [00:07, 893.97it/s]
5788it [00:07, 883.13it/s]
5878it [00:07, 887.64it/s]
5968it [00:08, 872.38it/s]
6056it [00:08, 874.57it/s]
6144it [00:08, 803.94it/s]
6226it [00:08, 799.30it/s]
6313it [00:08, 818.66it/s]
6402it [00:08, 838.99it/s]
6487it [00:08, 806.34it/s]
6574it [00:08, 823.63it/s]
6666it [00:08, 849.44it/s]
6759it [00:08, 872.02it/s]
6849it [00:09, 880.11it/s]
6941it [00:09, 890.79it/s]
7040it [00:09, 918.60it/s]
7133it [00:09, 881.14it/s]
7222it [00:09, 863.80it/s]
7309it [00:09, 846.03it/s]
7401it [00:09, 866.19it/s]
7488it [00:09, 841.86it/s]
7575it [00:09, 849.49it/s]
7668it [00:09, 871.58it/s]
7764it [00:10, 895.73it/s]
7854it [00:10, 888.18it/s]
7943it [00:10, 848.92it/s]
8033it [00:10, 859.73it/s]
8120it [00:10, 830.63it/s]
8212it [00:10, 848.34it/s]
8298it [00:10, 843.27it/s]
8383it [00:10, 794.99it/s]
8464it [00:10, 781.88it/s]
8546it [00:11, 792.27it/s]
8636it [00:11, 821.23it/s]
8719it [00:11, 815.89it/s]
8806it [00:11, 830.44it/s]
8890it [00:11, 797.09it/s]
8981it [00:11, 827.97it/s]
9066it [00:11, 828.33it/s]
9150it [00:11, 801.60it/s]
9231it [00:11, 790.62it/s]
9320it [00:12, 817.73it/s]
9408it [00:12, 829.46it/s]
9498it [00:12, 849.14it/s]
9586it [00:12, 857.82it/s]
9672it [00:12, 856.74it/s]
9758it [00:12, 833.60it/s]
9842it [00:12, 798.56it/s]
9923it [00:12, 799.59it/s]
10000it [00:12, 777.66it/s]
Experiment stage: Done
Results saved to:  /home/dzh/project/vdtuner/vector-db-benchmark-master/results
>>> [Step 5] 收尾工作...
    监控日志已保存。
📊 测试结果摘要:
0.9886
772.3910181346126
0.005623908969573673
line1:  0.005623908969573673
line1:  772.3910181346126
line1:  0.9886
numeric_values:  [0.005623908969573673, 772.3910181346126, 0.9886]
[14] 1146 0.9886 0.005623908969573673 89
/bin/sh: 1: Syntax error: "(" unexpected
/data/dzh/venv/lib/python3.10/site-packages/botorch/acquisition/multi_objective/monte_carlo.py:110: NumericsWarning: qExpectedHypervolumeImprovement has known numerical issues that lead to suboptimal optimization performance. It is strongly recommended to simply replace

	 qExpectedHypervolumeImprovement 	 --> 	 qLogExpectedHypervolumeImprovement 

instead, which fixes the issues and has the same API. See https://arxiv.org/abs/2310.20708 for details.
  legacy_ei_numerics_warning(legacy_name=type(self).__name__)
--- DEBUG: Starting command:---
=======================================
🛠️  开始测试流程
Engine: milvus-p10 | Dataset: random-range-2048-angular-no-filters
=======================================
>>> [Step 1] 启动后台监控...
    监控进程 PID: 3774273
>>> [Step 2] 重置 Milvus...
 Container milvus-standalone  Stopping
 Container milvus-standalone  Stopped
 Container milvus-standalone  Removing
 Container milvus-standalone  Removed
 Container milvus-etcd  Stopping
 Container milvus-minio  Stopping
 Container milvus-etcd  Stopped
 Container milvus-etcd  Removing
 Container milvus-etcd  Removed
 Container milvus-minio  Stopped
 Container milvus-minio  Removing
 Container milvus-minio  Removed
 Network milvus  Removing
 Network milvus  Removed
    🧹 清理宿主机数据目录: /home/dzh/project/vdtuner/vector-db-benchmark-master/engine/servers/milvus-single-node/volumes
 Network milvus  Creating
 Network milvus  Created
 Container milvus-minio  Creating
 Container milvus-etcd  Creating
 Container milvus-etcd  Created
 Container milvus-minio  Created
 Container milvus-standalone  Creating
 Container milvus-standalone  Created
 Container milvus-minio  Starting
 Container milvus-etcd  Starting
 Container milvus-minio  Started
 Container milvus-etcd  Started
 Container milvus-standalone  Starting
 Container milvus-standalone  Started
>>> [Step 3] 等待服务启动 (90s)...
    等待中... (10s/120s)
    ✅ Milvus 服务已就绪
>>> [Step 4] 运行 Benchmark...
Running experiment: milvus-p10 - random-range-2048-angular-no-filters
established connection
/home/dzh/project/vdtuner/vector-db-benchmark-master/datasets/random-range-2048-angular/random_float_100k_no_filters already exists
Experiment stage: Configure
Experiment stage: Upload

0it [00:00, ?it/s]
1it [00:00,  1.78it/s]
64it [00:00, 79.28it/s]
640it [00:01, 916.27it/s]
896it [00:01, 1193.85it/s]
1408it [00:01, 1875.17it/s]
1708it [00:01, 1870.50it/s]
2048it [00:01, 2023.83it/s]
2496it [00:01, 2542.81it/s]
2816it [00:01, 2581.27it/s]
3456it [00:01, 3510.92it/s]
4352it [00:02, 4898.75it/s]
5376it [00:02, 6296.70it/s]
6400it [00:02, 7355.08it/s]
7488it [00:02, 8252.77it/s]
8513it [00:02, 8820.44it/s]
9585it [00:02, 9369.56it/s]
10603it [00:02, 9606.23it/s]
11648it [00:02, 9770.42it/s]
12672it [00:02, 9801.93it/s]
13696it [00:02, 9780.25it/s]
14705it [00:03, 9870.49it/s]
15744it [00:03, 9906.03it/s]
16768it [00:03, 9918.99it/s]
17762it [00:03, 6188.88it/s]
18724it [00:03, 6900.34it/s]
19648it [00:03, 7413.26it/s]
20608it [00:03, 7837.88it/s]
21568it [00:03, 8270.80it/s]
22528it [00:04, 8518.67it/s]
23488it [00:04, 8691.86it/s]
24395it [00:04, 8784.81it/s]
25408it [00:04, 9149.47it/s]
26432it [00:04, 9349.76it/s]
27382it [00:04, 9215.62it/s]
28314it [00:04, 9167.06it/s]
29238it [00:04, 9029.15it/s]
30147it [00:04, 8860.38it/s]
31104it [00:05, 9029.49it/s]
32064it [00:05, 9097.40it/s]
32977it [00:05, 6471.54it/s]
33984it [00:05, 7217.96it/s]
34880it [00:05, 7628.06it/s]
35840it [00:05, 8064.55it/s]
36860it [00:05, 8634.81it/s]
37772it [00:05, 8674.17it/s]
38784it [00:05, 9011.11it/s]
39744it [00:06, 9094.77it/s]
40672it [00:06, 9061.37it/s]
41600it [00:06, 9021.86it/s]
42560it [00:06, 9124.03it/s]
43584it [00:06, 9325.63it/s]
44521it [00:06, 9228.48it/s]
45447it [00:06, 9060.92it/s]
46400it [00:06, 9130.85it/s]
47360it [00:06, 9156.06it/s]
48277it [00:07, 7908.08it/s]
49163it [00:07, 8159.29it/s]
50003it [00:07, 8144.83it/s]
50880it [00:07, 8233.19it/s]
51716it [00:07, 8138.71it/s]
52544it [00:07, 8047.46it/s]
53370it [00:07, 8107.50it/s]
54186it [00:07, 8066.38it/s]
55040it [00:07, 8064.26it/s]
55872it [00:08, 8049.40it/s]
56784it [00:08, 8360.59it/s]
57664it [00:08, 8404.83it/s]
58506it [00:08, 8287.55it/s]
59336it [00:08, 8261.23it/s]
60163it [00:08, 8252.11it/s]
61056it [00:08, 8429.64it/s]
61952it [00:08, 8507.02it/s]
62803it [00:08, 7098.75it/s]
63616it [00:08, 7325.90it/s]
64569it [00:09, 7920.62it/s]
65389it [00:09, 7778.71it/s]
66304it [00:09, 8103.05it/s]
67200it [00:09, 8317.53it/s]
68096it [00:09, 8454.70it/s]
68992it [00:09, 8575.32it/s]
69952it [00:09, 8755.15it/s]
70832it [00:09, 8759.04it/s]
71744it [00:09, 8764.30it/s]
72640it [00:10, 8759.38it/s]
73536it [00:10, 8695.94it/s]
74407it [00:10, 8647.67it/s]
75273it [00:10, 8613.18it/s]
76191it [00:10, 8779.86it/s]
77070it [00:10, 8321.78it/s]
77908it [00:10, 8212.50it/s]
78805it [00:10, 8429.48it/s]
79680it [00:10, 8491.73it/s]
80640it [00:10, 8701.78it/s]
81512it [00:11, 8640.51it/s]
82432it [00:11, 8794.84it/s]
83328it [00:11, 8794.57it/s]
84224it [00:11, 8754.38it/s]
85100it [00:11, 8747.55it/s]
85976it [00:11, 8625.70it/s]
86912it [00:11, 8696.71it/s]
87808it [00:11, 8680.23it/s]
88677it [00:11, 8680.49it/s]
89546it [00:11, 8455.32it/s]
90432it [00:12, 8503.48it/s]
91284it [00:12, 8329.38it/s]
92118it [00:12, 7904.92it/s]
92992it [00:12, 8056.12it/s]
93952it [00:12, 8381.53it/s]
94848it [00:12, 8457.25it/s]
95729it [00:12, 8558.43it/s]
96607it [00:12, 8622.32it/s]
97524it [00:12, 8783.06it/s]
98404it [00:13, 8678.58it/s]
99274it [00:13, 8601.17it/s]
100000it [00:13, 7566.49it/s]
Upload time: 13.598017578013241
Total import time: 35.10430724732578
Experiment stage: Search

0it [00:00, ?it/s]
4it [00:00,  5.18it/s]
14it [00:00, 17.99it/s]
39it [00:01, 56.48it/s]
116it [00:01, 193.27it/s]
213it [00:01, 359.65it/s]
305it [00:01, 487.70it/s]
399it [00:01, 599.23it/s]
495it [00:01, 692.94it/s]
582it [00:01, 740.04it/s]
678it [00:01, 800.13it/s]
766it [00:01, 816.40it/s]
853it [00:01, 831.40it/s]
950it [00:02, 869.45it/s]
1041it [00:02, 879.63it/s]
1131it [00:02, 881.45it/s]
1222it [00:02, 888.12it/s]
1312it [00:02, 887.86it/s]
1407it [00:02, 904.16it/s]
1501it [00:02, 912.59it/s]
1593it [00:02, 869.37it/s]
1688it [00:02, 891.97it/s]
1778it [00:02, 866.16it/s]
1866it [00:03, 865.70it/s]
1962it [00:03, 891.00it/s]
2061it [00:03, 918.48it/s]
2163it [00:03, 945.78it/s]
2258it [00:03, 897.75it/s]
2349it [00:03, 796.62it/s]
2431it [00:03, 743.22it/s]
2521it [00:03, 782.65it/s]
2610it [00:03, 807.17it/s]
2698it [00:04, 825.35it/s]
2787it [00:04, 843.22it/s]
2889it [00:04, 891.64it/s]
2982it [00:04, 900.45it/s]
3073it [00:04, 903.07it/s]
3176it [00:04, 938.30it/s]
3272it [00:04, 940.09it/s]
3367it [00:04, 922.62it/s]
3460it [00:04, 914.59it/s]
3552it [00:05, 909.75it/s]
3646it [00:05, 916.99it/s]
3743it [00:05, 932.46it/s]
3844it [00:05, 949.04it/s]
3939it [00:05, 934.43it/s]
4033it [00:05, 929.59it/s]
4128it [00:05, 933.46it/s]
4222it [00:05, 912.89it/s]
4314it [00:05, 913.02it/s]
4417it [00:05, 945.35it/s]
4512it [00:06, 859.42it/s]
4603it [00:06, 871.09it/s]
4692it [00:06, 866.02it/s]
4780it [00:06, 850.14it/s]
4866it [00:06, 851.67it/s]
4953it [00:06, 856.62it/s]
5050it [00:06, 887.64it/s]
5142it [00:06, 896.82it/s]
5232it [00:06, 857.58it/s]
5319it [00:07, 844.70it/s]
5410it [00:07, 862.53it/s]
5505it [00:07, 886.47it/s]
5594it [00:07, 852.09it/s]
5680it [00:07, 815.63it/s]
5771it [00:07, 840.80it/s]
5856it [00:07, 836.61it/s]
5944it [00:07, 848.59it/s]
6030it [00:07, 849.27it/s]
6120it [00:07, 862.85it/s]
6207it [00:08, 837.88it/s]
6292it [00:08, 809.28it/s]
6377it [00:08, 819.98it/s]
6460it [00:08, 774.98it/s]
6540it [00:08, 781.58it/s]
6621it [00:08, 787.44it/s]
6702it [00:08, 792.32it/s]
6790it [00:08, 817.53it/s]
6885it [00:08, 838.49it/s]
6969it [00:09, 802.95it/s]
7050it [00:09, 778.73it/s]
7129it [00:09, 759.72it/s]
7206it [00:09, 733.47it/s]
7280it [00:09, 660.96it/s]
7359it [00:09, 684.70it/s]
7429it [00:09, 665.48it/s]
7515it [00:09, 716.55it/s]
7588it [00:09, 716.07it/s]
7675it [00:10, 759.34it/s]
7765it [00:10, 798.29it/s]
7855it [00:10, 824.58it/s]
7948it [00:10, 854.85it/s]
8034it [00:10, 825.18it/s]
8120it [00:10, 834.25it/s]
8211it [00:10, 848.72it/s]
8297it [00:10, 838.18it/s]
8382it [00:10, 782.59it/s]
8477it [00:10, 827.69it/s]
8561it [00:11, 811.82it/s]
8645it [00:11, 819.21it/s]
8739it [00:11, 848.49it/s]
8829it [00:11, 862.55it/s]
8916it [00:11, 861.73it/s]
9007it [00:11, 875.76it/s]
9103it [00:11, 899.75it/s]
9194it [00:11, 885.06it/s]
9283it [00:11, 854.70it/s]
9377it [00:11, 876.09it/s]
9465it [00:12, 589.11it/s]
9537it [00:12, 395.92it/s]
9594it [00:12, 416.26it/s]
9691it [00:12, 520.19it/s]
9786it [00:12, 610.75it/s]
9863it [00:13, 647.72it/s]
9939it [00:13, 426.62it/s]
9999it [00:13, 310.37it/s]
10000it [00:13, 728.25it/s]
Experiment stage: Done
Results saved to:  /home/dzh/project/vdtuner/vector-db-benchmark-master/results
>>> [Step 5] 收尾工作...
    监控日志已保存。
📊 测试结果摘要:
0.39855999999999997
720.5461023201525
0.0037109181750565753
line1:  0.0037109181750565753
line1:  720.5461023201525
line1:  0.39855999999999997
numeric_values:  [0.0037109181750565753, 720.5461023201525, 0.39855999999999997]
[15] 1227 0.39855999999999997 0.0037109181750565753 81
/bin/sh: 1: Syntax error: "(" unexpected
/data/dzh/venv/lib/python3.10/site-packages/botorch/acquisition/multi_objective/monte_carlo.py:110: NumericsWarning: qExpectedHypervolumeImprovement has known numerical issues that lead to suboptimal optimization performance. It is strongly recommended to simply replace

	 qExpectedHypervolumeImprovement 	 --> 	 qLogExpectedHypervolumeImprovement 

instead, which fixes the issues and has the same API. See https://arxiv.org/abs/2310.20708 for details.
  legacy_ei_numerics_warning(legacy_name=type(self).__name__)
--- DEBUG: Starting command:---
=======================================
🛠️  开始测试流程
Engine: milvus-p10 | Dataset: random-range-2048-angular-no-filters
=======================================
>>> [Step 1] 启动后台监控...
    监控进程 PID: 3785851
>>> [Step 2] 重置 Milvus...
 Container milvus-standalone  Stopping
 Container milvus-standalone  Stopped
 Container milvus-standalone  Removing
 Container milvus-standalone  Removed
 Container milvus-etcd  Stopping
 Container milvus-minio  Stopping
 Container milvus-etcd  Stopped
 Container milvus-etcd  Removing
 Container milvus-etcd  Removed
 Container milvus-minio  Stopped
 Container milvus-minio  Removing
 Container milvus-minio  Removed
 Network milvus  Removing
 Network milvus  Removed
    🧹 清理宿主机数据目录: /home/dzh/project/vdtuner/vector-db-benchmark-master/engine/servers/milvus-single-node/volumes
 Network milvus  Creating
 Network milvus  Created
 Container milvus-etcd  Creating
 Container milvus-minio  Creating
 Container milvus-etcd  Created
 Container milvus-minio  Created
 Container milvus-standalone  Creating
 Container milvus-standalone  Created
 Container milvus-etcd  Starting
 Container milvus-minio  Starting
 Container milvus-minio  Started
 Container milvus-etcd  Started
 Container milvus-standalone  Starting
 Container milvus-standalone  Started
>>> [Step 3] 等待服务启动 (90s)...
    等待中... (10s/120s)
    ✅ Milvus 服务已就绪
>>> [Step 4] 运行 Benchmark...
Running experiment: milvus-p10 - random-range-2048-angular-no-filters
established connection
/home/dzh/project/vdtuner/vector-db-benchmark-master/datasets/random-range-2048-angular/random_float_100k_no_filters already exists
Experiment stage: Configure
Experiment stage: Upload

0it [00:00, ?it/s]
1it [00:01,  1.25s/it]
704it [00:01, 717.95it/s]
1106it [00:01, 971.91it/s]
1472it [00:01, 1299.20it/s]
1773it [00:01, 1506.85it/s]
2176it [00:01, 1928.38it/s]
2487it [00:02, 2131.13it/s]
2791it [00:02, 2222.42it/s]
3520it [00:02, 3386.28it/s]
4416it [00:02, 4765.14it/s]
5504it [00:02, 6319.79it/s]
6528it [00:02, 7330.30it/s]
7559it [00:02, 8155.98it/s]
8576it [00:02, 8641.23it/s]
9600it [00:02, 9053.96it/s]
10603it [00:02, 9336.00it/s]
11560it [00:03, 9382.84it/s]
12544it [00:03, 9420.69it/s]
13559it [00:03, 9634.80it/s]
14531it [00:03, 9446.58it/s]
15524it [00:03, 9587.69it/s]
16488it [00:03, 9593.28it/s]
17451it [00:03, 7664.83it/s]
18432it [00:03, 8156.61it/s]
19453it [00:03, 8698.04it/s]
20368it [00:04, 8738.01it/s]
21376it [00:04, 9049.62it/s]
22400it [00:04, 9327.15it/s]
23424it [00:04, 9488.23it/s]
24411it [00:04, 9597.79it/s]
25381it [00:04, 9401.06it/s]
26329it [00:04, 9377.74it/s]
27272it [00:04, 9197.12it/s]
28224it [00:04, 9279.46it/s]
29184it [00:05, 9238.90it/s]
30144it [00:05, 9342.93it/s]
31104it [00:05, 9391.83it/s]
32064it [00:05, 9443.13it/s]
33010it [00:05, 6328.70it/s]
33930it [00:05, 6962.69it/s]
34880it [00:05, 7502.97it/s]
35904it [00:05, 8095.22it/s]
36846it [00:05, 8443.73it/s]
37760it [00:06, 8603.31it/s]
38720it [00:06, 8822.05it/s]
39633it [00:06, 8891.04it/s]
40576it [00:06, 9044.31it/s]
41536it [00:06, 9116.31it/s]
42496it [00:06, 9150.02it/s]
43456it [00:06, 9216.01it/s]
44383it [00:06, 9198.70it/s]
45307it [00:06, 9121.66it/s]
46222it [00:07, 8863.33it/s]
47168it [00:07, 8975.46it/s]
48068it [00:07, 7558.75it/s]
48903it [00:07, 7763.48it/s]
49792it [00:07, 8021.96it/s]
50688it [00:07, 8271.31it/s]
51534it [00:07, 8210.74it/s]
52368it [00:07, 7951.46it/s]
53173it [00:07, 7868.34it/s]
53967it [00:08, 7651.37it/s]
54739it [00:08, 7670.55it/s]
55510it [00:08, 7657.02it/s]
56448it [00:08, 8078.23it/s]
57385it [00:08, 8454.27it/s]
58304it [00:08, 8632.81it/s]
59200it [00:08, 8688.48it/s]
60071it [00:08, 8556.61it/s]
60938it [00:08, 8589.60it/s]
61879it [00:08, 8831.21it/s]
62784it [00:09, 8825.40it/s]
63668it [00:09, 5931.93it/s]
64512it [00:09, 6458.27it/s]
65280it [00:09, 6712.54it/s]
66112it [00:09, 7055.20it/s]
67008it [00:09, 7501.66it/s]
67806it [00:09, 7392.48it/s]
68608it [00:09, 7523.18it/s]
69385it [00:10, 7553.91it/s]
70215it [00:10, 7766.13it/s]
71104it [00:10, 7998.19it/s]
72000it [00:10, 8227.60it/s]
72896it [00:10, 8439.87it/s]
73792it [00:10, 8572.90it/s]
74688it [00:10, 8572.26it/s]
75584it [00:10, 8659.19it/s]
76480it [00:10, 8733.25it/s]
77376it [00:10, 8800.12it/s]
78258it [00:11, 5520.96it/s]
79168it [00:11, 6231.66it/s]
80085it [00:11, 6906.88it/s]
80960it [00:11, 7311.08it/s]
81852it [00:11, 7728.34it/s]
82694it [00:11, 7894.18it/s]
83584it [00:11, 8169.55it/s]
84536it [00:11, 8552.97it/s]
85420it [00:12, 8533.36it/s]
86336it [00:12, 8595.22it/s]
87232it [00:12, 8579.18it/s]
88128it [00:12, 8554.00it/s]
88991it [00:12, 8458.39it/s]
89912it [00:12, 8676.01it/s]
90784it [00:12, 8623.96it/s]
91650it [00:12, 8626.42it/s]
92515it [00:12, 8626.52it/s]
93380it [00:13, 7576.95it/s]
94272it [00:13, 7876.99it/s]
95163it [00:13, 8163.28it/s]
96000it [00:13, 8193.56it/s]
96896it [00:13, 8367.40it/s]
97742it [00:13, 8165.41it/s]
98657it [00:13, 8447.88it/s]
99566it [00:13, 8634.23it/s]
100000it [00:13, 7247.26it/s]
Upload time: 14.193437521811575
Total import time: 20.950248626992106
Experiment stage: Search

0it [00:00, ?it/s]
4it [00:00,  5.12it/s]
10it [00:00, 13.26it/s]
17it [00:01, 23.23it/s]
51it [00:01, 86.66it/s]
82it [00:01, 135.27it/s]
104it [00:01, 145.76it/s]
144it [00:01, 207.09it/s]
183it [00:01, 252.94it/s]
214it [00:01, 204.64it/s]
244it [00:01, 222.45it/s]
271it [00:01, 228.12it/s]
305it [00:02, 255.54it/s]
351it [00:02, 309.43it/s]
408it [00:02, 380.44it/s]
461it [00:02, 418.73it/s]
505it [00:02, 406.22it/s]
548it [00:02, 350.06it/s]
611it [00:02, 420.91it/s]
681it [00:02, 492.95it/s]
755it [00:02, 550.58it/s]
827it [00:03, 597.59it/s]
905it [00:03, 649.13it/s]
978it [00:03, 671.25it/s]
1047it [00:03, 643.20it/s]
1113it [00:03, 472.13it/s]
1177it [00:03, 508.43it/s]
1260it [00:03, 585.45it/s]
1341it [00:03, 642.38it/s]
1411it [00:04, 526.85it/s]
1471it [00:04, 367.45it/s]
1532it [00:04, 409.00it/s]
1599it [00:04, 462.37it/s]
1669it [00:04, 515.54it/s]
1743it [00:04, 570.49it/s]
1807it [00:04, 574.68it/s]
1870it [00:05, 490.65it/s]
1925it [00:05, 322.19it/s]
1980it [00:05, 363.05it/s]
2039it [00:05, 408.92it/s]
2098it [00:05, 444.47it/s]
2150it [00:05, 356.31it/s]
2194it [00:06, 301.31it/s]
2231it [00:06, 287.78it/s]
2300it [00:06, 369.26it/s]
2367it [00:06, 436.19it/s]
2418it [00:06, 439.23it/s]
2471it [00:06, 458.72it/s]
2521it [00:06, 388.48it/s]
2565it [00:07, 370.72it/s]
2606it [00:07, 341.60it/s]
2655it [00:07, 375.54it/s]
2696it [00:07, 294.15it/s]
2730it [00:07, 292.66it/s]
2763it [00:07, 271.50it/s]
2809it [00:07, 302.90it/s]
2855it [00:08, 338.83it/s]
2918it [00:08, 404.63it/s]
2961it [00:08, 379.15it/s]
3024it [00:08, 443.32it/s]
3100it [00:08, 525.66it/s]
3169it [00:08, 570.75it/s]
3229it [00:08, 424.26it/s]
3279it [00:08, 437.19it/s]
3348it [00:08, 497.16it/s]
3413it [00:09, 535.66it/s]
3478it [00:09, 565.43it/s]
3538it [00:09, 440.44it/s]
3599it [00:09, 479.46it/s]
3653it [00:09, 483.00it/s]
3713it [00:09, 510.27it/s]
3768it [00:09, 391.33it/s]
3824it [00:10, 428.36it/s]
3873it [00:10, 381.45it/s]
3916it [00:10, 246.10it/s]
3950it [00:10, 246.47it/s]
3995it [00:10, 283.63it/s]
4045it [00:10, 328.63it/s]
4115it [00:11, 414.03it/s]
4189it [00:11, 494.30it/s]
4253it [00:11, 530.32it/s]
4315it [00:11, 553.42it/s]
4375it [00:11, 528.54it/s]
4431it [00:11, 428.64it/s]
4498it [00:11, 484.74it/s]
4560it [00:11, 518.53it/s]
4636it [00:11, 580.08it/s]
4706it [00:12, 612.79it/s]
4775it [00:12, 632.48it/s]
4841it [00:12, 633.59it/s]
4906it [00:12, 609.96it/s]
4974it [00:12, 628.82it/s]
5050it [00:12, 662.82it/s]
5118it [00:12, 603.69it/s]
5189it [00:12, 629.81it/s]
5254it [00:12, 545.76it/s]
5312it [00:13, 415.20it/s]
5396it [00:13, 501.25it/s]
5454it [00:13, 508.89it/s]
5511it [00:13, 518.75it/s]
5583it [00:13, 569.55it/s]
5655it [00:13, 609.18it/s]
5727it [00:13, 638.66it/s]
5795it [00:13, 648.10it/s]
5862it [00:14, 549.70it/s]
5921it [00:14, 369.35it/s]
5968it [00:14, 268.53it/s]
6016it [00:14, 301.97it/s]
6057it [00:14, 300.92it/s]
6095it [00:15, 308.51it/s]
6144it [00:15, 323.94it/s]
6181it [00:15, 310.76it/s]
6219it [00:15, 325.16it/s]
6254it [00:15, 327.80it/s]
6291it [00:15, 338.26it/s]
6342it [00:15, 383.54it/s]
6390it [00:15, 405.58it/s]
6432it [00:15, 397.74it/s]
6481it [00:16, 423.55it/s]
6536it [00:16, 458.50it/s]
6583it [00:16, 396.86it/s]
6628it [00:16, 410.52it/s]
6671it [00:16, 294.78it/s]
6706it [00:16, 271.35it/s]
6745it [00:16, 296.47it/s]
6779it [00:17, 275.58it/s]
6840it [00:17, 349.40it/s]
6918it [00:17, 454.22it/s]
6987it [00:17, 513.87it/s]
7065it [00:17, 582.37it/s]
7146it [00:17, 643.93it/s]
7224it [00:17, 681.96it/s]
7305it [00:17, 716.46it/s]
7384it [00:17, 737.70it/s]
7465it [00:17, 758.35it/s]
7543it [00:18, 762.64it/s]
7626it [00:18, 781.98it/s]
7706it [00:18, 787.04it/s]
7786it [00:18, 787.58it/s]
7867it [00:18, 793.80it/s]
7949it [00:18, 795.46it/s]
8033it [00:18, 806.46it/s]
8114it [00:18, 791.12it/s]
8194it [00:18, 788.89it/s]
8273it [00:19, 757.94it/s]
8350it [00:19, 552.80it/s]
8414it [00:19, 531.85it/s]
8473it [00:19, 358.95it/s]
8526it [00:19, 389.29it/s]
8587it [00:19, 433.00it/s]
8644it [00:19, 462.98it/s]
8714it [00:20, 519.76it/s]
8773it [00:20, 517.76it/s]
8833it [00:20, 538.33it/s]
8892it [00:20, 551.17it/s]
8968it [00:20, 608.31it/s]
9043it [00:20, 648.31it/s]
9110it [00:20, 529.00it/s]
9173it [00:20, 553.51it/s]
9234it [00:20, 566.11it/s]
9294it [00:21, 354.31it/s]
9342it [00:21, 331.71it/s]
9384it [00:21, 337.46it/s]
9430it [00:21, 362.60it/s]
9472it [00:21, 337.62it/s]
9521it [00:21, 368.36it/s]
9562it [00:22, 342.49it/s]
9599it [00:22, 286.08it/s]
9646it [00:22, 325.21it/s]
9682it [00:22, 324.35it/s]
9742it [00:22, 331.84it/s]
9790it [00:22, 365.73it/s]
9829it [00:22, 360.92it/s]
9867it [00:23, 311.77it/s]
9907it [00:23, 332.36it/s]
9977it [00:23, 425.17it/s]
10000it [00:23, 428.92it/s]
Experiment stage: Done
Results saved to:  /home/dzh/project/vdtuner/vector-db-benchmark-master/results
>>> [Step 5] 收尾工作...
    监控日志已保存。
📊 测试结果摘要:
0.9826600000000001
426.190869304093
0.014390316023491322
line1:  0.014390316023491322
line1:  426.190869304093
line1:  0.9826600000000001
numeric_values:  [0.014390316023491322, 426.190869304093, 0.9826600000000001]
[16] 1305 0.9826600000000001 0.014390316023491322 77
/bin/sh: 1: Syntax error: "(" unexpected
/data/dzh/venv/lib/python3.10/site-packages/botorch/acquisition/multi_objective/monte_carlo.py:110: NumericsWarning: qExpectedHypervolumeImprovement has known numerical issues that lead to suboptimal optimization performance. It is strongly recommended to simply replace

	 qExpectedHypervolumeImprovement 	 --> 	 qLogExpectedHypervolumeImprovement 

instead, which fixes the issues and has the same API. See https://arxiv.org/abs/2310.20708 for details.
  legacy_ei_numerics_warning(legacy_name=type(self).__name__)
--- DEBUG: Starting command:---
=======================================
🛠️  开始测试流程
Engine: milvus-p10 | Dataset: random-range-2048-angular-no-filters
=======================================
>>> [Step 1] 启动后台监控...
    监控进程 PID: 3797172
>>> [Step 2] 重置 Milvus...
 Container milvus-standalone  Stopping
 Container milvus-standalone  Stopped
 Container milvus-standalone  Removing
 Container milvus-standalone  Removed
 Container milvus-etcd  Stopping
 Container milvus-minio  Stopping
 Container milvus-etcd  Stopped
 Container milvus-etcd  Removing
 Container milvus-etcd  Removed
 Container milvus-minio  Stopped
 Container milvus-minio  Removing
 Container milvus-minio  Removed
 Network milvus  Removing
 Network milvus  Removed
    🧹 清理宿主机数据目录: /home/dzh/project/vdtuner/vector-db-benchmark-master/engine/servers/milvus-single-node/volumes
 Network milvus  Creating
 Network milvus  Created
 Container milvus-minio  Creating
 Container milvus-etcd  Creating
 Container milvus-minio  Created
 Container milvus-etcd  Created
 Container milvus-standalone  Creating
 Container milvus-standalone  Created
 Container milvus-minio  Starting
 Container milvus-etcd  Starting
 Container milvus-etcd  Started
 Container milvus-minio  Started
 Container milvus-standalone  Starting
 Container milvus-standalone  Started
>>> [Step 3] 等待服务启动 (90s)...
    等待中... (10s/120s)
    ✅ Milvus 服务已就绪
>>> [Step 4] 运行 Benchmark...
Running experiment: milvus-p10 - random-range-2048-angular-no-filters
established connection
/home/dzh/project/vdtuner/vector-db-benchmark-master/datasets/random-range-2048-angular/random_float_100k_no_filters already exists
Experiment stage: Configure
Experiment stage: Upload

0it [00:00, ?it/s]
1it [00:01,  1.24s/it]
704it [00:01, 725.52it/s]
1114it [00:01, 1120.62it/s]
1485it [00:01, 1276.91it/s]
1776it [00:01, 1411.33it/s]
2048it [00:01, 1581.47it/s]
2496it [00:02, 2094.33it/s]
2803it [00:02, 2299.21it/s]
3456it [00:02, 3253.05it/s]
4249it [00:02, 4406.70it/s]
5056it [00:02, 5357.51it/s]
6049it [00:02, 6593.46it/s]
7040it [00:02, 7485.91it/s]
8021it [00:02, 8145.89it/s]
8960it [00:02, 8453.82it/s]
9984it [00:02, 8791.97it/s]
10944it [00:03, 8955.16it/s]
11855it [00:03, 8737.33it/s]
12800it [00:03, 8930.17it/s]
13782it [00:03, 9188.54it/s]
14720it [00:03, 9228.27it/s]
15680it [00:03, 9248.05it/s]
16609it [00:03, 7856.88it/s]
17565it [00:03, 8304.61it/s]
18496it [00:03, 8571.77it/s]
19456it [00:04, 8793.77it/s]
20480it [00:04, 9106.88it/s]
21405it [00:04, 9143.16it/s]
22330it [00:04, 9020.14it/s]
23240it [00:04, 8703.97it/s]
24192it [00:04, 8770.70it/s]
25088it [00:04, 8739.46it/s]
26048it [00:04, 8908.72it/s]
26951it [00:04, 8943.26it/s]
27878it [00:05, 9038.20it/s]
28800it [00:05, 8990.09it/s]
29701it [00:05, 8922.98it/s]
30595it [00:05, 7776.31it/s]
31490it [00:05, 8090.43it/s]
32417it [00:05, 8402.96it/s]
33338it [00:05, 8631.23it/s]
34215it [00:05, 8670.99it/s]
35136it [00:05, 8737.30it/s]
36096it [00:05, 8985.10it/s]
37001it [00:06, 8869.24it/s]
37892it [00:06, 8681.95it/s]
38784it [00:06, 8688.88it/s]
39697it [00:06, 8816.98it/s]
40610it [00:06, 8908.20it/s]
41536it [00:06, 8895.12it/s]
42432it [00:06, 8768.41it/s]
43310it [00:06, 8556.10it/s]
44196it [00:06, 8643.55it/s]
45062it [00:07, 8561.61it/s]
45920it [00:07, 7318.46it/s]
46784it [00:07, 7633.32it/s]
47680it [00:07, 7975.59it/s]
48576it [00:07, 8232.70it/s]
49416it [00:07, 8226.58it/s]
50251it [00:07, 8258.27it/s]
51086it [00:07, 8230.10it/s]
51968it [00:07, 8305.97it/s]
52864it [00:07, 8486.24it/s]
53824it [00:08, 8693.23it/s]
54720it [00:08, 8690.51it/s]
55633it [00:08, 8818.93it/s]
56517it [00:08, 8764.94it/s]
57408it [00:08, 8758.56it/s]
58310it [00:08, 8834.92it/s]
59276it [00:08, 9079.15it/s]
60224it [00:08, 9127.74it/s]
61138it [00:08, 8123.28it/s]
62075it [00:09, 8464.58it/s]
62976it [00:09, 8548.71it/s]
63872it [00:09, 8556.36it/s]
64832it [00:09, 8719.62it/s]
65792it [00:09, 8853.47it/s]
66688it [00:09, 8841.71it/s]
67584it [00:09, 8846.33it/s]
68471it [00:09, 8757.19it/s]
69354it [00:09, 8777.82it/s]
70233it [00:09, 8686.89it/s]
71104it [00:10, 8680.36it/s]
72000it [00:10, 8633.65it/s]
72959it [00:10, 8914.13it/s]
73852it [00:10, 8894.86it/s]
74752it [00:10, 8837.74it/s]
75637it [00:10, 5955.81it/s]
76416it [00:10, 6326.95it/s]
77248it [00:10, 6793.55it/s]
78200it [00:11, 7487.01it/s]
79040it [00:11, 7652.79it/s]
79936it [00:11, 7961.12it/s]
80801it [00:11, 8144.67it/s]
81728it [00:11, 8354.23it/s]
82583it [00:11, 8378.28it/s]
83456it [00:11, 8388.64it/s]
84352it [00:11, 8494.85it/s]
85248it [00:11, 8598.69it/s]
86144it [00:11, 8688.12it/s]
87017it [00:12, 8675.02it/s]
87888it [00:12, 8503.22it/s]
88741it [00:12, 8315.39it/s]
89575it [00:12, 8087.81it/s]
90432it [00:12, 8220.24it/s]
91257it [00:12, 5503.18it/s]
92160it [00:12, 6220.52it/s]
93120it [00:12, 7002.74it/s]
94016it [00:13, 7420.51it/s]
94912it [00:13, 7797.28it/s]
95749it [00:13, 7946.56it/s]
96640it [00:13, 8172.62it/s]
97628it [00:13, 8657.98it/s]
98518it [00:13, 8623.64it/s]
99456it [00:13, 8736.44it/s]
100000it [00:13, 7282.25it/s]
Upload time: 14.127426059916615
Total import time: 44.567763892933726
Experiment stage: Search

0it [00:00, ?it/s]
4it [00:00,  5.23it/s]
13it [00:00, 17.87it/s]
27it [00:00, 39.34it/s]
80it [00:01, 137.98it/s]
140it [00:01, 240.80it/s]
203it [00:01, 333.89it/s]
282it [00:01, 450.07it/s]
353it [00:01, 515.20it/s]
425it [00:01, 569.84it/s]
505it [00:01, 630.11it/s]
577it [00:01, 653.68it/s]
653it [00:01, 684.22it/s]
728it [00:02, 696.70it/s]
802it [00:02, 701.06it/s]
874it [00:02, 703.31it/s]
946it [00:02, 693.03it/s]
1033it [00:02, 744.32it/s]
1128it [00:02, 803.98it/s]
1226it [00:02, 853.30it/s]
1322it [00:02, 884.81it/s]
1414it [00:02, 893.89it/s]
1508it [00:02, 904.86it/s]
1599it [00:03, 851.18it/s]
1685it [00:03, 846.20it/s]
1771it [00:03, 770.78it/s]
1850it [00:03, 738.97it/s]
1936it [00:03, 771.35it/s]
2015it [00:03, 743.27it/s]
2098it [00:03, 766.46it/s]
2177it [00:03, 771.26it/s]
2263it [00:03, 796.53it/s]
2362it [00:04, 851.21it/s]
2448it [00:04, 816.18it/s]
2544it [00:04, 854.82it/s]
2631it [00:04, 848.69it/s]
2725it [00:04, 873.19it/s]
2818it [00:04, 885.97it/s]
2907it [00:04, 869.16it/s]
3008it [00:04, 908.09it/s]
3101it [00:04, 914.23it/s]
3205it [00:04, 948.23it/s]
3300it [00:05, 905.14it/s]
3392it [00:05, 901.93it/s]
3486it [00:05, 910.68it/s]
3578it [00:05, 898.71it/s]
3669it [00:05, 849.34it/s]
3755it [00:05, 808.88it/s]
3837it [00:05, 787.29it/s]
3917it [00:05, 754.38it/s]
3995it [00:05, 760.10it/s]
4086it [00:06, 801.41it/s]
4179it [00:06, 837.01it/s]
4264it [00:06, 840.61it/s]
4354it [00:06, 857.24it/s]
4441it [00:06, 860.13it/s]
4528it [00:06, 770.40it/s]
4624it [00:06, 820.36it/s]
4717it [00:06, 848.32it/s]
4806it [00:06, 860.19it/s]
4894it [00:06, 852.92it/s]
4981it [00:07, 828.73it/s]
5067it [00:07, 805.46it/s]
5151it [00:07, 810.33it/s]
5242it [00:07, 838.67it/s]
5336it [00:07, 866.16it/s]
5423it [00:07, 821.13it/s]
5512it [00:07, 829.31it/s]
5596it [00:07, 794.76it/s]
5677it [00:07, 798.39it/s]
5758it [00:08, 792.79it/s]
5839it [00:08, 797.00it/s]
5919it [00:08, 729.17it/s]
5995it [00:08, 736.67it/s]
6070it [00:08, 661.30it/s]
6138it [00:08, 638.69it/s]
6204it [00:08, 611.71it/s]
6277it [00:08, 642.94it/s]
6343it [00:09, 604.64it/s]
6411it [00:09, 622.53it/s]
6475it [00:09, 591.03it/s]
6535it [00:09, 586.44it/s]
6595it [00:09, 588.03it/s]
6670it [00:09, 630.69it/s]
6746it [00:09, 666.34it/s]
6821it [00:09, 681.77it/s]
6890it [00:09, 684.12it/s]
6979it [00:09, 743.43it/s]
7058it [00:10, 756.80it/s]
7143it [00:10, 773.54it/s]
7221it [00:10, 758.55it/s]
7303it [00:10, 773.87it/s]
7381it [00:10, 773.82it/s]
7463it [00:10, 785.17it/s]
7548it [00:10, 800.20it/s]
7636it [00:10, 823.43it/s]
7719it [00:10, 758.16it/s]
7798it [00:10, 767.05it/s]
7876it [00:11, 740.62it/s]
7958it [00:11, 762.16it/s]
8039it [00:11, 769.52it/s]
8117it [00:11, 765.44it/s]
8194it [00:11, 731.50it/s]
8268it [00:11, 727.54it/s]
8342it [00:11, 622.82it/s]
8408it [00:11, 631.62it/s]
8491it [00:11, 685.05it/s]
8571it [00:12, 715.87it/s]
8647it [00:12, 725.66it/s]
8733it [00:12, 763.34it/s]
8816it [00:12, 780.78it/s]
8895it [00:12, 778.01it/s]
8980it [00:12, 797.35it/s]
9061it [00:12, 781.24it/s]
9140it [00:12, 734.27it/s]
9215it [00:12, 719.18it/s]
9292it [00:13, 732.47it/s]
9366it [00:13, 734.03it/s]
9440it [00:13, 694.21it/s]
9527it [00:13, 739.09it/s]
9611it [00:13, 765.69it/s]
9689it [00:13, 757.41it/s]
9766it [00:13, 735.24it/s]
9840it [00:13, 696.13it/s]
9911it [00:13, 696.29it/s]
9988it [00:14, 714.37it/s]
10000it [00:14, 713.05it/s]
Experiment stage: Done
Results saved to:  /home/dzh/project/vdtuner/vector-db-benchmark-master/results
>>> [Step 5] 收尾工作...
    监控日志已保存。
📊 测试结果摘要:
0.99884
706.3559343195191
0.006214691256172955
line1:  0.006214691256172955
line1:  706.3559343195191
line1:  0.99884
numeric_values:  [0.006214691256172955, 706.3559343195191, 0.99884]
[17] 1397 0.99884 0.006214691256172955 91
/bin/sh: 1: Syntax error: "(" unexpected
/data/dzh/venv/lib/python3.10/site-packages/botorch/acquisition/multi_objective/monte_carlo.py:110: NumericsWarning: qExpectedHypervolumeImprovement has known numerical issues that lead to suboptimal optimization performance. It is strongly recommended to simply replace

	 qExpectedHypervolumeImprovement 	 --> 	 qLogExpectedHypervolumeImprovement 

instead, which fixes the issues and has the same API. See https://arxiv.org/abs/2310.20708 for details.
  legacy_ei_numerics_warning(legacy_name=type(self).__name__)
--- DEBUG: Starting command:---
=======================================
🛠️  开始测试流程
Engine: milvus-p10 | Dataset: random-range-2048-angular-no-filters
=======================================
>>> [Step 1] 启动后台监控...
    监控进程 PID: 3808571
>>> [Step 2] 重置 Milvus...
 Container milvus-standalone  Stopping
 Container milvus-standalone  Stopped
 Container milvus-standalone  Removing
 Container milvus-standalone  Removed
 Container milvus-etcd  Stopping
 Container milvus-minio  Stopping
 Container milvus-etcd  Stopped
 Container milvus-etcd  Removing
 Container milvus-etcd  Removed
 Container milvus-minio  Stopped
 Container milvus-minio  Removing
 Container milvus-minio  Removed
 Network milvus  Removing
 Network milvus  Removed
    🧹 清理宿主机数据目录: /home/dzh/project/vdtuner/vector-db-benchmark-master/engine/servers/milvus-single-node/volumes
 Network milvus  Creating
 Network milvus  Created
 Container milvus-etcd  Creating
 Container milvus-minio  Creating
 Container milvus-etcd  Created
 Container milvus-minio  Created
 Container milvus-standalone  Creating
 Container milvus-standalone  Created
 Container milvus-minio  Starting
 Container milvus-etcd  Starting
 Container milvus-etcd  Started
 Container milvus-minio  Started
 Container milvus-standalone  Starting
 Container milvus-standalone  Started
>>> [Step 3] 等待服务启动 (90s)...
    等待中... (10s/120s)
    ✅ Milvus 服务已就绪
>>> [Step 4] 运行 Benchmark...
Running experiment: milvus-p10 - random-range-2048-angular-no-filters
established connection
/home/dzh/project/vdtuner/vector-db-benchmark-master/datasets/random-range-2048-angular/random_float_100k_no_filters already exists
Experiment stage: Configure
Experiment stage: Upload

0it [00:00, ?it/s]
1it [00:00,  1.90it/s]
64it [00:00, 81.14it/s]
503it [00:01, 744.49it/s]
896it [00:01, 1280.78it/s]
1154it [00:01, 1466.54it/s]
1408it [00:01, 1560.47it/s]
1728it [00:01, 1862.56it/s]
2112it [00:01, 2290.81it/s]
2688it [00:01, 3072.97it/s]
3044it [00:01, 3056.99it/s]
3584it [00:01, 3651.82it/s]
4288it [00:02, 4539.53it/s]
5184it [00:02, 5754.30it/s]
6131it [00:02, 6806.16it/s]
7103it [00:02, 7644.68it/s]
8064it [00:02, 8190.35it/s]
8979it [00:02, 8470.38it/s]
9984it [00:02, 8903.22it/s]
10930it [00:02, 9067.75it/s]
11859it [00:02, 9133.64it/s]
12778it [00:02, 9120.89it/s]
13694it [00:03, 9031.95it/s]
14600it [00:03, 9026.97it/s]
15552it [00:03, 9111.07it/s]
16465it [00:03, 6539.43it/s]
17385it [00:03, 7159.06it/s]
18366it [00:03, 7820.57it/s]
19328it [00:03, 8256.34it/s]
20352it [00:03, 8674.30it/s]
21312it [00:04, 8840.58it/s]
22270it [00:04, 9048.13it/s]
23232it [00:04, 9144.45it/s]
24192it [00:04, 9248.19it/s]
25198it [00:04, 9484.56it/s]
26176it [00:04, 9459.23it/s]
27136it [00:04, 9497.66it/s]
28160it [00:04, 9580.26it/s]
29122it [00:04, 9517.59it/s]
30144it [00:04, 9650.55it/s]
31111it [00:05, 7485.99it/s]
32064it [00:05, 7984.89it/s]
33024it [00:05, 8403.71it/s]
34013it [00:05, 8800.18it/s]
34933it [00:05, 8828.27it/s]
35844it [00:05, 8871.57it/s]
36800it [00:05, 9015.52it/s]
37760it [00:05, 9136.65it/s]
38684it [00:05, 8978.67it/s]
39616it [00:06, 8975.25it/s]
40544it [00:06, 9063.11it/s]
41472it [00:06, 8993.03it/s]
42452it [00:06, 9228.13it/s]
43392it [00:06, 9217.02it/s]
44352it [00:06, 9185.94it/s]
45312it [00:06, 9264.42it/s]
46240it [00:06, 5793.04it/s]
47104it [00:07, 6350.72it/s]
48047it [00:07, 7050.93it/s]
48960it [00:07, 7486.86it/s]
49799it [00:07, 7558.45it/s]
50679it [00:07, 7886.73it/s]
51584it [00:07, 8162.66it/s]
52480it [00:07, 8376.89it/s]
53440it [00:07, 8693.27it/s]
54330it [00:07, 8695.41it/s]
55296it [00:08, 8889.85it/s]
56225it [00:08, 8997.84it/s]
57133it [00:08, 8902.13it/s]
58048it [00:08, 8828.69it/s]
58958it [00:08, 8907.11it/s]
59904it [00:08, 9024.96it/s]
60833it [00:08, 9102.63it/s]
61745it [00:08, 7348.64it/s]
62592it [00:08, 7530.72it/s]
63386it [00:09, 7604.76it/s]
64221it [00:09, 7807.77it/s]
65095it [00:09, 8068.71it/s]
65920it [00:09, 7856.51it/s]
66719it [00:09, 7853.24it/s]
67584it [00:09, 8030.03it/s]
68480it [00:09, 8178.39it/s]
69376it [00:09, 8391.82it/s]
70272it [00:09, 8521.48it/s]
71232it [00:09, 8759.63it/s]
72192it [00:10, 8920.97it/s]
73088it [00:10, 8889.11it/s]
73984it [00:10, 8857.62it/s]
74871it [00:10, 8723.66it/s]
75745it [00:10, 8487.42it/s]
76596it [00:10, 5953.87it/s]
77440it [00:10, 6450.29it/s]
78336it [00:10, 7006.16it/s]
79294it [00:11, 7662.10it/s]
80165it [00:11, 7941.53it/s]
81061it [00:11, 8221.96it/s]
81920it [00:11, 8208.35it/s]
82880it [00:11, 8483.89it/s]
83776it [00:11, 8577.12it/s]
84736it [00:11, 8789.09it/s]
85632it [00:11, 8699.21it/s]
86528it [00:11, 8773.36it/s]
87411it [00:11, 8741.72it/s]
88289it [00:12, 8695.39it/s]
89161it [00:12, 8320.91it/s]
90112it [00:12, 8608.60it/s]
91008it [00:12, 8680.97it/s]
91937it [00:12, 8857.79it/s]
92826it [00:12, 7963.59it/s]
93718it [00:12, 8224.38it/s]
94592it [00:12, 8353.46it/s]
95552it [00:12, 8611.54it/s]
96508it [00:13, 8883.86it/s]
97404it [00:13, 8678.69it/s]
98304it [00:13, 8645.85it/s]
99173it [00:13, 8453.87it/s]
100000it [00:13, 7446.34it/s]
Upload time: 13.990257433149964
Total import time: 43.62235471792519
Experiment stage: Search

0it [00:00, ?it/s]
4it [00:00,  5.04it/s]
14it [00:00, 18.01it/s]
58it [00:01, 88.52it/s]
152it [00:01, 252.49it/s]
235it [00:01, 376.71it/s]
318it [00:01, 483.07it/s]
409it [00:01, 589.32it/s]
496it [00:01, 661.87it/s]
578it [00:01, 701.23it/s]
658it [00:01, 708.15it/s]
744it [00:01, 750.00it/s]
831it [00:01, 775.92it/s]
916it [00:02, 795.93it/s]
1008it [00:02, 831.82it/s]
1094it [00:02, 837.25it/s]
1180it [00:02, 835.26it/s]
1266it [00:02, 841.89it/s]
1356it [00:02, 857.42it/s]
1454it [00:02, 891.81it/s]
1544it [00:02, 889.85it/s]
1634it [00:02, 876.07it/s]
1722it [00:03, 837.91it/s]
1812it [00:03, 851.24it/s]
1898it [00:03, 848.77it/s]
1984it [00:03, 821.80it/s]
2067it [00:03, 805.30it/s]
2154it [00:03, 822.69it/s]
2239it [00:03, 829.87it/s]
2323it [00:03, 808.56it/s]
2412it [00:03, 831.76it/s]
2509it [00:03, 871.71it/s]
2601it [00:04, 883.39it/s]
2690it [00:04, 857.23it/s]
2777it [00:04, 818.38it/s]
2860it [00:04, 806.79it/s]
2942it [00:04, 800.13it/s]
3023it [00:04, 763.03it/s]
3106it [00:04, 780.68it/s]
3185it [00:04, 775.98it/s]
3269it [00:04, 792.23it/s]
3360it [00:05, 825.35it/s]
3444it [00:05, 823.53it/s]
3527it [00:05, 812.46it/s]
3609it [00:05, 717.15it/s]
3683it [00:05, 716.06it/s]
3757it [00:05, 714.30it/s]
3830it [00:05, 698.52it/s]
3903it [00:05, 706.53it/s]
3976it [00:05, 711.08it/s]
4057it [00:05, 735.89it/s]
4144it [00:06, 773.96it/s]
4234it [00:06, 810.63it/s]
4319it [00:06, 820.95it/s]
4402it [00:06, 806.30it/s]
4483it [00:06, 802.94it/s]
4564it [00:06, 799.75it/s]
4648it [00:06, 810.89it/s]
4734it [00:06, 824.36it/s]
4817it [00:06, 821.40it/s]
4900it [00:06, 813.92it/s]
4982it [00:07, 801.99it/s]
5063it [00:07, 779.28it/s]
5142it [00:07, 781.80it/s]
5230it [00:07, 809.22it/s]
5312it [00:07, 790.82it/s]
5392it [00:07, 792.46it/s]
5472it [00:07, 793.01it/s]
5554it [00:07, 800.26it/s]
5635it [00:07, 773.11it/s]
5715it [00:08, 777.69it/s]
5813it [00:08, 833.83it/s]
5908it [00:08, 866.25it/s]
5997it [00:08, 872.69it/s]
6085it [00:08, 869.82it/s]
6173it [00:08, 854.62it/s]
6259it [00:08, 844.58it/s]
6347it [00:08, 854.71it/s]
6433it [00:08, 827.98it/s]
6518it [00:08, 832.76it/s]
6615it [00:09, 871.89it/s]
6709it [00:09, 891.28it/s]
6799it [00:09, 875.08it/s]
6887it [00:09, 861.82it/s]
6977it [00:09, 872.74it/s]
7065it [00:09, 839.24it/s]
7150it [00:09, 802.17it/s]
7231it [00:09, 776.36it/s]
7310it [00:09, 758.34it/s]
7387it [00:10, 736.77it/s]
7471it [00:10, 760.09it/s]
7548it [00:10, 737.48it/s]
7640it [00:10, 788.36it/s]
7733it [00:10, 828.60it/s]
7817it [00:10, 814.83it/s]
7908it [00:10, 841.62it/s]
7998it [00:10, 856.87it/s]
8084it [00:10, 848.96it/s]
8170it [00:10, 818.19it/s]
8263it [00:11, 849.01it/s]
8349it [00:11, 813.23it/s]
8431it [00:11, 766.18it/s]
8516it [00:11, 785.81it/s]
8614it [00:11, 840.37it/s]
8700it [00:11, 845.73it/s]
8786it [00:11, 842.71it/s]
8871it [00:11, 812.04it/s]
8953it [00:11, 774.83it/s]
9032it [00:12, 749.73it/s]
9111it [00:12, 759.18it/s]
9199it [00:12, 792.19it/s]
9279it [00:12, 749.69it/s]
9358it [00:12, 760.11it/s]
9446it [00:12, 791.73it/s]
9526it [00:12, 793.30it/s]
9616it [00:12, 822.46it/s]
9699it [00:12, 813.36it/s]
9783it [00:13, 804.04it/s]
9881it [00:13, 853.45it/s]
9974it [00:13, 874.22it/s]
10000it [00:13, 754.82it/s]
Experiment stage: Done
Results saved to:  /home/dzh/project/vdtuner/vector-db-benchmark-master/results
>>> [Step 5] 收尾工作...
    监控日志已保存。
📊 测试结果摘要:
0.99974
748.8924760440914
0.005959100904874503
line1:  0.005959100904874503
line1:  748.8924760440914
line1:  0.99974
numeric_values:  [0.005959100904874503, 748.8924760440914, 0.99974]
[18] 1487 0.99974 0.005959100904874503 90
/bin/sh: 1: Syntax error: "(" unexpected
/data/dzh/venv/lib/python3.10/site-packages/botorch/acquisition/multi_objective/monte_carlo.py:110: NumericsWarning: qExpectedHypervolumeImprovement has known numerical issues that lead to suboptimal optimization performance. It is strongly recommended to simply replace

	 qExpectedHypervolumeImprovement 	 --> 	 qLogExpectedHypervolumeImprovement 

instead, which fixes the issues and has the same API. See https://arxiv.org/abs/2310.20708 for details.
  legacy_ei_numerics_warning(legacy_name=type(self).__name__)
--- DEBUG: Starting command:---
=======================================
🛠️  开始测试流程
Engine: milvus-p10 | Dataset: random-range-2048-angular-no-filters
=======================================
>>> [Step 1] 启动后台监控...
    监控进程 PID: 3819888
>>> [Step 2] 重置 Milvus...
 Container milvus-standalone  Stopping
 Container milvus-standalone  Stopped
 Container milvus-standalone  Removing
 Container milvus-standalone  Removed
 Container milvus-minio  Stopping
 Container milvus-etcd  Stopping
 Container milvus-etcd  Stopped
 Container milvus-etcd  Removing
 Container milvus-etcd  Removed
 Container milvus-minio  Stopped
 Container milvus-minio  Removing
 Container milvus-minio  Removed
 Network milvus  Removing
 Network milvus  Removed
    🧹 清理宿主机数据目录: /home/dzh/project/vdtuner/vector-db-benchmark-master/engine/servers/milvus-single-node/volumes
 Network milvus  Creating
 Network milvus  Created
 Container milvus-minio  Creating
 Container milvus-etcd  Creating
 Container milvus-minio  Created
 Container milvus-etcd  Created
 Container milvus-standalone  Creating
 Container milvus-standalone  Created
 Container milvus-minio  Starting
 Container milvus-etcd  Starting
 Container milvus-etcd  Started
 Container milvus-minio  Started
 Container milvus-standalone  Starting
 Container milvus-standalone  Started
>>> [Step 3] 等待服务启动 (90s)...
    等待中... (10s/120s)
    ✅ Milvus 服务已就绪
>>> [Step 4] 运行 Benchmark...
Running experiment: milvus-p10 - random-range-2048-angular-no-filters
established connection
/home/dzh/project/vdtuner/vector-db-benchmark-master/datasets/random-range-2048-angular/random_float_100k_no_filters already exists
Experiment stage: Configure
Experiment stage: Upload

0it [00:00, ?it/s]
1it [00:01,  1.33s/it]
768it [00:01, 736.59it/s]
1174it [00:01, 1030.23it/s]
1495it [00:01, 1305.04it/s]
1803it [00:01, 1392.45it/s]
2059it [00:02, 1499.30it/s]
2496it [00:02, 2010.63it/s]
2791it [00:02, 2148.92it/s]
3584it [00:02, 3401.19it/s]
4352it [00:02, 4373.36it/s]
5440it [00:02, 5955.04it/s]
6464it [00:02, 6963.97it/s]
7488it [00:02, 7797.76it/s]
8576it [00:02, 8574.44it/s]
9600it [00:03, 9042.88it/s]
10624it [00:03, 9377.77it/s]
11588it [00:03, 9018.60it/s]
12544it [00:03, 9166.67it/s]
13568it [00:03, 9417.72it/s]
14552it [00:03, 9538.63it/s]
15552it [00:03, 9547.35it/s]
16513it [00:03, 5820.73it/s]
17536it [00:04, 6661.49it/s]
18552it [00:04, 7441.90it/s]
19520it [00:04, 7928.28it/s]
20544it [00:04, 8426.63it/s]
21504it [00:04, 8697.77it/s]
22464it [00:04, 8915.28it/s]
23424it [00:04, 9107.09it/s]
24448it [00:04, 9316.73it/s]
25408it [00:04, 9393.03it/s]
26368it [00:04, 9416.97it/s]
27392it [00:05, 9531.17it/s]
28416it [00:05, 9635.52it/s]
29440it [00:05, 9675.05it/s]
30412it [00:05, 9544.09it/s]
31393it [00:05, 9620.92it/s]
32358it [00:05, 8411.48it/s]
33280it [00:05, 8543.32it/s]
34240it [00:05, 8690.07it/s]
35166it [00:05, 8848.39it/s]
36160it [00:06, 9072.02it/s]
37120it [00:06, 9139.95it/s]
38080it [00:06, 9144.74it/s]
38999it [00:06, 9095.52it/s]
39912it [00:06, 9032.56it/s]
40832it [00:06, 9047.27it/s]
41792it [00:06, 9150.00it/s]
42709it [00:06, 9113.47it/s]
43648it [00:06, 9145.76it/s]
44564it [00:06, 9082.34it/s]
45504it [00:07, 9161.15it/s]
46421it [00:07, 7760.96it/s]
47234it [00:07, 7791.19it/s]
48039it [00:07, 7077.32it/s]
48909it [00:07, 7497.81it/s]
49746it [00:07, 7732.56it/s]
50688it [00:07, 8069.78it/s]
51520it [00:07, 8119.40it/s]
52416it [00:07, 8283.83it/s]
53312it [00:08, 8431.90it/s]
54162it [00:08, 8180.93it/s]
54986it [00:08, 8105.69it/s]
55872it [00:08, 8218.31it/s]
56799it [00:08, 8521.78it/s]
57664it [00:08, 8426.80it/s]
58509it [00:08, 8418.91it/s]
59392it [00:08, 8504.11it/s]
60244it [00:08, 8008.12it/s]
61056it [00:09, 7959.03it/s]
61952it [00:09, 8160.90it/s]
62848it [00:09, 8314.60it/s]
63712it [00:09, 8408.60it/s]
64578it [00:09, 8481.65it/s]
65536it [00:09, 8707.26it/s]
66432it [00:09, 8664.15it/s]
67300it [00:09, 8543.88it/s]
68156it [00:09, 8531.70it/s]
69010it [00:09, 8530.19it/s]
69904it [00:10, 8650.66it/s]
70770it [00:10, 8467.05it/s]
71618it [00:10, 8459.68it/s]
72512it [00:10, 8534.95it/s]
73366it [00:10, 8393.28it/s]
74304it [00:10, 8593.37it/s]
75164it [00:10, 5371.71it/s]
75968it [00:10, 5848.64it/s]
76886it [00:11, 6602.00it/s]
77760it [00:11, 7089.78it/s]
78656it [00:11, 7518.53it/s]
79552it [00:11, 7845.70it/s]
80512it [00:11, 8240.90it/s]
81408it [00:11, 8342.53it/s]
82304it [00:11, 8444.08it/s]
83168it [00:11, 8419.30it/s]
84024it [00:11, 8445.56it/s]
84878it [00:12, 8402.79it/s]
85725it [00:12, 8376.56it/s]
86568it [00:12, 8357.91it/s]
87424it [00:12, 8360.24it/s]
88263it [00:12, 8245.54it/s]
89152it [00:12, 8411.36it/s]
89995it [00:12, 8075.06it/s]
90880it [00:12, 8209.68it/s]
91776it [00:12, 8265.00it/s]
92672it [00:12, 8453.40it/s]
93568it [00:13, 8497.54it/s]
94464it [00:13, 8568.96it/s]
95322it [00:13, 8505.19it/s]
96192it [00:13, 8464.27it/s]
97152it [00:13, 8706.40it/s]
98048it [00:13, 8684.40it/s]
98944it [00:13, 8651.48it/s]
99840it [00:13, 8674.10it/s]
100000it [00:13, 7245.53it/s]
Upload time: 14.194597193039954
Total import time: 34.06224682601169
Experiment stage: Search

0it [00:00, ?it/s]
4it [00:00,  5.19it/s]
14it [00:00, 17.18it/s]
85it [00:01, 128.47it/s]
174it [00:01, 270.60it/s]
264it [00:01, 402.48it/s]
355it [00:01, 519.57it/s]
439it [00:01, 598.77it/s]
527it [00:01, 670.86it/s]
619it [00:01, 737.55it/s]
707it [00:01, 776.24it/s]
799it [00:01, 814.60it/s]
889it [00:01, 835.67it/s]
984it [00:02, 867.30it/s]
1082it [00:02, 899.07it/s]
1177it [00:02, 913.59it/s]
1270it [00:02, 913.97it/s]
1365it [00:02, 923.55it/s]
1459it [00:02, 918.14it/s]
1555it [00:02, 927.85it/s]
1652it [00:02, 938.18it/s]
1747it [00:02, 922.16it/s]
1840it [00:03, 901.45it/s]
1931it [00:03, 895.70it/s]
2028it [00:03, 917.29it/s]
2128it [00:03, 941.47it/s]
2223it [00:03, 926.14it/s]
2316it [00:03, 903.34it/s]
2413it [00:03, 921.98it/s]
2506it [00:03, 917.90it/s]
2598it [00:03, 896.39it/s]
2690it [00:03, 901.56it/s]
2781it [00:04, 888.47it/s]
2875it [00:04, 900.36it/s]
2969it [00:04, 910.38it/s]
3061it [00:04, 905.11it/s]
3159it [00:04, 923.47it/s]
3252it [00:04, 920.44it/s]
3346it [00:04, 922.99it/s]
3439it [00:04, 907.85it/s]
3530it [00:04, 905.28it/s]
3628it [00:04, 925.32it/s]
3723it [00:05, 928.40it/s]
3816it [00:05, 916.67it/s]
3911it [00:05, 925.00it/s]
4007it [00:05, 935.19it/s]
4108it [00:05, 955.51it/s]
4204it [00:05, 943.11it/s]
4299it [00:05, 937.85it/s]
4393it [00:05, 924.22it/s]
4486it [00:05, 923.70it/s]
4579it [00:05, 918.58it/s]
4671it [00:06, 912.63it/s]
4766it [00:06, 923.14it/s]
4859it [00:06, 914.72it/s]
4955it [00:06, 925.96it/s]
5048it [00:06, 905.33it/s]
5139it [00:06, 870.05it/s]
5227it [00:06, 865.53it/s]
5328it [00:06, 905.09it/s]
5425it [00:06, 922.16it/s]
5518it [00:07, 918.31it/s]
5616it [00:07, 934.05it/s]
5712it [00:07, 941.10it/s]
5807it [00:07, 931.79it/s]
5901it [00:07, 928.34it/s]
5997it [00:07, 937.05it/s]
6094it [00:07, 944.55it/s]
6189it [00:07, 936.87it/s]
6283it [00:07, 927.80it/s]
6376it [00:07, 919.59it/s]
6473it [00:08, 932.34it/s]
6568it [00:08, 937.40it/s]
6662it [00:08, 932.48it/s]
6756it [00:08, 908.46it/s]
6851it [00:08, 918.60it/s]
6943it [00:08, 887.12it/s]
7034it [00:08, 892.83it/s]
7125it [00:08, 892.82it/s]
7215it [00:08, 887.99it/s]
7305it [00:08, 891.13it/s]
7395it [00:09, 865.44it/s]
7491it [00:09, 891.09it/s]
7594it [00:09, 931.13it/s]
7695it [00:09, 951.99it/s]
7793it [00:09, 957.66it/s]
7889it [00:09, 948.33it/s]
7986it [00:09, 952.95it/s]
8082it [00:09, 935.67it/s]
8181it [00:09, 949.76it/s]
8277it [00:09, 952.44it/s]
8373it [00:10, 826.52it/s]
8469it [00:10, 858.32it/s]
8558it [00:10, 865.43it/s]
8653it [00:10, 887.27it/s]
8752it [00:10, 916.41it/s]
8845it [00:10, 881.64it/s]
8938it [00:10, 893.47it/s]
9029it [00:10, 897.98it/s]
9127it [00:10, 921.83it/s]
9220it [00:11, 898.47it/s]
9311it [00:11, 900.10it/s]
9403it [00:11, 903.84it/s]
9494it [00:11, 902.23it/s]
9585it [00:11, 902.46it/s]
9676it [00:11, 901.47it/s]
9767it [00:11, 890.16it/s]
9857it [00:11, 869.51it/s]
9945it [00:11, 844.40it/s]
10000it [00:11, 835.43it/s]
Experiment stage: Done
Results saved to:  /home/dzh/project/vdtuner/vector-db-benchmark-master/results
>>> [Step 5] 收尾工作...
    监控日志已保存。
📊 测试结果摘要:
0.40028
828.4142068100728
0.0034699586918577547
line1:  0.0034699586918577547
line1:  828.4142068100728
line1:  0.40028
numeric_values:  [0.0034699586918577547, 828.4142068100728, 0.40028]
[19] 1566 0.40028 0.0034699586918577547 78
/bin/sh: 1: Syntax error: "(" unexpected
/data/dzh/venv/lib/python3.10/site-packages/botorch/acquisition/multi_objective/monte_carlo.py:110: NumericsWarning: qExpectedHypervolumeImprovement has known numerical issues that lead to suboptimal optimization performance. It is strongly recommended to simply replace

	 qExpectedHypervolumeImprovement 	 --> 	 qLogExpectedHypervolumeImprovement 

instead, which fixes the issues and has the same API. See https://arxiv.org/abs/2310.20708 for details.
  legacy_ei_numerics_warning(legacy_name=type(self).__name__)
--- DEBUG: Starting command:---
=======================================
🛠️  开始测试流程
Engine: milvus-p10 | Dataset: random-range-2048-angular-no-filters
=======================================
>>> [Step 1] 启动后台监控...
    监控进程 PID: 3831432
>>> [Step 2] 重置 Milvus...
 Container milvus-standalone  Stopping
 Container milvus-standalone  Stopped
 Container milvus-standalone  Removing
 Container milvus-standalone  Removed
 Container milvus-etcd  Stopping
 Container milvus-minio  Stopping
 Container milvus-etcd  Stopped
 Container milvus-etcd  Removing
 Container milvus-etcd  Removed
 Container milvus-minio  Stopped
 Container milvus-minio  Removing
 Container milvus-minio  Removed
 Network milvus  Removing
 Network milvus  Removed
    🧹 清理宿主机数据目录: /home/dzh/project/vdtuner/vector-db-benchmark-master/engine/servers/milvus-single-node/volumes
 Network milvus  Creating
 Network milvus  Created
 Container milvus-etcd  Creating
 Container milvus-minio  Creating
 Container milvus-etcd  Created
 Container milvus-minio  Created
 Container milvus-standalone  Creating
 Container milvus-standalone  Created
 Container milvus-minio  Starting
 Container milvus-etcd  Starting
 Container milvus-minio  Started
 Container milvus-etcd  Started
 Container milvus-standalone  Starting
 Container milvus-standalone  Started
>>> [Step 3] 等待服务启动 (90s)...
    等待中... (10s/120s)
    ✅ Milvus 服务已就绪
>>> [Step 4] 运行 Benchmark...
Running experiment: milvus-p10 - random-range-2048-angular-no-filters
established connection
/home/dzh/project/vdtuner/vector-db-benchmark-master/datasets/random-range-2048-angular/random_float_100k_no_filters already exists
Experiment stage: Configure
Experiment stage: Upload

0it [00:00, ?it/s]
1it [00:00,  1.70it/s]
64it [00:00, 82.49it/s]
576it [00:01, 861.13it/s]
803it [00:01, 1100.65it/s]
1088it [00:01, 1389.56it/s]
1408it [00:01, 1754.74it/s]
1792it [00:01, 2045.80it/s]
2049it [00:01, 2080.59it/s]
2432it [00:01, 2487.15it/s]
2944it [00:01, 3149.70it/s]
3297it [00:01, 3120.53it/s]
4160it [00:02, 4556.01it/s]
5055it [00:02, 5764.23it/s]
6016it [00:02, 6786.02it/s]
7037it [00:02, 7762.27it/s]
7983it [00:02, 8253.42it/s]
8896it [00:02, 8504.87it/s]
9857it [00:02, 8829.65it/s]
10829it [00:02, 9092.89it/s]
11747it [00:02, 9047.09it/s]
12672it [00:02, 9078.85it/s]
13640it [00:03, 9256.89it/s]
14656it [00:03, 9423.04it/s]
15601it [00:03, 9426.89it/s]
16545it [00:03, 9381.93it/s]
17485it [00:03, 6821.71it/s]
18368it [00:03, 7247.84it/s]
19328it [00:03, 7807.82it/s]
20288it [00:03, 8253.02it/s]
21248it [00:04, 8522.32it/s]
22139it [00:04, 8620.34it/s]
23029it [00:04, 8696.93it/s]
23936it [00:04, 8750.62it/s]
24896it [00:04, 8866.45it/s]
25858it [00:04, 9084.40it/s]
26816it [00:04, 9171.44it/s]
27745it [00:04, 9206.13it/s]
28672it [00:04, 9189.42it/s]
29594it [00:04, 9064.95it/s]
30523it [00:05, 9130.69it/s]
31438it [00:05, 9094.97it/s]
32384it [00:05, 9175.95it/s]
33303it [00:05, 7325.40it/s]
34240it [00:05, 7825.10it/s]
35136it [00:05, 8118.04it/s]
36096it [00:05, 8446.00it/s]
37056it [00:05, 8752.65it/s]
37955it [00:05, 8522.50it/s]
38912it [00:06, 8793.05it/s]
39808it [00:06, 8765.05it/s]
40743it [00:06, 8933.28it/s]
41664it [00:06, 8920.67it/s]
42561it [00:06, 8722.48it/s]
43456it [00:06, 8680.09it/s]
44327it [00:06, 8658.89it/s]
45195it [00:06, 8577.10it/s]
46070it [00:06, 8626.87it/s]
46976it [00:06, 8692.67it/s]
47847it [00:07, 5672.83it/s]
48640it [00:07, 6121.08it/s]
49536it [00:07, 6733.41it/s]
50496it [00:07, 7355.80it/s]
51456it [00:07, 7917.36it/s]
52352it [00:07, 8104.04it/s]
53248it [00:07, 8320.19it/s]
54113it [00:07, 8409.85it/s]
54978it [00:08, 8475.17it/s]
55872it [00:08, 8596.77it/s]
56768it [00:08, 8635.06it/s]
57690it [00:08, 8806.65it/s]
58577it [00:08, 8790.51it/s]
59461it [00:08, 8752.54it/s]
60352it [00:08, 8784.23it/s]
61306it [00:08, 9008.14it/s]
62209it [00:09, 5893.39it/s]
63040it [00:09, 6373.83it/s]
63914it [00:09, 6931.56it/s]
64768it [00:09, 7316.37it/s]
65574it [00:09, 7375.57it/s]
66432it [00:09, 7622.41it/s]
67328it [00:09, 7878.13it/s]
68144it [00:09, 7785.42it/s]
68943it [00:09, 7523.19it/s]
69760it [00:10, 7611.54it/s]
70532it [00:10, 7377.60it/s]
71360it [00:10, 7629.00it/s]
72247it [00:10, 7983.11it/s]
73053it [00:10, 7784.22it/s]
73984it [00:10, 8177.85it/s]
74816it [00:10, 8185.15it/s]
75776it [00:10, 8577.86it/s]
76736it [00:10, 8839.37it/s]
77623it [00:10, 8158.17it/s]
78528it [00:11, 8330.30it/s]
79424it [00:11, 8474.90it/s]
80384it [00:11, 8736.60it/s]
81285it [00:11, 8814.98it/s]
82221it [00:11, 8973.83it/s]
83136it [00:11, 8926.18it/s]
84032it [00:11, 8919.72it/s]
84992it [00:11, 9050.90it/s]
85899it [00:11, 8968.83it/s]
86797it [00:11, 8950.13it/s]
87693it [00:12, 8900.57it/s]
88595it [00:12, 8935.67it/s]
89489it [00:12, 8825.99it/s]
90373it [00:12, 8758.29it/s]
91264it [00:12, 8607.31it/s]
92160it [00:12, 8595.04it/s]
93110it [00:12, 8856.01it/s]
93997it [00:12, 7936.72it/s]
94809it [00:12, 7955.84it/s]
95696it [00:13, 8211.56it/s]
96583it [00:13, 8399.24it/s]
97472it [00:13, 8528.42it/s]
98368it [00:13, 8654.09it/s]
99239it [00:13, 8570.69it/s]
100000it [00:13, 7375.43it/s]
Upload time: 14.109524103347212
Total import time: 43.93625686597079
Experiment stage: Search

0it [00:00, ?it/s]
4it [00:00,  5.26it/s]
14it [00:00, 19.42it/s]
31it [00:00, 46.14it/s]
87it [00:01, 149.34it/s]
142it [00:01, 238.27it/s]
215it [00:01, 356.20it/s]
291it [00:01, 458.47it/s]
368it [00:01, 539.96it/s]
437it [00:01, 579.57it/s]
504it [00:01, 604.20it/s]
586it [00:01, 665.99it/s]
660it [00:01, 682.82it/s]
739it [00:02, 713.27it/s]
813it [00:02, 705.65it/s]
886it [00:02, 692.69it/s]
962it [00:02, 711.66it/s]
1039it [00:02, 727.24it/s]
1113it [00:02, 725.27it/s]
1196it [00:02, 754.68it/s]
1284it [00:02, 788.44it/s]
1364it [00:02, 761.43it/s]
1441it [00:02, 749.47it/s]
1517it [00:03, 739.33it/s]
1602it [00:03, 770.05it/s]
1686it [00:03, 788.88it/s]
1771it [00:03, 800.44it/s]
1852it [00:03, 764.54it/s]
1932it [00:03, 773.93it/s]
2010it [00:03, 772.39it/s]
2088it [00:03, 753.75it/s]
2164it [00:03, 739.52it/s]
2240it [00:03, 743.97it/s]
2330it [00:04, 789.06it/s]
2410it [00:04, 777.00it/s]
2489it [00:04, 779.04it/s]
2582it [00:04, 823.28it/s]
2665it [00:04, 805.38it/s]
2746it [00:04, 687.21it/s]
2818it [00:04, 630.39it/s]
2902it [00:04, 683.36it/s]
2985it [00:05, 721.18it/s]
3074it [00:05, 764.11it/s]
3166it [00:05, 806.08it/s]
3249it [00:05, 785.07it/s]
3342it [00:05, 823.42it/s]
3428it [00:05, 831.46it/s]
3520it [00:05, 855.29it/s]
3607it [00:05, 856.35it/s]
3694it [00:05, 851.22it/s]
3780it [00:05, 840.76it/s]
3865it [00:06, 822.24it/s]
3949it [00:06, 821.34it/s]
4044it [00:06, 858.07it/s]
4131it [00:06, 861.49it/s]
4224it [00:06, 880.04it/s]
4313it [00:06, 862.82it/s]
4400it [00:06, 857.41it/s]
4486it [00:06, 849.97it/s]
4578it [00:06, 870.44it/s]
4666it [00:06, 833.21it/s]
4750it [00:07, 809.27it/s]
4838it [00:07, 825.39it/s]
4921it [00:07, 809.39it/s]
5010it [00:07, 827.20it/s]
5093it [00:07, 821.49it/s]
5177it [00:07, 825.81it/s]
5260it [00:07, 815.35it/s]
5344it [00:07, 821.41it/s]
5432it [00:07, 836.77it/s]
5516it [00:08, 832.36it/s]
5608it [00:08, 854.60it/s]
5694it [00:08, 840.32it/s]
5784it [00:08, 855.88it/s]
5871it [00:08, 859.81it/s]
5966it [00:08, 886.10it/s]
6055it [00:08, 829.82it/s]
6160it [00:08, 889.71it/s]
6250it [00:08, 874.14it/s]
6338it [00:08, 846.04it/s]
6443it [00:09, 901.83it/s]
6539it [00:09, 917.41it/s]
6632it [00:09, 910.61it/s]
6724it [00:09, 877.28it/s]
6813it [00:09, 860.02it/s]
6910it [00:09, 890.17it/s]
7001it [00:09, 892.43it/s]
7091it [00:09, 892.71it/s]
7184it [00:09, 902.57it/s]
7275it [00:09, 899.69it/s]
7366it [00:10, 867.48it/s]
7454it [00:10, 835.03it/s]
7538it [00:10, 806.95it/s]
7620it [00:10, 779.72it/s]
7710it [00:10, 812.58it/s]
7792it [00:10, 814.58it/s]
7878it [00:10, 825.39it/s]
7969it [00:10, 849.31it/s]
8058it [00:10, 857.93it/s]
8150it [00:11, 872.69it/s]
8238it [00:11, 854.72it/s]
8324it [00:11, 807.74it/s]
8406it [00:11, 712.45it/s]
8508it [00:11, 791.73it/s]
8611it [00:11, 854.19it/s]
8701it [00:11, 866.78it/s]
8790it [00:11, 866.74it/s]
8878it [00:11, 823.35it/s]
8962it [00:12, 772.59it/s]
9041it [00:12, 759.74it/s]
9128it [00:12, 789.13it/s]
9208it [00:12, 745.94it/s]
9288it [00:12, 757.56it/s]
9371it [00:12, 777.40it/s]
9452it [00:12, 785.95it/s]
9532it [00:12, 762.65it/s]
9622it [00:12, 801.47it/s]
9705it [00:13, 808.60it/s]
9796it [00:13, 837.47it/s]
9882it [00:13, 842.29it/s]
9968it [00:13, 846.28it/s]
10000it [00:13, 747.94it/s]
Experiment stage: Done
Results saved to:  /home/dzh/project/vdtuner/vector-db-benchmark-master/results
>>> [Step 5] 收尾工作...
    监控日志已保存。
📊 测试结果摘要:
0.9997300000000001
742.8630422204902
0.00600974098779261
line1:  0.00600974098779261
line1:  742.8630422204902
line1:  0.9997300000000001
numeric_values:  [0.00600974098779261, 742.8630422204902, 0.9997300000000001]
[20] 1656 0.9997300000000001 0.00600974098779261 89
/bin/sh: 1: Syntax error: "(" unexpected
/data/dzh/venv/lib/python3.10/site-packages/botorch/acquisition/multi_objective/monte_carlo.py:110: NumericsWarning: qExpectedHypervolumeImprovement has known numerical issues that lead to suboptimal optimization performance. It is strongly recommended to simply replace

	 qExpectedHypervolumeImprovement 	 --> 	 qLogExpectedHypervolumeImprovement 

instead, which fixes the issues and has the same API. See https://arxiv.org/abs/2310.20708 for details.
  legacy_ei_numerics_warning(legacy_name=type(self).__name__)
--- DEBUG: Starting command:---
=======================================
🛠️  开始测试流程
Engine: milvus-p10 | Dataset: random-range-2048-angular-no-filters
=======================================
>>> [Step 1] 启动后台监控...
    监控进程 PID: 3842819
>>> [Step 2] 重置 Milvus...
 Container milvus-standalone  Stopping
 Container milvus-standalone  Stopped
 Container milvus-standalone  Removing
 Container milvus-standalone  Removed
 Container milvus-etcd  Stopping
 Container milvus-minio  Stopping
 Container milvus-etcd  Stopped
 Container milvus-etcd  Removing
 Container milvus-etcd  Removed
 Container milvus-minio  Stopped
 Container milvus-minio  Removing
 Container milvus-minio  Removed
 Network milvus  Removing
 Network milvus  Removed
    🧹 清理宿主机数据目录: /home/dzh/project/vdtuner/vector-db-benchmark-master/engine/servers/milvus-single-node/volumes
 Network milvus  Creating
 Network milvus  Created
 Container milvus-minio  Creating
 Container milvus-etcd  Creating
 Container milvus-etcd  Created
 Container milvus-minio  Created
 Container milvus-standalone  Creating
 Container milvus-standalone  Created
 Container milvus-minio  Starting
 Container milvus-etcd  Starting
 Container milvus-etcd  Started
 Container milvus-minio  Started
 Container milvus-standalone  Starting
 Container milvus-standalone  Started
>>> [Step 3] 等待服务启动 (90s)...
    等待中... (10s/120s)
    ✅ Milvus 服务已就绪
>>> [Step 4] 运行 Benchmark...
Running experiment: milvus-p10 - random-range-2048-angular-no-filters
established connection
/home/dzh/project/vdtuner/vector-db-benchmark-master/datasets/random-range-2048-angular/random_float_100k_no_filters already exists
Experiment stage: Configure
Experiment stage: Upload

0it [00:00, ?it/s]
1it [00:01,  1.27s/it]
768it [00:01, 770.67it/s]
1190it [00:01, 1097.08it/s]
1528it [00:01, 1410.04it/s]
1861it [00:01, 1689.09it/s]
2179it [00:01, 1684.84it/s]
2721it [00:02, 2381.30it/s]
3200it [00:02, 2876.67it/s]
3968it [00:02, 3954.53it/s]
4992it [00:02, 5500.29it/s]
6016it [00:02, 6713.36it/s]
7079it [00:02, 7772.13it/s]
7938it [00:02, 7682.15it/s]
9012it [00:02, 8527.44it/s]
9984it [00:02, 8803.23it/s]
10944it [00:02, 8986.20it/s]
11892it [00:03, 9128.54it/s]
12864it [00:03, 9248.60it/s]
13802it [00:03, 8955.39it/s]
14709it [00:03, 8393.33it/s]
15562it [00:03, 8400.80it/s]
16576it [00:03, 8873.57it/s]
17473it [00:03, 7785.93it/s]
18432it [00:03, 8194.90it/s]
19276it [00:03, 8051.09it/s]
20224it [00:04, 8418.40it/s]
21248it [00:04, 8894.03it/s]
22208it [00:04, 8977.44it/s]
23196it [00:04, 9236.20it/s]
24128it [00:04, 9185.92it/s]
25088it [00:04, 9293.75it/s]
26059it [00:04, 9415.63it/s]
27057it [00:04, 9581.95it/s]
28018it [00:04, 9529.11it/s]
28973it [00:05, 9497.60it/s]
29924it [00:05, 9351.93it/s]
30873it [00:05, 9392.09it/s]
31814it [00:05, 8022.63it/s]
32768it [00:05, 8419.10it/s]
33728it [00:05, 8724.74it/s]
34688it [00:05, 8936.09it/s]
35657it [00:05, 9151.19it/s]
36608it [00:05, 9156.30it/s]
37545it [00:05, 9218.28it/s]
38474it [00:06, 9233.85it/s]
39424it [00:06, 9309.16it/s]
40359it [00:06, 9301.87it/s]
41292it [00:06, 9237.83it/s]
42218it [00:06, 9102.81it/s]
43190it [00:06, 9284.08it/s]
44120it [00:06, 8924.20it/s]
45017it [00:06, 8827.49it/s]
45952it [00:06, 8890.70it/s]
46848it [00:07, 6259.93it/s]
47616it [00:07, 6567.67it/s]
48472it [00:07, 7052.41it/s]
49344it [00:07, 7438.99it/s]
50240it [00:07, 7841.75it/s]
51147it [00:07, 8181.22it/s]
52032it [00:07, 8308.93it/s]
52928it [00:07, 8408.63it/s]
53824it [00:07, 8515.53it/s]
54688it [00:08, 8522.77it/s]
55549it [00:08, 8459.87it/s]
56401it [00:08, 8336.95it/s]
57239it [00:08, 7960.12it/s]
58041it [00:08, 7679.41it/s]
58880it [00:08, 7809.88it/s]
59666it [00:08, 7735.32it/s]
60443it [00:08, 7407.48it/s]
61188it [00:08, 7280.68it/s]
61919it [00:09, 5551.29it/s]
62784it [00:09, 6212.74it/s]
63744it [00:09, 6977.20it/s]
64640it [00:09, 7481.02it/s]
65536it [00:09, 7818.63it/s]
66432it [00:09, 8104.38it/s]
67328it [00:09, 8276.77it/s]
68175it [00:09, 8244.20it/s]
69033it [00:09, 8340.74it/s]
69888it [00:10, 8347.20it/s]
70730it [00:10, 8228.35it/s]
71558it [00:10, 8195.76it/s]
72448it [00:10, 8269.27it/s]
73280it [00:10, 8197.28it/s]
74157it [00:10, 8363.14it/s]
74995it [00:10, 8366.99it/s]
75862it [00:10, 8456.46it/s]
76709it [00:11, 5680.72it/s]
77504it [00:11, 6178.84it/s]
78400it [00:11, 6809.27it/s]
79346it [00:11, 7483.65it/s]
80192it [00:11, 7715.29it/s]
81088it [00:11, 8042.21it/s]
81933it [00:11, 8114.60it/s]
82816it [00:11, 8263.34it/s]
83663it [00:11, 8196.12it/s]
84497it [00:11, 8220.40it/s]
85336it [00:12, 8269.53it/s]
86208it [00:12, 8278.44it/s]
87041it [00:12, 8207.66it/s]
87932it [00:12, 8412.61it/s]
88777it [00:12, 8287.66it/s]
89609it [00:12, 8254.49it/s]
90496it [00:12, 8321.64it/s]
91330it [00:12, 7107.04it/s]
92096it [00:12, 7221.09it/s]
92928it [00:13, 7496.79it/s]
93760it [00:13, 7630.39it/s]
94656it [00:13, 7946.44it/s]
95488it [00:13, 7974.11it/s]
96384it [00:13, 8125.05it/s]
97216it [00:13, 8096.45it/s]
98112it [00:13, 8302.57it/s]
98946it [00:13, 7950.55it/s]
99755it [00:13, 7989.80it/s]
100000it [00:13, 7183.27it/s]
Upload time: 14.492313877213746
Total import time: 35.15626096399501
Experiment stage: Search

0it [00:00, ?it/s]
4it [00:00,  5.04it/s]
14it [00:00, 18.90it/s]
44it [00:01, 67.80it/s]
132it [00:01, 229.36it/s]
201it [00:01, 330.92it/s]
296it [00:01, 478.96it/s]
386it [00:01, 585.65it/s]
474it [00:01, 663.32it/s]
561it [00:01, 718.44it/s]
660it [00:01, 793.37it/s]
755it [00:01, 837.87it/s]
849it [00:01, 861.03it/s]
943it [00:02, 881.47it/s]
1034it [00:02, 844.60it/s]
1122it [00:02, 854.49it/s]
1213it [00:02, 869.30it/s]
1309it [00:02, 895.12it/s]
1400it [00:02, 887.44it/s]
1493it [00:02, 899.12it/s]
1586it [00:02, 906.00it/s]
1677it [00:02, 901.97it/s]
1769it [00:02, 906.10it/s]
1867it [00:03, 927.14it/s]
1964it [00:03, 937.98it/s]
2058it [00:03, 920.79it/s]
2151it [00:03, 862.54it/s]
2241it [00:03, 871.11it/s]
2334it [00:03, 886.44it/s]
2432it [00:03, 912.20it/s]
2524it [00:03, 913.53it/s]
2620it [00:03, 925.32it/s]
2713it [00:03, 920.27it/s]
2806it [00:04, 873.77it/s]
2894it [00:04, 817.09it/s]
2985it [00:04, 842.47it/s]
3071it [00:04, 839.63it/s]
3169it [00:04, 878.17it/s]
3262it [00:04, 890.40it/s]
3352it [00:04, 890.02it/s]
3442it [00:04, 885.57it/s]
3535it [00:04, 898.25it/s]
3626it [00:05, 900.95it/s]
3717it [00:05, 897.28it/s]
3820it [00:05, 935.58it/s]
3922it [00:05, 958.38it/s]
4022it [00:05, 968.88it/s]
4123it [00:05, 978.29it/s]
4224it [00:05, 986.13it/s]
4323it [00:05, 984.13it/s]
4422it [00:05, 970.94it/s]
4520it [00:05, 951.08it/s]
4616it [00:06, 948.03it/s]
4711it [00:06, 944.13it/s]
4806it [00:06, 944.39it/s]
4902it [00:06, 947.26it/s]
4997it [00:06, 923.20it/s]
5090it [00:06, 900.78it/s]
5181it [00:06, 878.67it/s]
5270it [00:06, 848.15it/s]
5356it [00:06, 821.42it/s]
5439it [00:07, 792.70it/s]
5519it [00:07, 788.86it/s]
5599it [00:07, 773.79it/s]
5685it [00:07, 797.30it/s]
5779it [00:07, 836.41it/s]
5867it [00:07, 846.83it/s]
5959it [00:07, 867.63it/s]
6054it [00:07, 890.65it/s]
6146it [00:07, 897.85it/s]
6236it [00:08, 697.66it/s]
6333it [00:08, 758.17it/s]
6432it [00:08, 818.29it/s]
6528it [00:08, 855.92it/s]
6621it [00:08, 876.03it/s]
6721it [00:08, 909.77it/s]
6823it [00:08, 938.96it/s]
6919it [00:08, 918.43it/s]
7013it [00:08, 923.72it/s]
7107it [00:08, 918.94it/s]
7200it [00:09, 904.10it/s]
7291it [00:09, 875.98it/s]
7380it [00:09, 867.54it/s]
7468it [00:09, 868.82it/s]
7556it [00:09, 861.06it/s]
7643it [00:09, 826.09it/s]
7726it [00:09, 804.45it/s]
7812it [00:09, 820.12it/s]
7895it [00:09, 809.98it/s]
7982it [00:10, 826.70it/s]
8076it [00:10, 858.43it/s]
8168it [00:10, 872.94it/s]
8263it [00:10, 893.82it/s]
8353it [00:10, 780.15it/s]
8434it [00:10, 549.29it/s]
8500it [00:11, 376.67it/s]
8592it [00:11, 466.03it/s]
8689it [00:11, 561.74it/s]
8789it [00:11, 653.90it/s]
8891it [00:11, 738.91it/s]
8991it [00:11, 803.19it/s]
9084it [00:11, 834.28it/s]
9176it [00:11, 817.95it/s]
9274it [00:11, 858.89it/s]
9365it [00:12, 846.40it/s]
9457it [00:12, 865.04it/s]
9550it [00:12, 880.36it/s]
9640it [00:12, 637.79it/s]
9721it [00:12, 676.41it/s]
9808it [00:12, 706.89it/s]
9886it [00:12, 610.71it/s]
9978it [00:12, 682.65it/s]
10000it [00:12, 771.00it/s]
Experiment stage: Done
Results saved to:  /home/dzh/project/vdtuner/vector-db-benchmark-master/results
>>> [Step 5] 收尾工作...
    监控日志已保存。
📊 测试结果摘要:
0.39935
763.4024143995373
0.003716746997088192
line1:  0.003716746997088192
line1:  763.4024143995373
line1:  0.39935
numeric_values:  [0.003716746997088192, 763.4024143995373, 0.39935]
[21] 1737 0.39935 0.003716746997088192 80
/bin/sh: 1: Syntax error: "(" unexpected
/data/dzh/venv/lib/python3.10/site-packages/botorch/acquisition/multi_objective/monte_carlo.py:110: NumericsWarning: qExpectedHypervolumeImprovement has known numerical issues that lead to suboptimal optimization performance. It is strongly recommended to simply replace

	 qExpectedHypervolumeImprovement 	 --> 	 qLogExpectedHypervolumeImprovement 

instead, which fixes the issues and has the same API. See https://arxiv.org/abs/2310.20708 for details.
  legacy_ei_numerics_warning(legacy_name=type(self).__name__)
--- DEBUG: Starting command:---
=======================================
🛠️  开始测试流程
Engine: milvus-p10 | Dataset: random-range-2048-angular-no-filters
=======================================
>>> [Step 1] 启动后台监控...
    监控进程 PID: 3854006
>>> [Step 2] 重置 Milvus...
 Container milvus-standalone  Stopping
 Container milvus-standalone  Stopped
 Container milvus-standalone  Removing
 Container milvus-standalone  Removed
 Container milvus-minio  Stopping
 Container milvus-etcd  Stopping
 Container milvus-etcd  Stopped
 Container milvus-etcd  Removing
 Container milvus-etcd  Removed
 Container milvus-minio  Stopped
 Container milvus-minio  Removing
 Container milvus-minio  Removed
 Network milvus  Removing
 Network milvus  Removed
    🧹 清理宿主机数据目录: /home/dzh/project/vdtuner/vector-db-benchmark-master/engine/servers/milvus-single-node/volumes
 Network milvus  Creating
 Network milvus  Created
 Container milvus-etcd  Creating
 Container milvus-minio  Creating
 Container milvus-minio  Created
 Container milvus-etcd  Created
 Container milvus-standalone  Creating
 Container milvus-standalone  Created
 Container milvus-minio  Starting
 Container milvus-etcd  Starting
 Container milvus-etcd  Started
 Container milvus-minio  Started
 Container milvus-standalone  Starting
 Container milvus-standalone  Started
>>> [Step 3] 等待服务启动 (90s)...
    等待中... (10s/120s)
    ✅ Milvus 服务已就绪
>>> [Step 4] 运行 Benchmark...
Running experiment: milvus-p10 - random-range-2048-angular-no-filters
established connection
/home/dzh/project/vdtuner/vector-db-benchmark-master/datasets/random-range-2048-angular/random_float_100k_no_filters already exists
Experiment stage: Configure
Experiment stage: Upload

0it [00:00, ?it/s]
1it [00:01,  1.31s/it]
640it [00:01, 622.72it/s]
982it [00:01, 910.26it/s]
1273it [00:01, 1183.00it/s]
1558it [00:01, 1375.62it/s]
1856it [00:01, 1585.63it/s]
2112it [00:02, 1768.37it/s]
2496it [00:02, 2129.88it/s]
2775it [00:02, 2282.61it/s]
3451it [00:02, 3395.53it/s]
4416it [00:02, 5018.47it/s]
5440it [00:02, 6433.72it/s]
6464it [00:02, 7437.17it/s]
7490it [00:02, 8235.28it/s]
8576it [00:02, 8890.38it/s]
9600it [00:02, 9203.68it/s]
10624it [00:03, 9437.25it/s]
11648it [00:03, 9577.26it/s]
12672it [00:03, 9678.19it/s]
13648it [00:03, 9697.75it/s]
14656it [00:03, 9687.25it/s]
15629it [00:03, 9694.16it/s]
16640it [00:03, 9739.39it/s]
17616it [00:03, 6621.40it/s]
18624it [00:04, 7314.53it/s]
19520it [00:04, 7677.61it/s]
20416it [00:04, 7896.73it/s]
21440it [00:04, 8434.25it/s]
22464it [00:04, 8891.70it/s]
23424it [00:04, 9024.76it/s]
24448it [00:04, 9283.58it/s]
25472it [00:04, 9542.03it/s]
26443it [00:04, 9485.29it/s]
27403it [00:04, 9425.14it/s]
28354it [00:05, 9168.68it/s]
29278it [00:05, 8917.72it/s]
30208it [00:05, 8986.17it/s]
31173it [00:05, 9177.01it/s]
32192it [00:05, 6036.96it/s]
33088it [00:05, 6611.37it/s]
34027it [00:05, 7249.27it/s]
34880it [00:06, 7489.45it/s]
35776it [00:06, 7814.27it/s]
36736it [00:06, 8268.18it/s]
37696it [00:06, 8537.54it/s]
38656it [00:06, 8819.14it/s]
39645it [00:06, 9118.43it/s]
40577it [00:06, 9100.61it/s]
41538it [00:06, 9246.13it/s]
42496it [00:06, 9342.63it/s]
43456it [00:06, 9356.79it/s]
44397it [00:07, 9318.85it/s]
45333it [00:07, 9120.16it/s]
46249it [00:07, 9046.67it/s]
47156it [00:07, 9027.58it/s]
48061it [00:07, 7942.01it/s]
48967it [00:07, 8239.51it/s]
49920it [00:07, 8468.47it/s]
50880it [00:07, 8702.74it/s]
51776it [00:07, 8688.39it/s]
52672it [00:07, 8675.54it/s]
53568it [00:08, 8646.88it/s]
54437it [00:08, 8642.49it/s]
55360it [00:08, 8685.05it/s]
56256it [00:08, 8689.76it/s]
57200it [00:08, 8908.40it/s]
58093it [00:08, 8833.87it/s]
59008it [00:08, 8836.94it/s]
59968it [00:08, 8959.28it/s]
60876it [00:08, 8994.48it/s]
61776it [00:09, 8966.89it/s]
62673it [00:09, 6218.49it/s]
63424it [00:09, 6508.66it/s]
64320it [00:09, 7069.95it/s]
65152it [00:09, 7384.70it/s]
66021it [00:09, 7734.72it/s]
66880it [00:09, 7871.30it/s]
67776it [00:09, 8168.70it/s]
68710it [00:09, 8503.54it/s]
69632it [00:10, 8625.00it/s]
70563it [00:10, 8823.83it/s]
71455it [00:10, 8693.35it/s]
72332it [00:10, 8698.06it/s]
73257it [00:10, 8860.06it/s]
74171it [00:10, 8942.16it/s]
75068it [00:10, 8905.25it/s]
75961it [00:10, 8853.95it/s]
76864it [00:10, 8786.08it/s]
77744it [00:11, 6632.19it/s]
78592it [00:11, 7057.51it/s]
79488it [00:11, 7540.77it/s]
80384it [00:11, 7903.18it/s]
81344it [00:11, 8247.33it/s]
82295it [00:11, 8599.92it/s]
83180it [00:11, 8662.19it/s]
84064it [00:11, 8697.60it/s]
84946it [00:11, 8571.60it/s]
85824it [00:12, 8578.92it/s]
86688it [00:12, 8441.65it/s]
87613it [00:12, 8676.10it/s]
88485it [00:12, 8517.13it/s]
89408it [00:12, 8538.46it/s]
90306it [00:12, 8665.49it/s]
91233it [00:12, 8842.04it/s]
92120it [00:12, 5489.83it/s]
92992it [00:13, 6096.75it/s]
93878it [00:13, 6722.39it/s]
94720it [00:13, 7104.47it/s]
95616it [00:13, 7518.28it/s]
96576it [00:13, 7959.29it/s]
97472it [00:13, 8134.54it/s]
98368it [00:13, 8330.75it/s]
99264it [00:13, 8416.61it/s]
100000it [00:13, 7214.54it/s]
Upload time: 14.275303308852017
Total import time: 44.310698352754116
Experiment stage: Search

0it [00:00, ?it/s]
4it [00:00,  5.24it/s]
14it [00:00, 19.35it/s]
29it [00:00, 42.23it/s]
90it [00:01, 155.66it/s]
182it [00:01, 325.00it/s]
266it [00:01, 448.19it/s]
350it [00:01, 547.36it/s]
439it [00:01, 638.74it/s]
529it [00:01, 710.77it/s]
621it [00:01, 769.00it/s]
714it [00:01, 813.62it/s]
801it [00:01, 796.38it/s]
885it [00:02, 793.82it/s]
967it [00:02, 770.71it/s]
1046it [00:02, 751.51it/s]
1128it [00:02, 770.21it/s]
1207it [00:02, 766.43it/s]
1302it [00:02, 816.84it/s]
1387it [00:02, 824.54it/s]
1477it [00:02, 844.94it/s]
1574it [00:02, 877.67it/s]
1664it [00:02, 882.67it/s]
1753it [00:03, 859.77it/s]
1840it [00:03, 860.98it/s]
1940it [00:03, 899.07it/s]
2035it [00:03, 911.83it/s]
2131it [00:03, 925.14it/s]
2225it [00:03, 926.59it/s]
2318it [00:03, 892.20it/s]
2408it [00:03, 887.63it/s]
2497it [00:03, 790.01it/s]
2580it [00:04, 796.59it/s]
2671it [00:04, 827.30it/s]
2766it [00:04, 861.19it/s]
2858it [00:04, 876.98it/s]
2951it [00:04, 890.60it/s]
3041it [00:04, 838.52it/s]
3126it [00:04, 833.68it/s]
3218it [00:04, 857.44it/s]
3309it [00:04, 872.11it/s]
3397it [00:04, 868.19it/s]
3485it [00:05, 818.25it/s]
3570it [00:05, 825.26it/s]
3654it [00:05, 809.18it/s]
3743it [00:05, 831.64it/s]
3845it [00:05, 885.87it/s]
3948it [00:05, 927.75it/s]
4052it [00:05, 960.41it/s]
4151it [00:05, 969.14it/s]
4249it [00:05, 952.42it/s]
4345it [00:06, 922.20it/s]
4438it [00:06, 916.24it/s]
4530it [00:06, 912.46it/s]
4623it [00:06, 915.01it/s]
4715it [00:06, 882.58it/s]
4806it [00:06, 887.67it/s]
4895it [00:06, 875.80it/s]
4985it [00:06, 880.35it/s]
5074it [00:06, 880.86it/s]
5163it [00:06, 879.04it/s]
5251it [00:07, 870.22it/s]
5339it [00:07, 858.55it/s]
5429it [00:07, 869.68it/s]
5523it [00:07, 888.09it/s]
5612it [00:07, 875.13it/s]
5710it [00:07, 905.44it/s]
5801it [00:07, 892.98it/s]
5891it [00:07, 881.64it/s]
5980it [00:07, 865.52it/s]
6067it [00:07, 845.33it/s]
6152it [00:08, 815.54it/s]
6234it [00:08, 785.15it/s]
6313it [00:08, 777.76it/s]
6405it [00:08, 815.20it/s]
6490it [00:08, 822.65it/s]
6573it [00:08, 812.90it/s]
6656it [00:08, 807.70it/s]
6749it [00:08, 842.39it/s]
6834it [00:08, 812.36it/s]
6916it [00:09, 807.43it/s]
7000it [00:09, 815.93it/s]
7082it [00:09, 816.83it/s]
7165it [00:09, 820.03it/s]
7248it [00:09, 815.43it/s]
7330it [00:09, 814.86it/s]
7428it [00:09, 863.38it/s]
7520it [00:09, 877.83it/s]
7608it [00:09, 838.87it/s]
7693it [00:09, 806.67it/s]
7779it [00:10, 821.73it/s]
7873it [00:10, 855.35it/s]
7964it [00:10, 869.79it/s]
8058it [00:10, 890.30it/s]
8148it [00:10, 889.17it/s]
8238it [00:10, 853.04it/s]
8325it [00:10, 856.73it/s]
8411it [00:10, 839.15it/s]
8505it [00:10, 868.18it/s]
8600it [00:11, 890.79it/s]
8690it [00:11, 892.84it/s]
8781it [00:11, 895.61it/s]
8881it [00:11, 925.57it/s]
8974it [00:11, 921.13it/s]
9071it [00:11, 933.75it/s]
9165it [00:11, 906.41it/s]
9256it [00:11, 824.89it/s]
9340it [00:11, 795.37it/s]
9428it [00:11, 816.90it/s]
9516it [00:12, 833.28it/s]
9607it [00:12, 854.54it/s]
9694it [00:12, 858.13it/s]
9782it [00:12, 862.77it/s]
9878it [00:12, 888.26it/s]
9968it [00:12, 878.90it/s]
10000it [00:12, 792.55it/s]
Experiment stage: Done
Results saved to:  /home/dzh/project/vdtuner/vector-db-benchmark-master/results
>>> [Step 5] 收尾工作...
    监控日志已保存。
📊 测试结果摘要:
0.9997400000000002
785.1650097505058
0.0057702556950971476
line1:  0.0057702556950971476
line1:  785.1650097505058
line1:  0.9997400000000002
numeric_values:  [0.0057702556950971476, 785.1650097505058, 0.9997400000000002]
[22] 1827 0.9997400000000002 0.0057702556950971476 90
/bin/sh: 1: Syntax error: "(" unexpected
/data/dzh/venv/lib/python3.10/site-packages/botorch/acquisition/multi_objective/monte_carlo.py:110: NumericsWarning: qExpectedHypervolumeImprovement has known numerical issues that lead to suboptimal optimization performance. It is strongly recommended to simply replace

	 qExpectedHypervolumeImprovement 	 --> 	 qLogExpectedHypervolumeImprovement 

instead, which fixes the issues and has the same API. See https://arxiv.org/abs/2310.20708 for details.
  legacy_ei_numerics_warning(legacy_name=type(self).__name__)
--- DEBUG: Starting command:---
=======================================
🛠️  开始测试流程
Engine: milvus-p10 | Dataset: random-range-2048-angular-no-filters
=======================================
>>> [Step 1] 启动后台监控...
    监控进程 PID: 3865670
>>> [Step 2] 重置 Milvus...
 Container milvus-standalone  Stopping
 Container milvus-standalone  Stopped
 Container milvus-standalone  Removing
 Container milvus-standalone  Removed
 Container milvus-minio  Stopping
 Container milvus-etcd  Stopping
 Container milvus-etcd  Stopped
 Container milvus-etcd  Removing
 Container milvus-etcd  Removed
 Container milvus-minio  Stopped
 Container milvus-minio  Removing
 Container milvus-minio  Removed
 Network milvus  Removing
 Network milvus  Removed
    🧹 清理宿主机数据目录: /home/dzh/project/vdtuner/vector-db-benchmark-master/engine/servers/milvus-single-node/volumes
 Network milvus  Creating
 Network milvus  Created
 Container milvus-etcd  Creating
 Container milvus-minio  Creating
 Container milvus-etcd  Created
 Container milvus-minio  Created
 Container milvus-standalone  Creating
 Container milvus-standalone  Created
 Container milvus-minio  Starting
 Container milvus-etcd  Starting
 Container milvus-minio  Started
 Container milvus-etcd  Started
 Container milvus-standalone  Starting
 Container milvus-standalone  Started
>>> [Step 3] 等待服务启动 (90s)...
    等待中... (10s/120s)
    ✅ Milvus 服务已就绪
>>> [Step 4] 运行 Benchmark...
Running experiment: milvus-p10 - random-range-2048-angular-no-filters
established connection
/home/dzh/project/vdtuner/vector-db-benchmark-master/datasets/random-range-2048-angular/random_float_100k_no_filters already exists
Experiment stage: Configure
Experiment stage: Upload

0it [00:00, ?it/s]
1it [00:00,  2.86it/s]
64it [00:00, 76.22it/s]
492it [00:01, 689.85it/s]
896it [00:01, 1263.67it/s]
1173it [00:01, 1416.54it/s]
1600it [00:01, 1900.76it/s]
1877it [00:01, 1957.86it/s]
2240it [00:01, 2297.04it/s]
2816it [00:01, 3109.81it/s]
3186it [00:01, 2950.85it/s]
3833it [00:02, 3821.70it/s]
4608it [00:02, 4843.40it/s]
5440it [00:02, 5736.73it/s]
6400it [00:02, 6751.64it/s]
7360it [00:02, 7534.52it/s]
8384it [00:02, 8224.72it/s]
9344it [00:02, 8609.82it/s]
10368it [00:02, 8986.68it/s]
11392it [00:02, 9243.77it/s]
12418it [00:02, 9539.10it/s]
13379it [00:03, 9465.62it/s]
14336it [00:03, 9452.66it/s]
15296it [00:03, 9438.61it/s]
16320it [00:03, 9659.44it/s]
17288it [00:03, 6011.81it/s]
18240it [00:03, 6681.27it/s]
19136it [00:03, 7192.59it/s]
20096it [00:03, 7774.81it/s]
20992it [00:04, 8031.16it/s]
21952it [00:04, 8408.10it/s]
22846it [00:04, 8504.00it/s]
23744it [00:04, 8545.35it/s]
24748it [00:04, 8970.80it/s]
25666it [00:04, 8629.58it/s]
26591it [00:04, 8804.87it/s]
27485it [00:04, 8659.76it/s]
28415it [00:04, 8843.43it/s]
29312it [00:04, 8797.04it/s]
30272it [00:05, 8948.62it/s]
31226it [00:05, 9121.12it/s]
32142it [00:05, 6693.64it/s]
33086it [00:05, 7340.74it/s]
34048it [00:05, 7854.57it/s]
35008it [00:05, 8264.15it/s]
35968it [00:05, 8526.34it/s]
36950it [00:05, 8884.93it/s]
37869it [00:06, 8936.83it/s]
38784it [00:06, 8897.27it/s]
39744it [00:06, 9057.74it/s]
40704it [00:06, 9136.59it/s]
41664it [00:06, 9180.66it/s]
42588it [00:06, 9019.69it/s]
43520it [00:06, 9095.47it/s]
44433it [00:06, 9078.02it/s]
45343it [00:06, 9062.04it/s]
46272it [00:06, 9071.78it/s]
47181it [00:07, 6350.61it/s]
48128it [00:07, 7032.96it/s]
48960it [00:07, 7313.73it/s]
49856it [00:07, 7730.06it/s]
50816it [00:07, 8174.44it/s]
51712it [00:07, 8290.56it/s]
52672it [00:07, 8571.22it/s]
53598it [00:07, 8766.39it/s]
54528it [00:08, 8802.37it/s]
55488it [00:08, 8940.45it/s]
56391it [00:08, 8941.15it/s]
57344it [00:08, 9051.61it/s]
58254it [00:08, 8894.24it/s]
59147it [00:08, 8855.78it/s]
60096it [00:08, 9027.90it/s]
61001it [00:08, 8979.34it/s]
61937it [00:08, 9090.90it/s]
62848it [00:08, 7561.31it/s]
63701it [00:09, 7812.94it/s]
64517it [00:09, 7888.55it/s]
65438it [00:09, 8256.55it/s]
66304it [00:09, 8351.40it/s]
67200it [00:09, 8448.81it/s]
68096it [00:09, 8478.33it/s]
68992it [00:09, 8541.34it/s]
69860it [00:09, 8581.34it/s]
70784it [00:09, 8673.19it/s]
71661it [00:10, 8701.18it/s]
72533it [00:10, 8103.62it/s]
73472it [00:10, 8408.88it/s]
74328it [00:10, 8451.70it/s]
75192it [00:10, 8505.68it/s]
76047it [00:10, 8501.57it/s]
76992it [00:10, 8693.50it/s]
77864it [00:10, 6537.12it/s]
78784it [00:10, 7106.14it/s]
79711it [00:11, 7653.98it/s]
80534it [00:11, 7776.15it/s]
81408it [00:11, 7995.80it/s]
82304it [00:11, 8218.48it/s]
83200it [00:11, 8421.41it/s]
84142it [00:11, 8709.84it/s]
85056it [00:11, 8758.39it/s]
85941it [00:11, 8774.30it/s]
86825it [00:11, 8731.61it/s]
87703it [00:11, 8705.88it/s]
88577it [00:12, 8712.61it/s]
89532it [00:12, 8960.22it/s]
90430it [00:12, 8899.25it/s]
91328it [00:12, 8871.61it/s]
92217it [00:12, 6304.82it/s]
93089it [00:12, 6863.25it/s]
94009it [00:12, 7443.10it/s]
94848it [00:12, 7641.82it/s]
95808it [00:13, 8125.90it/s]
96722it [00:13, 8407.26it/s]
97639it [00:13, 8623.84it/s]
98526it [00:13, 8600.32it/s]
99403it [00:13, 8528.41it/s]
100000it [00:13, 7406.80it/s]
Upload time: 14.062693997751921
Total import time: 35.20393076073378
Experiment stage: Search

0it [00:00, ?it/s]
4it [00:00,  5.21it/s]
14it [00:00, 19.24it/s]
31it [00:00, 45.71it/s]
119it [00:01, 213.10it/s]
209it [00:01, 365.71it/s]
296it [00:01, 486.91it/s]
390it [00:01, 602.33it/s]
481it [00:01, 683.36it/s]
580it [00:01, 765.59it/s]
667it [00:01, 785.70it/s]
766it [00:01, 843.53it/s]
862it [00:01, 875.70it/s]
955it [00:02, 890.87it/s]
1048it [00:02, 900.00it/s]
1142it [00:02, 910.52it/s]
1239it [00:02, 926.33it/s]
1333it [00:02, 928.53it/s]
1438it [00:02, 961.98it/s]
1546it [00:02, 995.23it/s]
1652it [00:02, 1013.66it/s]
1754it [00:02, 987.41it/s] 
1854it [00:02, 903.41it/s]
1946it [00:03, 895.54it/s]
2044it [00:03, 917.71it/s]
2140it [00:03, 928.98it/s]
2234it [00:03, 919.22it/s]
2334it [00:03, 941.41it/s]
2433it [00:03, 951.70it/s]
2529it [00:03, 941.79it/s]
2628it [00:03, 955.17it/s]
2725it [00:03, 957.41it/s]
2821it [00:03, 949.51it/s]
2922it [00:04, 966.43it/s]
3019it [00:04, 957.52it/s]
3115it [00:04, 955.11it/s]
3217it [00:04, 973.03it/s]
3315it [00:04, 975.02it/s]
3413it [00:04, 974.25it/s]
3514it [00:04, 983.80it/s]
3613it [00:04, 961.32it/s]
3710it [00:04, 914.13it/s]
3802it [00:05, 904.60it/s]
3899it [00:05, 920.78it/s]
3992it [00:05, 922.69it/s]
4085it [00:05, 912.50it/s]
4178it [00:05, 915.69it/s]
4270it [00:05, 914.19it/s]
4373it [00:05, 948.25it/s]
4471it [00:05, 955.48it/s]
4567it [00:05, 914.84it/s]
4663it [00:05, 914.01it/s]
4755it [00:06, 908.74it/s]
4858it [00:06, 942.36it/s]
4953it [00:06, 926.62it/s]
5048it [00:06, 931.33it/s]
5142it [00:06, 906.46it/s]
5233it [00:06, 878.43it/s]
5322it [00:06, 852.50it/s]
5408it [00:06, 820.04it/s]
5505it [00:06, 860.57it/s]
5598it [00:07, 879.67it/s]
5699it [00:07, 915.14it/s]
5791it [00:07, 906.36it/s]
5888it [00:07, 923.85it/s]
5986it [00:07, 938.08it/s]
6082it [00:07, 943.08it/s]
6177it [00:07, 940.11it/s]
6275it [00:07, 951.62it/s]
6376it [00:07, 968.06it/s]
6484it [00:07, 1000.32it/s]
6585it [00:08, 970.05it/s] 
6684it [00:08, 974.67it/s]
6782it [00:08, 953.44it/s]
6878it [00:08, 948.01it/s]
6973it [00:08, 945.35it/s]
7068it [00:08, 928.74it/s]
7164it [00:08, 937.77it/s]
7266it [00:08, 960.18it/s]
7363it [00:08, 939.56it/s]
7458it [00:08, 932.12it/s]
7552it [00:09, 928.99it/s]
7645it [00:09, 918.38it/s]
7745it [00:09, 939.53it/s]
7841it [00:09, 944.93it/s]
7936it [00:09, 945.22it/s]
8031it [00:09, 904.50it/s]
8126it [00:09, 916.15it/s]
8221it [00:09, 924.35it/s]
8314it [00:09, 764.52it/s]
8399it [00:10, 784.82it/s]
8494it [00:10, 827.81it/s]
8586it [00:10, 852.77it/s]
8682it [00:10, 882.69it/s]
8773it [00:10, 890.25it/s]
8864it [00:10, 893.26it/s]
8963it [00:10, 918.58it/s]
9058it [00:10, 927.17it/s]
9152it [00:10, 925.00it/s]
9245it [00:10, 921.98it/s]
9341it [00:11, 928.00it/s]
9440it [00:11, 943.10it/s]
9535it [00:11, 932.76it/s]
9629it [00:11, 855.23it/s]
9716it [00:11, 834.99it/s]
9801it [00:11, 810.00it/s]
9883it [00:11, 786.84it/s]
9964it [00:11, 792.60it/s]
10000it [00:11, 841.73it/s]
Experiment stage: Done
Results saved to:  /home/dzh/project/vdtuner/vector-db-benchmark-master/results
>>> [Step 5] 收尾工作...
    监控日志已保存。
📊 测试结果摘要:
0.40173
835.6802299020757
0.0034396535251289607
line1:  0.0034396535251289607
line1:  835.6802299020757
line1:  0.40173
numeric_values:  [0.0034396535251289607, 835.6802299020757, 0.40173]
[23] 1907 0.40173 0.0034396535251289607 80
/bin/sh: 1: Syntax error: "(" unexpected
/data/dzh/venv/lib/python3.10/site-packages/botorch/acquisition/multi_objective/monte_carlo.py:110: NumericsWarning: qExpectedHypervolumeImprovement has known numerical issues that lead to suboptimal optimization performance. It is strongly recommended to simply replace

	 qExpectedHypervolumeImprovement 	 --> 	 qLogExpectedHypervolumeImprovement 

instead, which fixes the issues and has the same API. See https://arxiv.org/abs/2310.20708 for details.
  legacy_ei_numerics_warning(legacy_name=type(self).__name__)
--- DEBUG: Starting command:---
=======================================
🛠️  开始测试流程
Engine: milvus-p10 | Dataset: random-range-2048-angular-no-filters
=======================================
>>> [Step 1] 启动后台监控...
    监控进程 PID: 3877115
>>> [Step 2] 重置 Milvus...
 Container milvus-standalone  Stopping
 Container milvus-standalone  Stopped
 Container milvus-standalone  Removing
 Container milvus-standalone  Removed
 Container milvus-minio  Stopping
 Container milvus-etcd  Stopping
 Container milvus-etcd  Stopped
 Container milvus-etcd  Removing
 Container milvus-etcd  Removed
 Container milvus-minio  Stopped
 Container milvus-minio  Removing
 Container milvus-minio  Removed
 Network milvus  Removing
 Network milvus  Removed
    🧹 清理宿主机数据目录: /home/dzh/project/vdtuner/vector-db-benchmark-master/engine/servers/milvus-single-node/volumes
 Network milvus  Creating
 Network milvus  Created
 Container milvus-minio  Creating
 Container milvus-etcd  Creating
 Container milvus-minio  Created
 Container milvus-etcd  Created
 Container milvus-standalone  Creating
 Container milvus-standalone  Created
 Container milvus-minio  Starting
 Container milvus-etcd  Starting
 Container milvus-etcd  Started
 Container milvus-minio  Started
 Container milvus-standalone  Starting
 Container milvus-standalone  Started
>>> [Step 3] 等待服务启动 (90s)...
    等待中... (10s/120s)
    ✅ Milvus 服务已就绪
>>> [Step 4] 运行 Benchmark...
Running experiment: milvus-p10 - random-range-2048-angular-no-filters
established connection
/home/dzh/project/vdtuner/vector-db-benchmark-master/datasets/random-range-2048-angular/random_float_100k_no_filters already exists
Experiment stage: Configure
Experiment stage: Upload

0it [00:00, ?it/s]
1it [00:00,  1.65it/s]
64it [00:00, 84.82it/s]
448it [00:01, 668.90it/s]
640it [00:01, 888.98it/s]
1084it [00:01, 1617.38it/s]
1352it [00:01, 1789.28it/s]
1607it [00:01, 1957.37it/s]
1860it [00:01, 2035.86it/s]
2112it [00:01, 2146.49it/s]
2432it [00:01, 2389.95it/s]
2752it [00:01, 2577.91it/s]
3235it [00:01, 3205.38it/s]
4160it [00:02, 4918.84it/s]
5056it [00:02, 5995.72it/s]
6016it [00:02, 6965.29it/s]
7104it [00:02, 8057.63it/s]
8192it [00:02, 8808.48it/s]
9152it [00:02, 9006.81it/s]
10200it [00:02, 9439.44it/s]
11150it [00:02, 9285.12it/s]
12096it [00:02, 9274.29it/s]
13045it [00:03, 9337.55it/s]
14007it [00:03, 9420.70it/s]
14951it [00:03, 9320.22it/s]
15885it [00:03, 9304.48it/s]
16900it [00:03, 9554.60it/s]
17857it [00:03, 7181.05it/s]
18841it [00:03, 7824.31it/s]
19776it [00:03, 8131.45it/s]
20736it [00:03, 8466.71it/s]
21760it [00:04, 8851.88it/s]
22784it [00:04, 9166.95it/s]
23744it [00:04, 9250.62it/s]
24752it [00:04, 9488.64it/s]
25728it [00:04, 9471.16it/s]
26688it [00:04, 9505.34it/s]
27648it [00:04, 9473.16it/s]
28608it [00:04, 9465.46it/s]
29568it [00:04, 9413.94it/s]
30541it [00:04, 9506.56it/s]
31494it [00:05, 9455.08it/s]
32441it [00:05, 8076.60it/s]
33344it [00:05, 8272.07it/s]
34313it [00:05, 8659.65it/s]
35264it [00:05, 8872.24it/s]
36283it [00:05, 9248.20it/s]
37222it [00:05, 9219.91it/s]
38154it [00:05, 9160.21it/s]
39077it [00:05, 9165.47it/s]
40064it [00:06, 9240.85it/s]
40992it [00:06, 9079.40it/s]
41903it [00:06, 8979.86it/s]
42803it [00:06, 8917.15it/s]
43696it [00:06, 8592.26it/s]
44628it [00:06, 8800.72it/s]
45568it [00:06, 8966.85it/s]
46468it [00:06, 6004.54it/s]
47296it [00:07, 6464.08it/s]
48082it [00:07, 6794.70it/s]
48960it [00:07, 7209.64it/s]
49920it [00:07, 7811.54it/s]
50816it [00:07, 8114.56it/s]
51712it [00:07, 8344.76it/s]
52608it [00:07, 8512.10it/s]
53504it [00:07, 8549.65it/s]
54464it [00:07, 8757.33it/s]
55360it [00:07, 8739.08it/s]
56242it [00:08, 8567.02it/s]
57105it [00:08, 8555.12it/s]
57965it [00:08, 7941.42it/s]
58770it [00:08, 7356.25it/s]
59712it [00:08, 7873.72it/s]
60515it [00:08, 6453.91it/s]
61401it [00:08, 7039.60it/s]
62274it [00:08, 7475.34it/s]
63232it [00:09, 7969.93it/s]
64128it [00:09, 8168.99it/s]
65024it [00:09, 8328.01it/s]
65875it [00:09, 8192.33it/s]
66707it [00:09, 8155.60it/s]
67584it [00:09, 8236.80it/s]
68480it [00:09, 8377.57it/s]
69440it [00:09, 8636.00it/s]
70307it [00:09, 8586.80it/s]
71180it [00:09, 8628.49it/s]
72086it [00:10, 8754.73it/s]
72963it [00:10, 8689.71it/s]
73920it [00:10, 8936.14it/s]
74816it [00:10, 8927.09it/s]
75776it [00:10, 9013.56it/s]
76678it [00:10, 7369.03it/s]
77578it [00:10, 7787.28it/s]
78464it [00:10, 8073.39it/s]
79360it [00:10, 8233.68it/s]
80256it [00:11, 8384.51it/s]
81112it [00:11, 8410.02it/s]
81984it [00:11, 8431.64it/s]
82880it [00:11, 8553.75it/s]
83776it [00:11, 8585.11it/s]
84708it [00:11, 8799.85it/s]
85592it [00:11, 8715.09it/s]
86467it [00:11, 8401.85it/s]
87424it [00:11, 8598.68it/s]
88320it [00:11, 8606.13it/s]
89280it [00:12, 8814.79it/s]
90164it [00:12, 5782.98it/s]
91072it [00:12, 6473.27it/s]
91968it [00:12, 7040.35it/s]
92864it [00:12, 7435.76it/s]
93824it [00:12, 7917.95it/s]
94720it [00:12, 8191.68it/s]
95680it [00:12, 8500.78it/s]
96584it [00:13, 8652.72it/s]
97483it [00:13, 8749.17it/s]
98376it [00:13, 8692.17it/s]
99258it [00:13, 8579.14it/s]
100000it [00:13, 7427.30it/s]
Upload time: 14.044956156052649
Total import time: 44.680300447158515
Experiment stage: Search

0it [00:00, ?it/s]
4it [00:00,  5.05it/s]
13it [00:00, 17.06it/s]
41it [00:01, 62.07it/s]
63it [00:01, 91.71it/s]
120it [00:01, 195.30it/s]
206it [00:01, 351.77it/s]
290it [00:01, 474.23it/s]
370it [00:01, 558.50it/s]
455it [00:01, 636.81it/s]
537it [00:01, 687.29it/s]
629it [00:01, 752.10it/s]
734it [00:01, 837.53it/s]
822it [00:02, 760.26it/s]
903it [00:02, 747.04it/s]
999it [00:02, 804.33it/s]
1095it [00:02, 847.11it/s]
1195it [00:02, 888.90it/s]
1286it [00:02, 889.63it/s]
1377it [00:02, 842.36it/s]
1463it [00:02, 808.55it/s]
1561it [00:02, 854.95it/s]
1648it [00:03, 803.04it/s]
1730it [00:03, 803.45it/s]
1822it [00:03, 834.97it/s]
1907it [00:03, 800.30it/s]
1988it [00:03, 767.41it/s]
2071it [00:03, 783.48it/s]
2150it [00:03, 765.75it/s]
2227it [00:03, 686.09it/s]
2299it [00:03, 692.98it/s]
2370it [00:04, 675.27it/s]
2439it [00:04, 655.10it/s]
2507it [00:04, 659.50it/s]
2580it [00:04, 677.98it/s]
2649it [00:04, 649.90it/s]
2721it [00:04, 667.54it/s]
2805it [00:04, 715.41it/s]
2898it [00:04, 775.31it/s]
2991it [00:04, 818.51it/s]
3074it [00:05, 784.72it/s]
3154it [00:05, 780.52it/s]
3239it [00:05, 800.17it/s]
3320it [00:05, 765.99it/s]
3398it [00:05, 760.04it/s]
3475it [00:05, 721.30it/s]
3548it [00:05, 657.38it/s]
3615it [00:05, 609.94it/s]
3684it [00:05, 629.45it/s]
3768it [00:06, 674.53it/s]
3837it [00:06, 618.03it/s]
3903it [00:06, 627.66it/s]
3982it [00:06, 670.71it/s]
4053it [00:06, 680.66it/s]
4132it [00:06, 710.27it/s]
4204it [00:06, 631.42it/s]
4270it [00:06, 586.51it/s]
4331it [00:06, 562.11it/s]
4415it [00:07, 633.68it/s]
4481it [00:07, 606.31it/s]
4578it [00:07, 703.42it/s]
4675it [00:07, 775.76it/s]
4757it [00:07, 763.78it/s]
4835it [00:07, 729.34it/s]
4910it [00:07, 712.56it/s]
4983it [00:07, 694.10it/s]
5054it [00:07, 655.50it/s]
5123it [00:08, 658.90it/s]
5190it [00:08, 646.35it/s]
5263it [00:08, 669.14it/s]
5331it [00:08, 605.21it/s]
5393it [00:08, 605.69it/s]
5482it [00:08, 681.36it/s]
5558it [00:08, 701.88it/s]
5630it [00:08, 698.64it/s]
5717it [00:08, 742.04it/s]
5809it [00:09, 791.04it/s]
5889it [00:09, 773.38it/s]
5967it [00:09, 774.63it/s]
6053it [00:09, 793.71it/s]
6144it [00:09, 826.65it/s]
6227it [00:09, 799.28it/s]
6329it [00:09, 861.89it/s]
6428it [00:09, 897.12it/s]
6529it [00:09, 930.12it/s]
6623it [00:10, 769.97it/s]
6705it [00:10, 724.23it/s]
6781it [00:10, 677.64it/s]
6852it [00:10, 626.61it/s]
6917it [00:10, 611.00it/s]
6992it [00:10, 645.60it/s]
7063it [00:10, 662.32it/s]
7131it [00:10, 609.93it/s]
7194it [00:10, 613.03it/s]
7257it [00:11, 611.03it/s]
7330it [00:11, 642.32it/s]
7415it [00:11, 697.70it/s]
7490it [00:11, 711.59it/s]
7573it [00:11, 745.52it/s]
7649it [00:11, 692.83it/s]
7720it [00:11, 676.56it/s]
7798it [00:11, 704.58it/s]
7901it [00:11, 795.65it/s]
7984it [00:12, 795.66it/s]
8083it [00:12, 850.55it/s]
8183it [00:12, 892.60it/s]
8283it [00:12, 923.15it/s]
8376it [00:12, 813.55it/s]
8474it [00:12, 858.14it/s]
8575it [00:12, 899.28it/s]
8667it [00:12, 874.74it/s]
8756it [00:12, 818.05it/s]
8842it [00:13, 824.95it/s]
8926it [00:13, 781.42it/s]
9014it [00:13, 806.42it/s]
9110it [00:13, 848.79it/s]
9196it [00:13, 825.23it/s]
9280it [00:13, 773.07it/s]
9359it [00:13, 747.18it/s]
9446it [00:13, 777.47it/s]
9537it [00:13, 814.37it/s]
9620it [00:14, 773.52it/s]
9699it [00:14, 726.51it/s]
9773it [00:14, 656.72it/s]
9854it [00:14, 695.55it/s]
9940it [00:14, 739.25it/s]
10000it [00:14, 686.65it/s]
Experiment stage: Done
Results saved to:  /home/dzh/project/vdtuner/vector-db-benchmark-master/results
>>> [Step 5] 收尾工作...
    监控日志已保存。
📊 测试结果摘要:
0.9997300000000001
682.0933772839448
0.006595253781415516
line1:  0.006595253781415516
line1:  682.0933772839448
line1:  0.9997300000000001
numeric_values:  [0.006595253781415516, 682.0933772839448, 0.9997300000000001]
[24] 2000 0.9997300000000001 0.006595253781415516 92
/bin/sh: 1: Syntax error: "(" unexpected
/data/dzh/venv/lib/python3.10/site-packages/botorch/acquisition/multi_objective/monte_carlo.py:110: NumericsWarning: qExpectedHypervolumeImprovement has known numerical issues that lead to suboptimal optimization performance. It is strongly recommended to simply replace

	 qExpectedHypervolumeImprovement 	 --> 	 qLogExpectedHypervolumeImprovement 

instead, which fixes the issues and has the same API. See https://arxiv.org/abs/2310.20708 for details.
  legacy_ei_numerics_warning(legacy_name=type(self).__name__)
--- DEBUG: Starting command:---
=======================================
🛠️  开始测试流程
Engine: milvus-p10 | Dataset: random-range-2048-angular-no-filters
=======================================
>>> [Step 1] 启动后台监控...
    监控进程 PID: 3888650
>>> [Step 2] 重置 Milvus...
 Container milvus-standalone  Stopping
 Container milvus-standalone  Stopped
 Container milvus-standalone  Removing
 Container milvus-standalone  Removed
 Container milvus-minio  Stopping
 Container milvus-etcd  Stopping
 Container milvus-etcd  Stopped
 Container milvus-etcd  Removing
 Container milvus-etcd  Removed
 Container milvus-minio  Stopped
 Container milvus-minio  Removing
 Container milvus-minio  Removed
 Network milvus  Removing
 Network milvus  Removed
    🧹 清理宿主机数据目录: /home/dzh/project/vdtuner/vector-db-benchmark-master/engine/servers/milvus-single-node/volumes
 Network milvus  Creating
 Network milvus  Created
 Container milvus-minio  Creating
 Container milvus-etcd  Creating
 Container milvus-etcd  Created
 Container milvus-minio  Created
 Container milvus-standalone  Creating
 Container milvus-standalone  Created
 Container milvus-minio  Starting
 Container milvus-etcd  Starting
 Container milvus-etcd  Started
 Container milvus-minio  Started
 Container milvus-standalone  Starting
 Container milvus-standalone  Started
>>> [Step 3] 等待服务启动 (90s)...
    等待中... (10s/120s)
    ✅ Milvus 服务已就绪
>>> [Step 4] 运行 Benchmark...
Running experiment: milvus-p10 - random-range-2048-angular-no-filters
established connection
/home/dzh/project/vdtuner/vector-db-benchmark-master/datasets/random-range-2048-angular/random_float_100k_no_filters already exists
Experiment stage: Configure
Experiment stage: Upload

0it [00:00, ?it/s]
1it [00:00,  1.73it/s]
64it [00:00, 81.10it/s]
768it [00:01, 1143.98it/s]
1081it [00:01, 1479.99it/s]
1386it [00:01, 1742.67it/s]
1676it [00:01, 1741.44it/s]
2048it [00:01, 2117.36it/s]
2368it [00:01, 2277.94it/s]
2646it [00:01, 2300.80it/s]
3158it [00:01, 2999.36it/s]
4160it [00:02, 4755.70it/s]
4928it [00:02, 5501.10it/s]
5985it [00:02, 6899.33it/s]
6976it [00:02, 7655.24it/s]
8000it [00:02, 8308.47it/s]
9024it [00:02, 8783.09it/s]
10048it [00:02, 9104.19it/s]
11072it [00:02, 9336.56it/s]
12016it [00:02, 9345.22it/s]
12992it [00:02, 9455.85it/s]
14016it [00:03, 9640.83it/s]
14984it [00:03, 9626.45it/s]
15950it [00:03, 9548.42it/s]
16907it [00:03, 9431.71it/s]
17852it [00:03, 5948.48it/s]
18816it [00:03, 6639.07it/s]
19776it [00:03, 7252.73it/s]
20672it [00:03, 7625.47it/s]
21569it [00:04, 7970.78it/s]
22475it [00:04, 8263.29it/s]
23424it [00:04, 8505.65it/s]
24384it [00:04, 8695.02it/s]
25344it [00:04, 8839.52it/s]
26304it [00:04, 9054.57it/s]
27264it [00:04, 9199.52it/s]
28195it [00:04, 9214.01it/s]
29124it [00:04, 9038.30it/s]
30034it [00:04, 9040.39it/s]
30976it [00:05, 9072.82it/s]
31936it [00:05, 6290.24it/s]
32832it [00:05, 6875.46it/s]
33792it [00:05, 7491.79it/s]
34752it [00:05, 7980.91it/s]
35666it [00:05, 8288.82it/s]
36608it [00:05, 8590.55it/s]
37568it [00:05, 8758.99it/s]
38528it [00:06, 8922.19it/s]
39445it [00:06, 8992.62it/s]
40359it [00:06, 8952.27it/s]
41280it [00:06, 8963.16it/s]
42184it [00:06, 8938.06it/s]
43083it [00:06, 8929.77it/s]
43980it [00:06, 8706.28it/s]
44869it [00:06, 8759.07it/s]
45760it [00:06, 8736.75it/s]
46684it [00:06, 8884.05it/s]
47574it [00:07, 8079.05it/s]
48448it [00:07, 8215.50it/s]
49313it [00:07, 8326.27it/s]
50154it [00:07, 7884.90it/s]
51008it [00:07, 8016.44it/s]
51873it [00:07, 8194.12it/s]
52736it [00:07, 8204.39it/s]
53634it [00:07, 8428.10it/s]
54528it [00:07, 8554.34it/s]
55387it [00:08, 8542.50it/s]
56295it [00:08, 8700.73it/s]
57167it [00:08, 8679.18it/s]
58048it [00:08, 8614.50it/s]
58944it [00:08, 8598.79it/s]
59903it [00:08, 8889.67it/s]
60800it [00:08, 8813.55it/s]
61758it [00:08, 9038.63it/s]
62663it [00:08, 8936.07it/s]
63558it [00:09, 5549.35it/s]
64448it [00:09, 6190.48it/s]
65280it [00:09, 6646.26it/s]
66112it [00:09, 7048.70it/s]
66944it [00:09, 7332.64it/s]
67807it [00:09, 7680.61it/s]
68627it [00:09, 7823.94it/s]
69504it [00:09, 8051.07it/s]
70400it [00:09, 8266.65it/s]
71296it [00:10, 8338.14it/s]
72256it [00:10, 8687.60it/s]
73185it [00:10, 8863.36it/s]
74079it [00:10, 8815.21it/s]
74966it [00:10, 8818.60it/s]
75852it [00:10, 8646.22it/s]
76752it [00:10, 8749.52it/s]
77630it [00:10, 8604.39it/s]
78493it [00:10, 8205.50it/s]
79383it [00:11, 8402.99it/s]
80319it [00:11, 8679.10it/s]
81191it [00:11, 8448.50it/s]
82040it [00:11, 8432.93it/s]
82901it [00:11, 8483.79it/s]
83776it [00:11, 8405.73it/s]
84619it [00:11, 8389.60it/s]
85504it [00:11, 8490.49it/s]
86400it [00:11, 8518.85it/s]
87296it [00:11, 8619.72it/s]
88159it [00:12, 8564.34it/s]
89024it [00:12, 8481.98it/s]
89938it [00:12, 8674.70it/s]
90807it [00:12, 8552.14it/s]
91663it [00:12, 8347.27it/s]
92608it [00:12, 8530.85it/s]
93462it [00:12, 5278.59it/s]
94336it [00:12, 5921.84it/s]
95232it [00:13, 6598.40it/s]
96128it [00:13, 7101.74it/s]
96960it [00:13, 7409.71it/s]
97856it [00:13, 7756.04it/s]
98752it [00:13, 8048.80it/s]
99648it [00:13, 8296.82it/s]
100000it [00:13, 7338.59it/s]
Upload time: 14.017053049989045
Total import time: 33.26230032509193
Experiment stage: Search

0it [00:00, ?it/s]
4it [00:00,  5.20it/s]
14it [00:00, 19.62it/s]
32it [00:00, 48.41it/s]
79it [00:01, 134.11it/s]
137it [00:01, 234.21it/s]
217it [00:01, 368.95it/s]
316it [00:01, 527.02it/s]
412it [00:01, 640.60it/s]
506it [00:01, 719.05it/s]
599it [00:01, 777.41it/s]
697it [00:01, 834.75it/s]
793it [00:01, 870.12it/s]
884it [00:01, 869.86it/s]
986it [00:02, 913.44it/s]
1088it [00:02, 944.68it/s]
1187it [00:02, 957.31it/s]
1284it [00:02, 959.49it/s]
1381it [00:02, 910.60it/s]
1474it [00:02, 902.78it/s]
1567it [00:02, 904.30it/s]
1658it [00:02, 883.87it/s]
1747it [00:02, 882.71it/s]
1836it [00:03, 875.56it/s]
1938it [00:03, 915.12it/s]
2042it [00:03, 951.42it/s]
2142it [00:03, 963.65it/s]
2239it [00:03, 964.21it/s]
2336it [00:03, 935.86it/s]
2430it [00:03, 932.98it/s]
2531it [00:03, 953.70it/s]
2628it [00:03, 957.45it/s]
2726it [00:03, 960.86it/s]
2824it [00:04, 966.33it/s]
2923it [00:04, 972.81it/s]
3021it [00:04, 973.53it/s]
3121it [00:04, 979.23it/s]
3219it [00:04, 974.45it/s]
3317it [00:04, 972.73it/s]
3415it [00:04, 898.32it/s]
3507it [00:04, 903.25it/s]
3599it [00:04, 897.87it/s]
3692it [00:04, 905.46it/s]
3787it [00:05, 917.41it/s]
3891it [00:05, 951.78it/s]
3988it [00:05, 954.99it/s]
4086it [00:05, 960.42it/s]
4183it [00:05, 890.33it/s]
4283it [00:05, 919.57it/s]
4381it [00:05, 935.99it/s]
4481it [00:05, 952.82it/s]
4584it [00:05, 972.80it/s]
4684it [00:06, 978.63it/s]
4783it [00:06, 967.77it/s]
4881it [00:06, 951.54it/s]
4977it [00:06, 943.20it/s]
5072it [00:06, 937.52it/s]
5168it [00:06, 940.87it/s]
5263it [00:06, 900.87it/s]
5359it [00:06, 902.88it/s]
5450it [00:06, 902.65it/s]
5541it [00:06, 902.25it/s]
5634it [00:07, 909.82it/s]
5729it [00:07, 920.79it/s]
5824it [00:07, 928.11it/s]
5917it [00:07, 921.47it/s]
6014it [00:07, 935.58it/s]
6110it [00:07, 940.45it/s]
6207it [00:07, 948.34it/s]
6302it [00:07, 938.48it/s]
6399it [00:07, 945.59it/s]
6494it [00:07, 939.05it/s]
6588it [00:08, 936.81it/s]
6682it [00:08, 886.38it/s]
6772it [00:08, 871.65it/s]
6860it [00:08, 848.63it/s]
6946it [00:08, 841.33it/s]
7031it [00:08, 824.84it/s]
7114it [00:08, 814.69it/s]
7196it [00:08, 803.19it/s]
7277it [00:08, 791.75it/s]
7358it [00:09, 794.34it/s]
7443it [00:09, 808.47it/s]
7524it [00:09, 738.14it/s]
7599it [00:09, 460.39it/s]
7683it [00:09, 533.84it/s]
7762it [00:09, 589.88it/s]
7833it [00:10, 378.54it/s]
7889it [00:10, 275.87it/s]
7932it [00:10, 254.07it/s]
7968it [00:10, 257.38it/s]
8002it [00:11, 220.09it/s]
8030it [00:11, 219.12it/s]
8056it [00:11, 222.38it/s]
8082it [00:11, 177.27it/s]
8103it [00:11, 165.17it/s]
8140it [00:11, 184.76it/s]
8161it [00:12, 157.04it/s]
8204it [00:12, 201.32it/s]
8243it [00:12, 239.56it/s]
8295it [00:12, 301.92it/s]
8349it [00:12, 359.74it/s]
8430it [00:12, 475.94it/s]
8519it [00:12, 586.97it/s]
8609it [00:12, 671.19it/s]
8707it [00:12, 756.18it/s]
8786it [00:13, 274.79it/s]
8845it [00:13, 273.60it/s]
8937it [00:14, 362.20it/s]
9032it [00:14, 456.97it/s]
9116it [00:14, 528.96it/s]
9198it [00:14, 590.15it/s]
9275it [00:14, 539.26it/s]
9343it [00:14, 359.19it/s]
9396it [00:15, 311.91it/s]
9440it [00:15, 240.23it/s]
9475it [00:15, 252.81it/s]
9509it [00:15, 209.12it/s]
9556it [00:15, 245.72it/s]
9588it [00:16, 246.45it/s]
9635it [00:16, 289.96it/s]
9687it [00:16, 304.68it/s]
9742it [00:16, 346.88it/s]
9781it [00:16, 297.15it/s]
9815it [00:16, 302.79it/s]
9848it [00:16, 304.93it/s]
9881it [00:16, 305.83it/s]
9913it [00:17, 294.14it/s]
9944it [00:17, 273.11it/s]
9973it [00:17, 251.01it/s]
9999it [00:17, 209.58it/s]
10000it [00:17, 570.62it/s]
Experiment stage: Done
Results saved to:  /home/dzh/project/vdtuner/vector-db-benchmark-master/results
>>> [Step 5] 收尾工作...
    监控日志已保存。
📊 测试结果摘要:
0.39910999999999996
565.729419946735
0.004266116418875753
line1:  0.004266116418875753
line1:  565.729419946735
line1:  0.39910999999999996
numeric_values:  [0.004266116418875753, 565.729419946735, 0.39910999999999996]
[25] 2083 0.39910999999999996 0.004266116418875753 83
/bin/sh: 1: Syntax error: "(" unexpected
/data/dzh/venv/lib/python3.10/site-packages/botorch/acquisition/multi_objective/monte_carlo.py:110: NumericsWarning: qExpectedHypervolumeImprovement has known numerical issues that lead to suboptimal optimization performance. It is strongly recommended to simply replace

	 qExpectedHypervolumeImprovement 	 --> 	 qLogExpectedHypervolumeImprovement 

instead, which fixes the issues and has the same API. See https://arxiv.org/abs/2310.20708 for details.
  legacy_ei_numerics_warning(legacy_name=type(self).__name__)
--- DEBUG: Starting command:---
=======================================
🛠️  开始测试流程
Engine: milvus-p10 | Dataset: random-range-2048-angular-no-filters
=======================================
>>> [Step 1] 启动后台监控...
    监控进程 PID: 3899832
>>> [Step 2] 重置 Milvus...
 Container milvus-standalone  Stopping
 Container milvus-standalone  Stopped
 Container milvus-standalone  Removing
 Container milvus-standalone  Removed
 Container milvus-etcd  Stopping
 Container milvus-minio  Stopping
 Container milvus-etcd  Stopped
 Container milvus-etcd  Removing
 Container milvus-etcd  Removed
 Container milvus-minio  Stopped
 Container milvus-minio  Removing
 Container milvus-minio  Removed
 Network milvus  Removing
 Network milvus  Removed
    🧹 清理宿主机数据目录: /home/dzh/project/vdtuner/vector-db-benchmark-master/engine/servers/milvus-single-node/volumes
 Network milvus  Creating
 Network milvus  Created
 Container milvus-etcd  Creating
 Container milvus-minio  Creating
 Container milvus-etcd  Created
 Container milvus-minio  Created
 Container milvus-standalone  Creating
 Container milvus-standalone  Created
 Container milvus-minio  Starting
 Container milvus-etcd  Starting
 Container milvus-minio  Started
 Container milvus-etcd  Started
 Container milvus-standalone  Starting
 Container milvus-standalone  Started
>>> [Step 3] 等待服务启动 (90s)...
    等待中... (10s/120s)
    ✅ Milvus 服务已就绪
>>> [Step 4] 运行 Benchmark...
Running experiment: milvus-p10 - random-range-2048-angular-no-filters
established connection
/home/dzh/project/vdtuner/vector-db-benchmark-master/datasets/random-range-2048-angular/random_float_100k_no_filters already exists
Experiment stage: Configure
Experiment stage: Upload

0it [00:00, ?it/s]
1it [00:00,  1.14it/s]
64it [00:00, 88.05it/s]
512it [00:01, 807.45it/s]
896it [00:01, 1356.97it/s]
1280it [00:01, 1871.51it/s]
1588it [00:01, 1972.19it/s]
1867it [00:01, 2129.19it/s]
2211it [00:01, 2451.33it/s]
2507it [00:01, 2464.05it/s]
2880it [00:01, 2777.07it/s]
3264it [00:01, 3019.51it/s]
3968it [00:02, 3927.85it/s]
4864it [00:02, 5285.83it/s]
5888it [00:02, 6621.08it/s]
6848it [00:02, 7379.83it/s]
7872it [00:02, 8140.85it/s]
8896it [00:02, 8713.21it/s]
9956it [00:02, 9262.18it/s]
10944it [00:02, 9368.00it/s]
11889it [00:02, 9202.79it/s]
12864it [00:03, 9280.91it/s]
13849it [00:03, 9446.97it/s]
14798it [00:03, 9438.28it/s]
15808it [00:03, 9552.26it/s]
16765it [00:03, 6677.36it/s]
17728it [00:03, 7263.84it/s]
18560it [00:03, 7502.61it/s]
19520it [00:03, 8014.07it/s]
20480it [00:03, 8300.95it/s]
21440it [00:04, 8606.89it/s]
22400it [00:04, 8867.58it/s]
23312it [00:04, 8879.13it/s]
24256it [00:04, 9023.78it/s]
25214it [00:04, 9185.53it/s]
26156it [00:04, 9253.85it/s]
27089it [00:04, 9225.02it/s]
28032it [00:04, 9216.56it/s]
28992it [00:04, 9319.14it/s]
29952it [00:04, 9257.02it/s]
30912it [00:05, 9302.80it/s]
31844it [00:05, 6812.07it/s]
32768it [00:05, 7291.96it/s]
33728it [00:05, 7805.44it/s]
34624it [00:05, 8083.87it/s]
35627it [00:05, 8611.51it/s]
36544it [00:05, 8761.12it/s]
37449it [00:05, 8787.87it/s]
38348it [00:06, 8714.62it/s]
39234it [00:06, 8685.11it/s]
40113it [00:06, 8488.53it/s]
40970it [00:06, 8451.17it/s]
41845it [00:06, 8537.06it/s]
42703it [00:06, 8512.00it/s]
43557it [00:06, 8384.35it/s]
44398it [00:06, 8233.90it/s]
45303it [00:06, 8470.71it/s]
46153it [00:07, 6352.42it/s]
46976it [00:07, 6765.36it/s]
47936it [00:07, 7364.48it/s]
48896it [00:07, 7880.55it/s]
49792it [00:07, 8109.14it/s]
50635it [00:07, 7914.13it/s]
51520it [00:07, 8056.33it/s]
52416it [00:07, 8227.02it/s]
53251it [00:07, 8045.50it/s]
54128it [00:08, 8250.02it/s]
54976it [00:08, 8250.03it/s]
55872it [00:08, 8331.32it/s]
56768it [00:08, 8452.79it/s]
57664it [00:08, 8487.99it/s]
58560it [00:08, 8624.67it/s]
59425it [00:08, 8621.35it/s]
60289it [00:08, 8621.50it/s]
61184it [00:08, 8617.07it/s]
62047it [00:09, 5486.71it/s]
62912it [00:09, 6102.60it/s]
63744it [00:09, 6586.28it/s]
64704it [00:09, 7255.79it/s]
65600it [00:09, 7618.14it/s]
66499it [00:09, 7984.79it/s]
67456it [00:09, 8336.28it/s]
68352it [00:09, 8456.09it/s]
69223it [00:09, 8451.18it/s]
70086it [00:10, 8475.61it/s]
70976it [00:10, 8575.48it/s]
71857it [00:10, 8643.81it/s]
72768it [00:10, 8683.76it/s]
73641it [00:10, 8661.08it/s]
74560it [00:10, 8680.89it/s]
75512it [00:10, 8925.78it/s]
76407it [00:10, 8816.46it/s]
77291it [00:11, 5671.81it/s]
78208it [00:11, 6403.20it/s]
79104it [00:11, 6924.71it/s]
80000it [00:11, 7373.63it/s]
80928it [00:11, 7868.59it/s]
81856it [00:11, 8139.75it/s]
82816it [00:11, 8460.25it/s]
83712it [00:11, 8569.95it/s]
84608it [00:11, 8638.99it/s]
85491it [00:11, 8693.51it/s]
86400it [00:12, 8658.04it/s]
87296it [00:12, 8615.38it/s]
88164it [00:12, 8213.36it/s]
89024it [00:12, 8296.41it/s]
89920it [00:12, 8467.43it/s]
90816it [00:12, 8514.64it/s]
91738it [00:12, 8719.17it/s]
92613it [00:13, 5384.86it/s]
93504it [00:13, 6082.68it/s]
94343it [00:13, 6604.60it/s]
95201it [00:13, 7086.67it/s]
96064it [00:13, 7420.16it/s]
96960it [00:13, 7776.07it/s]
97856it [00:13, 8045.14it/s]
98699it [00:13, 8088.59it/s]
99562it [00:13, 8242.22it/s]
100000it [00:13, 7190.18it/s]
Upload time: 14.481780004221946
Total import time: 44.911863814108074
Experiment stage: Search

0it [00:00, ?it/s]
4it [00:00,  5.28it/s]
14it [00:00, 18.79it/s]
28it [00:01, 38.39it/s]
71it [00:01, 113.82it/s]
139it [00:01, 235.99it/s]
226it [00:01, 385.33it/s]
315it [00:01, 512.37it/s]
398it [00:01, 592.75it/s]
478it [00:01, 648.65it/s]
556it [00:01, 684.26it/s]
643it [00:01, 731.42it/s]
728it [00:01, 764.44it/s]
808it [00:02, 764.72it/s]
898it [00:02, 801.79it/s]
980it [00:02, 803.43it/s]
1066it [00:02, 818.45it/s]
1153it [00:02, 831.61it/s]
1240it [00:02, 841.50it/s]
1325it [00:02, 835.66it/s]
1409it [00:02, 826.55it/s]
1513it [00:02, 888.06it/s]
1612it [00:02, 916.77it/s]
1704it [00:03, 898.51it/s]
1795it [00:03, 896.22it/s]
1885it [00:03, 868.81it/s]
1973it [00:03, 867.13it/s]
2060it [00:03, 840.54it/s]
2148it [00:03, 849.31it/s]
2239it [00:03, 864.01it/s]
2336it [00:03, 894.88it/s]
2430it [00:03, 905.51it/s]
2521it [00:03, 894.42it/s]
2611it [00:04, 851.35it/s]
2697it [00:04, 815.26it/s]
2780it [00:04, 742.02it/s]
2862it [00:04, 761.65it/s]
2949it [00:04, 785.50it/s]
3029it [00:04, 783.43it/s]
3122it [00:04, 824.33it/s]
3206it [00:04, 824.72it/s]
3298it [00:04, 851.13it/s]
3384it [00:05, 755.54it/s]
3469it [00:05, 780.32it/s]
3558it [00:05, 807.71it/s]
3649it [00:05, 833.77it/s]
3734it [00:05, 824.25it/s]
3818it [00:05, 799.36it/s]
3899it [00:05, 736.51it/s]
3974it [00:05, 737.78it/s]
4064it [00:05, 782.41it/s]
4156it [00:06, 820.55it/s]
4246it [00:06, 842.76it/s]
4335it [00:06, 855.84it/s]
4422it [00:06, 843.68it/s]
4507it [00:06, 839.36it/s]
4592it [00:06, 828.54it/s]
4676it [00:06, 815.39it/s]
4766it [00:06, 837.93it/s]
4850it [00:06, 824.51it/s]
4938it [00:07, 836.53it/s]
5028it [00:07, 852.71it/s]
5116it [00:07, 858.55it/s]
5202it [00:07, 834.60it/s]
5286it [00:07, 820.87it/s]
5369it [00:07, 813.50it/s]
5460it [00:07, 839.82it/s]
5545it [00:07, 808.49it/s]
5636it [00:07, 836.57it/s]
5720it [00:07, 835.04it/s]
5813it [00:08, 861.05it/s]
5900it [00:08, 856.87it/s]
5989it [00:08, 866.11it/s]
6076it [00:08, 852.22it/s]
6162it [00:08, 832.23it/s]
6246it [00:08, 806.12it/s]
6327it [00:08, 797.42it/s]
6410it [00:08, 805.89it/s]
6495it [00:08, 818.15it/s]
6577it [00:08, 804.13it/s]
6660it [00:09, 809.99it/s]
6743it [00:09, 813.56it/s]
6833it [00:09, 838.72it/s]
6936it [00:09, 892.02it/s]
7033it [00:09, 914.16it/s]
7125it [00:09, 899.87it/s]
7216it [00:09, 893.30it/s]
7306it [00:09, 879.89it/s]
7396it [00:09, 884.19it/s]
7487it [00:10, 889.78it/s]
7577it [00:10, 872.52it/s]
7665it [00:10, 843.50it/s]
7753it [00:10, 852.12it/s]
7839it [00:10, 838.50it/s]
7924it [00:10, 836.79it/s]
8008it [00:10, 780.97it/s]
8094it [00:10, 802.43it/s]
8175it [00:10, 800.58it/s]
8262it [00:10, 820.12it/s]
8345it [00:11, 754.78it/s]
8434it [00:11, 789.15it/s]
8524it [00:11, 815.92it/s]
8607it [00:11, 782.44it/s]
8690it [00:11, 794.63it/s]
8777it [00:11, 811.59it/s]
8873it [00:11, 854.26it/s]
8959it [00:11, 834.20it/s]
9045it [00:11, 840.89it/s]
9130it [00:12, 836.47it/s]
9220it [00:12, 852.45it/s]
9306it [00:12, 833.87it/s]
9396it [00:12, 850.95it/s]
9482it [00:12, 845.22it/s]
9567it [00:12, 838.22it/s]
9658it [00:12, 858.60it/s]
9744it [00:12, 827.38it/s]
9831it [00:12, 838.89it/s]
9917it [00:12, 842.90it/s]
10000it [00:13, 765.60it/s]
Experiment stage: Done
Results saved to:  /home/dzh/project/vdtuner/vector-db-benchmark-master/results
>>> [Step 5] 收尾工作...
    监控日志已保存。
📊 测试结果摘要:
0.9633200000000001
758.7364652650095
0.005539086298085749
line1:  0.005539086298085749
line1:  758.7364652650095
line1:  0.9633200000000001
numeric_values:  [0.005539086298085749, 758.7364652650095, 0.9633200000000001]
[26] 2174 0.9633200000000001 0.005539086298085749 91
/bin/sh: 1: Syntax error: "(" unexpected
/data/dzh/venv/lib/python3.10/site-packages/botorch/acquisition/multi_objective/monte_carlo.py:110: NumericsWarning: qExpectedHypervolumeImprovement has known numerical issues that lead to suboptimal optimization performance. It is strongly recommended to simply replace

	 qExpectedHypervolumeImprovement 	 --> 	 qLogExpectedHypervolumeImprovement 

instead, which fixes the issues and has the same API. See https://arxiv.org/abs/2310.20708 for details.
  legacy_ei_numerics_warning(legacy_name=type(self).__name__)
--- DEBUG: Starting command:---
=======================================
🛠️  开始测试流程
Engine: milvus-p10 | Dataset: random-range-2048-angular-no-filters
=======================================
>>> [Step 1] 启动后台监控...
    监控进程 PID: 3911551
>>> [Step 2] 重置 Milvus...
 Container milvus-standalone  Stopping
 Container milvus-standalone  Stopped
 Container milvus-standalone  Removing
 Container milvus-standalone  Removed
 Container milvus-minio  Stopping
 Container milvus-etcd  Stopping
 Container milvus-etcd  Stopped
 Container milvus-etcd  Removing
 Container milvus-etcd  Removed
 Container milvus-minio  Stopped
 Container milvus-minio  Removing
 Container milvus-minio  Removed
 Network milvus  Removing
 Network milvus  Removed
    🧹 清理宿主机数据目录: /home/dzh/project/vdtuner/vector-db-benchmark-master/engine/servers/milvus-single-node/volumes
 Network milvus  Creating
 Network milvus  Created
 Container milvus-etcd  Creating
 Container milvus-minio  Creating
 Container milvus-etcd  Created
 Container milvus-minio  Created
 Container milvus-standalone  Creating
 Container milvus-standalone  Created
 Container milvus-minio  Starting
 Container milvus-etcd  Starting
 Container milvus-minio  Started
 Container milvus-etcd  Started
 Container milvus-standalone  Starting
 Container milvus-standalone  Started
>>> [Step 3] 等待服务启动 (90s)...
    等待中... (10s/120s)
    ✅ Milvus 服务已就绪
>>> [Step 4] 运行 Benchmark...
Running experiment: milvus-p10 - random-range-2048-angular-no-filters
established connection
/home/dzh/project/vdtuner/vector-db-benchmark-master/datasets/random-range-2048-angular/random_float_100k_no_filters already exists
Experiment stage: Configure
Experiment stage: Upload

0it [00:00, ?it/s]
1it [00:00,  2.10it/s]
64it [00:00, 75.21it/s]
704it [00:01, 950.69it/s]
938it [00:01, 1093.52it/s]
1216it [00:01, 1393.48it/s]
1473it [00:01, 1633.31it/s]
1879it [00:01, 2180.63it/s]
2176it [00:01, 2354.52it/s]
2496it [00:01, 2510.01it/s]
2944it [00:01, 2961.84it/s]
3520it [00:01, 3705.17it/s]
4544it [00:02, 5457.71it/s]
5440it [00:02, 6378.48it/s]
6356it [00:02, 7170.17it/s]
7296it [00:02, 7800.32it/s]
8128it [00:02, 7846.38it/s]
9024it [00:02, 8103.88it/s]
9865it [00:02, 8192.66it/s]
10723it [00:02, 8306.20it/s]
11559it [00:02, 8319.39it/s]
12395it [00:03, 8198.75it/s]
13301it [00:03, 8452.33it/s]
14272it [00:03, 8721.76it/s]
15232it [00:03, 8866.79it/s]
16192it [00:03, 7063.59it/s]
17152it [00:03, 7618.59it/s]
18112it [00:03, 8031.38it/s]
19073it [00:03, 8452.23it/s]
20032it [00:03, 8702.56it/s]
20992it [00:04, 8943.37it/s]
21952it [00:04, 9043.09it/s]
22912it [00:04, 9150.49it/s]
23872it [00:04, 9165.60it/s]
24832it [00:04, 9277.63it/s]
25792it [00:04, 9278.04it/s]
26752it [00:04, 9312.62it/s]
27776it [00:04, 9470.75it/s]
28736it [00:04, 9444.13it/s]
29696it [00:04, 9361.61it/s]
30634it [00:05, 9267.26it/s]
31562it [00:05, 6034.66it/s]
32576it [00:05, 6858.85it/s]
33536it [00:05, 7492.32it/s]
34432it [00:05, 7854.76it/s]
35392it [00:05, 8261.48it/s]
36379it [00:05, 8697.68it/s]
37299it [00:05, 8813.13it/s]
38216it [00:06, 8747.58it/s]
39168it [00:06, 8879.08it/s]
40106it [00:06, 9022.43it/s]
41037it [00:06, 9105.62it/s]
41957it [00:06, 9122.69it/s]
42880it [00:06, 9035.76it/s]
43789it [00:06, 8580.91it/s]
44672it [00:06, 8638.57it/s]
45606it [00:06, 8841.07it/s]
46495it [00:06, 8696.42it/s]
47369it [00:07, 6741.60it/s]
48256it [00:07, 7226.37it/s]
49037it [00:07, 7074.72it/s]
49920it [00:07, 7481.07it/s]
50861it [00:07, 8001.12it/s]
51691it [00:07, 8046.24it/s]
52517it [00:07, 7678.62it/s]
53370it [00:07, 7914.22it/s]
54176it [00:08, 7517.40it/s]
54941it [00:08, 7358.40it/s]
55808it [00:08, 7689.36it/s]
56704it [00:08, 8013.09it/s]
57600it [00:08, 8240.68it/s]
58560it [00:08, 8593.67it/s]
59456it [00:08, 8686.53it/s]
60352it [00:08, 8744.98it/s]
61312it [00:08, 8869.70it/s]
62201it [00:09, 5577.08it/s]
63104it [00:09, 6255.27it/s]
64001it [00:09, 6874.63it/s]
64896it [00:09, 7367.06it/s]
65856it [00:09, 7855.62it/s]
66772it [00:09, 8205.06it/s]
67712it [00:09, 8419.87it/s]
68600it [00:09, 8548.24it/s]
69482it [00:09, 8578.31it/s]
70359it [00:10, 8504.10it/s]
71223it [00:10, 8207.84it/s]
72064it [00:10, 8139.86it/s]
72960it [00:10, 8372.14it/s]
73844it [00:10, 8507.24it/s]
74752it [00:10, 8558.03it/s]
75648it [00:10, 8617.59it/s]
76513it [00:10, 5772.14it/s]
77248it [00:11, 6093.52it/s]
78208it [00:11, 6867.25it/s]
79104it [00:11, 7379.68it/s]
80000it [00:11, 7748.50it/s]
80832it [00:11, 7849.26it/s]
81736it [00:11, 8180.55it/s]
82584it [00:11, 8263.11it/s]
83456it [00:11, 8364.67it/s]
84315it [00:11, 8429.68it/s]
85184it [00:12, 8405.94it/s]
86080it [00:12, 8477.09it/s]
86976it [00:12, 8537.05it/s]
87876it [00:12, 8672.59it/s]
88765it [00:12, 8736.51it/s]
89641it [00:12, 8684.23it/s]
90560it [00:12, 8654.33it/s]
91427it [00:12, 8580.28it/s]
92286it [00:12, 8138.30it/s]
93120it [00:12, 8172.44it/s]
94016it [00:13, 8326.03it/s]
94912it [00:13, 8403.97it/s]
95872it [00:13, 8639.81it/s]
96768it [00:13, 8688.92it/s]
97664it [00:13, 8690.83it/s]
98607it [00:13, 8907.06it/s]
99499it [00:13, 8737.53it/s]
100000it [00:13, 7282.28it/s]
Upload time: 14.135532765649259
Total import time: 33.59948503691703
Experiment stage: Search

0it [00:00, ?it/s]
4it [00:00,  5.40it/s]
14it [00:00, 20.12it/s]
42it [00:00, 67.55it/s]
68it [00:01, 107.15it/s]
145it [00:01, 254.16it/s]
220it [00:01, 373.96it/s]
303it [00:01, 490.53it/s]
384it [00:01, 574.23it/s]
452it [00:01, 595.78it/s]
525it [00:01, 633.29it/s]
606it [00:01, 683.48it/s]
682it [00:01, 702.58it/s]
756it [00:01, 680.58it/s]
851it [00:02, 755.67it/s]
958it [00:02, 843.61it/s]
1055it [00:02, 876.93it/s]
1148it [00:02, 891.22it/s]
1239it [00:02, 855.94it/s]
1326it [00:02, 834.51it/s]
1412it [00:02, 840.60it/s]
1497it [00:02, 841.56it/s]
1582it [00:02, 839.81it/s]
1668it [00:03, 844.15it/s]
1757it [00:03, 855.03it/s]
1843it [00:03, 835.17it/s]
1927it [00:03, 797.91it/s]
2008it [00:03, 788.99it/s]
2106it [00:03, 842.43it/s]
2191it [00:03, 823.48it/s]
2274it [00:03, 815.89it/s]
2359it [00:03, 824.89it/s]
2450it [00:03, 848.25it/s]
2536it [00:04, 842.96it/s]
2621it [00:04, 808.79it/s]
2703it [00:04, 804.43it/s]
2784it [00:04, 755.10it/s]
2865it [00:04, 769.45it/s]
2943it [00:04, 768.00it/s]
3021it [00:04, 744.80it/s]
3096it [00:04, 720.52it/s]
3169it [00:04, 701.53it/s]
3256it [00:05, 748.75it/s]
3337it [00:05, 764.96it/s]
3420it [00:05, 782.88it/s]
3509it [00:05, 813.58it/s]
3591it [00:05, 805.53it/s]
3672it [00:05, 799.96it/s]
3760it [00:05, 820.75it/s]
3848it [00:05, 838.06it/s]
3932it [00:05, 827.27it/s]
4015it [00:05, 795.61it/s]
4095it [00:06, 750.38it/s]
4171it [00:06, 738.44it/s]
4247it [00:06, 744.37it/s]
4322it [00:06, 731.13it/s]
4396it [00:06, 729.48it/s]
4488it [00:06, 780.93it/s]
4567it [00:06, 760.10it/s]
4646it [00:06, 767.77it/s]
4734it [00:06, 798.41it/s]
4815it [00:07, 795.72it/s]
4900it [00:07, 809.64it/s]
4982it [00:07, 802.64it/s]
5068it [00:07, 818.02it/s]
5153it [00:07, 825.46it/s]
5236it [00:07, 824.85it/s]
5319it [00:07, 817.25it/s]
5406it [00:07, 830.51it/s]
5490it [00:07, 810.71it/s]
5575it [00:07, 821.30it/s]
5658it [00:08, 794.94it/s]
5741it [00:08, 802.30it/s]
5834it [00:08, 839.01it/s]
5919it [00:08, 827.28it/s]
6009it [00:08, 845.96it/s]
6101it [00:08, 866.36it/s]
6188it [00:08, 864.30it/s]
6275it [00:08, 856.02it/s]
6361it [00:08, 832.01it/s]
6445it [00:09, 808.62it/s]
6527it [00:09, 799.71it/s]
6608it [00:09, 783.05it/s]
6687it [00:09, 751.62it/s]
6775it [00:09, 786.43it/s]
6860it [00:09, 803.22it/s]
6941it [00:09, 761.31it/s]
7018it [00:09, 743.82it/s]
7106it [00:09, 774.11it/s]
7184it [00:09, 735.58it/s]
7259it [00:10, 717.26it/s]
7332it [00:10, 706.27it/s]
7403it [00:10, 668.73it/s]
7488it [00:10, 718.23it/s]
7574it [00:10, 757.00it/s]
7655it [00:10, 770.19it/s]
7746it [00:10, 808.67it/s]
7836it [00:10, 834.00it/s]
7920it [00:10, 821.48it/s]
8003it [00:11, 731.75it/s]
8094it [00:11, 779.16it/s]
8174it [00:11, 767.41it/s]
8253it [00:11, 680.34it/s]
8324it [00:11, 571.66it/s]
8386it [00:11, 512.35it/s]
8441it [00:12, 387.12it/s]
8486it [00:12, 262.11it/s]
8525it [00:12, 267.93it/s]
8559it [00:12, 206.53it/s]
8586it [00:12, 197.39it/s]
8610it [00:13, 134.39it/s]
8629it [00:13, 116.04it/s]
8648it [00:13, 122.99it/s]
8670it [00:13, 138.45it/s]
8696it [00:14, 159.46it/s]
8716it [00:14, 155.90it/s]
8735it [00:14, 139.41it/s]
8790it [00:14, 224.96it/s]
8874it [00:14, 365.73it/s]
8940it [00:14, 437.67it/s]
9020it [00:14, 530.84it/s]
9112it [00:14, 635.57it/s]
9205it [00:14, 716.67it/s]
9298it [00:15, 776.95it/s]
9396it [00:15, 835.46it/s]
9495it [00:15, 877.37it/s]
9585it [00:15, 840.86it/s]
9671it [00:15, 843.28it/s]
9757it [00:15, 844.28it/s]
9843it [00:15, 844.09it/s]
9928it [00:15, 814.03it/s]
10000it [00:15, 629.40it/s]
Experiment stage: Done
Results saved to:  /home/dzh/project/vdtuner/vector-db-benchmark-master/results
>>> [Step 5] 收尾工作...
    监控日志已保存。
📊 测试结果摘要:
0.39683
625.6098319562484
0.003896273509599268
line1:  0.003896273509599268
line1:  625.6098319562484
line1:  0.39683
numeric_values:  [0.003896273509599268, 625.6098319562484, 0.39683]
[27] 2257 0.39683 0.003896273509599268 82
/bin/sh: 1: Syntax error: "(" unexpected
/data/dzh/venv/lib/python3.10/site-packages/botorch/acquisition/multi_objective/monte_carlo.py:110: NumericsWarning: qExpectedHypervolumeImprovement has known numerical issues that lead to suboptimal optimization performance. It is strongly recommended to simply replace

	 qExpectedHypervolumeImprovement 	 --> 	 qLogExpectedHypervolumeImprovement 

instead, which fixes the issues and has the same API. See https://arxiv.org/abs/2310.20708 for details.
  legacy_ei_numerics_warning(legacy_name=type(self).__name__)
--- DEBUG: Starting command:---
=======================================
🛠️  开始测试流程
Engine: milvus-p10 | Dataset: random-range-2048-angular-no-filters
=======================================
>>> [Step 1] 启动后台监控...
    监控进程 PID: 3922829
>>> [Step 2] 重置 Milvus...
 Container milvus-standalone  Stopping
 Container milvus-standalone  Stopped
 Container milvus-standalone  Removing
 Container milvus-standalone  Removed
 Container milvus-etcd  Stopping
 Container milvus-minio  Stopping
 Container milvus-etcd  Stopped
 Container milvus-etcd  Removing
 Container milvus-etcd  Removed
 Container milvus-minio  Stopped
 Container milvus-minio  Removing
 Container milvus-minio  Removed
 Network milvus  Removing
 Network milvus  Removed
    🧹 清理宿主机数据目录: /home/dzh/project/vdtuner/vector-db-benchmark-master/engine/servers/milvus-single-node/volumes
 Network milvus  Creating
 Network milvus  Created
 Container milvus-etcd  Creating
 Container milvus-minio  Creating
 Container milvus-minio  Created
 Container milvus-etcd  Created
 Container milvus-standalone  Creating
 Container milvus-standalone  Created
 Container milvus-etcd  Starting
 Container milvus-minio  Starting
 Container milvus-minio  Started
 Container milvus-etcd  Started
 Container milvus-standalone  Starting
 Container milvus-standalone  Started
>>> [Step 3] 等待服务启动 (90s)...
    等待中... (10s/120s)
    ✅ Milvus 服务已就绪
>>> [Step 4] 运行 Benchmark...
Running experiment: milvus-p10 - random-range-2048-angular-no-filters
established connection
/home/dzh/project/vdtuner/vector-db-benchmark-master/datasets/random-range-2048-angular/random_float_100k_no_filters already exists
Experiment stage: Configure
Experiment stage: Upload

0it [00:00, ?it/s]
1it [00:01,  1.25s/it]
768it [00:01, 778.26it/s]
1179it [00:01, 1015.62it/s]
1600it [00:01, 1406.03it/s]
1981it [00:01, 1781.55it/s]
2325it [00:01, 2046.70it/s]
2659it [00:02, 1975.73it/s]
3051it [00:02, 2353.57it/s]
3648it [00:02, 3146.16it/s]
4672it [00:02, 4818.15it/s]
5696it [00:02, 6141.43it/s]
6693it [00:02, 7153.56it/s]
7744it [00:02, 8009.25it/s]
8705it [00:02, 8456.70it/s]
9728it [00:02, 8876.63it/s]
10688it [00:03, 9017.04it/s]
11712it [00:03, 9280.07it/s]
12672it [00:03, 9020.77it/s]
13632it [00:03, 9154.14it/s]
14656it [00:03, 9375.63it/s]
15616it [00:03, 9379.72it/s]
16576it [00:03, 9408.85it/s]
17521it [00:03, 6079.60it/s]
18432it [00:04, 6716.60it/s]
19392it [00:04, 7308.46it/s]
20352it [00:04, 7801.68it/s]
21312it [00:04, 8250.64it/s]
22272it [00:04, 8488.46it/s]
23232it [00:04, 8731.17it/s]
24140it [00:04, 8792.97it/s]
25044it [00:04, 8802.92it/s]
25984it [00:04, 8914.89it/s]
26888it [00:04, 8765.81it/s]
27827it [00:05, 8945.95it/s]
28729it [00:05, 8889.76it/s]
29623it [00:05, 8599.62it/s]
30488it [00:05, 8491.66it/s]
31424it [00:05, 8586.14it/s]
32285it [00:05, 5537.83it/s]
33152it [00:05, 6153.60it/s]
34048it [00:06, 6767.13it/s]
34880it [00:06, 7129.41it/s]
35776it [00:06, 7597.34it/s]
36736it [00:06, 8025.01it/s]
37632it [00:06, 8187.88it/s]
38594it [00:06, 8588.99it/s]
39529it [00:06, 8806.32it/s]
40430it [00:06, 8769.30it/s]
41321it [00:06, 8809.74it/s]
42212it [00:06, 8751.28it/s]
43094it [00:07, 8737.43it/s]
43973it [00:07, 8638.23it/s]
44841it [00:07, 8632.20it/s]
45707it [00:07, 5529.19it/s]
46597it [00:07, 6243.75it/s]
47495it [00:07, 6880.35it/s]
48320it [00:07, 7200.68it/s]
49216it [00:07, 7635.60it/s]
50043it [00:08, 7766.92it/s]
50944it [00:08, 8013.31it/s]
51779it [00:08, 8090.93it/s]
52672it [00:08, 8244.17it/s]
53514it [00:08, 8290.45it/s]
54394it [00:08, 8438.33it/s]
55247it [00:08, 7819.29it/s]
56044it [00:08, 7709.65it/s]
56825it [00:08, 7428.65it/s]
57576it [00:08, 7431.07it/s]
58325it [00:09, 7435.16it/s]
59136it [00:09, 7586.03it/s]
59968it [00:09, 7754.06it/s]
60864it [00:09, 6190.57it/s]
61540it [00:09, 6227.77it/s]
62415it [00:09, 6867.30it/s]
63296it [00:09, 7307.74it/s]
64256it [00:09, 7839.15it/s]
65152it [00:10, 8092.03it/s]
66048it [00:10, 8271.31it/s]
66944it [00:10, 8373.11it/s]
67792it [00:10, 8380.55it/s]
68672it [00:10, 8473.30it/s]
69568it [00:10, 8591.88it/s]
70464it [00:10, 8561.96it/s]
71424it [00:10, 8694.62it/s]
72296it [00:10, 8651.61it/s]
73216it [00:10, 8747.29it/s]
74092it [00:11, 8514.57it/s]
74945it [00:11, 8498.17it/s]
75904it [00:11, 8794.03it/s]
76785it [00:11, 5338.23it/s]
77696it [00:11, 6076.61it/s]
78528it [00:11, 6495.67it/s]
79296it [00:11, 6773.44it/s]
80192it [00:11, 7258.78it/s]
81088it [00:12, 7693.33it/s]
81984it [00:12, 8038.24it/s]
82880it [00:12, 8246.06it/s]
83776it [00:12, 8336.02it/s]
84672it [00:12, 8513.26it/s]
85568it [00:12, 8634.39it/s]
86443it [00:12, 8543.44it/s]
87306it [00:12, 8417.60it/s]
88154it [00:12, 8386.96it/s]
89024it [00:13, 8359.99it/s]
89920it [00:13, 8426.96it/s]
90765it [00:13, 5823.09it/s]
91648it [00:13, 6456.37it/s]
92608it [00:13, 7193.30it/s]
93510it [00:13, 7659.32it/s]
94400it [00:13, 7878.77it/s]
95296it [00:13, 8155.01it/s]
96149it [00:13, 8207.52it/s]
97024it [00:14, 8257.05it/s]
97920it [00:14, 8391.76it/s]
98816it [00:14, 8493.20it/s]
99776it [00:14, 8707.57it/s]
100000it [00:14, 6935.56it/s]
Upload time: 14.82449163775891
Total import time: 44.66157725872472
Experiment stage: Search

0it [00:00, ?it/s]
4it [00:00,  5.07it/s]
13it [00:00, 16.77it/s]
57it [00:01, 87.85it/s]
79it [00:01, 105.16it/s]
144it [00:01, 216.20it/s]
228it [00:01, 355.94it/s]
318it [00:01, 487.66it/s]
404it [00:01, 582.33it/s]
489it [00:01, 653.31it/s]
574it [00:01, 701.81it/s]
652it [00:01, 723.55it/s]
740it [00:01, 766.52it/s]
821it [00:02, 699.18it/s]
895it [00:02, 602.52it/s]
979it [00:02, 657.31it/s]
1050it [00:02, 566.15it/s]
1117it [00:02, 558.25it/s]
1193it [00:02, 606.45it/s]
1258it [00:02, 524.61it/s]
1315it [00:03, 522.60it/s]
1387it [00:03, 535.54it/s]
1477it [00:03, 626.14it/s]
1551it [00:03, 655.86it/s]
1625it [00:03, 678.50it/s]
1714it [00:03, 736.27it/s]
1790it [00:03, 734.94it/s]
1866it [00:03, 740.63it/s]
1952it [00:03, 774.27it/s]
2031it [00:04, 777.30it/s]
2110it [00:04, 773.01it/s]
2193it [00:04, 789.62it/s]
2286it [00:04, 831.05it/s]
2380it [00:04, 863.16it/s]
2475it [00:04, 888.91it/s]
2565it [00:04, 887.34it/s]
2654it [00:04, 883.51it/s]
2743it [00:04, 858.80it/s]
2830it [00:04, 828.15it/s]
2914it [00:05, 801.03it/s]
2995it [00:05, 778.98it/s]
3080it [00:05, 792.66it/s]
3160it [00:05, 778.22it/s]
3244it [00:05, 793.95it/s]
3324it [00:05, 780.75it/s]
3404it [00:05, 785.30it/s]
3483it [00:05, 751.90it/s]
3559it [00:05, 667.18it/s]
3636it [00:06, 693.82it/s]
3708it [00:06, 700.62it/s]
3799it [00:06, 754.20it/s]
3877it [00:06, 757.27it/s]
3958it [00:06, 771.66it/s]
4044it [00:06, 797.36it/s]
4132it [00:06, 821.37it/s]
4215it [00:06, 820.08it/s]
4298it [00:06, 801.29it/s]
4379it [00:06, 796.48it/s]
4462it [00:07, 802.35it/s]
4543it [00:07, 798.13it/s]
4636it [00:07, 836.04it/s]
4720it [00:07, 821.98it/s]
4807it [00:07, 833.57it/s]
4891it [00:07, 810.35it/s]
4982it [00:07, 832.78it/s]
5071it [00:07, 847.16it/s]
5156it [00:07, 846.70it/s]
5241it [00:07, 839.94it/s]
5326it [00:08, 785.73it/s]
5409it [00:08, 797.63it/s]
5500it [00:08, 828.34it/s]
5595it [00:08, 860.89it/s]
5684it [00:08, 867.15it/s]
5773it [00:08, 871.69it/s]
5862it [00:08, 876.10it/s]
5957it [00:08, 889.87it/s]
6059it [00:08, 926.40it/s]
6152it [00:09, 881.92it/s]
6241it [00:09, 847.83it/s]
6327it [00:09, 783.18it/s]
6407it [00:09, 766.20it/s]
6489it [00:09, 780.76it/s]
6576it [00:09, 804.61it/s]
6658it [00:09, 796.88it/s]
6754it [00:09, 841.96it/s]
6852it [00:09, 880.11it/s]
6941it [00:10, 878.71it/s]
7032it [00:10, 886.25it/s]
7121it [00:10, 840.98it/s]
7206it [00:10, 819.87it/s]
7289it [00:10, 785.22it/s]
7374it [00:10, 800.19it/s]
7455it [00:10, 791.81it/s]
7535it [00:10, 767.83it/s]
7619it [00:10, 787.83it/s]
7699it [00:10, 789.49it/s]
7779it [00:11, 754.97it/s]
7855it [00:11, 754.37it/s]
7935it [00:11, 764.34it/s]
8017it [00:11, 777.02it/s]
8095it [00:11, 762.77it/s]
8172it [00:11, 758.74it/s]
8250it [00:11, 764.27it/s]
8327it [00:11, 737.29it/s]
8401it [00:11, 716.97it/s]
8487it [00:12, 757.78it/s]
8568it [00:12, 772.23it/s]
8648it [00:12, 779.94it/s]
8729it [00:12, 787.55it/s]
8819it [00:12, 817.95it/s]
8911it [00:12, 846.59it/s]
9003it [00:12, 866.86it/s]
9101it [00:12, 900.05it/s]
9200it [00:12, 926.36it/s]
9300it [00:12, 946.60it/s]
9395it [00:13, 927.18it/s]
9488it [00:13, 854.68it/s]
9575it [00:13, 782.55it/s]
9655it [00:13, 710.26it/s]
9729it [00:13, 694.66it/s]
9809it [00:13, 719.93it/s]
9891it [00:13, 745.54it/s]
9967it [00:13, 732.93it/s]
10000it [00:13, 719.01it/s]
Experiment stage: Done
Results saved to:  /home/dzh/project/vdtuner/vector-db-benchmark-master/results
>>> [Step 5] 收尾工作...
    监控日志已保存。
📊 测试结果摘要:
0.9808
712.9160294486563
0.006087236967869103
line1:  0.006087236967869103
line1:  712.9160294486563
line1:  0.9808
numeric_values:  [0.006087236967869103, 712.9160294486563, 0.9808]
[28] 2349 0.9808 0.006087236967869103 92
/bin/sh: 1: Syntax error: "(" unexpected
/data/dzh/venv/lib/python3.10/site-packages/botorch/acquisition/multi_objective/monte_carlo.py:110: NumericsWarning: qExpectedHypervolumeImprovement has known numerical issues that lead to suboptimal optimization performance. It is strongly recommended to simply replace

	 qExpectedHypervolumeImprovement 	 --> 	 qLogExpectedHypervolumeImprovement 

instead, which fixes the issues and has the same API. See https://arxiv.org/abs/2310.20708 for details.
  legacy_ei_numerics_warning(legacy_name=type(self).__name__)
--- DEBUG: Starting command:---
=======================================
🛠️  开始测试流程
Engine: milvus-p10 | Dataset: random-range-2048-angular-no-filters
=======================================
>>> [Step 1] 启动后台监控...
    监控进程 PID: 3934233
>>> [Step 2] 重置 Milvus...
 Container milvus-standalone  Stopping
 Container milvus-standalone  Stopped
 Container milvus-standalone  Removing
 Container milvus-standalone  Removed
 Container milvus-etcd  Stopping
 Container milvus-minio  Stopping
 Container milvus-etcd  Stopped
 Container milvus-etcd  Removing
 Container milvus-etcd  Removed
 Container milvus-minio  Stopped
 Container milvus-minio  Removing
 Container milvus-minio  Removed
 Network milvus  Removing
 Network milvus  Removed
    🧹 清理宿主机数据目录: /home/dzh/project/vdtuner/vector-db-benchmark-master/engine/servers/milvus-single-node/volumes
 Network milvus  Creating
 Network milvus  Created
 Container milvus-minio  Creating
 Container milvus-etcd  Creating
 Container milvus-etcd  Created
 Container milvus-minio  Created
 Container milvus-standalone  Creating
 Container milvus-standalone  Created
 Container milvus-minio  Starting
 Container milvus-etcd  Starting
 Container milvus-etcd  Started
 Container milvus-minio  Started
 Container milvus-standalone  Starting
 Container milvus-standalone  Started
>>> [Step 3] 等待服务启动 (90s)...
    等待中... (10s/120s)
    ✅ Milvus 服务已就绪
>>> [Step 4] 运行 Benchmark...
Running experiment: milvus-p10 - random-range-2048-angular-no-filters
established connection
/home/dzh/project/vdtuner/vector-db-benchmark-master/datasets/random-range-2048-angular/random_float_100k_no_filters already exists
Experiment stage: Configure
Experiment stage: Upload

0it [00:00, ?it/s]
1it [00:00,  1.69it/s]
64it [00:00, 80.00it/s]
512it [00:01, 749.27it/s]
896it [00:01, 1253.68it/s]
1344it [00:01, 1851.24it/s]
1664it [00:01, 2002.23it/s]
1949it [00:01, 1905.76it/s]
2240it [00:01, 2100.78it/s]
2816it [00:01, 2731.53it/s]
3209it [00:01, 3014.91it/s]
4096it [00:02, 4424.12it/s]
4893it [00:02, 5353.22it/s]
5952it [00:02, 6721.34it/s]
7040it [00:02, 7807.96it/s]
8064it [00:02, 8443.73it/s]
9040it [00:02, 8820.15it/s]
10048it [00:02, 9117.87it/s]
11072it [00:02, 9389.92it/s]
12096it [00:02, 9593.34it/s]
13120it [00:02, 9704.72it/s]
14144it [00:03, 9848.01it/s]
15160it [00:03, 9939.63it/s]
16158it [00:03, 9792.68it/s]
17140it [00:03, 6228.32it/s]
18112it [00:03, 6942.59it/s]
19136it [00:03, 7666.75it/s]
20096it [00:03, 8140.10it/s]
21056it [00:03, 8469.35it/s]
22080it [00:04, 8858.23it/s]
23104it [00:04, 9199.12it/s]
24128it [00:04, 9363.17it/s]
25093it [00:04, 9267.95it/s]
26048it [00:04, 9306.27it/s]
27072it [00:04, 9554.26it/s]
28038it [00:04, 9406.60it/s]
28992it [00:04, 9343.11it/s]
30016it [00:04, 9455.60it/s]
30976it [00:05, 9380.05it/s]
31917it [00:05, 7859.91it/s]
32896it [00:05, 8281.01it/s]
33856it [00:05, 8617.80it/s]
34880it [00:05, 8960.27it/s]
35840it [00:05, 9010.46it/s]
36864it [00:05, 9338.05it/s]
37838it [00:05, 9453.20it/s]
38794it [00:05, 9482.24it/s]
39808it [00:06, 9562.12it/s]
40832it [00:06, 9640.86it/s]
41800it [00:06, 9399.31it/s]
42816it [00:06, 9599.16it/s]
43779it [00:06, 9353.76it/s]
44736it [00:06, 9301.28it/s]
45724it [00:06, 9468.43it/s]
46673it [00:06, 8065.77it/s]
47616it [00:06, 8374.75it/s]
48483it [00:06, 8371.02it/s]
49344it [00:07, 8434.09it/s]
50296it [00:07, 8741.68it/s]
51183it [00:07, 8709.57it/s]
52063it [00:07, 8732.44it/s]
52992it [00:07, 8885.80it/s]
53937it [00:07, 9051.57it/s]
54846it [00:07, 8942.63it/s]
55743it [00:07, 8887.68it/s]
56634it [00:07, 8799.46it/s]
57516it [00:08, 8795.98it/s]
58432it [00:08, 8779.06it/s]
59392it [00:08, 8863.76it/s]
60288it [00:08, 8844.61it/s]
61173it [00:08, 6639.08it/s]
61917it [00:08, 6819.87it/s]
62848it [00:08, 7423.10it/s]
63744it [00:08, 7826.85it/s]
64704it [00:08, 8176.22it/s]
65600it [00:09, 8325.26it/s]
66496it [00:09, 8456.04it/s]
67358it [00:09, 8463.39it/s]
68224it [00:09, 8389.52it/s]
69120it [00:09, 8452.65it/s]
70080it [00:09, 8773.43it/s]
71040it [00:09, 8916.91it/s]
72000it [00:09, 9094.00it/s]
72960it [00:09, 9160.30it/s]
73920it [00:09, 9189.83it/s]
74841it [00:10, 9158.90it/s]
75758it [00:10, 8991.18it/s]
76659it [00:10, 8622.10it/s]
77534it [00:10, 8658.11it/s]
78464it [00:10, 8766.37it/s]
79410it [00:10, 8967.72it/s]
80309it [00:10, 8873.52it/s]
81216it [00:10, 8859.17it/s]
82176it [00:10, 8954.18it/s]
83136it [00:11, 9003.69it/s]
84073it [00:11, 9110.16it/s]
84985it [00:11, 9103.00it/s]
85896it [00:11, 9092.48it/s]
86806it [00:11, 8934.19it/s]
87744it [00:11, 9034.25it/s]
88648it [00:11, 8966.09it/s]
89546it [00:11, 8923.99it/s]
90453it [00:11, 8966.94it/s]
91399it [00:11, 9112.57it/s]
92311it [00:12, 6653.77it/s]
93248it [00:12, 7208.55it/s]
94144it [00:12, 7604.97it/s]
95065it [00:12, 8024.39it/s]
95936it [00:12, 8147.24it/s]
96896it [00:12, 8506.29it/s]
97774it [00:12, 8280.56it/s]
98622it [00:12, 8297.39it/s]
99466it [00:12, 8183.85it/s]
100000it [00:13, 7664.69it/s]
Upload time: 13.44431255897507
Total import time: 43.258333498146385
Experiment stage: Search

0it [00:00, ?it/s]
4it [00:00,  5.02it/s]
13it [00:00, 17.91it/s]
26it [00:01, 37.58it/s]
58it [00:01, 94.02it/s]
113it [00:01, 195.26it/s]
199it [00:01, 355.44it/s]
292it [00:01, 502.33it/s]
376it [00:01, 591.76it/s]
462it [00:01, 647.10it/s]
549it [00:01, 664.71it/s]
642it [00:01, 735.56it/s]
735it [00:01, 789.62it/s]
818it [00:02, 797.16it/s]
907it [00:02, 822.56it/s]
992it [00:02, 793.88it/s]
1073it [00:02, 753.48it/s]
1155it [00:02, 771.55it/s]
1234it [00:02, 755.31it/s]
1321it [00:02, 785.67it/s]
1411it [00:02, 817.64it/s]
1503it [00:02, 845.69it/s]
1589it [00:02, 847.93it/s]
1679it [00:03, 860.17it/s]
1767it [00:03, 865.96it/s]
1854it [00:03, 858.04it/s]
1940it [00:03, 830.04it/s]
2024it [00:03, 804.47it/s]
2105it [00:03, 780.23it/s]
2184it [00:03, 762.33it/s]
2274it [00:03, 798.72it/s]
2375it [00:03, 858.05it/s]
2462it [00:04, 803.34it/s]
2544it [00:04, 799.52it/s]
2625it [00:04, 776.22it/s]
2716it [00:04, 813.24it/s]
2799it [00:04, 815.90it/s]
2882it [00:04, 800.26it/s]
2963it [00:04, 744.75it/s]
3059it [00:04, 803.52it/s]
3144it [00:04, 812.08it/s]
3231it [00:05, 826.53it/s]
3323it [00:05, 850.70it/s]
3424it [00:05, 896.26it/s]
3522it [00:05, 920.27it/s]
3619it [00:05, 934.44it/s]
3713it [00:05, 904.53it/s]
3804it [00:05, 837.63it/s]
3889it [00:05, 810.33it/s]
3971it [00:05, 728.83it/s]
4046it [00:06, 686.42it/s]
4128it [00:06, 719.81it/s]
4207it [00:06, 736.55it/s]
4288it [00:06, 756.90it/s]
4365it [00:06, 731.27it/s]
4440it [00:06, 735.22it/s]
4518it [00:06, 743.15it/s]
4603it [00:06, 773.54it/s]
4689it [00:06, 797.13it/s]
4776it [00:06, 816.76it/s]
4867it [00:07, 836.86it/s]
4951it [00:07, 765.73it/s]
5039it [00:07, 795.92it/s]
5120it [00:07, 729.98it/s]
5195it [00:07, 734.07it/s]
5276it [00:07, 754.98it/s]
5353it [00:07, 738.28it/s]
5431it [00:07, 747.61it/s]
5507it [00:07, 722.48it/s]
5580it [00:08, 724.16it/s]
5653it [00:08, 678.92it/s]
5731it [00:08, 706.24it/s]
5803it [00:08, 664.89it/s]
5871it [00:08, 668.48it/s]
5948it [00:08, 695.92it/s]
6022it [00:08, 702.71it/s]
6104it [00:08, 733.92it/s]
6178it [00:08, 706.45it/s]
6259it [00:09, 734.55it/s]
6340it [00:09, 753.98it/s]
6430it [00:09, 795.21it/s]
6514it [00:09, 808.33it/s]
6602it [00:09, 826.77it/s]
6697it [00:09, 862.18it/s]
6788it [00:09, 874.64it/s]
6876it [00:09, 871.72it/s]
6969it [00:09, 885.62it/s]
7058it [00:09, 861.35it/s]
7145it [00:10, 853.00it/s]
7236it [00:10, 868.34it/s]
7329it [00:10, 882.27it/s]
7418it [00:10, 835.95it/s]
7507it [00:10, 846.97it/s]
7593it [00:10, 812.69it/s]
7689it [00:10, 842.98it/s]
7774it [00:10, 807.68it/s]
7856it [00:10, 777.86it/s]
7935it [00:11, 758.97it/s]
8017it [00:11, 774.10it/s]
8101it [00:11, 792.66it/s]
8181it [00:11, 770.13it/s]
8264it [00:11, 785.67it/s]
8343it [00:11, 744.94it/s]
8428it [00:11, 774.46it/s]
8507it [00:11, 777.07it/s]
8589it [00:11, 780.01it/s]
8668it [00:11, 747.43it/s]
8744it [00:12, 719.35it/s]
8819it [00:12, 727.59it/s]
8893it [00:12, 720.37it/s]
8966it [00:12, 573.16it/s]
9059it [00:12, 660.31it/s]
9131it [00:12, 665.15it/s]
9202it [00:12, 669.56it/s]
9276it [00:12, 684.84it/s]
9349it [00:13, 696.74it/s]
9421it [00:13, 698.90it/s]
9505it [00:13, 737.30it/s]
9580it [00:13, 738.38it/s]
9661it [00:13, 757.63it/s]
9738it [00:13, 749.41it/s]
9814it [00:13, 749.39it/s]
9896it [00:13, 769.42it/s]
9974it [00:13, 763.05it/s]
10000it [00:13, 721.06it/s]
Experiment stage: Done
Results saved to:  /home/dzh/project/vdtuner/vector-db-benchmark-master/results
>>> [Step 5] 收尾工作...
    监控日志已保存。
📊 测试结果摘要:
0.95857
713.991911299693
0.006007359572686254
line1:  0.006007359572686254
line1:  713.991911299693
line1:  0.95857
numeric_values:  [0.006007359572686254, 713.991911299693, 0.95857]
[29] 2440 0.95857 0.006007359572686254 90
/bin/sh: 1: Syntax error: "(" unexpected
/data/dzh/venv/lib/python3.10/site-packages/botorch/acquisition/multi_objective/monte_carlo.py:110: NumericsWarning: qExpectedHypervolumeImprovement has known numerical issues that lead to suboptimal optimization performance. It is strongly recommended to simply replace

	 qExpectedHypervolumeImprovement 	 --> 	 qLogExpectedHypervolumeImprovement 

instead, which fixes the issues and has the same API. See https://arxiv.org/abs/2310.20708 for details.
  legacy_ei_numerics_warning(legacy_name=type(self).__name__)
--- DEBUG: Starting command:---
=======================================
🛠️  开始测试流程
Engine: milvus-p10 | Dataset: random-range-2048-angular-no-filters
=======================================
>>> [Step 1] 启动后台监控...
    监控进程 PID: 3945710
>>> [Step 2] 重置 Milvus...
 Container milvus-standalone  Stopping
 Container milvus-standalone  Stopped
 Container milvus-standalone  Removing
 Container milvus-standalone  Removed
 Container milvus-minio  Stopping
 Container milvus-etcd  Stopping
 Container milvus-etcd  Stopped
 Container milvus-etcd  Removing
 Container milvus-etcd  Removed
 Container milvus-minio  Stopped
 Container milvus-minio  Removing
 Container milvus-minio  Removed
 Network milvus  Removing
 Network milvus  Removed
    🧹 清理宿主机数据目录: /home/dzh/project/vdtuner/vector-db-benchmark-master/engine/servers/milvus-single-node/volumes
 Network milvus  Creating
 Network milvus  Created
 Container milvus-etcd  Creating
 Container milvus-minio  Creating
 Container milvus-etcd  Created
 Container milvus-minio  Created
 Container milvus-standalone  Creating
 Container milvus-standalone  Created
 Container milvus-etcd  Starting
 Container milvus-minio  Starting
 Container milvus-etcd  Started
 Container milvus-minio  Started
 Container milvus-standalone  Starting
 Container milvus-standalone  Started
>>> [Step 3] 等待服务启动 (90s)...
    等待中... (10s/120s)
    ✅ Milvus 服务已就绪
>>> [Step 4] 运行 Benchmark...
Running experiment: milvus-p10 - random-range-2048-angular-no-filters
established connection
/home/dzh/project/vdtuner/vector-db-benchmark-master/datasets/random-range-2048-angular/random_float_100k_no_filters already exists
Experiment stage: Configure
Experiment stage: Upload

0it [00:00, ?it/s]
1it [00:00,  1.93it/s]
64it [00:00, 77.51it/s]
704it [00:01, 999.91it/s]
1024it [00:01, 1333.68it/s]
1294it [00:01, 1503.68it/s]
1600it [00:01, 1818.77it/s]
1866it [00:01, 1931.40it/s]
2240it [00:01, 2337.01it/s]
2624it [00:01, 2684.52it/s]
3008it [00:01, 2933.82it/s]
3840it [00:01, 4343.47it/s]
4901it [00:02, 6070.74it/s]
5696it [00:02, 6564.29it/s]
6656it [00:02, 7410.78it/s]
7675it [00:02, 8215.68it/s]
8704it [00:02, 8711.58it/s]
9671it [00:02, 8991.05it/s]
10630it [00:02, 9158.59it/s]
11555it [00:02, 9175.75it/s]
12544it [00:02, 9310.12it/s]
13568it [00:02, 9472.72it/s]
14592it [00:03, 9638.97it/s]
15616it [00:03, 9752.06it/s]
16640it [00:03, 9757.38it/s]
17617it [00:03, 8935.42it/s]
18607it [00:03, 9202.82it/s]
19584it [00:03, 9347.74it/s]
20544it [00:03, 9313.24it/s]
21504it [00:03, 9308.97it/s]
22478it [00:03, 9433.51it/s]
23427it [00:04, 9449.32it/s]
24448it [00:04, 9535.89it/s]
25404it [00:04, 9541.71it/s]
26368it [00:04, 9521.92it/s]
27321it [00:04, 9424.01it/s]
28288it [00:04, 9420.78it/s]
29248it [00:04, 9402.89it/s]
30192it [00:04, 9413.20it/s]
31134it [00:04, 6885.37it/s]
32124it [00:05, 7597.70it/s]
33056it [00:05, 8032.30it/s]
33984it [00:05, 8339.33it/s]
34944it [00:05, 8602.81it/s]
35968it [00:05, 8961.76it/s]
36928it [00:05, 9051.45it/s]
37952it [00:05, 9384.36it/s]
38913it [00:05, 9448.34it/s]
39872it [00:05, 9425.39it/s]
40823it [00:06, 9248.68it/s]
41754it [00:06, 8986.76it/s]
42725it [00:06, 9194.38it/s]
43650it [00:06, 9108.41it/s]
44565it [00:06, 9097.65it/s]
45477it [00:06, 8807.33it/s]
46361it [00:06, 6041.62it/s]
47082it [00:06, 6245.95it/s]
47936it [00:06, 6778.51it/s]
48690it [00:07, 6917.30it/s]
49437it [00:07, 7014.82it/s]
50301it [00:07, 7457.39it/s]
51136it [00:07, 7640.44it/s]
52032it [00:07, 8006.09it/s]
52928it [00:07, 8188.50it/s]
53824it [00:07, 8366.92it/s]
54784it [00:07, 8677.81it/s]
55659it [00:07, 8036.31it/s]
56477it [00:08, 7336.37it/s]
57230it [00:08, 7164.54it/s]
57959it [00:08, 7151.58it/s]
58688it [00:08, 7164.75it/s]
59584it [00:08, 7639.72it/s]
60539it [00:08, 8184.26it/s]
61365it [00:08, 7874.77it/s]
62240it [00:08, 8123.57it/s]
63059it [00:08, 8099.09it/s]
64000it [00:09, 8413.08it/s]
64952it [00:09, 8735.27it/s]
65856it [00:09, 8783.10it/s]
66768it [00:09, 8882.07it/s]
67658it [00:09, 8690.82it/s]
68608it [00:09, 8825.88it/s]
69504it [00:09, 8814.16it/s]
70406it [00:09, 8874.01it/s]
71295it [00:09, 8861.35it/s]
72182it [00:09, 8801.94it/s]
73075it [00:10, 8839.70it/s]
73984it [00:10, 8786.99it/s]
74864it [00:10, 7993.61it/s]
75712it [00:10, 7992.94it/s]
76608it [00:10, 8257.16it/s]
77504it [00:10, 8391.96it/s]
78400it [00:10, 8423.49it/s]
79262it [00:10, 8479.82it/s]
80114it [00:10, 8347.81it/s]
80993it [00:10, 8475.84it/s]
81856it [00:11, 8448.44it/s]
82703it [00:11, 8323.33it/s]
83537it [00:11, 8143.53it/s]
84353it [00:11, 8146.18it/s]
85223it [00:11, 8308.17it/s]
86080it [00:11, 8307.58it/s]
86976it [00:11, 8375.02it/s]
87872it [00:11, 8524.39it/s]
88784it [00:11, 8699.59it/s]
89698it [00:12, 8829.86it/s]
90582it [00:12, 5303.09it/s]
91456it [00:12, 5990.72it/s]
92352it [00:12, 6583.94it/s]
93231it [00:12, 7114.94it/s]
94080it [00:12, 7373.27it/s]
95037it [00:12, 7955.76it/s]
95892it [00:12, 7917.19it/s]
96725it [00:13, 7957.79it/s]
97664it [00:13, 8258.95it/s]
98512it [00:13, 8062.49it/s]
99382it [00:13, 8241.86it/s]
100000it [00:13, 7431.79it/s]
Upload time: 14.030354207847267
Total import time: 44.259744548704475
Experiment stage: Search

0it [00:00, ?it/s]
4it [00:00,  5.25it/s]
14it [00:00, 17.69it/s]
71it [00:01, 108.77it/s]
147it [00:01, 232.87it/s]
229it [00:01, 357.71it/s]
311it [00:01, 464.56it/s]
391it [00:01, 547.98it/s]
462it [00:01, 568.08it/s]
538it [00:01, 617.98it/s]
609it [00:01, 628.36it/s]
707it [00:01, 725.11it/s]
801it [00:01, 785.44it/s]
889it [00:02, 811.02it/s]
991it [00:02, 871.64it/s]
1093it [00:02, 914.04it/s]
1191it [00:02, 931.79it/s]
1286it [00:02, 929.76it/s]
1386it [00:02, 946.70it/s]
1482it [00:02, 927.62it/s]
1576it [00:02, 850.04it/s]
1663it [00:02, 812.10it/s]
1746it [00:03, 768.39it/s]
1848it [00:03, 835.08it/s]
1936it [00:03, 845.55it/s]
2022it [00:03, 837.87it/s]
2107it [00:03, 815.31it/s]
2193it [00:03, 827.81it/s]
2283it [00:03, 847.31it/s]
2384it [00:03, 892.19it/s]
2487it [00:03, 931.08it/s]
2581it [00:03, 921.55it/s]
2674it [00:04, 826.81it/s]
2759it [00:04, 804.91it/s]
2841it [00:04, 765.44it/s]
2929it [00:04, 789.64it/s]
3009it [00:04, 776.25it/s]
3092it [00:04, 790.05it/s]
3182it [00:04, 820.36it/s]
3271it [00:04, 837.40it/s]
3356it [00:05, 792.02it/s]
3446it [00:05, 821.74it/s]
3530it [00:05, 826.15it/s]
3614it [00:05, 800.90it/s]
3709it [00:05, 841.76it/s]
3796it [00:05, 847.03it/s]
3882it [00:05, 840.85it/s]
3969it [00:05, 848.01it/s]
4055it [00:05, 829.29it/s]
4139it [00:05, 815.45it/s]
4221it [00:06, 795.72it/s]
4310it [00:06, 822.64it/s]
4401it [00:06, 846.20it/s]
4490it [00:06, 857.22it/s]
4582it [00:06, 874.81it/s]
4670it [00:06, 874.73it/s]
4763it [00:06, 889.70it/s]
4858it [00:06, 904.64it/s]
4952it [00:06, 913.39it/s]
5047it [00:06, 922.57it/s]
5140it [00:07, 916.46it/s]
5232it [00:07, 861.94it/s]
5319it [00:07, 847.12it/s]
5405it [00:07, 807.50it/s]
5487it [00:07, 801.18it/s]
5589it [00:07, 861.91it/s]
5678it [00:07, 866.86it/s]
5771it [00:07, 882.34it/s]
5866it [00:07, 900.62it/s]
5962it [00:08, 916.40it/s]
6054it [00:08, 884.22it/s]
6143it [00:08, 884.62it/s]
6232it [00:08, 823.14it/s]
6316it [00:08, 820.17it/s]
6399it [00:08, 761.68it/s]
6480it [00:08, 770.62it/s]
6566it [00:08, 794.77it/s]
6663it [00:08, 844.14it/s]
6749it [00:08, 838.12it/s]
6834it [00:09, 809.15it/s]
6922it [00:09, 828.51it/s]
7006it [00:09, 812.35it/s]
7094it [00:09, 830.63it/s]
7181it [00:09, 839.20it/s]
7266it [00:09, 840.38it/s]
7358it [00:09, 861.96it/s]
7451it [00:09, 880.65it/s]
7550it [00:09, 910.60it/s]
7642it [00:10, 865.16it/s]
7730it [00:10, 867.00it/s]
7818it [00:10, 848.93it/s]
7904it [00:10, 848.78it/s]
8000it [00:10, 880.46it/s]
8089it [00:10, 805.41it/s]
8171it [00:10, 798.78it/s]
8255it [00:10, 809.95it/s]
8337it [00:10, 730.59it/s]
8416it [00:11, 746.00it/s]
8493it [00:11, 725.77it/s]
8575it [00:11, 751.29it/s]
8669it [00:11, 802.83it/s]
8759it [00:11, 830.18it/s]
8843it [00:11, 828.81it/s]
8932it [00:11, 845.47it/s]
9029it [00:11, 879.14it/s]
9118it [00:11, 862.07it/s]
9205it [00:11, 816.54it/s]
9291it [00:12, 828.67it/s]
9382it [00:12, 851.49it/s]
9469it [00:12, 843.78it/s]
9554it [00:12, 827.13it/s]
9637it [00:12, 778.03it/s]
9727it [00:12, 811.09it/s]
9817it [00:12, 835.31it/s]
9911it [00:12, 863.87it/s]
9998it [00:12, 855.91it/s]
10000it [00:12, 774.40it/s]
Experiment stage: Done
Results saved to:  /home/dzh/project/vdtuner/vector-db-benchmark-master/results
>>> [Step 5] 收尾工作...
    监控日志已保存。
📊 测试结果摘要:
0.99974
768.9958470955236
0.005904327309690416
line1:  0.005904327309690416
line1:  768.9958470955236
line1:  0.99974
numeric_values:  [0.005904327309690416, 768.9958470955236, 0.99974]
[30] 2530 0.99974 0.005904327309690416 90
/bin/sh: 1: Syntax error: "(" unexpected
/data/dzh/venv/lib/python3.10/site-packages/botorch/acquisition/multi_objective/monte_carlo.py:110: NumericsWarning: qExpectedHypervolumeImprovement has known numerical issues that lead to suboptimal optimization performance. It is strongly recommended to simply replace

	 qExpectedHypervolumeImprovement 	 --> 	 qLogExpectedHypervolumeImprovement 

instead, which fixes the issues and has the same API. See https://arxiv.org/abs/2310.20708 for details.
  legacy_ei_numerics_warning(legacy_name=type(self).__name__)
--- DEBUG: Starting command:---
=======================================
🛠️  开始测试流程
Engine: milvus-p10 | Dataset: random-range-2048-angular-no-filters
=======================================
>>> [Step 1] 启动后台监控...
    监控进程 PID: 3957040
>>> [Step 2] 重置 Milvus...
 Container milvus-standalone  Stopping
 Container milvus-standalone  Stopped
 Container milvus-standalone  Removing
 Container milvus-standalone  Removed
 Container milvus-minio  Stopping
 Container milvus-etcd  Stopping
 Container milvus-etcd  Stopped
 Container milvus-etcd  Removing
 Container milvus-etcd  Removed
 Container milvus-minio  Stopped
 Container milvus-minio  Removing
 Container milvus-minio  Removed
 Network milvus  Removing
 Network milvus  Removed
    🧹 清理宿主机数据目录: /home/dzh/project/vdtuner/vector-db-benchmark-master/engine/servers/milvus-single-node/volumes
 Network milvus  Creating
 Network milvus  Created
 Container milvus-minio  Creating
 Container milvus-etcd  Creating
 Container milvus-etcd  Created
 Container milvus-minio  Created
 Container milvus-standalone  Creating
 Container milvus-standalone  Created
 Container milvus-minio  Starting
 Container milvus-etcd  Starting
 Container milvus-minio  Started
 Container milvus-etcd  Started
 Container milvus-standalone  Starting
 Container milvus-standalone  Started
>>> [Step 3] 等待服务启动 (90s)...
    等待中... (10s/120s)
    ✅ Milvus 服务已就绪
>>> [Step 4] 运行 Benchmark...
Running experiment: milvus-p10 - random-range-2048-angular-no-filters
established connection
/home/dzh/project/vdtuner/vector-db-benchmark-master/datasets/random-range-2048-angular/random_float_100k_no_filters already exists
Experiment stage: Configure
Experiment stage: Upload

0it [00:00, ?it/s]
1it [00:00,  1.76it/s]
64it [00:00, 83.61it/s]
320it [00:01, 474.56it/s]
704it [00:01, 1091.96it/s]
1152it [00:01, 1686.46it/s]
1419it [00:01, 1663.14it/s]
1728it [00:01, 1866.99it/s]
2048it [00:01, 2080.15it/s]
2304it [00:01, 2094.62it/s]
2798it [00:01, 2771.23it/s]
3264it [00:02, 3211.05it/s]
3904it [00:02, 3968.56it/s]
4736it [00:02, 5132.62it/s]
5760it [00:02, 6494.60it/s]
6784it [00:02, 7498.23it/s]
7780it [00:02, 8202.07it/s]
8768it [00:02, 8641.70it/s]
9728it [00:02, 8903.61it/s]
10631it [00:02, 8837.69it/s]
11618it [00:02, 9139.87it/s]
12608it [00:03, 9242.46it/s]
13602it [00:03, 9446.83it/s]
14551it [00:03, 9278.66it/s]
15552it [00:03, 9309.36it/s]
16512it [00:03, 9393.41it/s]
17454it [00:03, 8001.10it/s]
18304it [00:03, 8115.94it/s]
19241it [00:03, 8457.48it/s]
20160it [00:03, 8565.80it/s]
21120it [00:04, 8797.41it/s]
22016it [00:04, 8825.98it/s]
22945it [00:04, 8946.36it/s]
23872it [00:04, 8928.45it/s]
24832it [00:04, 9101.44it/s]
25746it [00:04, 9106.73it/s]
26660it [00:04, 8965.56it/s]
27559it [00:04, 8950.90it/s]
28456it [00:04, 8856.92it/s]
29346it [00:04, 8869.12it/s]
30234it [00:05, 8836.44it/s]
31168it [00:05, 8883.43it/s]
32057it [00:05, 6155.66it/s]
32896it [00:05, 6659.27it/s]
33728it [00:05, 7037.89it/s]
34688it [00:05, 7632.56it/s]
35648it [00:05, 8073.23it/s]
36594it [00:05, 8453.28it/s]
37476it [00:05, 8485.67it/s]
38464it [00:06, 8848.86it/s]
39515it [00:06, 9327.80it/s]
40464it [00:06, 9277.17it/s]
41472it [00:06, 9456.15it/s]
42432it [00:06, 9480.38it/s]
43392it [00:06, 9461.59it/s]
44342it [00:06, 9456.22it/s]
45291it [00:06, 9097.38it/s]
46208it [00:06, 9113.12it/s]
47168it [00:07, 9253.37it/s]
48096it [00:07, 7305.38it/s]
49024it [00:07, 7738.57it/s]
49851it [00:07, 7689.12it/s]
50752it [00:07, 8015.46it/s]
51584it [00:07, 7959.99it/s]
52480it [00:07, 8151.88it/s]
53376it [00:07, 8259.95it/s]
54272it [00:07, 8357.23it/s]
55168it [00:08, 8432.34it/s]
56064it [00:08, 8469.12it/s]
56915it [00:08, 8363.73it/s]
57792it [00:08, 8420.46it/s]
58688it [00:08, 8447.15it/s]
59535it [00:08, 8329.83it/s]
60416it [00:08, 8378.83it/s]
61312it [00:08, 8432.80it/s]
62156it [00:08, 6588.33it/s]
63040it [00:09, 7105.16it/s]
63936it [00:09, 7487.27it/s]
64727it [00:09, 7399.30it/s]
65536it [00:09, 7513.31it/s]
66309it [00:09, 7458.79it/s]
67136it [00:09, 7619.62it/s]
67909it [00:09, 7280.49it/s]
68736it [00:09, 7483.70it/s]
69519it [00:09, 7581.24it/s]
70336it [00:10, 7717.06it/s]
71168it [00:10, 7875.99it/s]
72000it [00:10, 7996.02it/s]
72833it [00:10, 8092.82it/s]
73685it [00:10, 8218.71it/s]
74509it [00:10, 8215.44it/s]
75332it [00:10, 8147.47it/s]
76151it [00:10, 8158.85it/s]
76992it [00:10, 8135.55it/s]
77807it [00:11, 5374.46it/s]
78624it [00:11, 5983.89it/s]
79488it [00:11, 6588.47it/s]
80384it [00:11, 7164.59it/s]
81216it [00:11, 7396.29it/s]
82048it [00:11, 7634.25it/s]
82892it [00:11, 7859.30it/s]
83776it [00:11, 8098.27it/s]
84608it [00:11, 8093.34it/s]
85504it [00:12, 8236.41it/s]
86400it [00:12, 8336.16it/s]
87296it [00:12, 8422.97it/s]
88192it [00:12, 8446.35it/s]
89041it [00:12, 8314.04it/s]
89876it [00:12, 8148.79it/s]
90752it [00:12, 8283.57it/s]
91648it [00:12, 8382.07it/s]
92488it [00:12, 8359.04it/s]
93325it [00:13, 5646.65it/s]
94080it [00:13, 6007.93it/s]
94976it [00:13, 6690.10it/s]
95872it [00:13, 7245.00it/s]
96768it [00:13, 7667.08it/s]
97664it [00:13, 7967.30it/s]
98560it [00:13, 8242.47it/s]
99414it [00:13, 8276.04it/s]
100000it [00:13, 7190.55it/s]
Upload time: 14.284826142713428
Total import time: 44.91569118574262
Experiment stage: Search

0it [00:00, ?it/s]
4it [00:00,  5.46it/s]
14it [00:00, 20.42it/s]
21it [00:00, 28.68it/s]
68it [00:01, 118.68it/s]
109it [00:01, 184.14it/s]
182it [00:01, 316.20it/s]
261it [00:01, 437.18it/s]
316it [00:01, 456.84it/s]
395it [00:01, 546.31it/s]
480it [00:01, 630.51it/s]
549it [00:01, 610.29it/s]
614it [00:01, 606.70it/s]
697it [00:02, 668.12it/s]
783it [00:02, 718.53it/s]
862it [00:02, 725.27it/s]
939it [00:02, 735.59it/s]
1023it [00:02, 764.15it/s]
1101it [00:02, 739.35it/s]
1180it [00:02, 753.72it/s]
1262it [00:02, 772.19it/s]
1340it [00:02, 771.02it/s]
1418it [00:02, 722.34it/s]
1496it [00:03, 729.55it/s]
1571it [00:03, 735.09it/s]
1645it [00:03, 710.57it/s]
1717it [00:03, 661.28it/s]
1790it [00:03, 676.71it/s]
1876it [00:03, 727.86it/s]
1959it [00:03, 756.57it/s]
2036it [00:03, 740.03it/s]
2116it [00:03, 754.68it/s]
2197it [00:04, 770.66it/s]
2275it [00:04, 756.81it/s]
2351it [00:04, 746.76it/s]
2426it [00:04, 745.91it/s]
2505it [00:04, 758.10it/s]
2600it [00:04, 813.11it/s]
2695it [00:04, 851.25it/s]
2790it [00:04, 880.09it/s]
2879it [00:04, 862.71it/s]
2966it [00:04, 834.97it/s]
3051it [00:05, 838.97it/s]
3136it [00:05, 829.46it/s]
3220it [00:05, 811.94it/s]
3302it [00:05, 798.46it/s]
3382it [00:05, 751.48it/s]
3459it [00:05, 755.97it/s]
3544it [00:05, 775.65it/s]
3634it [00:05, 810.55it/s]
3716it [00:05, 790.13it/s]
3800it [00:06, 802.99it/s]
3887it [00:06, 822.08it/s]
3976it [00:06, 840.85it/s]
4071it [00:06, 869.96it/s]
4165it [00:06, 888.58it/s]
4267it [00:06, 925.68it/s]
4360it [00:06, 873.80it/s]
4449it [00:06, 817.58it/s]
4532it [00:06, 813.62it/s]
4615it [00:06, 791.87it/s]
4695it [00:07, 754.20it/s]
4775it [00:07, 765.61it/s]
4853it [00:07, 741.35it/s]
4928it [00:07, 725.72it/s]
5010it [00:07, 749.40it/s]
5086it [00:07, 727.22it/s]
5160it [00:07, 717.06it/s]
5244it [00:07, 749.68it/s]
5323it [00:07, 757.65it/s]
5399it [00:08, 757.00it/s]
5475it [00:08, 754.09it/s]
5551it [00:08, 744.97it/s]
5626it [00:08, 717.68it/s]
5709it [00:08, 746.70it/s]
5790it [00:08, 763.24it/s]
5867it [00:08, 763.75it/s]
5944it [00:08, 754.52it/s]
6020it [00:08, 737.74it/s]
6102it [00:08, 760.55it/s]
6185it [00:09, 779.55it/s]
6264it [00:09, 766.42it/s]
6345it [00:09, 778.36it/s]
6423it [00:09, 768.87it/s]
6500it [00:09, 684.39it/s]
6571it [00:09, 690.83it/s]
6642it [00:09, 674.73it/s]
6728it [00:09, 724.18it/s]
6802it [00:09, 726.01it/s]
6876it [00:10, 720.35it/s]
6949it [00:10, 716.76it/s]
7027it [00:10, 733.09it/s]
7101it [00:10, 705.96it/s]
7178it [00:10, 721.91it/s]
7262it [00:10, 753.21it/s]
7338it [00:10, 682.24it/s]
7408it [00:10, 671.61it/s]
7496it [00:10, 725.31it/s]
7573it [00:11, 737.16it/s]
7648it [00:11, 739.66it/s]
7723it [00:11, 726.27it/s]
7797it [00:11, 722.92it/s]
7874it [00:11, 736.55it/s]
7949it [00:11, 739.70it/s]
8024it [00:11, 742.04it/s]
8109it [00:11, 768.08it/s]
8186it [00:11, 717.67it/s]
8259it [00:12, 623.64it/s]
8324it [00:12, 612.33it/s]
8387it [00:12, 610.86it/s]
8450it [00:12, 608.70it/s]
8515it [00:12, 619.94it/s]
8595it [00:12, 670.63it/s]
8670it [00:12, 692.50it/s]
8740it [00:12, 603.55it/s]
8803it [00:12, 596.00it/s]
8865it [00:13, 512.34it/s]
8928it [00:13, 540.50it/s]
9001it [00:13, 589.71it/s]
9063it [00:13, 527.45it/s]
9131it [00:13, 562.03it/s]
9206it [00:13, 610.18it/s]
9272it [00:13, 623.36it/s]
9340it [00:13, 636.78it/s]
9411it [00:13, 657.20it/s]
9482it [00:14, 670.71it/s]
9565it [00:14, 716.86it/s]
9638it [00:14, 688.87it/s]
9708it [00:14, 682.28it/s]
9777it [00:14, 679.44it/s]
9846it [00:14, 629.21it/s]
9914it [00:14, 642.06it/s]
9984it [00:14, 658.22it/s]
10000it [00:14, 675.98it/s]
Experiment stage: Done
Results saved to:  /home/dzh/project/vdtuner/vector-db-benchmark-master/results
>>> [Step 5] 收尾工作...
    监控日志已保存。
📊 测试结果摘要:
0.99971
670.561654669133
0.006273871473968028
line1:  0.006273871473968028
line1:  670.561654669133
line1:  0.99971
numeric_values:  [0.006273871473968028, 670.561654669133, 0.99971]
[31] 2622 0.99971 0.006273871473968028 92
/bin/sh: 1: Syntax error: "(" unexpected
/data/dzh/venv/lib/python3.10/site-packages/botorch/acquisition/multi_objective/monte_carlo.py:110: NumericsWarning: qExpectedHypervolumeImprovement has known numerical issues that lead to suboptimal optimization performance. It is strongly recommended to simply replace

	 qExpectedHypervolumeImprovement 	 --> 	 qLogExpectedHypervolumeImprovement 

instead, which fixes the issues and has the same API. See https://arxiv.org/abs/2310.20708 for details.
  legacy_ei_numerics_warning(legacy_name=type(self).__name__)
--- DEBUG: Starting command:---
=======================================
🛠️  开始测试流程
Engine: milvus-p10 | Dataset: random-range-2048-angular-no-filters
=======================================
>>> [Step 1] 启动后台监控...
    监控进程 PID: 3968289
>>> [Step 2] 重置 Milvus...
 Container milvus-standalone  Stopping
 Container milvus-standalone  Stopped
 Container milvus-standalone  Removing
 Container milvus-standalone  Removed
 Container milvus-etcd  Stopping
 Container milvus-minio  Stopping
 Container milvus-etcd  Stopped
 Container milvus-etcd  Removing
 Container milvus-minio  Stopped
 Container milvus-minio  Removing
 Container milvus-etcd  Removed
 Container milvus-minio  Removed
 Network milvus  Removing
 Network milvus  Removed
    🧹 清理宿主机数据目录: /home/dzh/project/vdtuner/vector-db-benchmark-master/engine/servers/milvus-single-node/volumes
 Network milvus  Creating
 Network milvus  Created
 Container milvus-minio  Creating
 Container milvus-etcd  Creating
 Container milvus-etcd  Created
 Container milvus-minio  Created
 Container milvus-standalone  Creating
 Container milvus-standalone  Created
 Container milvus-minio  Starting
 Container milvus-etcd  Starting
 Container milvus-etcd  Started
 Container milvus-minio  Started
 Container milvus-standalone  Starting
 Container milvus-standalone  Started
>>> [Step 3] 等待服务启动 (90s)...
    等待中... (10s/120s)
    ✅ Milvus 服务已就绪
>>> [Step 4] 运行 Benchmark...
Running experiment: milvus-p10 - random-range-2048-angular-no-filters
established connection
/home/dzh/project/vdtuner/vector-db-benchmark-master/datasets/random-range-2048-angular/random_float_100k_no_filters already exists
Experiment stage: Configure
Experiment stage: Upload

0it [00:00, ?it/s]
1it [00:01,  1.27s/it]
830it [00:01, 841.52it/s]
1318it [00:01, 1104.85it/s]
1664it [00:01, 1339.13it/s]
2048it [00:01, 1688.10it/s]
2371it [00:02, 1810.24it/s]
2944it [00:02, 2530.67it/s]
3520it [00:02, 3181.78it/s]
4096it [00:02, 3767.75it/s]
5120it [00:02, 5296.28it/s]
6144it [00:02, 6501.82it/s]
7104it [00:02, 7284.74it/s]
8128it [00:02, 8048.52it/s]
9088it [00:02, 8472.21it/s]
10048it [00:02, 8691.11it/s]
11008it [00:03, 8951.09it/s]
11926it [00:03, 9011.34it/s]
12928it [00:03, 9246.28it/s]
13905it [00:03, 9397.90it/s]
14853it [00:03, 9384.31it/s]
15820it [00:03, 9468.34it/s]
16787it [00:03, 9527.82it/s]
17743it [00:03, 8446.75it/s]
18699it [00:03, 8751.28it/s]
19648it [00:04, 8944.40it/s]
20610it [00:04, 9137.19it/s]
21536it [00:04, 9081.03it/s]
22464it [00:04, 8989.26it/s]
23401it [00:04, 9099.22it/s]
24334it [00:04, 9166.61it/s]
25280it [00:04, 9239.05it/s]
26207it [00:04, 9216.01it/s]
27131it [00:04, 9053.14it/s]
28050it [00:04, 9092.99it/s]
28992it [00:05, 9137.68it/s]
29907it [00:05, 9043.47it/s]
30848it [00:05, 9015.97it/s]
31779it [00:05, 9101.94it/s]
32704it [00:05, 9135.41it/s]
33618it [00:05, 6785.49it/s]
34496it [00:05, 7253.71it/s]
35456it [00:05, 7813.75it/s]
36298it [00:05, 7911.24it/s]
37133it [00:06, 7975.18it/s]
37962it [00:06, 7914.38it/s]
38936it [00:06, 8427.65it/s]
39798it [00:06, 8153.92it/s]
40628it [00:06, 8144.55it/s]
41453it [00:06, 8018.37it/s]
42262it [00:06, 8027.77it/s]
43070it [00:06, 7998.75it/s]
43874it [00:06, 7952.28it/s]
44672it [00:07, 7721.57it/s]
45447it [00:07, 7716.72it/s]
46312it [00:07, 7988.33it/s]
47113it [00:07, 6886.78it/s]
47829it [00:07, 6850.92it/s]
48768it [00:07, 7464.14it/s]
49664it [00:07, 7870.21it/s]
50613it [00:07, 8329.55it/s]
51484it [00:07, 8438.86it/s]
52352it [00:07, 8419.27it/s]
53201it [00:08, 8349.29it/s]
54144it [00:08, 8567.97it/s]
55104it [00:08, 8753.36it/s]
56000it [00:08, 8679.64it/s]
56870it [00:08, 8635.02it/s]
57735it [00:08, 8195.36it/s]
58560it [00:08, 7980.25it/s]
59362it [00:08, 7935.09it/s]
60158it [00:08, 7941.41it/s]
60954it [00:09, 7802.61it/s]
61736it [00:09, 7678.92it/s]
62505it [00:09, 5375.67it/s]
63257it [00:09, 5855.89it/s]
63936it [00:09, 6068.87it/s]
64640it [00:09, 6316.88it/s]
65408it [00:09, 6582.43it/s]
66112it [00:09, 6669.59it/s]
66816it [00:10, 6702.11it/s]
67584it [00:10, 6973.29it/s]
68352it [00:10, 7144.26it/s]
69272it [00:10, 7741.28it/s]
70101it [00:10, 7902.02it/s]
70976it [00:10, 8115.01it/s]
71872it [00:10, 8246.55it/s]
72704it [00:10, 8169.04it/s]
73551it [00:10, 8257.11it/s]
74439it [00:10, 8440.42it/s]
75285it [00:11, 8381.35it/s]
76224it [00:11, 8640.07it/s]
77089it [00:11, 6959.27it/s]
77929it [00:11, 7325.31it/s]
78784it [00:11, 7579.38it/s]
79643it [00:11, 7855.35it/s]
80512it [00:11, 7993.28it/s]
81472it [00:11, 8320.64it/s]
82374it [00:11, 8519.67it/s]
83264it [00:12, 8519.08it/s]
84160it [00:12, 8614.43it/s]
85056it [00:12, 8618.22it/s]
85952it [00:12, 8647.07it/s]
86820it [00:12, 8642.89it/s]
87687it [00:12, 8526.00it/s]
88576it [00:12, 8591.36it/s]
89472it [00:12, 8622.39it/s]
90368it [00:12, 8667.23it/s]
91236it [00:13, 5631.12it/s]
92141it [00:13, 6364.69it/s]
93034it [00:13, 6966.42it/s]
93888it [00:13, 7325.44it/s]
94784it [00:13, 7747.55it/s]
95680it [00:13, 7983.89it/s]
96576it [00:13, 8212.73it/s]
97479it [00:13, 8443.84it/s]
98351it [00:13, 8522.73it/s]
99221it [00:14, 8445.30it/s]
100000it [00:14, 7080.27it/s]
Upload time: 14.522405770607293
Total import time: 44.341925950720906
Experiment stage: Search

0it [00:00, ?it/s]
4it [00:00,  5.23it/s]
14it [00:00, 18.73it/s]
40it [00:01, 60.37it/s]
77it [00:01, 121.52it/s]
169it [00:01, 296.85it/s]
242it [00:01, 393.79it/s]
312it [00:01, 469.96it/s]
390it [00:01, 551.14it/s]
456it [00:01, 557.28it/s]
520it [00:01, 579.20it/s]
584it [00:01, 515.12it/s]
686it [00:01, 644.33it/s]
790it [00:02, 749.86it/s]
895it [00:02, 831.16it/s]
1001it [00:02, 894.71it/s]
1103it [00:02, 929.64it/s]
1207it [00:02, 961.14it/s]
1310it [00:02, 977.18it/s]
1410it [00:02, 937.45it/s]
1506it [00:02, 907.93it/s]
1598it [00:02, 847.74it/s]
1685it [00:03, 827.44it/s]
1771it [00:03, 835.11it/s]
1865it [00:03, 862.52it/s]
1952it [00:03, 858.07it/s]
2046it [00:03, 877.98it/s]
2137it [00:03, 885.10it/s]
2226it [00:03, 876.67it/s]
2322it [00:03, 900.54it/s]
2413it [00:03, 903.12it/s]
2504it [00:03, 883.19it/s]
2593it [00:04, 846.08it/s]
2679it [00:04, 845.05it/s]
2773it [00:04, 872.12it/s]
2864it [00:04, 880.82it/s]
2953it [00:04, 845.18it/s]
3038it [00:04, 840.16it/s]
3127it [00:04, 852.35it/s]
3216it [00:04, 862.63it/s]
3303it [00:04, 848.94it/s]
3391it [00:05, 854.08it/s]
3477it [00:05, 850.14it/s]
3563it [00:05, 847.03it/s]
3655it [00:05, 867.03it/s]
3742it [00:05, 828.18it/s]
3826it [00:05, 806.95it/s]
3908it [00:05, 799.00it/s]
3996it [00:05, 822.02it/s]
4089it [00:05, 850.03it/s]
4175it [00:05, 842.01it/s]
4263it [00:06, 852.27it/s]
4349it [00:06, 837.70it/s]
4435it [00:06, 843.63it/s]
4520it [00:06, 837.87it/s]
4604it [00:06, 832.48it/s]
4690it [00:06, 840.09it/s]
4775it [00:06, 827.92it/s]
4862it [00:06, 838.38it/s]
4946it [00:06, 828.44it/s]
5030it [00:07, 831.77it/s]
5117it [00:07, 841.46it/s]
5202it [00:07, 798.70it/s]
5283it [00:07, 798.64it/s]
5370it [00:07, 817.48it/s]
5459it [00:07, 838.43it/s]
5547it [00:07, 850.54it/s]
5636it [00:07, 861.39it/s]
5724it [00:07, 862.80it/s]
5820it [00:07, 890.41it/s]
5910it [00:08, 892.19it/s]
6008it [00:08, 918.20it/s]
6102it [00:08, 924.51it/s]
6203it [00:08, 949.28it/s]
6298it [00:08, 918.29it/s]
6391it [00:08, 882.94it/s]
6480it [00:08, 861.57it/s]
6567it [00:08, 850.73it/s]
6654it [00:08, 856.16it/s]
6742it [00:08, 862.20it/s]
6829it [00:09, 831.28it/s]
6919it [00:09, 849.25it/s]
7017it [00:09, 887.01it/s]
7107it [00:09, 856.12it/s]
7197it [00:09, 866.63it/s]
7289it [00:09, 880.56it/s]
7378it [00:09, 851.87it/s]
7471it [00:09, 873.10it/s]
7571it [00:09, 908.39it/s]
7663it [00:10, 896.81it/s]
7760it [00:10, 916.89it/s]
7853it [00:10, 919.21it/s]
7948it [00:10, 925.53it/s]
8041it [00:10, 905.91it/s]
8132it [00:10, 871.23it/s]
8231it [00:10, 903.84it/s]
8322it [00:10, 870.91it/s]
8410it [00:10, 850.52it/s]
8496it [00:10, 824.49it/s]
8583it [00:11, 833.62it/s]
8669it [00:11, 834.94it/s]
8753it [00:11, 821.79it/s]
8836it [00:11, 796.04it/s]
8919it [00:11, 805.57it/s]
9000it [00:11, 788.35it/s]
9084it [00:11, 802.91it/s]
9174it [00:11, 828.15it/s]
9262it [00:11, 841.19it/s]
9347it [00:12, 791.23it/s]
9427it [00:12, 786.21it/s]
9509it [00:12, 795.83it/s]
9604it [00:12, 840.06it/s]
9693it [00:12, 853.59it/s]
9788it [00:12, 878.68it/s]
9883it [00:12, 897.99it/s]
9978it [00:12, 910.78it/s]
10000it [00:12, 783.61it/s]
Experiment stage: Done
Results saved to:  /home/dzh/project/vdtuner/vector-db-benchmark-master/results
>>> [Step 5] 收尾工作...
    监控日志已保存。
📊 测试结果摘要:
0.9661700000000001
775.8269546100956
0.005663738748989999
line1:  0.005663738748989999
line1:  775.8269546100956
line1:  0.9661700000000001
numeric_values:  [0.005663738748989999, 775.8269546100956, 0.9661700000000001]
[32] 2712 0.9661700000000001 0.005663738748989999 90
/bin/sh: 1: Syntax error: "(" unexpected
/data/dzh/venv/lib/python3.10/site-packages/botorch/acquisition/multi_objective/monte_carlo.py:110: NumericsWarning: qExpectedHypervolumeImprovement has known numerical issues that lead to suboptimal optimization performance. It is strongly recommended to simply replace

	 qExpectedHypervolumeImprovement 	 --> 	 qLogExpectedHypervolumeImprovement 

instead, which fixes the issues and has the same API. See https://arxiv.org/abs/2310.20708 for details.
  legacy_ei_numerics_warning(legacy_name=type(self).__name__)
--- DEBUG: Starting command:---
=======================================
🛠️  开始测试流程
Engine: milvus-p10 | Dataset: random-range-2048-angular-no-filters
=======================================
>>> [Step 1] 启动后台监控...
    监控进程 PID: 3979506
>>> [Step 2] 重置 Milvus...
 Container milvus-standalone  Stopping
 Container milvus-standalone  Stopped
 Container milvus-standalone  Removing
 Container milvus-standalone  Removed
 Container milvus-minio  Stopping
 Container milvus-etcd  Stopping
 Container milvus-etcd  Stopped
 Container milvus-etcd  Removing
 Container milvus-etcd  Removed
 Container milvus-minio  Stopped
 Container milvus-minio  Removing
 Container milvus-minio  Removed
 Network milvus  Removing
 Network milvus  Removed
    🧹 清理宿主机数据目录: /home/dzh/project/vdtuner/vector-db-benchmark-master/engine/servers/milvus-single-node/volumes
 Network milvus  Creating
 Network milvus  Created
 Container milvus-etcd  Creating
 Container milvus-minio  Creating
 Container milvus-etcd  Created
 Container milvus-minio  Created
 Container milvus-standalone  Creating
 Container milvus-standalone  Created
 Container milvus-etcd  Starting
 Container milvus-minio  Starting
 Container milvus-minio  Started
 Container milvus-etcd  Started
 Container milvus-standalone  Starting
 Container milvus-standalone  Started
>>> [Step 3] 等待服务启动 (90s)...
    等待中... (10s/120s)
    ✅ Milvus 服务已就绪
>>> [Step 4] 运行 Benchmark...
Running experiment: milvus-p10 - random-range-2048-angular-no-filters
established connection
/home/dzh/project/vdtuner/vector-db-benchmark-master/datasets/random-range-2048-angular/random_float_100k_no_filters already exists
Experiment stage: Configure
Experiment stage: Upload

0it [00:00, ?it/s]
1it [00:00,  1.11it/s]
64it [00:01, 86.41it/s]
512it [00:01, 796.76it/s]
768it [00:01, 1110.64it/s]
1344it [00:01, 1984.94it/s]
1693it [00:01, 2318.22it/s]
2019it [00:01, 1968.45it/s]
2432it [00:01, 2420.68it/s]
2816it [00:01, 2706.31it/s]
3392it [00:01, 3416.88it/s]
4352it [00:02, 4965.33it/s]
5440it [00:02, 6535.72it/s]
6528it [00:02, 7725.94it/s]
7571it [00:02, 8489.42it/s]
8512it [00:02, 8688.04it/s]
9596it [00:02, 9310.50it/s]
10552it [00:02, 9356.55it/s]
11507it [00:02, 9412.80it/s]
12480it [00:02, 9485.55it/s]
13504it [00:02, 9597.86it/s]
14470it [00:03, 9449.35it/s]
15488it [00:03, 9601.28it/s]
16452it [00:03, 9602.17it/s]
17415it [00:03, 6049.02it/s]
18432it [00:03, 6846.03it/s]
19264it [00:03, 7149.42it/s]
20288it [00:03, 7899.88it/s]
21185it [00:04, 8177.42it/s]
22144it [00:04, 8459.12it/s]
23168it [00:04, 8840.47it/s]
24128it [00:04, 8965.21it/s]
25052it [00:04, 9007.83it/s]
25972it [00:04, 9054.24it/s]
26891it [00:04, 9017.21it/s]
27904it [00:04, 9211.25it/s]
28832it [00:04, 9146.81it/s]
29752it [00:04, 9068.90it/s]
30663it [00:05, 8900.76it/s]
31616it [00:05, 9067.56it/s]
32526it [00:05, 5901.68it/s]
33467it [00:05, 6651.84it/s]
34368it [00:05, 7160.01it/s]
35326it [00:05, 7763.15it/s]
36224it [00:05, 8071.20it/s]
37184it [00:05, 8409.96it/s]
38080it [00:06, 8497.39it/s]
38976it [00:06, 8597.01it/s]
39936it [00:06, 8791.40it/s]
40833it [00:06, 8816.84it/s]
41727it [00:06, 8638.45it/s]
42600it [00:06, 8539.22it/s]
43461it [00:06, 8282.96it/s]
44352it [00:06, 8381.73it/s]
45248it [00:06, 8450.12it/s]
46208it [00:06, 8736.87it/s]
47085it [00:07, 7014.46it/s]
47841it [00:07, 7024.21it/s]
48704it [00:07, 7321.91it/s]
49616it [00:07, 7802.66it/s]
50560it [00:07, 8204.73it/s]
51456it [00:07, 8404.59it/s]
52416it [00:07, 8692.27it/s]
53312it [00:07, 8734.97it/s]
54272it [00:07, 8861.23it/s]
55168it [00:08, 8796.01it/s]
56064it [00:08, 8728.60it/s]
56960it [00:08, 8739.33it/s]
57856it [00:08, 8699.65it/s]
58735it [00:08, 8725.69it/s]
59648it [00:08, 8754.89it/s]
60565it [00:08, 8875.85it/s]
61454it [00:08, 5876.39it/s]
62336it [00:09, 6500.19it/s]
63204it [00:09, 7017.00it/s]
64064it [00:09, 7306.33it/s]
64986it [00:09, 7808.65it/s]
65856it [00:09, 8000.73it/s]
66697it [00:09, 8101.20it/s]
67537it [00:09, 7982.53it/s]
68356it [00:09, 8004.93it/s]
69184it [00:09, 7997.97it/s]
69994it [00:10, 7767.66it/s]
70848it [00:10, 7872.70it/s]
71641it [00:10, 7842.16it/s]
72512it [00:10, 8042.67it/s]
73408it [00:10, 8236.76it/s]
74248it [00:10, 8284.25it/s]
75200it [00:10, 7567.75it/s]
76032it [00:10, 7745.58it/s]
76928it [00:10, 8066.62it/s]
77787it [00:10, 8214.65it/s]
78656it [00:11, 8313.40it/s]
79616it [00:11, 8590.28it/s]
80507it [00:11, 8682.82it/s]
81380it [00:11, 7928.72it/s]
82230it [00:11, 8086.19it/s]
83068it [00:11, 8169.20it/s]
83904it [00:11, 8155.61it/s]
84800it [00:11, 8343.57it/s]
85696it [00:11, 8424.18it/s]
86592it [00:12, 8548.38it/s]
87488it [00:12, 8609.03it/s]
88351it [00:12, 8612.42it/s]
89216it [00:12, 8507.92it/s]
90112it [00:12, 8553.48it/s]
90969it [00:12, 5512.55it/s]
91840it [00:12, 6169.77it/s]
92736it [00:12, 6765.17it/s]
93632it [00:13, 7299.31it/s]
94464it [00:13, 7529.37it/s]
95360it [00:13, 7849.96it/s]
96192it [00:13, 7925.52it/s]
97152it [00:13, 8332.74it/s]
98048it [00:13, 8361.58it/s]
98944it [00:13, 8515.06it/s]
99840it [00:13, 8622.59it/s]
100000it [00:13, 7268.22it/s]
Upload time: 14.159774940926582
Total import time: 43.988667217083275
Experiment stage: Search

0it [00:00, ?it/s]
4it [00:00,  5.22it/s]
14it [00:00, 19.60it/s]
27it [00:00, 39.35it/s]
64it [00:01, 105.79it/s]
138it [00:01, 247.44it/s]
217it [00:01, 375.72it/s]
288it [00:01, 459.48it/s]
369it [00:01, 552.66it/s]
458it [00:01, 645.07it/s]
537it [00:01, 685.73it/s]
617it [00:01, 718.25it/s]
701it [00:01, 751.64it/s]
791it [00:01, 794.47it/s]
873it [00:02, 781.83it/s]
954it [00:02, 789.18it/s]
1040it [00:02, 807.83it/s]
1122it [00:02, 795.55it/s]
1203it [00:02, 769.96it/s]
1283it [00:02, 774.81it/s]
1361it [00:02, 772.12it/s]
1445it [00:02, 790.67it/s]
1536it [00:02, 821.79it/s]
1619it [00:03, 772.24it/s]
1697it [00:03, 730.74it/s]
1781it [00:03, 759.55it/s]
1875it [00:03, 809.86it/s]
1957it [00:03, 793.26it/s]
2042it [00:03, 806.54it/s]
2124it [00:03, 786.34it/s]
2204it [00:03, 782.51it/s]
2284it [00:03, 787.32it/s]
2363it [00:04, 778.51it/s]
2449it [00:04, 800.62it/s]
2530it [00:04, 800.23it/s]
2611it [00:04, 779.68it/s]
2692it [00:04, 746.98it/s]
2768it [00:04, 688.64it/s]
2853it [00:04, 730.26it/s]
2939it [00:04, 765.32it/s]
3017it [00:04, 737.77it/s]
3099it [00:04, 755.90it/s]
3176it [00:05, 758.93it/s]
3253it [00:05, 757.56it/s]
3339it [00:05, 786.22it/s]
3420it [00:05, 787.40it/s]
3509it [00:05, 817.30it/s]
3591it [00:05, 792.13it/s]
3680it [00:05, 819.50it/s]
3763it [00:05, 813.07it/s]
3845it [00:05, 801.96it/s]
3926it [00:06, 798.29it/s]
4018it [00:06, 832.94it/s]
4108it [00:06, 852.31it/s]
4201it [00:06, 872.12it/s]
4289it [00:06, 874.29it/s]
4377it [00:06, 854.44it/s]
4463it [00:06, 841.08it/s]
4548it [00:06, 792.59it/s]
4628it [00:06, 751.32it/s]
4712it [00:06, 772.23it/s]
4790it [00:07, 768.80it/s]
4875it [00:07, 791.76it/s]
4955it [00:07, 780.55it/s]
5034it [00:07, 741.38it/s]
5113it [00:07, 754.62it/s]
5196it [00:07, 771.98it/s]
5278it [00:07, 779.69it/s]
5357it [00:07, 746.15it/s]
5433it [00:07, 749.46it/s]
5518it [00:08, 776.73it/s]
5606it [00:08, 806.61it/s]
5687it [00:08, 758.14it/s]
5764it [00:08, 726.71it/s]
5838it [00:08, 581.06it/s]
5919it [00:08, 634.69it/s]
5999it [00:08, 675.94it/s]
6075it [00:08, 696.69it/s]
6152it [00:08, 716.64it/s]
6236it [00:09, 751.21it/s]
6317it [00:09, 765.15it/s]
6402it [00:09, 788.98it/s]
6482it [00:09, 759.94it/s]
6563it [00:09, 770.19it/s]
6641it [00:09, 751.26it/s]
6717it [00:09, 694.96it/s]
6788it [00:09, 637.69it/s]
6858it [00:09, 652.79it/s]
6928it [00:10, 664.91it/s]
7000it [00:10, 678.62it/s]
7069it [00:10, 668.52it/s]
7146it [00:10, 694.58it/s]
7225it [00:10, 721.36it/s]
7298it [00:10, 714.32it/s]
7373it [00:10, 708.69it/s]
7454it [00:10, 737.61it/s]
7535it [00:10, 757.61it/s]
7611it [00:11, 706.33it/s]
7690it [00:11, 725.79it/s]
7769it [00:11, 743.41it/s]
7862it [00:11, 795.90it/s]
7959it [00:11, 845.66it/s]
8057it [00:11, 884.93it/s]
8154it [00:11, 908.55it/s]
8246it [00:11, 909.74it/s]
8338it [00:11, 806.85it/s]
8424it [00:11, 818.80it/s]
8525it [00:12, 871.20it/s]
8614it [00:12, 874.92it/s]
8703it [00:12, 794.28it/s]
8785it [00:12, 750.49it/s]
8866it [00:12, 762.68it/s]
8955it [00:12, 797.10it/s]
9036it [00:12, 799.06it/s]
9117it [00:12, 782.77it/s]
9205it [00:12, 810.26it/s]
9290it [00:13, 821.63it/s]
9373it [00:13, 796.24it/s]
9454it [00:13, 774.75it/s]
9534it [00:13, 781.23it/s]
9618it [00:13, 798.00it/s]
9699it [00:13, 766.77it/s]
9777it [00:13, 767.49it/s]
9863it [00:13, 793.28it/s]
9948it [00:13, 809.44it/s]
10000it [00:13, 717.73it/s]
Experiment stage: Done
Results saved to:  /home/dzh/project/vdtuner/vector-db-benchmark-master/results
>>> [Step 5] 收尾工作...
    监控日志已保存。
📊 测试结果摘要:
0.9997299999999999
710.9441365937823
0.006280938419513404
line1:  0.006280938419513404
line1:  710.9441365937823
line1:  0.9997299999999999
numeric_values:  [0.006280938419513404, 710.9441365937823, 0.9997299999999999]
[33] 2806 0.9997299999999999 0.006280938419513404 93
/bin/sh: 1: Syntax error: "(" unexpected
/data/dzh/venv/lib/python3.10/site-packages/botorch/acquisition/multi_objective/monte_carlo.py:110: NumericsWarning: qExpectedHypervolumeImprovement has known numerical issues that lead to suboptimal optimization performance. It is strongly recommended to simply replace

	 qExpectedHypervolumeImprovement 	 --> 	 qLogExpectedHypervolumeImprovement 

instead, which fixes the issues and has the same API. See https://arxiv.org/abs/2310.20708 for details.
  legacy_ei_numerics_warning(legacy_name=type(self).__name__)
--- DEBUG: Starting command:---
=======================================
🛠️  开始测试流程
Engine: milvus-p10 | Dataset: random-range-2048-angular-no-filters
=======================================
>>> [Step 1] 启动后台监控...
    监控进程 PID: 3991005
>>> [Step 2] 重置 Milvus...
 Container milvus-standalone  Stopping
 Container milvus-standalone  Stopped
 Container milvus-standalone  Removing
 Container milvus-standalone  Removed
 Container milvus-etcd  Stopping
 Container milvus-minio  Stopping
 Container milvus-etcd  Stopped
 Container milvus-etcd  Removing
 Container milvus-etcd  Removed
 Container milvus-minio  Stopped
 Container milvus-minio  Removing
 Container milvus-minio  Removed
 Network milvus  Removing
 Network milvus  Removed
    🧹 清理宿主机数据目录: /home/dzh/project/vdtuner/vector-db-benchmark-master/engine/servers/milvus-single-node/volumes
 Network milvus  Creating
 Network milvus  Created
 Container milvus-etcd  Creating
 Container milvus-minio  Creating
 Container milvus-etcd  Created
 Container milvus-minio  Created
 Container milvus-standalone  Creating
 Container milvus-standalone  Created
 Container milvus-minio  Starting
 Container milvus-etcd  Starting
 Container milvus-minio  Started
 Container milvus-etcd  Started
 Container milvus-standalone  Starting
 Container milvus-standalone  Started
>>> [Step 3] 等待服务启动 (90s)...
    等待中... (10s/120s)
    ✅ Milvus 服务已就绪
>>> [Step 4] 运行 Benchmark...
Running experiment: milvus-p10 - random-range-2048-angular-no-filters
established connection
/home/dzh/project/vdtuner/vector-db-benchmark-master/datasets/random-range-2048-angular/random_float_100k_no_filters already exists
Experiment stage: Configure
Experiment stage: Upload

0it [00:00, ?it/s]
1it [00:01,  1.32s/it]
768it [00:01, 738.37it/s]
1163it [00:01, 1079.45it/s]
1511it [00:01, 1418.88it/s]
1858it [00:01, 1514.60it/s]
2240it [00:01, 1877.10it/s]
2560it [00:02, 2044.12it/s]
3072it [00:02, 2683.23it/s]
4032it [00:02, 4218.25it/s]
4864it [00:02, 5173.47it/s]
5824it [00:02, 6302.58it/s]
6893it [00:02, 7480.45it/s]
7872it [00:02, 8109.53it/s]
8896it [00:02, 8607.54it/s]
9920it [00:02, 9012.87it/s]
10853it [00:03, 9094.68it/s]
11828it [00:03, 9285.09it/s]
12773it [00:03, 9294.28it/s]
13724it [00:03, 9357.57it/s]
14720it [00:03, 9483.62it/s]
15680it [00:03, 9508.00it/s]
16704it [00:03, 8017.47it/s]
17552it [00:03, 8123.22it/s]
18496it [00:03, 8476.09it/s]
19498it [00:03, 8905.50it/s]
20463it [00:04, 9117.03it/s]
21392it [00:04, 9106.68it/s]
22336it [00:04, 9169.75it/s]
23262it [00:04, 9160.11it/s]
24184it [00:04, 9074.83it/s]
25096it [00:04, 9021.47it/s]
26048it [00:04, 9058.82it/s]
26956it [00:04, 8972.79it/s]
27904it [00:04, 9063.11it/s]
28822it [00:05, 9096.35it/s]
29760it [00:05, 9106.30it/s]
30720it [00:05, 9169.22it/s]
31680it [00:05, 9296.06it/s]
32611it [00:05, 6009.10it/s]
33536it [00:05, 6675.16it/s]
34496it [00:05, 7350.89it/s]
35456it [00:05, 7860.91it/s]
36416it [00:06, 8256.22it/s]
37433it [00:06, 8774.43it/s]
38362it [00:06, 8839.39it/s]
39296it [00:06, 8882.53it/s]
40210it [00:06, 8917.04it/s]
41216it [00:06, 9123.82it/s]
42176it [00:06, 9136.70it/s]
43099it [00:06, 9083.00it/s]
44014it [00:06, 9009.73it/s]
44920it [00:06, 8800.28it/s]
45804it [00:07, 8809.48it/s]
46688it [00:07, 8789.05it/s]
47569it [00:07, 6612.17it/s]
48536it [00:07, 7345.19it/s]
49345it [00:07, 7389.20it/s]
50173it [00:07, 7623.66it/s]
51008it [00:07, 7806.69it/s]
51968it [00:07, 8265.57it/s]
52849it [00:07, 8419.88it/s]
53709it [00:08, 8322.77it/s]
54656it [00:08, 8559.11it/s]
55616it [00:08, 8778.21it/s]
56552it [00:08, 8946.79it/s]
57472it [00:08, 8889.95it/s]
58368it [00:08, 8864.65it/s]
59321it [00:08, 9059.41it/s]
60230it [00:08, 9017.94it/s]
61184it [00:08, 9157.64it/s]
62101it [00:09, 6247.97it/s]
62912it [00:09, 6651.39it/s]
63833it [00:09, 7270.74it/s]
64704it [00:09, 7575.40it/s]
65664it [00:09, 8017.77it/s]
66515it [00:09, 8114.57it/s]
67392it [00:09, 8274.33it/s]
68352it [00:09, 8584.45it/s]
69248it [00:09, 8613.16it/s]
70144it [00:10, 8700.40it/s]
71065it [00:10, 8848.11it/s]
71957it [00:10, 8492.25it/s]
72848it [00:10, 8611.92it/s]
73728it [00:10, 8594.46it/s]
74601it [00:10, 8633.64it/s]
75468it [00:10, 8569.96it/s]
76416it [00:10, 8717.02it/s]
77289it [00:11, 5445.07it/s]
78144it [00:11, 6040.15it/s]
79040it [00:11, 6665.02it/s]
79958it [00:11, 7277.56it/s]
80800it [00:11, 7572.60it/s]
81664it [00:11, 7853.12it/s]
82503it [00:11, 8001.67it/s]
83392it [00:11, 8146.68it/s]
84288it [00:11, 8306.43it/s]
85138it [00:12, 8333.67it/s]
86016it [00:12, 8322.23it/s]
86906it [00:12, 8489.74it/s]
87763it [00:12, 8400.52it/s]
88640it [00:12, 8436.78it/s]
89488it [00:12, 8422.92it/s]
90368it [00:12, 8449.52it/s]
91264it [00:12, 8548.75it/s]
92121it [00:12, 7338.62it/s]
92992it [00:13, 7618.24it/s]
93888it [00:13, 7906.94it/s]
94720it [00:13, 7996.80it/s]
95680it [00:13, 8377.65it/s]
96558it [00:13, 8492.52it/s]
97416it [00:13, 8428.54it/s]
98265it [00:13, 8353.19it/s]
99105it [00:13, 7944.03it/s]
99906it [00:13, 7765.43it/s]
100000it [00:13, 7217.63it/s]
Upload time: 14.431416089646518
Total import time: 44.645353853702545
Experiment stage: Search

0it [00:00, ?it/s]
4it [00:00,  5.25it/s]
14it [00:00, 19.54it/s]
28it [00:00, 40.90it/s]
105it [00:01, 188.57it/s]
189it [00:01, 334.23it/s]
279it [00:01, 470.48it/s]
367it [00:01, 575.42it/s]
450it [00:01, 642.96it/s]
543it [00:01, 719.76it/s]
633it [00:01, 768.71it/s]
719it [00:01, 791.02it/s]
816it [00:01, 841.62it/s]
911it [00:01, 872.52it/s]
1001it [00:02, 870.46it/s]
1093it [00:02, 884.89it/s]
1183it [00:02, 867.78it/s]
1271it [00:02, 865.43it/s]
1359it [00:02, 835.16it/s]
1447it [00:02, 846.20it/s]
1536it [00:02, 858.24it/s]
1637it [00:02, 901.87it/s]
1728it [00:02, 890.19it/s]
1820it [00:03, 891.69it/s]
1913it [00:03, 901.13it/s]
2008it [00:03, 910.43it/s]
2100it [00:03, 903.74it/s]
2193it [00:03, 906.13it/s]
2284it [00:03, 876.94it/s]
2372it [00:03, 864.28it/s]
2462it [00:03, 873.25it/s]
2553it [00:03, 882.86it/s]
2644it [00:03, 890.06it/s]
2735it [00:04, 895.40it/s]
2825it [00:04, 863.65it/s]
2912it [00:04, 859.24it/s]
3007it [00:04, 885.47it/s]
3103it [00:04, 904.77it/s]
3202it [00:04, 928.78it/s]
3303it [00:04, 952.23it/s]
3400it [00:04, 957.22it/s]
3496it [00:04, 906.75it/s]
3588it [00:05, 889.03it/s]
3689it [00:05, 922.04it/s]
3787it [00:05, 938.06it/s]
3882it [00:05, 932.32it/s]
3976it [00:05, 900.65it/s]
4067it [00:05, 888.06it/s]
4157it [00:05, 845.61it/s]
4243it [00:05, 821.68it/s]
4326it [00:05, 818.06it/s]
4418it [00:05, 846.75it/s]
4509it [00:06, 863.48it/s]
4596it [00:06, 862.87it/s]
4685it [00:06, 865.38it/s]
4777it [00:06, 880.31it/s]
4870it [00:06, 892.57it/s]
4964it [00:06, 905.45it/s]
5055it [00:06, 854.40it/s]
5142it [00:06, 830.41it/s]
5235it [00:06, 856.36it/s]
5326it [00:07, 871.04it/s]
5419it [00:07, 886.88it/s]
5511it [00:07, 896.41it/s]
5602it [00:07, 898.71it/s]
5693it [00:07, 886.25it/s]
5783it [00:07, 887.95it/s]
5872it [00:07, 885.33it/s]
5961it [00:07, 877.28it/s]
6049it [00:07, 832.57it/s]
6133it [00:07, 801.63it/s]
6214it [00:08, 770.54it/s]
6301it [00:08, 797.14it/s]
6382it [00:08, 786.51it/s]
6461it [00:08, 745.74it/s]
6541it [00:08, 759.17it/s]
6623it [00:08, 775.12it/s]
6701it [00:08, 769.00it/s]
6779it [00:08, 758.90it/s]
6859it [00:08, 770.61it/s]
6949it [00:08, 807.07it/s]
7030it [00:09, 807.02it/s]
7124it [00:09, 844.24it/s]
7218it [00:09, 872.53it/s]
7323it [00:09, 922.53it/s]
7424it [00:09, 948.52it/s]
7519it [00:09, 943.54it/s]
7614it [00:09, 928.39it/s]
7707it [00:09, 913.79it/s]
7799it [00:09, 886.61it/s]
7888it [00:10, 845.32it/s]
7973it [00:10, 842.04it/s]
8058it [00:10, 829.39it/s]
8150it [00:10, 854.23it/s]
8236it [00:10, 831.10it/s]
8320it [00:10, 745.92it/s]
8409it [00:10, 781.81it/s]
8489it [00:10, 757.18it/s]
8571it [00:10, 774.10it/s]
8657it [00:11, 797.83it/s]
8744it [00:11, 816.35it/s]
8839it [00:11, 852.44it/s]
8925it [00:11, 784.66it/s]
9005it [00:11, 774.16it/s]
9084it [00:11, 755.85it/s]
9171it [00:11, 786.98it/s]
9255it [00:11, 799.78it/s]
9350it [00:11, 842.12it/s]
9436it [00:11, 845.09it/s]
9528it [00:12, 866.47it/s]
9617it [00:12, 872.27it/s]
9713it [00:12, 895.41it/s]
9809it [00:12, 913.64it/s]
9901it [00:12, 844.09it/s]
9993it [00:12, 864.34it/s]
10000it [00:12, 792.91it/s]
Experiment stage: Done
Results saved to:  /home/dzh/project/vdtuner/vector-db-benchmark-master/results
>>> [Step 5] 收尾工作...
    监控日志已保存。
📊 测试结果摘要:
0.99969
784.7517615563354
0.005863569467328488
line1:  0.005863569467328488
line1:  784.7517615563354
line1:  0.99969
numeric_values:  [0.005863569467328488, 784.7517615563354, 0.99969]
[34] 2897 0.99969 0.005863569467328488 90
/bin/sh: 1: Syntax error: "(" unexpected
/data/dzh/venv/lib/python3.10/site-packages/botorch/acquisition/multi_objective/monte_carlo.py:110: NumericsWarning: qExpectedHypervolumeImprovement has known numerical issues that lead to suboptimal optimization performance. It is strongly recommended to simply replace

	 qExpectedHypervolumeImprovement 	 --> 	 qLogExpectedHypervolumeImprovement 

instead, which fixes the issues and has the same API. See https://arxiv.org/abs/2310.20708 for details.
  legacy_ei_numerics_warning(legacy_name=type(self).__name__)
--- DEBUG: Starting command:---
=======================================
🛠️  开始测试流程
Engine: milvus-p10 | Dataset: random-range-2048-angular-no-filters
=======================================
>>> [Step 1] 启动后台监控...
    监控进程 PID: 4002236
>>> [Step 2] 重置 Milvus...
 Container milvus-standalone  Stopping
 Container milvus-standalone  Stopped
 Container milvus-standalone  Removing
 Container milvus-standalone  Removed
 Container milvus-etcd  Stopping
 Container milvus-minio  Stopping
 Container milvus-etcd  Stopped
 Container milvus-etcd  Removing
 Container milvus-etcd  Removed
 Container milvus-minio  Stopped
 Container milvus-minio  Removing
 Container milvus-minio  Removed
 Network milvus  Removing
 Network milvus  Removed
    🧹 清理宿主机数据目录: /home/dzh/project/vdtuner/vector-db-benchmark-master/engine/servers/milvus-single-node/volumes
 Network milvus  Creating
 Network milvus  Created
 Container milvus-minio  Creating
 Container milvus-etcd  Creating
 Container milvus-etcd  Created
 Container milvus-minio  Created
 Container milvus-standalone  Creating
 Container milvus-standalone  Created
 Container milvus-etcd  Starting
 Container milvus-minio  Starting
 Container milvus-etcd  Started
 Container milvus-minio  Started
 Container milvus-standalone  Starting
 Container milvus-standalone  Started
>>> [Step 3] 等待服务启动 (90s)...
    等待中... (10s/120s)
    ✅ Milvus 服务已就绪
>>> [Step 4] 运行 Benchmark...
Running experiment: milvus-p10 - random-range-2048-angular-no-filters
established connection
/home/dzh/project/vdtuner/vector-db-benchmark-master/datasets/random-range-2048-angular/random_float_100k_no_filters already exists
Experiment stage: Configure
Experiment stage: Upload

0it [00:00, ?it/s]
1it [00:00,  1.59it/s]
64it [00:00, 90.70it/s]
192it [00:00, 290.37it/s]
960it [00:01, 1684.38it/s]
1280it [00:01, 1981.64it/s]
1588it [00:01, 2028.14it/s]
1920it [00:01, 2282.88it/s]
2206it [00:01, 2226.06it/s]
2468it [00:01, 2175.54it/s]
3008it [00:01, 2852.12it/s]
3456it [00:01, 3244.08it/s]
4096it [00:02, 4047.57it/s]
5184it [00:02, 5869.61it/s]
6144it [00:02, 6819.16it/s]
7138it [00:02, 7699.25it/s]
8128it [00:02, 8253.96it/s]
9152it [00:02, 8779.81it/s]
10112it [00:02, 9006.58it/s]
11072it [00:02, 9136.08it/s]
12032it [00:02, 9204.34it/s]
13056it [00:02, 9420.56it/s]
14080it [00:03, 9561.29it/s]
15104it [00:03, 9651.78it/s]
16072it [00:03, 9635.10it/s]
17097it [00:03, 9816.20it/s]
18080it [00:03, 6826.11it/s]
19008it [00:03, 7364.07it/s]
20032it [00:03, 7961.08it/s]
21056it [00:03, 8479.46it/s]
22016it [00:04, 8774.21it/s]
22944it [00:04, 8852.58it/s]
24000it [00:04, 9216.15it/s]
24961it [00:04, 9326.19it/s]
25920it [00:04, 9293.73it/s]
26880it [00:04, 9311.95it/s]
27840it [00:04, 9365.06it/s]
28800it [00:04, 9319.73it/s]
29760it [00:04, 9379.74it/s]
30720it [00:04, 9361.05it/s]
31680it [00:05, 9281.71it/s]
32610it [00:05, 5896.12it/s]
33558it [00:05, 6647.22it/s]
34496it [00:05, 7229.34it/s]
35456it [00:05, 7764.48it/s]
36420it [00:05, 8250.50it/s]
37370it [00:05, 8587.71it/s]
38283it [00:05, 8605.94it/s]
39232it [00:06, 8770.83it/s]
40192it [00:06, 8964.83it/s]
41152it [00:06, 9109.85it/s]
42078it [00:06, 9091.16it/s]
42998it [00:06, 8642.85it/s]
43904it [00:06, 8670.63it/s]
44780it [00:06, 8695.74it/s]
45696it [00:06, 8798.22it/s]
46592it [00:06, 8822.03it/s]
47516it [00:07, 8944.62it/s]
48413it [00:07, 5876.15it/s]
49280it [00:07, 6446.98it/s]
50176it [00:07, 6982.49it/s]
51072it [00:07, 7451.01it/s]
51968it [00:07, 7818.81it/s]
52807it [00:07, 7923.29it/s]
53641it [00:07, 7787.73it/s]
54449it [00:08, 7730.10it/s]
55242it [00:08, 7653.90it/s]
56128it [00:08, 7898.79it/s]
56960it [00:08, 7955.94it/s]
57856it [00:08, 8138.40it/s]
58771it [00:08, 8430.35it/s]
59648it [00:08, 8425.51it/s]
60544it [00:08, 8537.04it/s]
61401it [00:08, 8333.68it/s]
62272it [00:08, 8427.93it/s]
63168it [00:09, 8478.39it/s]
64064it [00:09, 8556.54it/s]
64960it [00:09, 8531.88it/s]
65814it [00:09, 8518.51it/s]
66688it [00:09, 8548.44it/s]
67648it [00:09, 8695.12it/s]
68544it [00:09, 8709.60it/s]
69440it [00:09, 8737.12it/s]
70336it [00:09, 8740.01it/s]
71232it [00:09, 8801.57it/s]
72192it [00:10, 8923.02it/s]
73088it [00:10, 8884.43it/s]
73984it [00:10, 8861.85it/s]
74871it [00:10, 8587.89it/s]
75732it [00:10, 8097.83it/s]
76672it [00:10, 8391.47it/s]
77517it [00:10, 7597.02it/s]
78293it [00:10, 7502.45it/s]
79132it [00:10, 7744.60it/s]
80000it [00:11, 7908.38it/s]
80832it [00:11, 8020.32it/s]
81792it [00:11, 8382.36it/s]
82679it [00:11, 8523.34it/s]
83535it [00:11, 8378.63it/s]
84416it [00:11, 8388.04it/s]
85282it [00:11, 8467.01it/s]
86131it [00:11, 8439.31it/s]
86977it [00:11, 8239.48it/s]
87808it [00:11, 8150.65it/s]
88704it [00:12, 8348.21it/s]
89600it [00:12, 8438.33it/s]
90496it [00:12, 8489.28it/s]
91392it [00:12, 8587.33it/s]
92321it [00:12, 8792.45it/s]
93202it [00:12, 7708.87it/s]
94080it [00:12, 7960.02it/s]
95040it [00:12, 8353.28it/s]
95892it [00:12, 8278.87it/s]
96768it [00:13, 8362.83it/s]
97697it [00:13, 8629.29it/s]
98567it [00:13, 8615.57it/s]
99456it [00:13, 8648.14it/s]
100000it [00:13, 7445.05it/s]
Upload time: 13.813965695910156
Total import time: 43.88430026220158
Experiment stage: Search

0it [00:00, ?it/s]
4it [00:00,  5.22it/s]
14it [00:00, 19.52it/s]
30it [00:00, 44.43it/s]
115it [00:01, 207.54it/s]
193it [00:01, 335.25it/s]
276it [00:01, 454.10it/s]
364it [00:01, 563.15it/s]
452it [00:01, 647.21it/s]
541it [00:01, 713.68it/s]
630it [00:01, 763.02it/s]
719it [00:01, 795.38it/s]
804it [00:01, 775.93it/s]
900it [00:02, 827.40it/s]
986it [00:02, 812.66it/s]
1078it [00:02, 841.27it/s]
1164it [00:02, 834.12it/s]
1249it [00:02, 811.06it/s]
1336it [00:02, 825.79it/s]
1420it [00:02, 812.04it/s]
1511it [00:02, 838.37it/s]
1598it [00:02, 846.95it/s]
1684it [00:02, 842.23it/s]
1769it [00:03, 838.18it/s]
1853it [00:03, 806.32it/s]
1934it [00:03, 769.86it/s]
2021it [00:03, 796.70it/s]
2111it [00:03, 824.95it/s]
2208it [00:03, 865.55it/s]
2297it [00:03, 870.85it/s]
2385it [00:03, 843.81it/s]
2470it [00:03, 813.20it/s]
2552it [00:04, 799.10it/s]
2636it [00:04, 805.91it/s]
2721it [00:04, 816.61it/s]
2803it [00:04, 788.48it/s]
2891it [00:04, 813.82it/s]
2975it [00:04, 817.50it/s]
3057it [00:04, 816.52it/s]
3139it [00:04, 815.72it/s]
3229it [00:04, 839.46it/s]
3316it [00:04, 846.95it/s]
3401it [00:05, 830.37it/s]
3495it [00:05, 862.44it/s]
3586it [00:05, 876.14it/s]
3675it [00:05, 876.62it/s]
3769it [00:05, 895.02it/s]
3867it [00:05, 918.91it/s]
3960it [00:05, 920.29it/s]
4055it [00:05, 926.56it/s]
4148it [00:05, 923.81it/s]
4241it [00:05, 905.61it/s]
4332it [00:06, 850.33it/s]
4419it [00:06, 855.59it/s]
4506it [00:06, 851.21it/s]
4592it [00:06, 839.13it/s]
4677it [00:06, 829.70it/s]
4761it [00:06, 758.11it/s]
4845it [00:06, 779.65it/s]
4932it [00:06, 803.61it/s]
5014it [00:06, 800.17it/s]
5095it [00:07, 747.06it/s]
5171it [00:07, 746.45it/s]
5254it [00:07, 769.47it/s]
5356it [00:07, 841.24it/s]
5453it [00:07, 876.98it/s]
5542it [00:07, 663.16it/s]
5624it [00:07, 700.46it/s]
5722it [00:07, 770.67it/s]
5805it [00:07, 782.68it/s]
5890it [00:08, 801.00it/s]
5974it [00:08, 811.62it/s]
6058it [00:08, 805.39it/s]
6142it [00:08, 813.85it/s]
6225it [00:08, 804.71it/s]
6307it [00:08, 803.53it/s]
6388it [00:08, 804.77it/s]
6469it [00:08, 779.06it/s]
6548it [00:08, 767.85it/s]
6626it [00:09, 764.26it/s]
6708it [00:09, 779.22it/s]
6789it [00:09, 782.09it/s]
6870it [00:09, 788.36it/s]
6964it [00:09, 832.79it/s]
7060it [00:09, 868.26it/s]
7149it [00:09, 874.23it/s]
7237it [00:09, 852.62it/s]
7323it [00:09, 816.67it/s]
7418it [00:09, 852.17it/s]
7514it [00:10, 882.58it/s]
7609it [00:10, 900.89it/s]
7700it [00:10, 845.45it/s]
7786it [00:10, 818.37it/s]
7869it [00:10, 820.93it/s]
7958it [00:10, 840.17it/s]
8053it [00:10, 869.48it/s]
8141it [00:10, 869.79it/s]
8232it [00:10, 881.20it/s]
8326it [00:10, 895.75it/s]
8416it [00:11, 891.40it/s]
8514it [00:11, 915.84it/s]
8606it [00:11, 888.01it/s]
8701it [00:11, 897.30it/s]
8791it [00:11, 883.34it/s]
8880it [00:11, 843.43it/s]
8965it [00:11, 838.30it/s]
9050it [00:11, 836.82it/s]
9139it [00:11, 850.52it/s]
9225it [00:12, 825.60it/s]
9309it [00:12, 827.67it/s]
9392it [00:12, 825.93it/s]
9475it [00:12, 814.76it/s]
9560it [00:12, 822.93it/s]
9648it [00:12, 839.33it/s]
9736it [00:12, 848.09it/s]
9821it [00:12, 839.69it/s]
9909it [00:12, 849.77it/s]
10000it [00:12, 771.63it/s]
Experiment stage: Done
Results saved to:  /home/dzh/project/vdtuner/vector-db-benchmark-master/results
>>> [Step 5] 收尾工作...
    监控日志已保存。
📊 测试结果摘要:
0.99936
765.986410464023
0.005818914272822438
line1:  0.005818914272822438
line1:  765.986410464023
line1:  0.99936
numeric_values:  [0.005818914272822438, 765.986410464023, 0.99936]
[35] 2986 0.99936 0.005818914272822438 89
/bin/sh: 1: Syntax error: "(" unexpected
/data/dzh/venv/lib/python3.10/site-packages/botorch/acquisition/multi_objective/monte_carlo.py:110: NumericsWarning: qExpectedHypervolumeImprovement has known numerical issues that lead to suboptimal optimization performance. It is strongly recommended to simply replace

	 qExpectedHypervolumeImprovement 	 --> 	 qLogExpectedHypervolumeImprovement 

instead, which fixes the issues and has the same API. See https://arxiv.org/abs/2310.20708 for details.
  legacy_ei_numerics_warning(legacy_name=type(self).__name__)
--- DEBUG: Starting command:---
=======================================
🛠️  开始测试流程
Engine: milvus-p10 | Dataset: random-range-2048-angular-no-filters
=======================================
>>> [Step 1] 启动后台监控...
    监控进程 PID: 4013479
>>> [Step 2] 重置 Milvus...
 Container milvus-standalone  Stopping
 Container milvus-standalone  Stopped
 Container milvus-standalone  Removing
 Container milvus-standalone  Removed
 Container milvus-minio  Stopping
 Container milvus-etcd  Stopping
 Container milvus-etcd  Stopped
 Container milvus-etcd  Removing
 Container milvus-etcd  Removed
 Container milvus-minio  Stopped
 Container milvus-minio  Removing
 Container milvus-minio  Removed
 Network milvus  Removing
 Network milvus  Removed
    🧹 清理宿主机数据目录: /home/dzh/project/vdtuner/vector-db-benchmark-master/engine/servers/milvus-single-node/volumes
 Network milvus  Creating
 Network milvus  Created
 Container milvus-minio  Creating
 Container milvus-etcd  Creating
 Container milvus-etcd  Created
 Container milvus-minio  Created
 Container milvus-standalone  Creating
 Container milvus-standalone  Created
 Container milvus-etcd  Starting
 Container milvus-minio  Starting
 Container milvus-minio  Started
 Container milvus-etcd  Started
 Container milvus-standalone  Starting
 Container milvus-standalone  Started
>>> [Step 3] 等待服务启动 (90s)...
    等待中... (10s/120s)
    ✅ Milvus 服务已就绪
>>> [Step 4] 运行 Benchmark...
Running experiment: milvus-p10 - random-range-2048-angular-no-filters
established connection
/home/dzh/project/vdtuner/vector-db-benchmark-master/datasets/random-range-2048-angular/random_float_100k_no_filters already exists
Experiment stage: Configure
Experiment stage: Upload

0it [00:00, ?it/s]
1it [00:01,  1.29s/it]
704it [00:01, 687.19it/s]
1038it [00:01, 956.90it/s]
1323it [00:01, 1183.74it/s]
1586it [00:01, 1391.26it/s]
1856it [00:01, 1626.61it/s]
2304it [00:02, 2101.02it/s]
2752it [00:02, 2564.54it/s]
3136it [00:02, 2814.00it/s]
3750it [00:02, 3639.04it/s]
4480it [00:02, 4588.03it/s]
5504it [00:02, 6086.73it/s]
6464it [00:02, 7035.44it/s]
7424it [00:02, 7724.88it/s]
8448it [00:02, 8329.31it/s]
9408it [00:02, 8599.21it/s]
10304it [00:03, 8689.07it/s]
11186it [00:03, 8631.49it/s]
12160it [00:03, 8846.16it/s]
13120it [00:03, 8938.28it/s]
14080it [00:03, 9110.12it/s]
15040it [00:03, 9195.77it/s]
15963it [00:03, 9080.24it/s]
16912it [00:03, 9199.90it/s]
17834it [00:04, 6124.15it/s]
18624it [00:04, 6497.41it/s]
19456it [00:04, 6865.17it/s]
20294it [00:04, 7237.23it/s]
21120it [00:04, 7476.98it/s]
21952it [00:04, 7699.30it/s]
22786it [00:04, 7878.48it/s]
23616it [00:04, 7960.47it/s]
24640it [00:04, 8538.75it/s]
25600it [00:04, 8783.32it/s]
26560it [00:05, 8927.75it/s]
27520it [00:05, 9065.35it/s]
28480it [00:05, 9085.79it/s]
29440it [00:05, 9141.02it/s]
30400it [00:05, 9168.94it/s]
31360it [00:05, 6161.00it/s]
32220it [00:05, 6689.31it/s]
33088it [00:05, 7099.33it/s]
34048it [00:06, 7717.79it/s]
34944it [00:06, 8012.44it/s]
35904it [00:06, 8341.47it/s]
36800it [00:06, 8419.34it/s]
37671it [00:06, 8440.38it/s]
38536it [00:06, 8429.16it/s]
39430it [00:06, 8576.00it/s]
40384it [00:06, 8834.70it/s]
41276it [00:06, 8827.99it/s]
42165it [00:06, 8727.77it/s]
43042it [00:07, 8704.41it/s]
43916it [00:07, 8644.49it/s]
44864it [00:07, 8779.23it/s]
45824it [00:07, 6079.18it/s]
46559it [00:07, 6358.88it/s]
47424it [00:07, 6890.01it/s]
48320it [00:07, 7397.27it/s]
49216it [00:07, 7744.94it/s]
50112it [00:08, 8018.98it/s]
51072it [00:08, 8361.62it/s]
52032it [00:08, 8633.54it/s]
52915it [00:08, 8683.19it/s]
53798it [00:08, 8578.66it/s]
54666it [00:08, 8549.62it/s]
55528it [00:08, 8397.74it/s]
56373it [00:08, 7855.01it/s]
57168it [00:08, 7782.59it/s]
58048it [00:09, 8031.48it/s]
58880it [00:09, 8095.09it/s]
59776it [00:09, 8228.34it/s]
60602it [00:09, 6597.30it/s]
61568it [00:09, 7260.83it/s]
62464it [00:09, 7657.75it/s]
63384it [00:09, 8073.27it/s]
64223it [00:09, 7812.03it/s]
65152it [00:09, 8163.97it/s]
66112it [00:10, 8454.46it/s]
67008it [00:10, 8551.14it/s]
67908it [00:10, 8679.81it/s]
68800it [00:10, 8571.13it/s]
69663it [00:10, 7981.62it/s]
70472it [00:10, 7579.36it/s]
71360it [00:10, 7912.96it/s]
72256it [00:10, 8103.79it/s]
73089it [00:10, 8166.31it/s]
74096it [00:11, 8714.18it/s]
74974it [00:11, 5666.32it/s]
75840it [00:11, 6284.20it/s]
76736it [00:11, 6877.84it/s]
77632it [00:11, 7366.75it/s]
78528it [00:11, 7781.18it/s]
79424it [00:11, 8077.90it/s]
80320it [00:11, 8284.92it/s]
81280it [00:12, 8555.78it/s]
82240it [00:12, 8787.30it/s]
83137it [00:12, 8758.61it/s]
84026it [00:12, 8579.34it/s]
84894it [00:12, 8607.02it/s]
85762it [00:12, 8494.25it/s]
86617it [00:12, 8500.65it/s]
87471it [00:12, 8405.50it/s]
88320it [00:12, 8319.53it/s]
89154it [00:12, 8311.91it/s]
90048it [00:13, 8382.49it/s]
90887it [00:13, 8374.09it/s]
91776it [00:13, 8410.11it/s]
92618it [00:13, 8163.61it/s]
93440it [00:13, 8176.85it/s]
94273it [00:13, 8221.44it/s]
95110it [00:13, 8263.18it/s]
95937it [00:13, 8207.30it/s]
96788it [00:13, 8296.56it/s]
97619it [00:13, 8294.23it/s]
98449it [00:14, 8035.96it/s]
99392it [00:14, 8419.65it/s]
100000it [00:14, 7024.86it/s]
Upload time: 14.625431870110333
Total import time: 44.45104342326522
Experiment stage: Search

0it [00:00, ?it/s]
4it [00:00,  5.10it/s]
14it [00:00, 18.77it/s]
33it [00:01, 47.35it/s]
76it [00:01, 121.70it/s]
148it [00:01, 251.58it/s]
215it [00:01, 349.32it/s]
289it [00:01, 447.74it/s]
375it [00:01, 555.83it/s]
453it [00:01, 616.48it/s]
533it [00:01, 666.39it/s]
620it [00:01, 723.02it/s]
712it [00:01, 778.29it/s]
806it [00:02, 824.31it/s]
891it [00:02, 811.81it/s]
974it [00:02, 806.10it/s]
1056it [00:02, 799.05it/s]
1137it [00:02, 798.46it/s]
1218it [00:02, 788.60it/s]
1311it [00:02, 828.05it/s]
1395it [00:02, 719.27it/s]
1483it [00:02, 760.38it/s]
1571it [00:03, 792.77it/s]
1653it [00:03, 796.10it/s]
1735it [00:03, 799.85it/s]
1831it [00:03, 845.57it/s]
1917it [00:03, 809.34it/s]
1999it [00:03, 795.96it/s]
2091it [00:03, 830.69it/s]
2175it [00:03, 827.44it/s]
2266it [00:03, 849.75it/s]
2363it [00:03, 883.54it/s]
2452it [00:04, 860.39it/s]
2548it [00:04, 888.98it/s]
2638it [00:04, 891.08it/s]
2728it [00:04, 886.98it/s]
2830it [00:04, 922.91it/s]
2923it [00:04, 904.15it/s]
3015it [00:04, 906.06it/s]
3115it [00:04, 931.12it/s]
3210it [00:04, 935.70it/s]
3304it [00:04, 893.07it/s]
3394it [00:05, 869.98it/s]
3483it [00:05, 875.27it/s]
3573it [00:05, 880.60it/s]
3662it [00:05, 877.59it/s]
3750it [00:05, 856.70it/s]
3836it [00:05, 854.36it/s]
3929it [00:05, 875.27it/s]
4022it [00:05, 862.37it/s]
4112it [00:05, 872.89it/s]
4200it [00:06, 831.09it/s]
4284it [00:06, 832.74it/s]
4378it [00:06, 862.84it/s]
4465it [00:06, 856.63it/s]
4564it [00:06, 892.78it/s]
4654it [00:06, 842.91it/s]
4740it [00:06, 847.44it/s]
4826it [00:06, 836.14it/s]
4910it [00:06, 822.85it/s]
4998it [00:06, 838.09it/s]
5084it [00:07, 844.40it/s]
5169it [00:07, 779.90it/s]
5259it [00:07, 812.14it/s]
5342it [00:07, 816.78it/s]
5437it [00:07, 853.89it/s]
5527it [00:07, 865.96it/s]
5615it [00:07, 849.17it/s]
5703it [00:07, 856.38it/s]
5791it [00:07, 861.32it/s]
5878it [00:08, 816.09it/s]
5965it [00:08, 829.96it/s]
6058it [00:08, 857.46it/s]
6145it [00:08, 855.44it/s]
6237it [00:08, 873.96it/s]
6325it [00:08, 869.62it/s]
6413it [00:08, 780.66it/s]
6493it [00:08, 760.73it/s]
6575it [00:08, 774.71it/s]
6665it [00:09, 808.33it/s]
6752it [00:09, 825.76it/s]
6836it [00:09, 822.76it/s]
6919it [00:09, 819.12it/s]
7005it [00:09, 830.98it/s]
7091it [00:09, 837.36it/s]
7185it [00:09, 866.01it/s]
7272it [00:09, 825.92it/s]
7356it [00:09, 779.77it/s]
7435it [00:09, 759.69it/s]
7526it [00:10, 798.76it/s]
7610it [00:10, 809.64it/s]
7692it [00:10, 807.69it/s]
7777it [00:10, 819.64it/s]
7867it [00:10, 840.21it/s]
7952it [00:10, 829.89it/s]
8036it [00:10, 800.12it/s]
8122it [00:10, 815.80it/s]
8212it [00:10, 838.79it/s]
8297it [00:10, 832.22it/s]
8381it [00:11, 793.42it/s]
8477it [00:11, 838.22it/s]
8566it [00:11, 852.67it/s]
8655it [00:11, 861.46it/s]
8753it [00:11, 893.97it/s]
8857it [00:11, 936.76it/s]
8951it [00:11, 862.70it/s]
9039it [00:11, 688.94it/s]
9115it [00:12, 685.36it/s]
9202it [00:12, 729.90it/s]
9279it [00:12, 738.02it/s]
9356it [00:12, 743.25it/s]
9433it [00:12, 749.70it/s]
9515it [00:12, 769.40it/s]
9599it [00:12, 789.34it/s]
9682it [00:12, 796.42it/s]
9763it [00:12, 788.37it/s]
9843it [00:12, 778.51it/s]
9922it [00:13, 747.34it/s]
9998it [00:13, 750.82it/s]
10000it [00:13, 758.64it/s]
Experiment stage: Done
Results saved to:  /home/dzh/project/vdtuner/vector-db-benchmark-master/results
>>> [Step 5] 收尾工作...
    监控日志已保存。
📊 测试结果摘要:
0.9994200000000001
750.9671261975157
0.005907323886640369
line1:  0.005907323886640369
line1:  750.9671261975157
line1:  0.9994200000000001
numeric_values:  [0.005907323886640369, 750.9671261975157, 0.9994200000000001]
[36] 3076 0.9994200000000001 0.005907323886640369 90
/bin/sh: 1: Syntax error: "(" unexpected
/data/dzh/venv/lib/python3.10/site-packages/botorch/acquisition/multi_objective/monte_carlo.py:110: NumericsWarning: qExpectedHypervolumeImprovement has known numerical issues that lead to suboptimal optimization performance. It is strongly recommended to simply replace

	 qExpectedHypervolumeImprovement 	 --> 	 qLogExpectedHypervolumeImprovement 

instead, which fixes the issues and has the same API. See https://arxiv.org/abs/2310.20708 for details.
  legacy_ei_numerics_warning(legacy_name=type(self).__name__)
--- DEBUG: Starting command:---
=======================================
🛠️  开始测试流程
Engine: milvus-p10 | Dataset: random-range-2048-angular-no-filters
=======================================
>>> [Step 1] 启动后台监控...
    监控进程 PID: 4024910
>>> [Step 2] 重置 Milvus...
 Container milvus-standalone  Stopping
 Container milvus-standalone  Stopped
 Container milvus-standalone  Removing
 Container milvus-standalone  Removed
 Container milvus-minio  Stopping
 Container milvus-etcd  Stopping
 Container milvus-etcd  Stopped
 Container milvus-etcd  Removing
 Container milvus-etcd  Removed
 Container milvus-minio  Stopped
 Container milvus-minio  Removing
 Container milvus-minio  Removed
 Network milvus  Removing
 Network milvus  Removed
    🧹 清理宿主机数据目录: /home/dzh/project/vdtuner/vector-db-benchmark-master/engine/servers/milvus-single-node/volumes
 Network milvus  Creating
 Network milvus  Created
 Container milvus-minio  Creating
 Container milvus-etcd  Creating
 Container milvus-etcd  Created
 Container milvus-minio  Created
 Container milvus-standalone  Creating
 Container milvus-standalone  Created
 Container milvus-minio  Starting
 Container milvus-etcd  Starting
 Container milvus-etcd  Started
 Container milvus-minio  Started
 Container milvus-standalone  Starting
 Container milvus-standalone  Started
>>> [Step 3] 等待服务启动 (90s)...
    等待中... (10s/120s)
    ✅ Milvus 服务已就绪
>>> [Step 4] 运行 Benchmark...
Running experiment: milvus-p10 - random-range-2048-angular-no-filters
established connection
/home/dzh/project/vdtuner/vector-db-benchmark-master/datasets/random-range-2048-angular/random_float_100k_no_filters already exists
Experiment stage: Configure
Experiment stage: Upload

0it [00:00, ?it/s]
1it [00:01,  1.22s/it]
640it [00:01, 667.21it/s]
1003it [00:01, 1020.92it/s]
1344it [00:01, 1356.99it/s]
1664it [00:01, 1665.51it/s]
1978it [00:01, 1632.45it/s]
2413it [00:01, 2153.36it/s]
2731it [00:02, 2318.20it/s]
3328it [00:02, 3160.01it/s]
4160it [00:02, 4425.71it/s]
5065it [00:02, 5631.94it/s]
6144it [00:02, 6944.43it/s]
7162it [00:02, 7840.13it/s]
8064it [00:02, 8139.62it/s]
8994it [00:02, 8472.55it/s]
9984it [00:02, 8869.77it/s]
11086it [00:02, 9499.54it/s]
12160it [00:03, 9744.07it/s]
13168it [00:03, 9842.30it/s]
14208it [00:03, 9885.09it/s]
15203it [00:03, 9895.74it/s]
16197it [00:03, 9811.38it/s]
17216it [00:03, 7581.25it/s]
18065it [00:03, 7802.48it/s]
19072it [00:03, 8303.22it/s]
20096it [00:04, 8809.55it/s]
21089it [00:04, 9118.71it/s]
22080it [00:04, 9235.39it/s]
23040it [00:04, 9305.48it/s]
24064it [00:04, 9451.37it/s]
25024it [00:04, 9447.47it/s]
26048it [00:04, 9623.42it/s]
27072it [00:04, 9656.48it/s]
28042it [00:04, 9591.67it/s]
29004it [00:04, 9589.95it/s]
29965it [00:05, 9566.38it/s]
30923it [00:05, 9486.04it/s]
31873it [00:05, 7088.01it/s]
32768it [00:05, 7459.15it/s]
33600it [00:05, 7581.73it/s]
34480it [00:05, 7901.80it/s]
35311it [00:05, 7780.23it/s]
36117it [00:05, 7817.46it/s]
36919it [00:05, 7862.45it/s]
37760it [00:06, 7908.78it/s]
38561it [00:06, 7849.19it/s]
39353it [00:06, 7817.40it/s]
40140it [00:06, 7768.19it/s]
40960it [00:06, 7802.37it/s]
41792it [00:06, 7910.07it/s]
42585it [00:06, 7847.67it/s]
43392it [00:06, 7797.17it/s]
44224it [00:06, 7918.85it/s]
45120it [00:07, 8109.37it/s]
45981it [00:07, 8255.17it/s]
46808it [00:07, 8198.40it/s]
47629it [00:07, 6993.20it/s]
48512it [00:07, 7443.57it/s]
49344it [00:07, 7613.56it/s]
50176it [00:07, 7746.65it/s]
50966it [00:07, 7673.12it/s]
51776it [00:07, 7721.53it/s]
52608it [00:07, 7791.92it/s]
53504it [00:08, 8053.90it/s]
54314it [00:08, 7988.66it/s]
55116it [00:08, 7943.90it/s]
55936it [00:08, 7982.72it/s]
56768it [00:08, 7980.15it/s]
57728it [00:08, 8364.54it/s]
58624it [00:08, 8437.82it/s]
59469it [00:08, 7349.36it/s]
60352it [00:08, 7737.32it/s]
61281it [00:09, 8164.86it/s]
62208it [00:09, 8414.53it/s]
63064it [00:09, 6251.10it/s]
64000it [00:09, 6943.07it/s]
64896it [00:09, 7360.84it/s]
65856it [00:09, 7885.41it/s]
66697it [00:09, 7994.37it/s]
67648it [00:09, 8319.00it/s]
68608it [00:10, 8598.33it/s]
69568it [00:10, 8825.17it/s]
70528it [00:10, 8965.58it/s]
71488it [00:10, 9133.64it/s]
72410it [00:10, 9155.77it/s]
73344it [00:10, 9104.11it/s]
74273it [00:10, 9158.33it/s]
75192it [00:10, 9163.54it/s]
76111it [00:10, 8955.63it/s]
77056it [00:10, 8981.15it/s]
77956it [00:11, 6633.12it/s]
78848it [00:11, 7138.67it/s]
79680it [00:11, 7422.49it/s]
80638it [00:11, 7990.54it/s]
81536it [00:11, 8191.16it/s]
82432it [00:11, 8364.09it/s]
83392it [00:11, 8594.00it/s]
84288it [00:11, 8661.38it/s]
85184it [00:11, 8633.56it/s]
86144it [00:12, 8844.33it/s]
87040it [00:12, 8794.57it/s]
88000it [00:12, 8972.97it/s]
88901it [00:12, 8946.87it/s]
89856it [00:12, 9072.46it/s]
90804it [00:12, 9192.38it/s]
91725it [00:12, 8977.32it/s]
92672it [00:12, 8909.24it/s]
93565it [00:12, 8117.07it/s]
94464it [00:13, 8279.07it/s]
95360it [00:13, 8448.94it/s]
96256it [00:13, 8562.70it/s]
97152it [00:13, 8578.87it/s]
98112it [00:13, 8750.39it/s]
99008it [00:13, 8711.55it/s]
99882it [00:13, 8688.89it/s]
100000it [00:13, 7316.86it/s]
Upload time: 14.062106155790389
Total import time: 43.6841488420032
Experiment stage: Search

0it [00:00, ?it/s]
4it [00:00,  5.28it/s]
14it [00:00, 19.83it/s]
28it [00:00, 41.23it/s]
82it [00:01, 143.01it/s]
165it [00:01, 297.77it/s]
258it [00:01, 451.02it/s]
351it [00:01, 573.94it/s]
424it [00:01, 605.08it/s]
506it [00:01, 663.88it/s]
590it [00:01, 713.38it/s]
677it [00:01, 757.37it/s]
765it [00:01, 791.43it/s]
848it [00:01, 782.49it/s]
929it [00:02, 770.27it/s]
1009it [00:02, 776.01it/s]
1088it [00:02, 711.14it/s]
1178it [00:02, 757.01it/s]
1256it [00:02, 758.43it/s]
1333it [00:02, 751.49it/s]
1409it [00:02, 741.45it/s]
1484it [00:02, 736.74it/s]
1561it [00:02, 744.02it/s]
1636it [00:03, 739.88it/s]
1711it [00:03, 731.71it/s]
1788it [00:03, 740.87it/s]
1863it [00:03, 727.81it/s]
1941it [00:03, 741.78it/s]
2022it [00:03, 758.19it/s]
2107it [00:03, 784.05it/s]
2201it [00:03, 827.37it/s]
2294it [00:03, 857.12it/s]
2380it [00:03, 842.09it/s]
2465it [00:04, 800.21it/s]
2546it [00:04, 777.26it/s]
2626it [00:04, 782.02it/s]
2711it [00:04, 800.13it/s]
2799it [00:04, 822.37it/s]
2884it [00:04, 828.95it/s]
2968it [00:04, 824.97it/s]
3053it [00:04, 832.27it/s]
3151it [00:04, 875.33it/s]
3239it [00:05, 876.09it/s]
3335it [00:05, 899.34it/s]
3426it [00:05, 885.54it/s]
3515it [00:05, 864.63it/s]
3602it [00:05, 830.12it/s]
3686it [00:05, 832.16it/s]
3783it [00:05, 870.38it/s]
3871it [00:05, 863.97it/s]
3958it [00:05, 864.00it/s]
4045it [00:05, 859.70it/s]
4132it [00:06, 794.67it/s]
4222it [00:06, 822.71it/s]
4312it [00:06, 842.49it/s]
4397it [00:06, 827.44it/s]
4481it [00:06, 828.30it/s]
4565it [00:06, 782.07it/s]
4644it [00:06, 782.35it/s]
4723it [00:06, 776.65it/s]
4802it [00:06, 764.42it/s]
4879it [00:07, 754.32it/s]
4975it [00:07, 812.22it/s]
5080it [00:07, 879.16it/s]
5185it [00:07, 929.04it/s]
5286it [00:07, 952.02it/s]
5382it [00:07, 887.98it/s]
5472it [00:07, 820.22it/s]
5559it [00:07, 831.88it/s]
5644it [00:07, 812.03it/s]
5727it [00:08, 802.68it/s]
5808it [00:08, 797.81it/s]
5891it [00:08, 804.65it/s]
5979it [00:08, 826.03it/s]
6062it [00:08, 825.56it/s]
6145it [00:08, 780.96it/s]
6224it [00:08, 696.53it/s]
6297it [00:08, 704.77it/s]
6372it [00:08, 714.19it/s]
6448it [00:08, 726.93it/s]
6522it [00:09, 724.74it/s]
6621it [00:09, 800.44it/s]
6711it [00:09, 825.22it/s]
6808it [00:09, 867.03it/s]
6904it [00:09, 894.11it/s]
6994it [00:09, 864.66it/s]
7081it [00:09, 819.03it/s]
7164it [00:09, 800.31it/s]
7245it [00:09, 798.91it/s]
7329it [00:10, 806.57it/s]
7417it [00:10, 827.15it/s]
7500it [00:10, 825.51it/s]
7583it [00:10, 816.37it/s]
7665it [00:10, 725.78it/s]
7740it [00:10, 725.43it/s]
7822it [00:10, 751.20it/s]
7906it [00:10, 769.20it/s]
7984it [00:10, 770.88it/s]
8079it [00:10, 822.20it/s]
8162it [00:11, 797.98it/s]
8256it [00:11, 836.16it/s]
8341it [00:11, 813.54it/s]
8423it [00:11, 771.15it/s]
8501it [00:11, 768.60it/s]
8591it [00:11, 803.25it/s]
8672it [00:11, 754.04it/s]
8749it [00:11, 757.34it/s]
8826it [00:11, 754.45it/s]
8902it [00:12, 735.97it/s]
8976it [00:12, 725.25it/s]
9063it [00:12, 765.79it/s]
9140it [00:12, 762.55it/s]
9217it [00:12, 705.53it/s]
9305it [00:12, 749.64it/s]
9384it [00:12, 758.41it/s]
9467it [00:12, 777.88it/s]
9559it [00:12, 818.52it/s]
9647it [00:13, 835.78it/s]
9731it [00:13, 818.41it/s]
9817it [00:13, 829.15it/s]
9914it [00:13, 868.98it/s]
10000it [00:13, 744.58it/s]
Experiment stage: Done
Results saved to:  /home/dzh/project/vdtuner/vector-db-benchmark-master/results
>>> [Step 5] 收尾工作...
    监控日志已保存。
📊 测试结果摘要:
0.99956
737.5366955217531
0.0057987801730632746
line1:  0.0057987801730632746
line1:  737.5366955217531
line1:  0.99956
numeric_values:  [0.0057987801730632746, 737.5366955217531, 0.99956]
[37] 3167 0.99956 0.0057987801730632746 90
/bin/sh: 1: Syntax error: "(" unexpected
/data/dzh/venv/lib/python3.10/site-packages/botorch/acquisition/multi_objective/monte_carlo.py:110: NumericsWarning: qExpectedHypervolumeImprovement has known numerical issues that lead to suboptimal optimization performance. It is strongly recommended to simply replace

	 qExpectedHypervolumeImprovement 	 --> 	 qLogExpectedHypervolumeImprovement 

instead, which fixes the issues and has the same API. See https://arxiv.org/abs/2310.20708 for details.
  legacy_ei_numerics_warning(legacy_name=type(self).__name__)
--- DEBUG: Starting command:---
=======================================
🛠️  开始测试流程
Engine: milvus-p10 | Dataset: random-range-2048-angular-no-filters
=======================================
>>> [Step 1] 启动后台监控...
    监控进程 PID: 4050200
>>> [Step 2] 重置 Milvus...
 Container milvus-standalone  Stopping
 Container milvus-standalone  Stopped
 Container milvus-standalone  Removing
 Container milvus-standalone  Removed
 Container milvus-minio  Stopping
 Container milvus-etcd  Stopping
 Container milvus-etcd  Stopped
 Container milvus-etcd  Removing
 Container milvus-etcd  Removed
 Container milvus-minio  Stopped
 Container milvus-minio  Removing
 Container milvus-minio  Removed
 Network milvus  Removing
 Network milvus  Removed
    🧹 清理宿主机数据目录: /home/dzh/project/vdtuner/vector-db-benchmark-master/engine/servers/milvus-single-node/volumes
 Network milvus  Creating
 Network milvus  Created
 Container milvus-minio  Creating
 Container milvus-etcd  Creating
 Container milvus-minio  Created
 Container milvus-etcd  Created
 Container milvus-standalone  Creating
 Container milvus-standalone  Created
 Container milvus-minio  Starting
 Container milvus-etcd  Starting
 Container milvus-etcd  Started
 Container milvus-minio  Started
 Container milvus-standalone  Starting
 Container milvus-standalone  Started
>>> [Step 3] 等待服务启动 (90s)...
    等待中... (10s/120s)
    ✅ Milvus 服务已就绪
>>> [Step 4] 运行 Benchmark...
Running experiment: milvus-p10 - random-range-2048-angular-no-filters
established connection
/home/dzh/project/vdtuner/vector-db-benchmark-master/datasets/random-range-2048-angular/random_float_100k_no_filters already exists
Experiment stage: Configure
Experiment stage: Upload

0it [00:00, ?it/s]
1it [00:00,  1.48it/s]
64it [00:00, 82.50it/s]
640it [00:01, 948.09it/s]
960it [00:01, 1334.54it/s]
1222it [00:01, 1580.17it/s]
1480it [00:01, 1752.19it/s]
1789it [00:01, 2067.57it/s]
2057it [00:01, 1785.60it/s]
2496it [00:01, 2279.87it/s]
2944it [00:01, 2783.22it/s]
3584it [00:02, 3668.27it/s]
4480it [00:02, 5054.78it/s]
5568it [00:02, 6549.24it/s]
6573it [00:02, 7520.03it/s]
7552it [00:02, 8055.26it/s]
8576it [00:02, 8661.55it/s]
9600it [00:02, 9116.71it/s]
10617it [00:02, 9424.19it/s]
11579it [00:02, 9481.62it/s]
12544it [00:02, 9485.90it/s]
13513it [00:03, 9546.03it/s]
14473it [00:03, 9438.54it/s]
15424it [00:03, 9441.33it/s]
16384it [00:03, 9484.72it/s]
17335it [00:03, 7037.56it/s]
18304it [00:03, 7636.84it/s]
19328it [00:03, 8289.69it/s]
20267it [00:03, 8582.00it/s]
21248it [00:03, 8869.35it/s]
22208it [00:04, 8998.84it/s]
23168it [00:04, 9093.14it/s]
24192it [00:04, 9340.65it/s]
25152it [00:04, 9373.64it/s]
26112it [00:04, 9378.20it/s]
27072it [00:04, 9400.87it/s]
28033it [00:04, 9461.12it/s]
28992it [00:04, 9486.52it/s]
29944it [00:04, 9488.86it/s]
30912it [00:04, 9422.18it/s]
31856it [00:05, 7514.52it/s]
32768it [00:05, 7884.05it/s]
33698it [00:05, 8256.80it/s]
34697it [00:05, 8729.45it/s]
35603it [00:05, 8744.39it/s]
36608it [00:05, 9100.19it/s]
37568it [00:05, 9150.89it/s]
38592it [00:05, 9320.35it/s]
39533it [00:05, 9193.84it/s]
40459it [00:06, 9126.14it/s]
41408it [00:06, 9161.14it/s]
42328it [00:06, 9076.68it/s]
43264it [00:06, 9048.94it/s]
44224it [00:06, 9109.32it/s]
45184it [00:06, 9064.78it/s]
46092it [00:06, 5075.15it/s]
46976it [00:07, 5761.50it/s]
47872it [00:07, 6428.29it/s]
48883it [00:07, 7280.69it/s]
49792it [00:07, 7705.14it/s]
50750it [00:07, 8194.97it/s]
51648it [00:07, 8246.67it/s]
52608it [00:07, 8576.38it/s]
53568it [00:07, 8748.86it/s]
54528it [00:07, 8986.36it/s]
55488it [00:08, 9135.08it/s]
56418it [00:08, 9148.29it/s]
57344it [00:08, 9003.55it/s]
58304it [00:08, 9122.40it/s]
59223it [00:08, 9138.57it/s]
60141it [00:08, 9074.55it/s]
61052it [00:08, 7003.82it/s]
61826it [00:08, 6982.03it/s]
62663it [00:08, 7333.86it/s]
63552it [00:09, 7643.46it/s]
64448it [00:09, 7997.85it/s]
65311it [00:09, 8174.81it/s]
66209it [00:09, 8401.80it/s]
67072it [00:09, 8438.47it/s]
67933it [00:09, 8487.80it/s]
68790it [00:09, 8467.94it/s]
69696it [00:09, 8535.02it/s]
70592it [00:09, 8544.17it/s]
71488it [00:09, 8561.57it/s]
72384it [00:10, 8596.91it/s]
73256it [00:10, 8632.59it/s]
74176it [00:10, 8693.11it/s]
75125it [00:10, 8927.13it/s]
76019it [00:10, 6195.56it/s]
76928it [00:10, 6819.31it/s]
77824it [00:10, 7323.47it/s]
78784it [00:10, 7854.90it/s]
79744it [00:11, 8229.47it/s]
80683it [00:11, 8547.85it/s]
81575it [00:11, 8415.13it/s]
82443it [00:11, 8336.61it/s]
83328it [00:11, 8451.77it/s]
84224it [00:11, 8579.16it/s]
85120it [00:11, 8613.11it/s]
86016it [00:11, 8694.71it/s]
86891it [00:11, 8633.21it/s]
87788it [00:11, 8731.92it/s]
88664it [00:12, 8668.14it/s]
89536it [00:12, 8573.65it/s]
90456it [00:12, 8757.03it/s]
91334it [00:12, 7578.25it/s]
92288it [00:12, 8015.35it/s]
93114it [00:12, 7979.98it/s]
93952it [00:12, 8003.69it/s]
94848it [00:12, 8153.40it/s]
95744it [00:12, 8297.34it/s]
96704it [00:13, 8535.47it/s]
97600it [00:13, 8614.20it/s]
98496it [00:13, 8711.26it/s]
99370it [00:13, 8507.07it/s]
100000it [00:13, 7447.45it/s]
Upload time: 14.037048934958875
Total import time: 43.68183504091576
Experiment stage: Search

0it [00:00, ?it/s]
4it [00:00,  5.31it/s]
14it [00:00, 18.84it/s]
32it [00:01, 46.81it/s]
100it [00:01, 172.59it/s]
170it [00:01, 289.13it/s]
251it [00:01, 414.03it/s]
330it [00:01, 508.34it/s]
402it [00:01, 548.42it/s]
468it [00:01, 574.63it/s]
543it [00:01, 622.95it/s]
618it [00:01, 657.22it/s]
705it [00:01, 716.95it/s]
781it [00:02, 729.05it/s]
857it [00:02, 714.49it/s]
936it [00:02, 735.84it/s]
1015it [00:02, 750.30it/s]
1092it [00:02, 754.72it/s]
1189it [00:02, 817.06it/s]
1272it [00:02, 744.80it/s]
1349it [00:02, 710.06it/s]
1422it [00:02, 649.56it/s]
1495it [00:03, 670.29it/s]
1564it [00:03, 645.72it/s]
1644it [00:03, 687.08it/s]
1719it [00:03, 699.67it/s]
1790it [00:03, 666.09it/s]
1862it [00:03, 680.84it/s]
1938it [00:03, 702.08it/s]
2027it [00:03, 755.21it/s]
2117it [00:03, 794.97it/s]
2199it [00:03, 799.46it/s]
2286it [00:04, 818.63it/s]
2377it [00:04, 845.28it/s]
2462it [00:04, 829.72it/s]
2546it [00:04, 832.44it/s]
2630it [00:04, 748.16it/s]
2723it [00:04, 793.96it/s]
2806it [00:04, 802.74it/s]
2888it [00:04, 782.09it/s]
2968it [00:04, 783.31it/s]
3047it [00:05, 783.81it/s]
3130it [00:05, 794.59it/s]
3210it [00:05, 792.45it/s]
3296it [00:05, 811.05it/s]
3378it [00:05, 784.26it/s]
3457it [00:05, 742.36it/s]
3532it [00:05, 719.63it/s]
3605it [00:05, 712.01it/s]
3677it [00:05, 674.87it/s]
3768it [00:06, 739.10it/s]
3852it [00:06, 765.52it/s]
3930it [00:06, 759.90it/s]
4007it [00:06, 760.11it/s]
4084it [00:06, 762.75it/s]
4161it [00:06, 737.19it/s]
4236it [00:06, 694.13it/s]
4312it [00:06, 712.21it/s]
4389it [00:06, 727.40it/s]
4470it [00:06, 749.84it/s]
4556it [00:07, 781.57it/s]
4635it [00:07, 778.16it/s]
4714it [00:07, 781.02it/s]
4800it [00:07, 804.24it/s]
4881it [00:07, 767.26it/s]
4959it [00:07, 722.54it/s]
5040it [00:07, 743.67it/s]
5116it [00:07, 729.71it/s]
5190it [00:07, 706.35it/s]
5262it [00:08, 675.91it/s]
5340it [00:08, 703.82it/s]
5421it [00:08, 733.30it/s]
5498it [00:08, 742.62it/s]
5580it [00:08, 763.16it/s]
5657it [00:08, 759.35it/s]
5741it [00:08, 781.76it/s]
5820it [00:08, 694.46it/s]
5907it [00:08, 740.75it/s]
5985it [00:08, 750.92it/s]
6062it [00:09, 722.21it/s]
6150it [00:09, 764.88it/s]
6229it [00:09, 771.48it/s]
6308it [00:09, 776.67it/s]
6387it [00:09, 776.30it/s]
6466it [00:09, 766.61it/s]
6552it [00:09, 793.32it/s]
6632it [00:09, 785.80it/s]
6711it [00:09, 774.66it/s]
6789it [00:10, 739.27it/s]
6864it [00:10, 729.66it/s]
6938it [00:10, 695.49it/s]
7012it [00:10, 705.04it/s]
7083it [00:10, 690.32it/s]
7153it [00:10, 681.41it/s]
7222it [00:10, 683.36it/s]
7299it [00:10, 708.24it/s]
7382it [00:10, 743.41it/s]
7462it [00:10, 760.04it/s]
7546it [00:11, 780.69it/s]
7625it [00:11, 774.26it/s]
7708it [00:11, 790.42it/s]
7788it [00:11, 775.75it/s]
7873it [00:11, 793.26it/s]
7959it [00:11, 811.31it/s]
8043it [00:11, 809.12it/s]
8132it [00:11, 830.63it/s]
8216it [00:11, 825.12it/s]
8299it [00:12, 759.59it/s]
8387it [00:12, 793.04it/s]
8474it [00:12, 793.60it/s]
8555it [00:12, 776.43it/s]
8634it [00:12, 742.02it/s]
8713it [00:12, 755.06it/s]
8789it [00:12, 737.21it/s]
8882it [00:12, 790.86it/s]
8962it [00:12, 757.60it/s]
9039it [00:13, 731.40it/s]
9113it [00:13, 711.72it/s]
9185it [00:13, 696.56it/s]
9263it [00:13, 718.91it/s]
9336it [00:13, 701.04it/s]
9407it [00:13, 698.73it/s]
9478it [00:13, 653.32it/s]
9544it [00:13, 650.20it/s]
9610it [00:13, 605.85it/s]
9681it [00:14, 631.21it/s]
9761it [00:14, 678.01it/s]
9833it [00:14, 688.29it/s]
9914it [00:14, 721.96it/s]
9987it [00:14, 718.31it/s]
10000it [00:14, 692.97it/s]
Experiment stage: Done
Results saved to:  /home/dzh/project/vdtuner/vector-db-benchmark-master/results
>>> [Step 5] 收尾工作...
    监控日志已保存。
📊 测试结果摘要:
0.9993700000000001
687.9534624495797
0.006136086187325417
line1:  0.006136086187325417
line1:  687.9534624495797
line1:  0.9993700000000001
numeric_values:  [0.006136086187325417, 687.9534624495797, 0.9993700000000001]
[38] 3259 0.9993700000000001 0.006136086187325417 92
/bin/sh: 1: Syntax error: "(" unexpected
/data/dzh/venv/lib/python3.10/site-packages/botorch/acquisition/multi_objective/monte_carlo.py:110: NumericsWarning: qExpectedHypervolumeImprovement has known numerical issues that lead to suboptimal optimization performance. It is strongly recommended to simply replace

	 qExpectedHypervolumeImprovement 	 --> 	 qLogExpectedHypervolumeImprovement 

instead, which fixes the issues and has the same API. See https://arxiv.org/abs/2310.20708 for details.
  legacy_ei_numerics_warning(legacy_name=type(self).__name__)
--- DEBUG: Starting command:---
=======================================
🛠️  开始测试流程
Engine: milvus-p10 | Dataset: random-range-2048-angular-no-filters
=======================================
>>> [Step 1] 启动后台监控...
    监控进程 PID: 4072651
>>> [Step 2] 重置 Milvus...
 Container milvus-standalone  Stopping
 Container milvus-standalone  Stopped
 Container milvus-standalone  Removing
 Container milvus-standalone  Removed
 Container milvus-minio  Stopping
 Container milvus-etcd  Stopping
 Container milvus-etcd  Stopped
 Container milvus-etcd  Removing
 Container milvus-etcd  Removed
 Container milvus-minio  Stopped
 Container milvus-minio  Removing
 Container milvus-minio  Removed
 Network milvus  Removing
 Network milvus  Removed
    🧹 清理宿主机数据目录: /home/dzh/project/vdtuner/vector-db-benchmark-master/engine/servers/milvus-single-node/volumes
 Network milvus  Creating
 Network milvus  Created
 Container milvus-minio  Creating
 Container milvus-etcd  Creating
 Container milvus-minio  Created
 Container milvus-etcd  Created
 Container milvus-standalone  Creating
 Container milvus-standalone  Created
 Container milvus-etcd  Starting
 Container milvus-minio  Starting
 Container milvus-etcd  Started
 Container milvus-minio  Started
 Container milvus-standalone  Starting
 Container milvus-standalone  Started
>>> [Step 3] 等待服务启动 (90s)...
    等待中... (10s/120s)
    ✅ Milvus 服务已就绪
>>> [Step 4] 运行 Benchmark...
Running experiment: milvus-p10 - random-range-2048-angular-no-filters
established connection
/home/dzh/project/vdtuner/vector-db-benchmark-master/datasets/random-range-2048-angular/random_float_100k_no_filters already exists
Experiment stage: Configure
Experiment stage: Upload

0it [00:00, ?it/s]
1it [00:00,  1.82it/s]
64it [00:00, 77.53it/s]
640it [00:01, 915.89it/s]
902it [00:01, 1102.14it/s]
1408it [00:01, 1824.13it/s]
1730it [00:01, 2067.04it/s]
2176it [00:01, 2355.48it/s]
2542it [00:01, 2649.12it/s]
2944it [00:01, 2924.68it/s]
3584it [00:01, 3786.27it/s]
4416it [00:02, 4928.72it/s]
5376it [00:02, 6153.83it/s]
6400it [00:02, 7199.62it/s]
7488it [00:02, 8169.20it/s]
8512it [00:02, 8744.36it/s]
9536it [00:02, 9087.42it/s]
10560it [00:02, 9368.51it/s]
11584it [00:02, 9578.60it/s]
12608it [00:02, 9711.46it/s]
13632it [00:02, 9753.73it/s]
14656it [00:03, 9875.04it/s]
15680it [00:03, 9883.23it/s]
16671it [00:03, 9866.35it/s]
17660it [00:03, 8556.59it/s]
18625it [00:03, 8848.52it/s]
19584it [00:03, 9002.92it/s]
20504it [00:03, 8987.74it/s]
21503it [00:03, 9273.56it/s]
22464it [00:03, 9338.32it/s]
23424it [00:04, 9301.99it/s]
24448it [00:04, 9488.14it/s]
25408it [00:04, 9379.23it/s]
26368it [00:04, 9423.06it/s]
27392it [00:04, 9554.23it/s]
28399it [00:04, 9705.27it/s]
29371it [00:04, 9615.46it/s]
30334it [00:04, 9572.86it/s]
31292it [00:04, 9504.12it/s]
32243it [00:04, 8034.88it/s]
33085it [00:05, 8071.05it/s]
34048it [00:05, 8426.52it/s]
34944it [00:05, 8540.56it/s]
35920it [00:05, 8884.60it/s]
36822it [00:05, 8886.50it/s]
37760it [00:05, 8991.21it/s]
38720it [00:05, 9080.46it/s]
39670it [00:05, 9202.75it/s]
40594it [00:05, 9148.55it/s]
41600it [00:06, 9236.43it/s]
42526it [00:06, 9205.73it/s]
43448it [00:06, 8944.08it/s]
44345it [00:06, 8486.28it/s]
45199it [00:06, 8282.37it/s]
46031it [00:06, 8224.60it/s]
46856it [00:06, 5919.86it/s]
47680it [00:06, 6428.26it/s]
48576it [00:07, 7028.02it/s]
49408it [00:07, 7335.19it/s]
50304it [00:07, 7762.64it/s]
51245it [00:07, 8218.73it/s]
52100it [00:07, 8300.93it/s]
53056it [00:07, 8614.83it/s]
53952it [00:07, 8595.57it/s]
54834it [00:07, 8660.33it/s]
55709it [00:07, 8580.76it/s]
56640it [00:07, 8689.01it/s]
57536it [00:08, 8764.86it/s]
58416it [00:08, 8698.44it/s]
59297it [00:08, 8720.92it/s]
60224it [00:08, 8746.84it/s]
61100it [00:08, 5925.94it/s]
61990it [00:08, 6583.74it/s]
62912it [00:08, 7144.95it/s]
63848it [00:08, 7706.55it/s]
64746it [00:08, 8045.05it/s]
65664it [00:09, 8348.25it/s]
66560it [00:09, 8446.20it/s]
67456it [00:09, 8512.01it/s]
68352it [00:09, 8633.68it/s]
69304it [00:09, 8891.33it/s]
70205it [00:09, 8544.43it/s]
71070it [00:09, 8217.93it/s]
71901it [00:09, 8132.41it/s]
72747it [00:09, 8225.12it/s]
73600it [00:10, 8300.54it/s]
74434it [00:10, 8257.03it/s]
75312it [00:10, 8409.64it/s]
76156it [00:10, 8385.01it/s]
77056it [00:10, 8429.68it/s]
77954it [00:10, 8590.58it/s]
78848it [00:10, 8558.73it/s]
79744it [00:10, 8559.34it/s]
80656it [00:10, 8722.92it/s]
81536it [00:10, 8728.82it/s]
82432it [00:11, 8736.91it/s]
83307it [00:11, 8692.30it/s]
84207it [00:11, 8782.40it/s]
85105it [00:11, 8821.10it/s]
86016it [00:11, 8866.57it/s]
86912it [00:11, 8762.95it/s]
87808it [00:11, 8787.43it/s]
88768it [00:11, 8926.70it/s]
89721it [00:11, 9104.27it/s]
90632it [00:11, 9026.33it/s]
91535it [00:12, 6612.72it/s]
92416it [00:12, 7128.69it/s]
93237it [00:12, 7401.12it/s]
94080it [00:12, 7621.73it/s]
94976it [00:12, 7943.40it/s]
95882it [00:12, 8255.23it/s]
96764it [00:12, 8416.22it/s]
97625it [00:12, 8386.74it/s]
98496it [00:13, 8443.65it/s]
99393it [00:13, 8594.26it/s]
100000it [00:13, 7587.84it/s]
Upload time: 13.56644672807306
Total import time: 43.593627960886806
Experiment stage: Search

0it [00:00, ?it/s]
4it [00:00,  5.44it/s]
12it [00:00, 17.55it/s]
22it [00:00, 33.00it/s]
60it [00:01, 106.33it/s]
121it [00:01, 223.11it/s]
202it [00:01, 368.71it/s]
290it [00:01, 501.46it/s]
377it [00:01, 600.55it/s]
466it [00:01, 680.57it/s]
546it [00:01, 710.33it/s]
634it [00:01, 757.79it/s]
714it [00:01, 756.78it/s]
793it [00:01, 755.16it/s]
872it [00:02, 764.39it/s]
956it [00:02, 781.89it/s]
1037it [00:02, 789.03it/s]
1117it [00:02, 774.15it/s]
1201it [00:02, 791.70it/s]
1290it [00:02, 811.19it/s]
1372it [00:02, 806.45it/s]
1453it [00:02, 801.55it/s]
1543it [00:02, 828.41it/s]
1626it [00:02, 813.32it/s]
1710it [00:03, 818.97it/s]
1793it [00:03, 814.98it/s]
1875it [00:03, 800.66it/s]
1957it [00:03, 795.15it/s]
2038it [00:03, 798.63it/s]
2118it [00:03, 779.02it/s]
2197it [00:03, 770.11it/s]
2277it [00:03, 777.38it/s]
2357it [00:03, 783.71it/s]
2436it [00:04, 746.88it/s]
2527it [00:04, 787.03it/s]
2607it [00:04, 769.93it/s]
2685it [00:04, 725.02it/s]
2766it [00:04, 746.82it/s]
2844it [00:04, 754.83it/s]
2928it [00:04, 778.48it/s]
3007it [00:04, 747.48it/s]
3100it [00:04, 795.81it/s]
3181it [00:04, 774.52it/s]
3259it [00:05, 763.14it/s]
3336it [00:05, 756.38it/s]
3412it [00:05, 708.48it/s]
3493it [00:05, 735.93it/s]
3568it [00:05, 719.35it/s]
3645it [00:05, 732.74it/s]
3720it [00:05, 737.49it/s]
3807it [00:05, 774.78it/s]
3890it [00:05, 790.94it/s]
3982it [00:06, 823.84it/s]
4065it [00:06, 801.07it/s]
4148it [00:06, 804.99it/s]
4229it [00:06, 797.28it/s]
4309it [00:06, 790.89it/s]
4389it [00:06, 762.17it/s]
4466it [00:06, 717.40it/s]
4539it [00:06, 712.81it/s]
4611it [00:06, 713.33it/s]
4683it [00:07, 710.71it/s]
4755it [00:07, 641.95it/s]
4840it [00:07, 696.14it/s]
4912it [00:07, 685.24it/s]
4994it [00:07, 721.75it/s]
5094it [00:07, 800.26it/s]
5181it [00:07, 814.33it/s]
5266it [00:07, 822.64it/s]
5349it [00:07, 755.10it/s]
5437it [00:07, 789.69it/s]
5518it [00:08, 776.48it/s]
5599it [00:08, 783.14it/s]
5693it [00:08, 821.16it/s]
5782it [00:08, 841.01it/s]
5867it [00:08, 835.20it/s]
5951it [00:08, 834.32it/s]
6035it [00:08, 821.72it/s]
6118it [00:08, 796.34it/s]
6198it [00:08, 762.59it/s]
6275it [00:09, 720.00it/s]
6348it [00:09, 704.68it/s]
6419it [00:09, 680.52it/s]
6492it [00:09, 691.26it/s]
6562it [00:09, 640.29it/s]
6639it [00:09, 667.74it/s]
6708it [00:09, 673.78it/s]
6781it [00:09, 689.07it/s]
6861it [00:09, 718.42it/s]
6934it [00:10, 711.28it/s]
7017it [00:10, 745.68it/s]
7101it [00:10, 773.15it/s]
7181it [00:10, 780.22it/s]
7266it [00:10, 799.91it/s]
7347it [00:10, 772.71it/s]
7425it [00:10, 744.91it/s]
7505it [00:10, 758.92it/s]
7588it [00:10, 779.10it/s]
7669it [00:10, 787.77it/s]
7752it [00:11, 799.16it/s]
7833it [00:11, 788.62it/s]
7916it [00:11, 800.64it/s]
8001it [00:11, 813.86it/s]
8084it [00:11, 816.51it/s]
8170it [00:11, 828.17it/s]
8253it [00:11, 795.33it/s]
8333it [00:11, 788.70it/s]
8413it [00:11, 780.63it/s]
8499it [00:11, 802.24it/s]
8580it [00:12, 800.67it/s]
8661it [00:12, 795.14it/s]
8756it [00:12, 840.51it/s]
8855it [00:12, 882.34it/s]
8949it [00:12, 898.30it/s]
9043it [00:12, 908.57it/s]
9142it [00:12, 930.41it/s]
9243it [00:12, 952.54it/s]
9344it [00:12, 966.46it/s]
9446it [00:13, 981.17it/s]
9545it [00:13, 940.68it/s]
9640it [00:13, 881.63it/s]
9738it [00:13, 908.05it/s]
9837it [00:13, 929.75it/s]
9931it [00:13, 928.42it/s]
10000it [00:13, 734.45it/s]
Experiment stage: Done
Results saved to:  /home/dzh/project/vdtuner/vector-db-benchmark-master/results
>>> [Step 5] 收尾工作...
    监控日志已保存。
📊 测试结果摘要:
0.95875
728.8008953272364
0.005695416219532488
line1:  0.005695416219532488
line1:  728.8008953272364
line1:  0.95875
numeric_values:  [0.005695416219532488, 728.8008953272364, 0.95875]
[39] 3350 0.95875 0.005695416219532488 91
/bin/sh: 1: Syntax error: "(" unexpected
/data/dzh/venv/lib/python3.10/site-packages/botorch/acquisition/multi_objective/monte_carlo.py:110: NumericsWarning: qExpectedHypervolumeImprovement has known numerical issues that lead to suboptimal optimization performance. It is strongly recommended to simply replace

	 qExpectedHypervolumeImprovement 	 --> 	 qLogExpectedHypervolumeImprovement 

instead, which fixes the issues and has the same API. See https://arxiv.org/abs/2310.20708 for details.
  legacy_ei_numerics_warning(legacy_name=type(self).__name__)
--- DEBUG: Starting command:---
=======================================
🛠️  开始测试流程
Engine: milvus-p10 | Dataset: random-range-2048-angular-no-filters
=======================================
>>> [Step 1] 启动后台监控...
    监控进程 PID: 4099654
>>> [Step 2] 重置 Milvus...
 Container milvus-standalone  Stopping
 Container milvus-standalone  Stopped
 Container milvus-standalone  Removing
 Container milvus-standalone  Removed
 Container milvus-etcd  Stopping
 Container milvus-minio  Stopping
 Container milvus-etcd  Stopped
 Container milvus-etcd  Removing
 Container milvus-etcd  Removed
 Container milvus-minio  Stopped
 Container milvus-minio  Removing
 Container milvus-minio  Removed
 Network milvus  Removing
 Network milvus  Removed
    🧹 清理宿主机数据目录: /home/dzh/project/vdtuner/vector-db-benchmark-master/engine/servers/milvus-single-node/volumes
 Network milvus  Creating
 Network milvus  Created
 Container milvus-etcd  Creating
 Container milvus-minio  Creating
 Container milvus-etcd  Created
 Container milvus-minio  Created
 Container milvus-standalone  Creating
 Container milvus-standalone  Created
 Container milvus-minio  Starting
 Container milvus-etcd  Starting
 Container milvus-etcd  Started
 Container milvus-minio  Started
 Container milvus-standalone  Starting
 Container milvus-standalone  Started
>>> [Step 3] 等待服务启动 (90s)...
    等待中... (10s/120s)
    ✅ Milvus 服务已就绪
>>> [Step 4] 运行 Benchmark...
Running experiment: milvus-p10 - random-range-2048-angular-no-filters
established connection
/home/dzh/project/vdtuner/vector-db-benchmark-master/datasets/random-range-2048-angular/random_float_100k_no_filters already exists
Experiment stage: Configure
Experiment stage: Upload

0it [00:00, ?it/s]
1it [00:00,  1.74it/s]
64it [00:00, 77.55it/s]
640it [00:01, 911.01it/s]
893it [00:01, 1171.82it/s]
1209it [00:01, 1561.15it/s]
1479it [00:01, 1550.04it/s]
1984it [00:01, 2256.82it/s]
2294it [00:01, 2212.60it/s]
2681it [00:01, 2583.34it/s]
3136it [00:01, 3041.05it/s]
3968it [00:02, 4394.50it/s]
4928it [00:02, 5793.74it/s]
5846it [00:02, 6733.27it/s]
6848it [00:02, 7632.91it/s]
7808it [00:02, 8148.11it/s]
8734it [00:02, 8469.68it/s]
9638it [00:02, 8636.41it/s]
10560it [00:02, 8780.73it/s]
11529it [00:02, 9049.30it/s]
12521it [00:02, 9307.25it/s]
13504it [00:03, 9327.80it/s]
14464it [00:03, 9377.13it/s]
15424it [00:03, 9362.27it/s]
16384it [00:03, 9382.24it/s]
17324it [00:03, 6979.28it/s]
18261it [00:03, 7550.29it/s]
19136it [00:03, 7759.37it/s]
20098it [00:03, 8250.52it/s]
20992it [00:03, 8362.58it/s]
21986it [00:04, 8803.18it/s]
22912it [00:04, 8921.17it/s]
23872it [00:04, 8992.77it/s]
24785it [00:04, 9003.50it/s]
25792it [00:04, 9204.79it/s]
26730it [00:04, 9255.59it/s]
27664it [00:04, 9280.02it/s]
28672it [00:04, 9444.39it/s]
29632it [00:04, 9479.08it/s]
30582it [00:05, 9429.07it/s]
31527it [00:05, 8609.44it/s]
32448it [00:05, 8765.96it/s]
33408it [00:05, 8870.33it/s]
34318it [00:05, 8933.84it/s]
35218it [00:05, 8810.61it/s]
36162it [00:05, 8992.60it/s]
37065it [00:05, 8829.19it/s]
38016it [00:05, 8983.04it/s]
38976it [00:05, 9036.14it/s]
39936it [00:06, 9114.28it/s]
40849it [00:06, 9042.20it/s]
41791it [00:06, 9152.18it/s]
42708it [00:06, 9127.16it/s]
43712it [00:06, 9267.64it/s]
44639it [00:06, 9190.47it/s]
45559it [00:06, 9131.78it/s]
46473it [00:06, 9020.56it/s]
47376it [00:06, 7586.87it/s]
48257it [00:07, 7904.43it/s]
49216it [00:07, 8243.52it/s]
50112it [00:07, 8435.80it/s]
50974it [00:07, 8296.65it/s]
51817it [00:07, 8004.43it/s]
52672it [00:07, 8150.15it/s]
53568it [00:07, 8329.07it/s]
54506it [00:07, 8631.50it/s]
55424it [00:07, 8664.17it/s]
56352it [00:07, 8843.30it/s]
57240it [00:08, 8797.04it/s]
58122it [00:08, 8600.30it/s]
59008it [00:08, 8580.39it/s]
59923it [00:08, 8746.05it/s]
60800it [00:08, 8748.85it/s]
61677it [00:08, 8738.72it/s]
62592it [00:08, 8764.51it/s]
63469it [00:08, 8540.75it/s]
64331it [00:08, 8563.73it/s]
65189it [00:09, 8316.15it/s]
66067it [00:09, 8449.46it/s]
67001it [00:09, 8709.79it/s]
67874it [00:09, 8710.39it/s]
68780it [00:09, 8813.40it/s]
69663it [00:09, 8622.01it/s]
70528it [00:09, 8580.52it/s]
71388it [00:09, 8504.42it/s]
72240it [00:09, 8428.56it/s]
73088it [00:09, 8410.63it/s]
73930it [00:10, 7930.43it/s]
74752it [00:10, 7956.35it/s]
75552it [00:10, 7746.69it/s]
76330it [00:10, 7670.51it/s]
77248it [00:10, 8088.70it/s]
78060it [00:10, 5225.41it/s]
78912it [00:10, 5888.49it/s]
79794it [00:10, 6564.90it/s]
80704it [00:11, 7123.07it/s]
81600it [00:11, 7585.73it/s]
82496it [00:11, 7943.71it/s]
83456it [00:11, 8304.34it/s]
84385it [00:11, 8581.98it/s]
85270it [00:11, 8520.09it/s]
86203it [00:11, 8752.13it/s]
87093it [00:11, 8655.82it/s]
87969it [00:11, 8495.22it/s]
88876it [00:11, 8660.95it/s]
89748it [00:12, 8587.65it/s]
90624it [00:12, 8577.71it/s]
91526it [00:12, 8706.25it/s]
92480it [00:12, 8891.57it/s]
93371it [00:12, 6843.14it/s]
94210it [00:12, 7221.34it/s]
95168it [00:12, 7779.47it/s]
96091it [00:12, 8168.90it/s]
96979it [00:13, 8363.91it/s]
97869it [00:13, 8515.63it/s]
98752it [00:13, 8574.00it/s]
99648it [00:13, 8647.45it/s]
100000it [00:13, 7489.76it/s]
Upload time: 13.730639983899891
Total import time: 43.76828928804025
Experiment stage: Search

0it [00:00, ?it/s]
4it [00:00,  5.31it/s]
14it [00:00, 18.68it/s]
45it [00:01, 67.70it/s]
88it [00:01, 138.15it/s]
154it [00:01, 250.82it/s]
223it [00:01, 353.96it/s]
301it [00:01, 460.22it/s]
388it [00:01, 566.19it/s]
479it [00:01, 659.29it/s]
567it [00:01, 720.54it/s]
658it [00:01, 772.27it/s]
741it [00:01, 788.00it/s]
824it [00:02, 798.71it/s]
915it [00:02, 829.40it/s]
1010it [00:02, 863.37it/s]
1099it [00:02, 870.45it/s]
1187it [00:02, 845.21it/s]
1273it [00:02, 828.18it/s]
1357it [00:02, 798.54it/s]
1456it [00:02, 851.97it/s]
1542it [00:02, 810.01it/s]
1624it [00:02, 794.43it/s]
1708it [00:03, 806.04it/s]
1806it [00:03, 855.12it/s]
1893it [00:03, 847.02it/s]
1981it [00:03, 854.51it/s]
2067it [00:03, 852.51it/s]
2159it [00:03, 871.83it/s]
2247it [00:03, 867.22it/s]
2336it [00:03, 870.86it/s]
2424it [00:03, 849.93it/s]
2510it [00:04, 850.65it/s]
2607it [00:04, 883.80it/s]
2696it [00:04, 845.48it/s]
2781it [00:04, 844.78it/s]
2866it [00:04, 804.79it/s]
2947it [00:04, 777.53it/s]
3030it [00:04, 792.13it/s]
3110it [00:04, 792.67it/s]
3190it [00:04, 728.63it/s]
3266it [00:04, 737.16it/s]
3354it [00:05, 775.65it/s]
3456it [00:05, 845.31it/s]
3558it [00:05, 893.64it/s]
3649it [00:05, 897.83it/s]
3749it [00:05, 926.23it/s]
3843it [00:05, 921.78it/s]
3940it [00:05, 933.72it/s]
4035it [00:05, 936.45it/s]
4136it [00:05, 954.31it/s]
4232it [00:06, 868.72it/s]
4321it [00:06, 846.78it/s]
4407it [00:06, 794.37it/s]
4488it [00:06, 784.15it/s]
4568it [00:06, 737.83it/s]
4651it [00:06, 761.58it/s]
4735it [00:06, 782.75it/s]
4817it [00:06, 774.55it/s]
4895it [00:06, 749.70it/s]
4971it [00:07, 732.72it/s]
5056it [00:07, 764.46it/s]
5144it [00:07, 789.61it/s]
5226it [00:07, 797.33it/s]
5326it [00:07, 855.89it/s]
5431it [00:07, 911.36it/s]
5536it [00:07, 949.42it/s]
5633it [00:07, 953.53it/s]
5729it [00:07, 880.98it/s]
5820it [00:07, 885.17it/s]
5910it [00:08, 887.49it/s]
6000it [00:08, 858.23it/s]
6087it [00:08, 845.52it/s]
6177it [00:08, 860.56it/s]
6282it [00:08, 913.34it/s]
6386it [00:08, 948.70it/s]
6490it [00:08, 973.19it/s]
6595it [00:08, 994.75it/s]
6700it [00:08, 1009.45it/s]
6802it [00:09, 942.64it/s] 
6898it [00:09, 937.32it/s]
6993it [00:09, 884.44it/s]
7083it [00:09, 884.88it/s]
7173it [00:09, 830.21it/s]
7257it [00:09, 829.35it/s]
7341it [00:09, 817.34it/s]
7424it [00:09, 797.55it/s]
7505it [00:09, 790.14it/s]
7594it [00:10, 817.74it/s]
7677it [00:10, 746.49it/s]
7760it [00:10, 768.59it/s]
7846it [00:10, 792.28it/s]
7931it [00:10, 806.80it/s]
8013it [00:10, 776.86it/s]
8102it [00:10, 808.30it/s]
8184it [00:10, 790.85it/s]
8267it [00:10, 801.28it/s]
8348it [00:10, 758.87it/s]
8433it [00:11, 783.59it/s]
8520it [00:11, 807.43it/s]
8602it [00:11, 784.81it/s]
8681it [00:11, 785.70it/s]
8760it [00:11, 766.33it/s]
8837it [00:11, 736.44it/s]
8911it [00:11, 736.30it/s]
8997it [00:11, 768.93it/s]
9082it [00:11, 785.52it/s]
9164it [00:12, 794.91it/s]
9244it [00:12, 795.08it/s]
9332it [00:12, 818.64it/s]
9415it [00:12, 809.36it/s]
9497it [00:12, 806.84it/s]
9590it [00:12, 841.32it/s]
9679it [00:12, 854.10it/s]
9768it [00:12, 863.77it/s]
9855it [00:12, 856.41it/s]
9944it [00:12, 864.05it/s]
10000it [00:13, 768.97it/s]
Experiment stage: Done
Results saved to:  /home/dzh/project/vdtuner/vector-db-benchmark-master/results
>>> [Step 5] 收尾工作...
    监控日志已保存。
📊 测试结果摘要:
0.9440500000000002
762.831317174803
0.0052810283843427895
line1:  0.0052810283843427895
line1:  762.831317174803
line1:  0.9440500000000002
numeric_values:  [0.0052810283843427895, 762.831317174803, 0.9440500000000002]
[40] 3443 0.9440500000000002 0.0052810283843427895 92
/bin/sh: 1: Syntax error: "(" unexpected
/data/dzh/venv/lib/python3.10/site-packages/botorch/acquisition/multi_objective/monte_carlo.py:110: NumericsWarning: qExpectedHypervolumeImprovement has known numerical issues that lead to suboptimal optimization performance. It is strongly recommended to simply replace

	 qExpectedHypervolumeImprovement 	 --> 	 qLogExpectedHypervolumeImprovement 

instead, which fixes the issues and has the same API. See https://arxiv.org/abs/2310.20708 for details.
  legacy_ei_numerics_warning(legacy_name=type(self).__name__)
--- DEBUG: Starting command:---
=======================================
🛠️  开始测试流程
Engine: milvus-p10 | Dataset: random-range-2048-angular-no-filters
=======================================
>>> [Step 1] 启动后台监控...
    监控进程 PID: 4123956
>>> [Step 2] 重置 Milvus...
 Container milvus-standalone  Stopping
 Container milvus-standalone  Stopped
 Container milvus-standalone  Removing
 Container milvus-standalone  Removed
 Container milvus-etcd  Stopping
 Container milvus-minio  Stopping
 Container milvus-etcd  Stopped
 Container milvus-etcd  Removing
 Container milvus-etcd  Removed
 Container milvus-minio  Stopped
 Container milvus-minio  Removing
 Container milvus-minio  Removed
 Network milvus  Removing
 Network milvus  Removed
    🧹 清理宿主机数据目录: /home/dzh/project/vdtuner/vector-db-benchmark-master/engine/servers/milvus-single-node/volumes
 Network milvus  Creating
 Network milvus  Created
 Container milvus-etcd  Creating
 Container milvus-minio  Creating
 Container milvus-minio  Created
 Container milvus-etcd  Created
 Container milvus-standalone  Creating
 Container milvus-standalone  Created
 Container milvus-etcd  Starting
 Container milvus-minio  Starting
 Container milvus-minio  Started
 Container milvus-etcd  Started
 Container milvus-standalone  Starting
 Container milvus-standalone  Started
>>> [Step 3] 等待服务启动 (90s)...
    等待中... (10s/120s)
    ✅ Milvus 服务已就绪
>>> [Step 4] 运行 Benchmark...
Running experiment: milvus-p10 - random-range-2048-angular-no-filters
established connection
/home/dzh/project/vdtuner/vector-db-benchmark-master/datasets/random-range-2048-angular/random_float_100k_no_filters already exists
Experiment stage: Configure
Experiment stage: Upload

0it [00:00, ?it/s]
1it [00:00,  1.65it/s]
64it [00:00, 80.61it/s]
576it [00:01, 843.22it/s]
832it [00:01, 1126.07it/s]
1216it [00:01, 1607.60it/s]
1478it [00:01, 1779.50it/s]
1731it [00:01, 1825.60it/s]
1984it [00:01, 1856.49it/s]
2368it [00:01, 2175.71it/s]
2944it [00:01, 3038.93it/s]
3599it [00:02, 3938.91it/s]
4608it [00:02, 5507.19it/s]
5632it [00:02, 6732.04it/s]
6656it [00:02, 7681.46it/s]
7684it [00:02, 8420.07it/s]
8640it [00:02, 8726.73it/s]
9665it [00:02, 9170.77it/s]
10688it [00:02, 9388.73it/s]
11712it [00:02, 9574.07it/s]
12678it [00:02, 9520.12it/s]
13696it [00:03, 9654.29it/s]
14666it [00:03, 9479.79it/s]
15618it [00:03, 9468.56it/s]
16614it [00:03, 9612.54it/s]
17578it [00:03, 6135.85it/s]
18496it [00:03, 6724.74it/s]
19513it [00:03, 7520.99it/s]
20383it [00:03, 7813.48it/s]
21376it [00:04, 8271.94it/s]
22272it [00:04, 8455.79it/s]
23296it [00:04, 8913.77it/s]
24256it [00:04, 9107.42it/s]
25249it [00:04, 9341.10it/s]
26204it [00:04, 9304.28it/s]
27149it [00:04, 9294.11it/s]
28096it [00:04, 9328.03it/s]
29056it [00:04, 9371.63it/s]
30016it [00:04, 9322.44it/s]
31019it [00:05, 9530.50it/s]
31975it [00:05, 5568.25it/s]
32832it [00:05, 6095.99it/s]
33664it [00:05, 6532.16it/s]
34515it [00:05, 6999.34it/s]
35456it [00:05, 7597.57it/s]
36416it [00:05, 8089.63it/s]
37376it [00:06, 8488.17it/s]
38336it [00:06, 8703.52it/s]
39296it [00:06, 8845.60it/s]
40206it [00:06, 8796.90it/s]
41152it [00:06, 8955.85it/s]
42112it [00:06, 8984.23it/s]
43020it [00:06, 9003.81it/s]
43927it [00:06, 9009.98it/s]
44833it [00:06, 8883.98it/s]
45725it [00:06, 8797.62it/s]
46608it [00:07, 4897.10it/s]
47488it [00:07, 5580.02it/s]
48384it [00:07, 6272.16it/s]
49344it [00:07, 6953.95it/s]
50240it [00:07, 7385.74it/s]
51136it [00:07, 7724.30it/s]
51979it [00:07, 7772.96it/s]
52864it [00:08, 7954.95it/s]
53696it [00:08, 7495.41it/s]
54528it [00:08, 7611.02it/s]
55311it [00:08, 7579.33it/s]
56084it [00:08, 7411.50it/s]
56896it [00:08, 7583.96it/s]
57769it [00:08, 7909.74it/s]
58568it [00:08, 7899.46it/s]
59461it [00:08, 8199.40it/s]
60352it [00:08, 8367.00it/s]
61192it [00:09, 5950.32it/s]
61927it [00:09, 6272.17it/s]
62784it [00:09, 6821.98it/s]
63680it [00:09, 7356.04it/s]
64576it [00:09, 7751.20it/s]
65472it [00:09, 8081.56it/s]
66368it [00:09, 8328.70it/s]
67251it [00:09, 8473.23it/s]
68116it [00:10, 8428.26it/s]
68992it [00:10, 8470.49it/s]
69888it [00:10, 8488.57it/s]
70743it [00:10, 8392.62it/s]
71587it [00:10, 8238.06it/s]
72414it [00:10, 8176.70it/s]
73234it [00:10, 8019.69it/s]
74112it [00:10, 8172.10it/s]
75072it [00:10, 8496.27it/s]
75968it [00:11, 5071.28it/s]
76736it [00:11, 5570.84it/s]
77568it [00:11, 6157.50it/s]
78464it [00:11, 6749.04it/s]
79369it [00:11, 7327.30it/s]
80256it [00:11, 7668.64it/s]
81216it [00:11, 8130.48it/s]
82123it [00:11, 8391.51it/s]
83050it [00:12, 8641.41it/s]
83940it [00:12, 8519.44it/s]
84843it [00:12, 8665.83it/s]
85723it [00:12, 8502.41it/s]
86592it [00:12, 8554.67it/s]
87467it [00:12, 8611.34it/s]
88334it [00:12, 8624.15it/s]
89216it [00:12, 8648.33it/s]
90112it [00:12, 8736.31it/s]
90988it [00:13, 6535.36it/s]
91831it [00:13, 6991.60it/s]
92672it [00:13, 7346.98it/s]
93568it [00:13, 7689.61it/s]
94423it [00:13, 7925.27it/s]
95338it [00:13, 8269.51it/s]
96192it [00:13, 8268.06it/s]
97036it [00:13, 8225.40it/s]
97871it [00:13, 8242.98it/s]
98704it [00:13, 8261.45it/s]
99648it [00:14, 8479.69it/s]
100000it [00:14, 7079.38it/s]
Upload time: 14.517565533984452
Total import time: 44.14503487106413
Experiment stage: Search

0it [00:00, ?it/s]
4it [00:00,  5.06it/s]
14it [00:00, 17.24it/s]
50it [00:01, 72.33it/s]
137it [00:01, 221.12it/s]
229it [00:01, 368.23it/s]
323it [00:01, 500.36it/s]
407it [00:01, 584.21it/s]
496it [00:01, 661.75it/s]
580it [00:01, 709.70it/s]
662it [00:01, 717.63it/s]
741it [00:01, 729.43it/s]
823it [00:02, 751.98it/s]
913it [00:02, 793.46it/s]
998it [00:02, 806.25it/s]
1081it [00:02, 786.75it/s]
1162it [00:02, 752.03it/s]
1239it [00:02, 702.71it/s]
1312it [00:02, 701.61it/s]
1384it [00:02, 612.08it/s]
1454it [00:02, 633.71it/s]
1535it [00:03, 680.54it/s]
1606it [00:03, 685.31it/s]
1695it [00:03, 741.93it/s]
1771it [00:03, 745.25it/s]
1854it [00:03, 769.59it/s]
1932it [00:03, 738.74it/s]
2016it [00:03, 762.04it/s]
2093it [00:03, 763.75it/s]
2179it [00:03, 752.47it/s]
2260it [00:03, 767.08it/s]
2344it [00:04, 787.14it/s]
2428it [00:04, 799.76it/s]
2520it [00:04, 832.36it/s]
2611it [00:04, 853.65it/s]
2704it [00:04, 875.14it/s]
2792it [00:04, 869.25it/s]
2889it [00:04, 897.80it/s]
2979it [00:04, 877.86it/s]
3067it [00:04, 876.01it/s]
3161it [00:04, 894.49it/s]
3251it [00:05, 871.97it/s]
3339it [00:05, 857.16it/s]
3425it [00:05, 836.60it/s]
3517it [00:05, 859.35it/s]
3604it [00:05, 809.43it/s]
3699it [00:05, 847.92it/s]
3793it [00:05, 873.73it/s]
3887it [00:05, 889.70it/s]
3979it [00:05, 896.03it/s]
4069it [00:06, 835.67it/s]
4154it [00:06, 823.02it/s]
4243it [00:06, 841.26it/s]
4336it [00:06, 866.14it/s]
4441it [00:06, 919.17it/s]
4535it [00:06, 924.56it/s]
4628it [00:06, 837.89it/s]
4714it [00:06, 843.11it/s]
4803it [00:06, 854.39it/s]
4890it [00:07, 832.54it/s]
4974it [00:07, 796.57it/s]
5055it [00:07, 781.30it/s]
5141it [00:07, 799.81it/s]
5224it [00:07, 806.77it/s]
5311it [00:07, 823.38it/s]
5394it [00:07, 775.89it/s]
5473it [00:07, 701.82it/s]
5550it [00:07, 701.90it/s]
5638it [00:08, 743.36it/s]
5716it [00:08, 752.70it/s]
5800it [00:08, 773.26it/s]
5879it [00:08, 706.01it/s]
5952it [00:08, 710.53it/s]
6025it [00:08, 675.19it/s]
6104it [00:08, 705.29it/s]
6183it [00:08, 726.73it/s]
6257it [00:08, 723.46it/s]
6335it [00:08, 736.01it/s]
6418it [00:09, 763.15it/s]
6520it [00:09, 834.49it/s]
6620it [00:09, 880.58it/s]
6713it [00:09, 894.47it/s]
6807it [00:09, 905.89it/s]
6903it [00:09, 921.86it/s]
7003it [00:09, 942.40it/s]
7098it [00:09, 929.51it/s]
7195it [00:09, 940.67it/s]
7290it [00:09, 942.65it/s]
7385it [00:10, 911.41it/s]
7477it [00:10, 789.06it/s]
7563it [00:10, 806.52it/s]
7646it [00:10, 805.72it/s]
7729it [00:10, 782.01it/s]
7810it [00:10, 789.35it/s]
7891it [00:10, 792.69it/s]
7971it [00:10, 735.99it/s]
8051it [00:11, 752.75it/s]
8144it [00:11, 800.31it/s]
8230it [00:11, 815.91it/s]
8313it [00:11, 778.75it/s]
8392it [00:11, 779.45it/s]
8471it [00:11, 754.41it/s]
8547it [00:11, 746.14it/s]
8622it [00:11, 740.82it/s]
8702it [00:11, 757.08it/s]
8778it [00:11, 746.52it/s]
8862it [00:12, 772.85it/s]
8940it [00:12, 774.78it/s]
9027it [00:12, 801.38it/s]
9108it [00:12, 725.96it/s]
9183it [00:12, 702.96it/s]
9255it [00:12, 700.47it/s]
9334it [00:12, 725.26it/s]
9409it [00:12, 731.24it/s]
9488it [00:12, 744.08it/s]
9571it [00:13, 767.85it/s]
9656it [00:13, 771.36it/s]
9734it [00:13, 756.89it/s]
9810it [00:13, 732.28it/s]
9884it [00:13, 718.57it/s]
9957it [00:13, 666.49it/s]
10000it [00:13, 733.12it/s]
Experiment stage: Done
Results saved to:  /home/dzh/project/vdtuner/vector-db-benchmark-master/results
>>> [Step 5] 收尾工作...
    监控日志已保存。
📊 测试结果摘要:
0.9997299999999999
727.4952566236683
0.006252592732198533
line1:  0.006252592732198533
line1:  727.4952566236683
line1:  0.9997299999999999
numeric_values:  [0.006252592732198533, 727.4952566236683, 0.9997299999999999]
[41] 3534 0.9997299999999999 0.006252592732198533 91
/bin/sh: 1: Syntax error: "(" unexpected
/data/dzh/venv/lib/python3.10/site-packages/botorch/acquisition/multi_objective/monte_carlo.py:110: NumericsWarning: qExpectedHypervolumeImprovement has known numerical issues that lead to suboptimal optimization performance. It is strongly recommended to simply replace

	 qExpectedHypervolumeImprovement 	 --> 	 qLogExpectedHypervolumeImprovement 

instead, which fixes the issues and has the same API. See https://arxiv.org/abs/2310.20708 for details.
  legacy_ei_numerics_warning(legacy_name=type(self).__name__)
--- DEBUG: Starting command:---
=======================================
🛠️  开始测试流程
Engine: milvus-p10 | Dataset: random-range-2048-angular-no-filters
=======================================
>>> [Step 1] 启动后台监控...
    监控进程 PID: 4142690
>>> [Step 2] 重置 Milvus...
 Container milvus-standalone  Stopping
 Container milvus-standalone  Stopped
 Container milvus-standalone  Removing
 Container milvus-standalone  Removed
 Container milvus-minio  Stopping
 Container milvus-etcd  Stopping
 Container milvus-etcd  Stopped
 Container milvus-etcd  Removing
 Container milvus-etcd  Removed
 Container milvus-minio  Stopped
 Container milvus-minio  Removing
 Container milvus-minio  Removed
 Network milvus  Removing
 Network milvus  Removed
    🧹 清理宿主机数据目录: /home/dzh/project/vdtuner/vector-db-benchmark-master/engine/servers/milvus-single-node/volumes
 Network milvus  Creating
 Network milvus  Created
 Container milvus-minio  Creating
 Container milvus-etcd  Creating
 Container milvus-etcd  Created
 Container milvus-minio  Created
 Container milvus-standalone  Creating
 Container milvus-standalone  Created
 Container milvus-minio  Starting
 Container milvus-etcd  Starting
 Container milvus-minio  Started
 Container milvus-etcd  Started
 Container milvus-standalone  Starting
 Container milvus-standalone  Started
>>> [Step 3] 等待服务启动 (90s)...
    等待中... (10s/120s)
    ✅ Milvus 服务已就绪
>>> [Step 4] 运行 Benchmark...
Running experiment: milvus-p10 - random-range-2048-angular-no-filters
established connection
/home/dzh/project/vdtuner/vector-db-benchmark-master/datasets/random-range-2048-angular/random_float_100k_no_filters already exists
Experiment stage: Configure
Experiment stage: Upload

0it [00:00, ?it/s]
1it [00:00,  1.76it/s]
64it [00:00, 82.48it/s]
512it [00:01, 767.59it/s]
915it [00:01, 1354.41it/s]
1196it [00:01, 1641.28it/s]
1473it [00:01, 1673.95it/s]
1716it [00:01, 1800.08it/s]
2058it [00:01, 2161.48it/s]
2368it [00:01, 2319.87it/s]
2688it [00:01, 2539.49it/s]
2971it [00:01, 2599.16it/s]
3392it [00:02, 2995.82it/s]
4416it [00:02, 5013.30it/s]
5376it [00:02, 6246.36it/s]
6336it [00:02, 7168.65it/s]
7360it [00:02, 8024.69it/s]
8384it [00:02, 8544.79it/s]
9374it [00:02, 8938.78it/s]
10304it [00:02, 9001.66it/s]
11264it [00:02, 9110.63it/s]
12288it [00:02, 9333.27it/s]
13248it [00:03, 9351.02it/s]
14233it [00:03, 9497.69it/s]
15185it [00:03, 9373.56it/s]
16128it [00:03, 9304.10it/s]
17060it [00:03, 7669.16it/s]
17984it [00:03, 8063.57it/s]
18944it [00:03, 8447.40it/s]
19904it [00:03, 8694.69it/s]
20864it [00:03, 8885.94it/s]
21771it [00:04, 8827.22it/s]
22720it [00:04, 8901.30it/s]
23619it [00:04, 8910.15it/s]
24517it [00:04, 8791.94it/s]
25408it [00:04, 8774.79it/s]
26368it [00:04, 8896.49it/s]
27309it [00:04, 9046.05it/s]
28224it [00:04, 9008.50it/s]
29184it [00:04, 9099.44it/s]
30144it [00:04, 9156.07it/s]
31105it [00:05, 9288.35it/s]
32035it [00:05, 9247.16it/s]
32961it [00:05, 6513.73it/s]
33920it [00:05, 7188.25it/s]
34880it [00:05, 7715.15it/s]
35840it [00:05, 8179.38it/s]
36736it [00:05, 8366.40it/s]
37662it [00:05, 8613.77it/s]
38558it [00:06, 8684.49it/s]
39488it [00:06, 8858.10it/s]
40441it [00:06, 9053.24it/s]
41360it [00:06, 9026.37it/s]
42272it [00:06, 8745.34it/s]
43155it [00:06, 8575.73it/s]
44042it [00:06, 8659.66it/s]
44968it [00:06, 8834.19it/s]
45856it [00:06, 8624.10it/s]
46722it [00:06, 8214.37it/s]
47549it [00:07, 5955.23it/s]
48320it [00:07, 6310.13it/s]
49264it [00:07, 7070.41it/s]
50112it [00:07, 7418.33it/s]
51008it [00:07, 7796.72it/s]
51904it [00:07, 8003.97it/s]
52736it [00:07, 8002.45it/s]
53568it [00:07, 8086.08it/s]
54392it [00:08, 7931.50it/s]
55232it [00:08, 8027.83it/s]
56064it [00:08, 8105.89it/s]
56896it [00:08, 8080.68it/s]
57728it [00:08, 8102.53it/s]
58542it [00:08, 8011.09it/s]
59456it [00:08, 8215.61it/s]
60416it [00:08, 8495.95it/s]
61267it [00:09, 5633.34it/s]
61956it [00:09, 5740.93it/s]
62848it [00:09, 6432.13it/s]
63808it [00:09, 7124.26it/s]
64753it [00:09, 7724.77it/s]
65600it [00:09, 7907.83it/s]
66496it [00:09, 8170.45it/s]
67456it [00:09, 8463.57it/s]
68352it [00:09, 8567.86it/s]
69248it [00:09, 8626.92it/s]
70173it [00:10, 8807.79it/s]
71078it [00:10, 8878.53it/s]
72000it [00:10, 8867.90it/s]
72960it [00:10, 8943.92it/s]
73894it [00:10, 9059.58it/s]
74816it [00:10, 8992.27it/s]
75776it [00:10, 9072.77it/s]
76685it [00:10, 7062.76it/s]
77504it [00:10, 7327.21it/s]
78290it [00:11, 7460.06it/s]
79168it [00:11, 7798.14it/s]
80064it [00:11, 8020.10it/s]
81007it [00:11, 8417.01it/s]
81906it [00:11, 8581.22it/s]
82810it [00:11, 8714.35it/s]
83692it [00:11, 8694.52it/s]
84569it [00:11, 8710.59it/s]
85445it [00:11, 8719.59it/s]
86336it [00:12, 8710.20it/s]
87232it [00:12, 8725.15it/s]
88107it [00:12, 8541.60it/s]
88964it [00:12, 8354.72it/s]
89874it [00:12, 8570.72it/s]
90734it [00:12, 6306.48it/s]
91627it [00:12, 6923.12it/s]
92480it [00:12, 7291.38it/s]
93440it [00:12, 7863.09it/s]
94336it [00:13, 8102.50it/s]
95232it [00:13, 8254.01it/s]
96129it [00:13, 8455.81it/s]
97024it [00:13, 8469.91it/s]
97920it [00:13, 8603.95it/s]
98880it [00:13, 8774.98it/s]
99784it [00:13, 8851.53it/s]
100000it [00:13, 7304.70it/s]
Upload time: 14.076875937636942
Total import time: 43.708313308656216
Experiment stage: Search

0it [00:00, ?it/s]
4it [00:00,  5.03it/s]
13it [00:00, 17.09it/s]
37it [00:01, 55.02it/s]
83it [00:01, 134.06it/s]
162it [00:01, 276.63it/s]
247it [00:01, 412.66it/s]
337it [00:01, 535.80it/s]
428it [00:01, 634.60it/s]
517it [00:01, 704.76it/s]
597it [00:01, 688.63it/s]
693it [00:01, 762.58it/s]
785it [00:01, 805.55it/s]
879it [00:02, 843.92it/s]
968it [00:02, 854.49it/s]
1063it [00:02, 881.84it/s]
1153it [00:02, 859.52it/s]
1246it [00:02, 877.31it/s]
1341it [00:02, 898.23it/s]
1440it [00:02, 921.97it/s]
1538it [00:02, 937.42it/s]
1633it [00:02, 924.16it/s]
1726it [00:02, 909.94it/s]
1824it [00:03, 929.79it/s]
1918it [00:03, 927.57it/s]
2011it [00:03, 873.16it/s]
2104it [00:03, 887.20it/s]
2203it [00:03, 916.42it/s]
2296it [00:03, 905.65it/s]
2387it [00:03, 887.09it/s]
2478it [00:03, 891.18it/s]
2568it [00:03, 892.63it/s]
2658it [00:04, 892.84it/s]
2748it [00:04, 883.97it/s]
2842it [00:04, 897.64it/s]
2932it [00:04, 884.55it/s]
3029it [00:04, 905.37it/s]
3120it [00:04, 887.08it/s]
3209it [00:04, 870.77it/s]
3303it [00:04, 890.48it/s]
3394it [00:04, 895.78it/s]
3484it [00:04, 895.19it/s]
3574it [00:05, 874.45it/s]
3666it [00:05, 885.79it/s]
3763it [00:05, 908.62it/s]
3854it [00:05, 902.85it/s]
3945it [00:05, 894.93it/s]
4035it [00:05, 869.77it/s]
4123it [00:05, 812.75it/s]
4206it [00:05, 796.72it/s]
4294it [00:05, 819.51it/s]
4385it [00:06, 842.75it/s]
4480it [00:06, 873.32it/s]
4579it [00:06, 907.22it/s]
4675it [00:06, 922.22it/s]
4779it [00:06, 954.92it/s]
4875it [00:06, 896.63it/s]
4966it [00:06, 861.18it/s]
5053it [00:06, 842.63it/s]
5139it [00:06, 847.18it/s]
5228it [00:06, 857.02it/s]
5315it [00:07, 817.94it/s]
5398it [00:07, 821.07it/s]
5481it [00:07, 785.92it/s]
5572it [00:07, 819.77it/s]
5660it [00:07, 836.15it/s]
5745it [00:07, 835.39it/s]
5829it [00:07, 833.81it/s]
5923it [00:07, 864.33it/s]
6013it [00:07, 872.96it/s]
6103it [00:08, 879.78it/s]
6195it [00:08, 890.96it/s]
6297it [00:08, 927.76it/s]
6394it [00:08, 939.15it/s]
6491it [00:08, 945.94it/s]
6586it [00:08, 944.98it/s]
6681it [00:08, 910.32it/s]
6773it [00:08, 884.66it/s]
6865it [00:08, 893.90it/s]
6955it [00:08, 895.53it/s]
7045it [00:09, 896.33it/s]
7135it [00:09, 882.98it/s]
7224it [00:09, 833.42it/s]
7308it [00:09, 824.48it/s]
7394it [00:09, 833.24it/s]
7493it [00:09, 876.77it/s]
7582it [00:09, 843.69it/s]
7674it [00:09, 863.81it/s]
7766it [00:09, 879.06it/s]
7871it [00:09, 927.30it/s]
7965it [00:10, 886.46it/s]
8055it [00:10, 860.53it/s]
8146it [00:10, 872.51it/s]
8237it [00:10, 880.69it/s]
8326it [00:10, 866.12it/s]
8413it [00:10, 848.18it/s]
8504it [00:10, 865.35it/s]
8596it [00:10, 880.21it/s]
8685it [00:10, 881.52it/s]
8774it [00:11, 865.05it/s]
8873it [00:11, 899.13it/s]
8967it [00:11, 908.67it/s]
9059it [00:11, 831.20it/s]
9144it [00:11, 831.82it/s]
9244it [00:11, 878.97it/s]
9348it [00:11, 924.98it/s]
9444it [00:11, 934.69it/s]
9539it [00:11, 925.80it/s]
9633it [00:11, 898.18it/s]
9724it [00:12, 837.73it/s]
9809it [00:12, 807.37it/s]
9891it [00:12, 804.07it/s]
9972it [00:12, 795.93it/s]
10000it [00:12, 801.52it/s]
Experiment stage: Done
Results saved to:  /home/dzh/project/vdtuner/vector-db-benchmark-master/results
>>> [Step 5] 收尾工作...
    监控日志已保存。
📊 测试结果摘要:
0.94327
792.3795575093368
0.005312402849085626
line1:  0.005312402849085626
line1:  792.3795575093368
line1:  0.94327
numeric_values:  [0.005312402849085626, 792.3795575093368, 0.94327]
[42] 3623 0.94327 0.005312402849085626 89
/bin/sh: 1: Syntax error: "(" unexpected
/data/dzh/venv/lib/python3.10/site-packages/botorch/acquisition/multi_objective/monte_carlo.py:110: NumericsWarning: qExpectedHypervolumeImprovement has known numerical issues that lead to suboptimal optimization performance. It is strongly recommended to simply replace

	 qExpectedHypervolumeImprovement 	 --> 	 qLogExpectedHypervolumeImprovement 

instead, which fixes the issues and has the same API. See https://arxiv.org/abs/2310.20708 for details.
  legacy_ei_numerics_warning(legacy_name=type(self).__name__)
--- DEBUG: Starting command:---
=======================================
🛠️  开始测试流程
Engine: milvus-p10 | Dataset: random-range-2048-angular-no-filters
=======================================
>>> [Step 1] 启动后台监控...
    监控进程 PID: 4169714
>>> [Step 2] 重置 Milvus...
 Container milvus-standalone  Stopping
 Container milvus-standalone  Stopped
 Container milvus-standalone  Removing
 Container milvus-standalone  Removed
 Container milvus-minio  Stopping
 Container milvus-etcd  Stopping
 Container milvus-etcd  Stopped
 Container milvus-etcd  Removing
 Container milvus-etcd  Removed
 Container milvus-minio  Stopped
 Container milvus-minio  Removing
 Container milvus-minio  Removed
 Network milvus  Removing
 Network milvus  Removed
    🧹 清理宿主机数据目录: /home/dzh/project/vdtuner/vector-db-benchmark-master/engine/servers/milvus-single-node/volumes
 Network milvus  Creating
 Network milvus  Created
 Container milvus-minio  Creating
 Container milvus-etcd  Creating
 Container milvus-minio  Created
 Container milvus-etcd  Created
 Container milvus-standalone  Creating
 Container milvus-standalone  Created
 Container milvus-minio  Starting
 Container milvus-etcd  Starting
 Container milvus-minio  Started
 Container milvus-etcd  Started
 Container milvus-standalone  Starting
 Container milvus-standalone  Started
>>> [Step 3] 等待服务启动 (90s)...
    等待中... (10s/120s)
    ✅ Milvus 服务已就绪
>>> [Step 4] 运行 Benchmark...
Running experiment: milvus-p10 - random-range-2048-angular-no-filters
established connection
/home/dzh/project/vdtuner/vector-db-benchmark-master/datasets/random-range-2048-angular/random_float_100k_no_filters already exists
Experiment stage: Configure
Experiment stage: Upload

0it [00:00, ?it/s]
1it [00:01,  1.26s/it]
640it [00:01, 638.55it/s]
960it [00:01, 925.73it/s]
1248it [00:01, 1198.87it/s]
1528it [00:01, 1405.69it/s]
1856it [00:01, 1728.00it/s]
2369it [00:01, 2442.40it/s]
2720it [00:02, 2467.11it/s]
3072it [00:02, 2675.76it/s]
3904it [00:02, 4042.83it/s]
4928it [00:02, 5615.59it/s]
5952it [00:02, 6787.96it/s]
6988it [00:02, 7772.15it/s]
8000it [00:02, 8406.89it/s]
9024it [00:02, 8858.86it/s]
10008it [00:02, 9141.73it/s]
10945it [00:03, 9154.35it/s]
11923it [00:03, 9337.38it/s]
12966it [00:03, 9659.65it/s]
13941it [00:03, 9664.42it/s]
14914it [00:03, 9641.36it/s]
15885it [00:03, 9661.33it/s]
16896it [00:03, 9699.52it/s]
17868it [00:03, 8346.26it/s]
18880it [00:03, 8712.21it/s]
19840it [00:03, 8950.80it/s]
20800it [00:04, 9102.78it/s]
21824it [00:04, 9351.48it/s]
22801it [00:04, 9471.44it/s]
23757it [00:04, 9431.51it/s]
24707it [00:04, 9347.46it/s]
25664it [00:04, 9312.94it/s]
26624it [00:04, 9392.11it/s]
27648it [00:04, 9468.16it/s]
28608it [00:04, 9470.66it/s]
29557it [00:05, 9174.31it/s]
30477it [00:05, 9032.66it/s]
31382it [00:05, 8823.00it/s]
32320it [00:05, 8860.53it/s]
33208it [00:05, 5981.01it/s]
34149it [00:05, 6726.00it/s]
35090it [00:05, 7361.66it/s]
36032it [00:05, 7815.75it/s]
36995it [00:06, 8293.61it/s]
37884it [00:06, 8413.64it/s]
38768it [00:06, 8470.30it/s]
39740it [00:06, 8824.59it/s]
40646it [00:06, 8719.45it/s]
41664it [00:06, 9122.93it/s]
42649it [00:06, 9334.33it/s]
43636it [00:06, 9491.11it/s]
44593it [00:06, 9499.58it/s]
45548it [00:06, 9331.26it/s]
46486it [00:07, 9155.97it/s]
47405it [00:07, 6505.05it/s]
48320it [00:07, 7045.49it/s]
49280it [00:07, 7582.67it/s]
50293it [00:07, 8235.00it/s]
51264it [00:07, 8603.07it/s]
52224it [00:07, 8784.08it/s]
53184it [00:07, 8933.23it/s]
54103it [00:07, 8910.44it/s]
55012it [00:08, 8580.57it/s]
55884it [00:08, 8464.04it/s]
56740it [00:08, 8193.33it/s]
57567it [00:08, 7927.61it/s]
58368it [00:08, 7937.12it/s]
59264it [00:08, 8142.76it/s]
60224it [00:08, 8434.90it/s]
61120it [00:08, 8572.77it/s]
61980it [00:08, 7680.95it/s]
62784it [00:09, 7758.80it/s]
63680it [00:09, 8002.10it/s]
64640it [00:09, 8386.07it/s]
65600it [00:09, 8646.42it/s]
66560it [00:09, 8848.77it/s]
67520it [00:09, 8991.80it/s]
68424it [00:09, 8816.58it/s]
69309it [00:09, 8747.21it/s]
70186it [00:09, 8643.27it/s]
71089it [00:10, 8755.43it/s]
71966it [00:10, 8700.73it/s]
72896it [00:10, 8761.27it/s]
73792it [00:10, 8696.59it/s]
74688it [00:10, 8762.95it/s]
75584it [00:10, 8789.19it/s]
76505it [00:10, 8913.27it/s]
77397it [00:10, 5629.25it/s]
78264it [00:11, 6270.90it/s]
79040it [00:11, 6614.42it/s]
79936it [00:11, 7128.03it/s]
80814it [00:11, 7557.37it/s]
81728it [00:11, 7914.99it/s]
82594it [00:11, 8120.91it/s]
83520it [00:11, 8315.49it/s]
84377it [00:11, 8368.58it/s]
85312it [00:11, 8553.48it/s]
86272it [00:11, 8771.12it/s]
87159it [00:12, 8749.72it/s]
88064it [00:12, 8701.25it/s]
88939it [00:12, 8686.23it/s]
89856it [00:12, 8755.87it/s]
90816it [00:12, 8937.35it/s]
91712it [00:12, 5951.49it/s]
92608it [00:12, 6568.87it/s]
93440it [00:12, 6979.51it/s]
94336it [00:13, 7397.57it/s]
95232it [00:13, 7801.25it/s]
96128it [00:13, 8084.53it/s]
96977it [00:13, 8144.59it/s]
97920it [00:13, 8387.44it/s]
98816it [00:13, 8529.95it/s]
99712it [00:13, 8546.06it/s]
100000it [00:13, 7304.31it/s]
Upload time: 14.10130891110748
Total import time: 44.52580295410007
Experiment stage: Search

0it [00:00, ?it/s]
4it [00:00,  5.24it/s]
14it [00:00, 18.30it/s]
55it [00:01, 84.72it/s]
127it [00:01, 208.15it/s]
210it [00:01, 342.26it/s]
297it [00:01, 466.87it/s]
383it [00:01, 565.22it/s]
468it [00:01, 639.97it/s]
563it [00:01, 724.57it/s]
649it [00:01, 762.63it/s]
734it [00:01, 785.91it/s]
825it [00:01, 820.99it/s]
918it [00:02, 850.91it/s]
1006it [00:02, 848.90it/s]
1096it [00:02, 861.73it/s]
1184it [00:02, 855.04it/s]
1275it [00:02, 869.40it/s]
1365it [00:02, 878.16it/s]
1454it [00:02, 862.36it/s]
1545it [00:02, 871.75it/s]
1633it [00:02, 873.54it/s]
1721it [00:02, 866.74it/s]
1815it [00:03, 886.66it/s]
1912it [00:03, 907.24it/s]
2006it [00:03, 916.14it/s]
2104it [00:03, 932.66it/s]
2198it [00:03, 901.05it/s]
2289it [00:03, 880.67it/s]
2378it [00:03, 877.89it/s]
2472it [00:03, 895.33it/s]
2562it [00:03, 876.08it/s]
2650it [00:04, 855.42it/s]
2736it [00:04, 816.56it/s]
2819it [00:04, 800.73it/s]
2910it [00:04, 829.22it/s]
2996it [00:04, 837.52it/s]
3081it [00:04, 832.04it/s]
3167it [00:04, 838.94it/s]
3265it [00:04, 874.72it/s]
3358it [00:04, 888.77it/s]
3456it [00:04, 914.19it/s]
3554it [00:05, 933.27it/s]
3648it [00:05, 929.64it/s]
3742it [00:05, 916.55it/s]
3834it [00:05, 908.55it/s]
3925it [00:05, 869.37it/s]
4013it [00:05, 866.13it/s]
4109it [00:05, 885.88it/s]
4198it [00:05, 877.92it/s]
4290it [00:05, 888.01it/s]
4379it [00:05, 888.20it/s]
4468it [00:06, 879.85it/s]
4559it [00:06, 888.70it/s]
4658it [00:06, 917.32it/s]
4752it [00:06, 923.98it/s]
4845it [00:06, 925.19it/s]
4938it [00:06, 903.10it/s]
5029it [00:06, 881.14it/s]
5118it [00:06, 849.99it/s]
5204it [00:06, 849.17it/s]
5290it [00:07, 836.72it/s]
5374it [00:07, 826.57it/s]
5457it [00:07, 823.48it/s]
5550it [00:07, 851.90it/s]
5636it [00:07, 853.66it/s]
5729it [00:07, 876.00it/s]
5826it [00:07, 903.65it/s]
5923it [00:07, 920.12it/s]
6016it [00:07, 918.09it/s]
6108it [00:07, 886.67it/s]
6197it [00:08, 873.86it/s]
6285it [00:08, 847.01it/s]
6376it [00:08, 863.34it/s]
6463it [00:08, 860.92it/s]
6550it [00:08, 836.58it/s]
6642it [00:08, 856.60it/s]
6732it [00:08, 867.39it/s]
6824it [00:08, 881.80it/s]
6913it [00:08, 874.09it/s]
7001it [00:08, 849.73it/s]
7087it [00:09, 846.81it/s]
7192it [00:09, 905.30it/s]
7285it [00:09, 910.85it/s]
7377it [00:09, 858.61it/s]
7464it [00:09, 825.60it/s]
7548it [00:09, 829.55it/s]
7632it [00:09, 805.81it/s]
7714it [00:09, 807.62it/s]
7800it [00:09, 821.30it/s]
7895it [00:10, 858.34it/s]
7987it [00:10, 874.66it/s]
8079it [00:10, 885.02it/s]
8174it [00:10, 903.11it/s]
8265it [00:10, 898.46it/s]
8355it [00:10, 733.95it/s]
8444it [00:10, 768.75it/s]
8525it [00:10, 763.70it/s]
8617it [00:10, 804.66it/s]
8705it [00:11, 825.30it/s]
8798it [00:11, 852.20it/s]
8893it [00:11, 878.13it/s]
8982it [00:11, 863.64it/s]
9078it [00:11, 889.55it/s]
9168it [00:11, 884.87it/s]
9264it [00:11, 905.52it/s]
9355it [00:11, 854.61it/s]
9442it [00:11, 770.98it/s]
9521it [00:12, 746.06it/s]
9597it [00:12, 745.10it/s]
9673it [00:12, 745.50it/s]
9760it [00:12, 779.72it/s]
9844it [00:12, 796.96it/s]
9925it [00:12, 768.64it/s]
10000it [00:12, 792.12it/s]
Experiment stage: Done
Results saved to:  /home/dzh/project/vdtuner/vector-db-benchmark-master/results
>>> [Step 5] 收尾工作...
    监控日志已保存。
📊 测试结果摘要:
0.9074100000000003
786.5285204046926
0.005162169598042963
line1:  0.005162169598042963
line1:  786.5285204046926
line1:  0.9074100000000003
numeric_values:  [0.005162169598042963, 786.5285204046926, 0.9074100000000003]
[43] 3714 0.9074100000000003 0.005162169598042963 91
/bin/sh: 1: Syntax error: "(" unexpected
/data/dzh/venv/lib/python3.10/site-packages/botorch/acquisition/multi_objective/monte_carlo.py:110: NumericsWarning: qExpectedHypervolumeImprovement has known numerical issues that lead to suboptimal optimization performance. It is strongly recommended to simply replace

	 qExpectedHypervolumeImprovement 	 --> 	 qLogExpectedHypervolumeImprovement 

instead, which fixes the issues and has the same API. See https://arxiv.org/abs/2310.20708 for details.
  legacy_ei_numerics_warning(legacy_name=type(self).__name__)
--- DEBUG: Starting command:---
=======================================
🛠️  开始测试流程
Engine: milvus-p10 | Dataset: random-range-2048-angular-no-filters
=======================================
>>> [Step 1] 启动后台监控...
    监控进程 PID: 6633
>>> [Step 2] 重置 Milvus...
 Container milvus-standalone  Stopping
 Container milvus-standalone  Stopped
 Container milvus-standalone  Removing
 Container milvus-standalone  Removed
 Container milvus-etcd  Stopping
 Container milvus-minio  Stopping
 Container milvus-etcd  Stopped
 Container milvus-etcd  Removing
 Container milvus-etcd  Removed
 Container milvus-minio  Stopped
 Container milvus-minio  Removing
 Container milvus-minio  Removed
 Network milvus  Removing
 Network milvus  Removed
    🧹 清理宿主机数据目录: /home/dzh/project/vdtuner/vector-db-benchmark-master/engine/servers/milvus-single-node/volumes
 Network milvus  Creating
 Network milvus  Created
 Container milvus-minio  Creating
 Container milvus-etcd  Creating
 Container milvus-minio  Created
 Container milvus-etcd  Created
 Container milvus-standalone  Creating
 Container milvus-standalone  Created
 Container milvus-etcd  Starting
 Container milvus-minio  Starting
 Container milvus-minio  Started
 Container milvus-etcd  Started
 Container milvus-standalone  Starting
 Container milvus-standalone  Started
>>> [Step 3] 等待服务启动 (90s)...
    等待中... (10s/120s)
    ✅ Milvus 服务已就绪
>>> [Step 4] 运行 Benchmark...
Running experiment: milvus-p10 - random-range-2048-angular-no-filters
established connection
/home/dzh/project/vdtuner/vector-db-benchmark-master/datasets/random-range-2048-angular/random_float_100k_no_filters already exists
Experiment stage: Configure
Experiment stage: Upload

0it [00:00, ?it/s]
1it [00:00,  1.64it/s]
64it [00:00, 83.45it/s]
512it [00:01, 758.94it/s]
832it [00:01, 1174.10it/s]
1152it [00:01, 1548.40it/s]
1400it [00:01, 1583.68it/s]
1792it [00:01, 2081.52it/s]
2240it [00:01, 2606.42it/s]
2624it [00:01, 2913.45it/s]
3008it [00:01, 3134.45it/s]
3392it [00:01, 3323.06it/s]
4288it [00:02, 4845.04it/s]
5303it [00:02, 6347.03it/s]
6272it [00:02, 7302.80it/s]
7232it [00:02, 7942.55it/s]
8194it [00:02, 8422.48it/s]
9216it [00:02, 8832.17it/s]
10240it [00:02, 9157.13it/s]
11264it [00:02, 9327.81it/s]
12202it [00:02, 9258.05it/s]
13131it [00:02, 9129.62it/s]
14080it [00:03, 9233.59it/s]
15009it [00:03, 9235.58it/s]
15936it [00:03, 9231.15it/s]
16861it [00:03, 5432.76it/s]
17792it [00:03, 6161.99it/s]
18752it [00:03, 6873.97it/s]
19712it [00:03, 7517.09it/s]
20716it [00:04, 8157.03it/s]
21632it [00:04, 8421.36it/s]
22592it [00:04, 8652.17it/s]
23552it [00:04, 8826.76it/s]
24512it [00:04, 8916.31it/s]
25464it [00:04, 9088.06it/s]
26391it [00:04, 8755.09it/s]
27392it [00:04, 9059.26it/s]
28352it [00:04, 9164.41it/s]
29312it [00:04, 9197.22it/s]
30302it [00:05, 9401.15it/s]
31247it [00:05, 7709.28it/s]
32192it [00:05, 8103.72it/s]
33143it [00:05, 8477.75it/s]
34048it [00:05, 8633.49it/s]
34944it [00:05, 8678.80it/s]
35830it [00:05, 8723.24it/s]
36736it [00:05, 8787.44it/s]
37696it [00:05, 9010.99it/s]
38605it [00:06, 9006.33it/s]
39552it [00:06, 9007.44it/s]
40512it [00:06, 9140.78it/s]
41472it [00:06, 9227.07it/s]
42401it [00:06, 9233.01it/s]
43326it [00:06, 9237.31it/s]
44251it [00:06, 8952.46it/s]
45149it [00:06, 6286.42it/s]
46080it [00:07, 6930.45it/s]
46912it [00:07, 7258.26it/s]
47808it [00:07, 7655.72it/s]
48768it [00:07, 8049.00it/s]
49664it [00:07, 8225.66it/s]
50560it [00:07, 8345.31it/s]
51456it [00:07, 8482.34it/s]
52352it [00:07, 8517.44it/s]
53309it [00:07, 8820.66it/s]
54201it [00:07, 8696.16it/s]
55078it [00:08, 8520.75it/s]
55936it [00:08, 8417.73it/s]
56782it [00:08, 8126.27it/s]
57599it [00:08, 8123.76it/s]
58496it [00:08, 8213.08it/s]
59328it [00:08, 6491.64it/s]
60192it [00:08, 7017.31it/s]
60992it [00:08, 7269.29it/s]
61952it [00:08, 7827.34it/s]
62881it [00:09, 8230.12it/s]
63791it [00:09, 8476.11it/s]
64659it [00:09, 8507.53it/s]
65536it [00:09, 8512.16it/s]
66397it [00:09, 8364.35it/s]
67392it [00:09, 8723.13it/s]
68352it [00:09, 8865.69it/s]
69243it [00:09, 8858.22it/s]
70135it [00:09, 8875.88it/s]
71025it [00:09, 8770.97it/s]
71904it [00:10, 8698.87it/s]
72832it [00:10, 8785.04it/s]
73775it [00:10, 8973.78it/s]
74674it [00:10, 6740.69it/s]
75584it [00:10, 7230.88it/s]
76480it [00:10, 7639.59it/s]
77411it [00:10, 8082.22it/s]
78272it [00:10, 8190.56it/s]
79168it [00:11, 8406.00it/s]
80064it [00:11, 8531.97it/s]
81024it [00:11, 8811.02it/s]
81920it [00:11, 8849.29it/s]
82816it [00:11, 8738.17it/s]
83712it [00:11, 8745.85it/s]
84612it [00:11, 8820.02it/s]
85568it [00:11, 8911.89it/s]
86528it [00:11, 9026.83it/s]
87433it [00:11, 8985.58it/s]
88333it [00:12, 8844.03it/s]
89219it [00:12, 8770.67it/s]
90097it [00:12, 7870.35it/s]
90901it [00:12, 7756.63it/s]
91712it [00:12, 7742.77it/s]
92608it [00:12, 8026.16it/s]
93566it [00:12, 8467.51it/s]
94420it [00:12, 8406.51it/s]
95292it [00:12, 8496.86it/s]
96146it [00:13, 8331.26it/s]
97002it [00:13, 8397.37it/s]
97856it [00:13, 8348.03it/s]
98693it [00:13, 8262.20it/s]
99641it [00:13, 8618.35it/s]
100000it [00:13, 7425.61it/s]
Upload time: 13.858770288992673
Total import time: 43.32012377632782
Experiment stage: Search

0it [00:00, ?it/s]
4it [00:00,  5.26it/s]
14it [00:00, 19.06it/s]
41it [00:01, 62.88it/s]
126it [00:01, 219.42it/s]
185it [00:01, 301.12it/s]
275it [00:01, 444.30it/s]
363it [00:01, 555.15it/s]
451it [00:01, 641.62it/s]
534it [00:01, 692.79it/s]
617it [00:01, 730.55it/s]
706it [00:01, 774.21it/s]
789it [00:01, 788.01it/s]
872it [00:02, 791.09it/s]
954it [00:02, 781.86it/s]
1040it [00:02, 803.83it/s]
1124it [00:02, 810.76it/s]
1211it [00:02, 827.47it/s]
1304it [00:02, 856.71it/s]
1391it [00:02, 847.66it/s]
1480it [00:02, 858.00it/s]
1567it [00:02, 750.60it/s]
1645it [00:02, 748.67it/s]
1722it [00:03, 695.08it/s]
1805it [00:03, 726.49it/s]
1883it [00:03, 738.04it/s]
1971it [00:03, 777.10it/s]
2054it [00:03, 790.58it/s]
2136it [00:03, 798.48it/s]
2224it [00:03, 821.36it/s]
2314it [00:03, 842.79it/s]
2399it [00:03, 841.72it/s]
2484it [00:04, 843.80it/s]
2572it [00:04, 854.46it/s]
2658it [00:04, 756.82it/s]
2736it [00:04, 725.27it/s]
2824it [00:04, 766.46it/s]
2903it [00:04, 750.69it/s]
2994it [00:04, 790.81it/s]
3083it [00:04, 818.05it/s]
3176it [00:04, 839.14it/s]
3261it [00:05, 786.74it/s]
3342it [00:05, 792.38it/s]
3422it [00:05, 741.79it/s]
3498it [00:05, 713.26it/s]
3588it [00:05, 761.87it/s]
3675it [00:05, 791.70it/s]
3772it [00:05, 841.64it/s]
3867it [00:05, 871.80it/s]
3961it [00:05, 889.46it/s]
4053it [00:05, 895.72it/s]
4143it [00:06, 862.56it/s]
4230it [00:06, 842.85it/s]
4315it [00:06, 842.10it/s]
4409it [00:06, 869.61it/s]
4506it [00:06, 898.46it/s]
4597it [00:06, 878.75it/s]
4694it [00:06, 904.02it/s]
4785it [00:06, 875.64it/s]
4873it [00:06, 864.51it/s]
4960it [00:07, 824.71it/s]
5045it [00:07, 830.53it/s]
5129it [00:07, 823.25it/s]
5212it [00:07, 755.54it/s]
5294it [00:07, 772.18it/s]
5389it [00:07, 821.59it/s]
5488it [00:07, 867.64it/s]
5587it [00:07, 902.64it/s]
5681it [00:07, 912.26it/s]
5773it [00:07, 892.05it/s]
5863it [00:08, 860.66it/s]
5950it [00:08, 850.50it/s]
6036it [00:08, 838.32it/s]
6123it [00:08, 846.87it/s]
6208it [00:08, 824.74it/s]
6291it [00:08, 791.20it/s]
6376it [00:08, 807.51it/s]
6458it [00:08, 797.21it/s]
6540it [00:08, 801.32it/s]
6621it [00:09, 782.49it/s]
6704it [00:09, 776.35it/s]
6783it [00:09, 779.41it/s]
6879it [00:09, 830.08it/s]
6963it [00:09, 819.75it/s]
7046it [00:09, 817.81it/s]
7128it [00:09, 808.45it/s]
7209it [00:09, 797.85it/s]
7291it [00:09, 803.94it/s]
7376it [00:09, 815.58it/s]
7458it [00:10, 804.22it/s]
7539it [00:10, 785.38it/s]
7623it [00:10, 799.97it/s]
7714it [00:10, 828.17it/s]
7807it [00:10, 857.25it/s]
7893it [00:10, 856.84it/s]
7979it [00:10, 840.43it/s]
8064it [00:10, 815.88it/s]
8146it [00:10, 785.29it/s]
8225it [00:11, 765.21it/s]
8305it [00:11, 773.87it/s]
8383it [00:11, 756.94it/s]
8470it [00:11, 788.15it/s]
8551it [00:11, 793.15it/s]
8633it [00:11, 800.00it/s]
8714it [00:11, 786.62it/s]
8801it [00:11, 809.82it/s]
8883it [00:11, 801.98it/s]
8968it [00:11, 813.30it/s]
9050it [00:12, 802.23it/s]
9131it [00:12, 783.34it/s]
9225it [00:12, 828.41it/s]
9312it [00:12, 840.03it/s]
9402it [00:12, 855.71it/s]
9491it [00:12, 865.32it/s]
9578it [00:12, 860.59it/s]
9665it [00:12, 837.84it/s]
9751it [00:12, 843.36it/s]
9836it [00:13, 832.77it/s]
9925it [00:13, 847.74it/s]
10000it [00:13, 757.99it/s]
Experiment stage: Done
Results saved to:  /home/dzh/project/vdtuner/vector-db-benchmark-master/results
>>> [Step 5] 收尾工作...
    监控日志已保存。
📊 测试结果摘要:
0.87402
750.7944068134287
0.005033925198949873
line1:  0.005033925198949873
line1:  750.7944068134287
line1:  0.87402
numeric_values:  [0.005033925198949873, 750.7944068134287, 0.87402]
[44] 3805 0.87402 0.005033925198949873 90
/bin/sh: 1: Syntax error: "(" unexpected
/data/dzh/venv/lib/python3.10/site-packages/botorch/acquisition/multi_objective/monte_carlo.py:110: NumericsWarning: qExpectedHypervolumeImprovement has known numerical issues that lead to suboptimal optimization performance. It is strongly recommended to simply replace

	 qExpectedHypervolumeImprovement 	 --> 	 qLogExpectedHypervolumeImprovement 

instead, which fixes the issues and has the same API. See https://arxiv.org/abs/2310.20708 for details.
  legacy_ei_numerics_warning(legacy_name=type(self).__name__)
--- DEBUG: Starting command:---
=======================================
🛠️  开始测试流程
Engine: milvus-p10 | Dataset: random-range-2048-angular-no-filters
=======================================
>>> [Step 1] 启动后台监控...
    监控进程 PID: 29161
>>> [Step 2] 重置 Milvus...
 Container milvus-standalone  Stopping
 Container milvus-standalone  Stopped
 Container milvus-standalone  Removing
 Container milvus-standalone  Removed
 Container milvus-etcd  Stopping
 Container milvus-minio  Stopping
 Container milvus-etcd  Stopped
 Container milvus-etcd  Removing
 Container milvus-etcd  Removed
 Container milvus-minio  Stopped
 Container milvus-minio  Removing
 Container milvus-minio  Removed
 Network milvus  Removing
 Network milvus  Removed
    🧹 清理宿主机数据目录: /home/dzh/project/vdtuner/vector-db-benchmark-master/engine/servers/milvus-single-node/volumes
 Network milvus  Creating
 Network milvus  Created
 Container milvus-minio  Creating
 Container milvus-etcd  Creating
 Container milvus-etcd  Created
 Container milvus-minio  Created
 Container milvus-standalone  Creating
 Container milvus-standalone  Created
 Container milvus-minio  Starting
 Container milvus-etcd  Starting
 Container milvus-minio  Started
 Container milvus-etcd  Started
 Container milvus-standalone  Starting
 Container milvus-standalone  Started
>>> [Step 3] 等待服务启动 (90s)...
    等待中... (10s/120s)
    ✅ Milvus 服务已就绪
>>> [Step 4] 运行 Benchmark...
Running experiment: milvus-p10 - random-range-2048-angular-no-filters
established connection
/home/dzh/project/vdtuner/vector-db-benchmark-master/datasets/random-range-2048-angular/random_float_100k_no_filters already exists
Experiment stage: Configure
Experiment stage: Upload

0it [00:00, ?it/s]
1it [00:00,  1.86it/s]
64it [00:00, 82.42it/s]
448it [00:01, 663.56it/s]
849it [00:01, 1269.62it/s]
1112it [00:01, 1451.95it/s]
1352it [00:01, 1491.04it/s]
1564it [00:01, 1564.80it/s]
2048it [00:01, 2306.33it/s]
2368it [00:01, 2454.24it/s]
2944it [00:01, 3242.14it/s]
3328it [00:01, 3369.23it/s]
3840it [00:02, 3806.70it/s]
4864it [00:02, 5539.56it/s]
5952it [00:02, 6957.20it/s]
6974it [00:02, 7885.47it/s]
7936it [00:02, 8329.24it/s]
8960it [00:02, 8871.19it/s]
9984it [00:02, 9247.08it/s]
11008it [00:02, 9482.56it/s]
12035it [00:02, 9714.41it/s]
13012it [00:02, 9713.33it/s]
14016it [00:03, 9733.21it/s]
15003it [00:03, 9773.56it/s]
16000it [00:03, 9748.30it/s]
16977it [00:03, 7001.08it/s]
17856it [00:03, 7404.44it/s]
18816it [00:03, 7888.62it/s]
19840it [00:03, 8435.67it/s]
20781it [00:03, 8698.56it/s]
21814it [00:04, 9152.59it/s]
22784it [00:04, 9282.92it/s]
23767it [00:04, 9440.51it/s]
24729it [00:04, 9484.24it/s]
25728it [00:04, 9539.43it/s]
26750it [00:04, 9739.20it/s]
27731it [00:04, 9630.43it/s]
28700it [00:04, 9647.76it/s]
29669it [00:04, 9539.39it/s]
30626it [00:04, 9406.47it/s]
31569it [00:05, 9310.01it/s]
32502it [00:05, 7578.76it/s]
33353it [00:05, 7815.03it/s]
34240it [00:05, 8087.11it/s]
35136it [00:05, 8270.65it/s]
36032it [00:05, 8374.62it/s]
37056it [00:05, 8820.84it/s]
38016it [00:05, 8945.89it/s]
38921it [00:05, 8812.74it/s]
39867it [00:06, 8998.43it/s]
40832it [00:06, 9069.61it/s]
41792it [00:06, 9137.20it/s]
42752it [00:06, 9212.36it/s]
43712it [00:06, 9265.03it/s]
44673it [00:06, 9346.58it/s]
45632it [00:06, 9366.63it/s]
46570it [00:06, 5836.63it/s]
47424it [00:07, 6340.48it/s]
48256it [00:07, 6772.57it/s]
49042it [00:07, 6965.06it/s]
49920it [00:07, 7341.94it/s]
50816it [00:07, 7657.49it/s]
51712it [00:07, 7987.87it/s]
52608it [00:07, 8205.66it/s]
53503it [00:07, 8416.53it/s]
54364it [00:07, 8307.49it/s]
55266it [00:08, 8512.41it/s]
56128it [00:08, 8411.12it/s]
56977it [00:08, 7847.51it/s]
57774it [00:08, 7727.81it/s]
58579it [00:08, 7817.82it/s]
59367it [00:08, 7617.34it/s]
60134it [00:08, 7431.40it/s]
60881it [00:08, 6817.04it/s]
61696it [00:08, 7088.30it/s]
62528it [00:08, 7352.33it/s]
63424it [00:09, 7791.63it/s]
64320it [00:09, 8119.85it/s]
65235it [00:09, 8418.13it/s]
66176it [00:09, 8610.94it/s]
67132it [00:09, 8888.33it/s]
68025it [00:09, 8820.47it/s]
68910it [00:09, 8698.21it/s]
69782it [00:09, 8565.56it/s]
70676it [00:09, 8674.21it/s]
71616it [00:10, 8788.09it/s]
72496it [00:10, 8766.53it/s]
73374it [00:10, 8625.21it/s]
74240it [00:10, 8617.38it/s]
75103it [00:10, 5667.36it/s]
75904it [00:10, 6121.92it/s]
76736it [00:10, 6587.13it/s]
77632it [00:10, 7135.39it/s]
78521it [00:11, 7594.41it/s]
79424it [00:11, 7907.37it/s]
80380it [00:11, 8366.05it/s]
81250it [00:11, 8408.10it/s]
82114it [00:11, 8457.56it/s]
83008it [00:11, 8519.21it/s]
83872it [00:11, 8423.02it/s]
84723it [00:11, 8366.10it/s]
85566it [00:11, 8333.60it/s]
86404it [00:11, 8235.73it/s]
87231it [00:12, 8140.38it/s]
88128it [00:12, 8253.10it/s]
89024it [00:12, 8453.55it/s]
89871it [00:12, 6873.33it/s]
90624it [00:12, 6986.05it/s]
91520it [00:12, 7439.17it/s]
92416it [00:12, 7845.68it/s]
93312it [00:12, 8092.79it/s]
94272it [00:12, 8438.83it/s]
95168it [00:13, 8520.66it/s]
96128it [00:13, 8759.02it/s]
97012it [00:13, 8664.63it/s]
97884it [00:13, 8635.79it/s]
98752it [00:13, 8597.55it/s]
99648it [00:13, 8617.74it/s]
100000it [00:13, 7347.04it/s]
Upload time: 14.188519368879497
Total import time: 43.81668447703123
Experiment stage: Search

0it [00:00, ?it/s]
4it [00:00,  5.25it/s]
14it [00:00, 19.53it/s]
25it [00:00, 35.36it/s]
71it [00:01, 120.81it/s]
148it [00:01, 265.67it/s]
241it [00:01, 425.61it/s]
332it [00:01, 548.86it/s]
423it [00:01, 644.38it/s]
512it [00:01, 710.12it/s]
601it [00:01, 757.23it/s]
695it [00:01, 807.98it/s]
786it [00:01, 836.20it/s]
876it [00:01, 854.11it/s]
972it [00:02, 884.47it/s]
1069it [00:02, 907.31it/s]
1162it [00:02, 894.06it/s]
1253it [00:02, 858.87it/s]
1343it [00:02, 870.37it/s]
1431it [00:02, 867.96it/s]
1519it [00:02, 852.68it/s]
1607it [00:02, 859.61it/s]
1694it [00:02, 852.71it/s]
1780it [00:03, 807.82it/s]
1862it [00:03, 781.54it/s]
1943it [00:03, 788.20it/s]
2025it [00:03, 794.99it/s]
2123it [00:03, 846.58it/s]
2219it [00:03, 877.82it/s]
2315it [00:03, 900.78it/s]
2406it [00:03, 850.32it/s]
2492it [00:03, 813.59it/s]
2578it [00:04, 825.69it/s]
2667it [00:04, 843.86it/s]
2759it [00:04, 865.27it/s]
2852it [00:04, 883.51it/s]
2941it [00:04, 797.75it/s]
3036it [00:04, 839.31it/s]
3122it [00:04, 820.49it/s]
3215it [00:04, 850.58it/s]
3312it [00:04, 880.05it/s]
3403it [00:04, 886.81it/s]
3493it [00:05, 852.74it/s]
3585it [00:05, 871.63it/s]
3673it [00:05, 807.89it/s]
3759it [00:05, 821.42it/s]
3843it [00:05, 823.49it/s]
3930it [00:05, 836.63it/s]
4015it [00:05, 837.50it/s]
4102it [00:05, 845.98it/s]
4187it [00:05, 795.19it/s]
4272it [00:06, 808.19it/s]
4360it [00:06, 826.50it/s]
4444it [00:06, 829.41it/s]
4530it [00:06, 837.16it/s]
4614it [00:06, 822.40it/s]
4705it [00:06, 846.86it/s]
4790it [00:06, 823.31it/s]
4873it [00:06, 788.45it/s]
4960it [00:06, 811.48it/s]
5044it [00:06, 817.14it/s]
5130it [00:07, 827.64it/s]
5215it [00:07, 833.72it/s]
5299it [00:07, 834.81it/s]
5383it [00:07, 814.44it/s]
5477it [00:07, 849.88it/s]
5569it [00:07, 867.54it/s]
5656it [00:07, 852.94it/s]
5748it [00:07, 871.19it/s]
5837it [00:07, 875.03it/s]
5925it [00:07, 864.50it/s]
6014it [00:08, 871.40it/s]
6102it [00:08, 805.79it/s]
6186it [00:08, 814.57it/s]
6271it [00:08, 822.99it/s]
6354it [00:08, 821.64it/s]
6440it [00:08, 827.59it/s]
6525it [00:08, 832.09it/s]
6609it [00:08, 807.68it/s]
6691it [00:08, 807.85it/s]
6772it [00:09, 794.63it/s]
6859it [00:09, 815.56it/s]
6941it [00:09, 807.43it/s]
7031it [00:09, 833.25it/s]
7122it [00:09, 854.80it/s]
7208it [00:09, 830.02it/s]
7292it [00:09, 758.72it/s]
7378it [00:09, 785.95it/s]
7466it [00:09, 810.71it/s]
7552it [00:09, 822.10it/s]
7644it [00:10, 849.40it/s]
7737it [00:10, 870.89it/s]
7827it [00:10, 877.63it/s]
7916it [00:10, 778.15it/s]
8000it [00:10, 793.73it/s]
8082it [00:10, 792.23it/s]
8170it [00:10, 815.96it/s]
8261it [00:10, 841.86it/s]
8346it [00:10, 805.59it/s]
8430it [00:11, 814.68it/s]
8516it [00:11, 826.50it/s]
8603it [00:11, 837.68it/s]
8688it [00:11, 802.88it/s]
8769it [00:11, 733.34it/s]
8850it [00:11, 753.05it/s]
8928it [00:11, 759.24it/s]
9005it [00:11, 756.19it/s]
9100it [00:11, 811.04it/s]
9187it [00:12, 826.06it/s]
9273it [00:12, 834.37it/s]
9360it [00:12, 843.43it/s]
9445it [00:12, 813.00it/s]
9527it [00:12, 782.97it/s]
9606it [00:12, 709.82it/s]
9679it [00:12, 714.52it/s]
9752it [00:12, 705.18it/s]
9834it [00:12, 736.15it/s]
9909it [00:13, 722.36it/s]
9989it [00:13, 743.65it/s]
10000it [00:13, 762.22it/s]
Experiment stage: Done
Results saved to:  /home/dzh/project/vdtuner/vector-db-benchmark-master/results
>>> [Step 5] 收尾工作...
    监控日志已保存。
📊 测试结果摘要:
0.92871
756.7797303136888
0.005459114769473671
line1:  0.005459114769473671
line1:  756.7797303136888
line1:  0.92871
numeric_values:  [0.005459114769473671, 756.7797303136888, 0.92871]
[45] 3896 0.92871 0.005459114769473671 90
/bin/sh: 1: Syntax error: "(" unexpected
/data/dzh/venv/lib/python3.10/site-packages/botorch/acquisition/multi_objective/monte_carlo.py:110: NumericsWarning: qExpectedHypervolumeImprovement has known numerical issues that lead to suboptimal optimization performance. It is strongly recommended to simply replace

	 qExpectedHypervolumeImprovement 	 --> 	 qLogExpectedHypervolumeImprovement 

instead, which fixes the issues and has the same API. See https://arxiv.org/abs/2310.20708 for details.
  legacy_ei_numerics_warning(legacy_name=type(self).__name__)
--- DEBUG: Starting command:---
=======================================
🛠️  开始测试流程
Engine: milvus-p10 | Dataset: random-range-2048-angular-no-filters
=======================================
>>> [Step 1] 启动后台监控...
    监控进程 PID: 52132
>>> [Step 2] 重置 Milvus...
 Container milvus-standalone  Stopping
 Container milvus-standalone  Stopped
 Container milvus-standalone  Removing
 Container milvus-standalone  Removed
 Container milvus-etcd  Stopping
 Container milvus-minio  Stopping
 Container milvus-etcd  Stopped
 Container milvus-etcd  Removing
 Container milvus-etcd  Removed
 Container milvus-minio  Stopped
 Container milvus-minio  Removing
 Container milvus-minio  Removed
 Network milvus  Removing
 Network milvus  Removed
    🧹 清理宿主机数据目录: /home/dzh/project/vdtuner/vector-db-benchmark-master/engine/servers/milvus-single-node/volumes
 Network milvus  Creating
 Network milvus  Created
 Container milvus-minio  Creating
 Container milvus-etcd  Creating
 Container milvus-etcd  Created
 Container milvus-minio  Created
 Container milvus-standalone  Creating
 Container milvus-standalone  Created
 Container milvus-minio  Starting
 Container milvus-etcd  Starting
 Container milvus-etcd  Started
 Container milvus-minio  Started
 Container milvus-standalone  Starting
 Container milvus-standalone  Started
>>> [Step 3] 等待服务启动 (90s)...
    等待中... (10s/120s)
    ✅ Milvus 服务已就绪
>>> [Step 4] 运行 Benchmark...
Running experiment: milvus-p10 - random-range-2048-angular-no-filters
established connection
/home/dzh/project/vdtuner/vector-db-benchmark-master/datasets/random-range-2048-angular/random_float_100k_no_filters already exists
Experiment stage: Configure
Experiment stage: Upload

0it [00:00, ?it/s]
1it [00:00,  1.77it/s]
64it [00:00, 78.41it/s]
576it [00:01, 829.79it/s]
943it [00:01, 1328.41it/s]
1230it [00:01, 1633.29it/s]
1516it [00:01, 1790.63it/s]
1792it [00:01, 1897.07it/s]
2041it [00:01, 1925.17it/s]
2496it [00:01, 2494.94it/s]
2785it [00:01, 2496.67it/s]
3456it [00:01, 3509.50it/s]
4096it [00:02, 4261.28it/s]
4992it [00:02, 5482.98it/s]
5888it [00:02, 6406.83it/s]
6784it [00:02, 7086.42it/s]
7744it [00:02, 7745.98it/s]
8735it [00:02, 8371.12it/s]
9664it [00:02, 8558.83it/s]
10624it [00:02, 8828.03it/s]
11645it [00:02, 9233.65it/s]
12575it [00:03, 9077.24it/s]
13632it [00:03, 9477.17it/s]
14656it [00:03, 9621.47it/s]
15623it [00:03, 9633.78it/s]
16589it [00:03, 9447.84it/s]
17536it [00:03, 5851.34it/s]
18432it [00:03, 6430.37it/s]
19456it [00:03, 7239.78it/s]
20416it [00:04, 7713.55it/s]
21376it [00:04, 8123.65it/s]
22400it [00:04, 8606.52it/s]
23317it [00:04, 8648.33it/s]
24256it [00:04, 8746.78it/s]
25202it [00:04, 8947.02it/s]
26118it [00:04, 8681.77it/s]
27008it [00:04, 8740.17it/s]
27968it [00:04, 8944.59it/s]
28992it [00:04, 9176.35it/s]
29952it [00:05, 9243.22it/s]
30894it [00:05, 9294.17it/s]
31827it [00:05, 9298.32it/s]
32787it [00:05, 9387.29it/s]
33728it [00:05, 6267.04it/s]
34688it [00:05, 6967.18it/s]
35648it [00:05, 7569.49it/s]
36595it [00:05, 8051.17it/s]
37504it [00:06, 8320.13it/s]
38400it [00:06, 8462.08it/s]
39296it [00:06, 8562.44it/s]
40192it [00:06, 8592.00it/s]
41088it [00:06, 8690.70it/s]
42035it [00:06, 8917.02it/s]
42944it [00:06, 8856.84it/s]
43892it [00:06, 9038.93it/s]
44864it [00:06, 9126.97it/s]
45781it [00:06, 9042.26it/s]
46689it [00:07, 9011.60it/s]
47593it [00:07, 7535.45it/s]
48512it [00:07, 7873.01it/s]
49468it [00:07, 8325.56it/s]
50329it [00:07, 8379.12it/s]
51188it [00:07, 8363.34it/s]
52075it [00:07, 8507.12it/s]
52940it [00:07, 8548.19it/s]
53824it [00:07, 8623.53it/s]
54720it [00:08, 8675.34it/s]
55616it [00:08, 8718.56it/s]
56512it [00:08, 8741.56it/s]
57415it [00:08, 8826.34it/s]
58300it [00:08, 8788.71it/s]
59180it [00:08, 8734.36it/s]
60055it [00:08, 8706.61it/s]
60992it [00:08, 8840.81it/s]
61952it [00:08, 8998.45it/s]
62852it [00:09, 6475.46it/s]
63726it [00:09, 7002.75it/s]
64576it [00:09, 7359.88it/s]
65447it [00:09, 7714.21it/s]
66322it [00:09, 7996.59it/s]
67200it [00:09, 8146.16it/s]
68096it [00:09, 8345.61it/s]
68992it [00:09, 8388.66it/s]
69846it [00:09, 8373.04it/s]
70694it [00:10, 8267.02it/s]
71528it [00:10, 8192.37it/s]
72353it [00:10, 8167.00it/s]
73174it [00:10, 7979.37it/s]
74048it [00:10, 8080.53it/s]
74944it [00:10, 8254.55it/s]
75904it [00:10, 8528.31it/s]
76758it [00:10, 5214.76it/s]
77632it [00:11, 5910.99it/s]
78592it [00:11, 6687.56it/s]
79488it [00:11, 7224.19it/s]
80384it [00:11, 7645.92it/s]
81314it [00:11, 8087.19it/s]
82182it [00:11, 8162.50it/s]
83072it [00:11, 8284.56it/s]
83982it [00:11, 8515.66it/s]
84928it [00:11, 8656.45it/s]
85824it [00:12, 8694.10it/s]
86720it [00:12, 8711.13it/s]
87680it [00:12, 8835.26it/s]
88576it [00:12, 8856.52it/s]
89472it [00:12, 8850.66it/s]
90360it [00:12, 5945.40it/s]
91082it [00:12, 6065.54it/s]
91998it [00:12, 6791.35it/s]
92928it [00:12, 7349.52it/s]
93760it [00:13, 7564.35it/s]
94611it [00:13, 7820.77it/s]
95488it [00:13, 8081.43it/s]
96448it [00:13, 8447.75it/s]
97378it [00:13, 8692.86it/s]
98264it [00:13, 7993.70it/s]
99085it [00:13, 7949.55it/s]
100000it [00:13, 7227.74it/s]
Upload time: 14.242093264590949
Total import time: 45.459960826672614
Experiment stage: Search

0it [00:00, ?it/s]
4it [00:00,  5.22it/s]
12it [00:00, 16.67it/s]
26it [00:00, 38.69it/s]
65it [00:01, 109.55it/s]
106it [00:01, 176.84it/s]
182it [00:01, 318.08it/s]
252it [00:01, 415.30it/s]
352it [00:01, 570.27it/s]
440it [00:01, 653.03it/s]
528it [00:01, 715.49it/s]
609it [00:01, 742.54it/s]
696it [00:01, 777.41it/s]
788it [00:01, 818.51it/s]
873it [00:02, 800.31it/s]
955it [00:02, 781.27it/s]
1041it [00:02, 802.05it/s]
1127it [00:02, 815.36it/s]
1216it [00:02, 835.75it/s]
1301it [00:02, 834.92it/s]
1385it [00:02, 759.32it/s]
1466it [00:02, 772.86it/s]
1545it [00:02, 760.54it/s]
1622it [00:03, 749.58it/s]
1698it [00:03, 740.49it/s]
1773it [00:03, 675.10it/s]
1842it [00:03, 670.02it/s]
1915it [00:03, 684.17it/s]
1985it [00:03, 678.27it/s]
2069it [00:03, 723.86it/s]
2142it [00:03, 707.71it/s]
2221it [00:03, 723.51it/s]
2312it [00:04, 776.51it/s]
2393it [00:04, 783.91it/s]
2472it [00:04, 723.74it/s]
2546it [00:04, 725.69it/s]
2620it [00:04, 714.53it/s]
2694it [00:04, 720.92it/s]
2767it [00:04, 712.40it/s]
2839it [00:04, 689.42it/s]
2917it [00:04, 714.68it/s]
2989it [00:05, 645.67it/s]
3059it [00:05, 658.08it/s]
3126it [00:05, 652.50it/s]
3198it [00:05, 670.44it/s]
3266it [00:05, 659.66it/s]
3350it [00:05, 710.21it/s]
3428it [00:05, 729.83it/s]
3508it [00:05, 749.84it/s]
3584it [00:05, 750.57it/s]
3663it [00:05, 761.57it/s]
3740it [00:06, 747.67it/s]
3826it [00:06, 775.71it/s]
3908it [00:06, 786.57it/s]
3989it [00:06, 793.00it/s]
4076it [00:06, 815.79it/s]
4160it [00:06, 817.69it/s]
4250it [00:06, 841.94it/s]
4335it [00:06, 835.59it/s]
4419it [00:06, 828.24it/s]
4503it [00:06, 831.11it/s]
4587it [00:07, 821.74it/s]
4670it [00:07, 773.51it/s]
4748it [00:07, 766.48it/s]
4835it [00:07, 795.37it/s]
4915it [00:07, 741.23it/s]
4991it [00:07, 730.39it/s]
5068it [00:07, 741.26it/s]
5147it [00:07, 746.58it/s]
5228it [00:07, 763.71it/s]
5305it [00:08, 657.87it/s]
5395it [00:08, 720.90it/s]
5485it [00:08, 768.97it/s]
5571it [00:08, 790.08it/s]
5652it [00:08, 775.08it/s]
5731it [00:08, 752.39it/s]
5810it [00:08, 760.62it/s]
5897it [00:08, 788.53it/s]
5977it [00:08, 783.94it/s]
6056it [00:09, 778.51it/s]
6135it [00:09, 749.19it/s]
6218it [00:09, 771.27it/s]
6296it [00:09, 738.71it/s]
6377it [00:09, 752.76it/s]
6453it [00:09, 697.62it/s]
6537it [00:09, 731.14it/s]
6632it [00:09, 792.19it/s]
6713it [00:09, 795.13it/s]
6794it [00:09, 786.97it/s]
6874it [00:10, 778.53it/s]
6953it [00:10, 746.47it/s]
7032it [00:10, 757.39it/s]
7123it [00:10, 800.41it/s]
7204it [00:10, 788.88it/s]
7284it [00:10, 775.99it/s]
7371it [00:10, 801.46it/s]
7452it [00:10, 774.77it/s]
7530it [00:10, 711.74it/s]
7603it [00:11, 711.85it/s]
7675it [00:11, 696.08it/s]
7746it [00:11, 667.97it/s]
7823it [00:11, 695.02it/s]
7902it [00:11, 719.85it/s]
7986it [00:11, 744.85it/s]
8061it [00:11, 742.00it/s]
8139it [00:11, 752.65it/s]
8226it [00:11, 785.74it/s]
8305it [00:12, 786.52it/s]
8388it [00:12, 790.66it/s]
8468it [00:12, 763.60it/s]
8545it [00:12, 742.05it/s]
8633it [00:12, 779.15it/s]
8712it [00:12, 774.51it/s]
8793it [00:12, 781.94it/s]
8872it [00:12, 744.15it/s]
8967it [00:12, 801.84it/s]
9048it [00:12, 760.90it/s]
9125it [00:13, 740.58it/s]
9200it [00:13, 728.94it/s]
9289it [00:13, 768.12it/s]
9367it [00:13, 766.25it/s]
9457it [00:13, 801.60it/s]
9546it [00:13, 826.90it/s]
9629it [00:13, 826.11it/s]
9712it [00:13, 803.85it/s]
9797it [00:13, 817.18it/s]
9879it [00:14, 763.84it/s]
9957it [00:14, 728.91it/s]
10000it [00:14, 703.01it/s]
Experiment stage: Done
Results saved to:  /home/dzh/project/vdtuner/vector-db-benchmark-master/results
>>> [Step 5] 收尾工作...
    监控日志已保存。
📊 测试结果摘要:
0.99925
698.414162191108
0.006389505858533078
line1:  0.006389505858533078
line1:  698.414162191108
line1:  0.99925
numeric_values:  [0.006389505858533078, 698.414162191108, 0.99925]
[46] 3989 0.99925 0.006389505858533078 93
/bin/sh: 1: Syntax error: "(" unexpected
/data/dzh/venv/lib/python3.10/site-packages/botorch/acquisition/multi_objective/monte_carlo.py:110: NumericsWarning: qExpectedHypervolumeImprovement has known numerical issues that lead to suboptimal optimization performance. It is strongly recommended to simply replace

	 qExpectedHypervolumeImprovement 	 --> 	 qLogExpectedHypervolumeImprovement 

instead, which fixes the issues and has the same API. See https://arxiv.org/abs/2310.20708 for details.
  legacy_ei_numerics_warning(legacy_name=type(self).__name__)
--- DEBUG: Starting command:---
=======================================
🛠️  开始测试流程
Engine: milvus-p10 | Dataset: random-range-2048-angular-no-filters
=======================================
>>> [Step 1] 启动后台监控...
    监控进程 PID: 72840
>>> [Step 2] 重置 Milvus...
 Container milvus-standalone  Stopping
 Container milvus-standalone  Stopped
 Container milvus-standalone  Removing
 Container milvus-standalone  Removed
 Container milvus-minio  Stopping
 Container milvus-etcd  Stopping
 Container milvus-etcd  Stopped
 Container milvus-etcd  Removing
 Container milvus-etcd  Removed
 Container milvus-minio  Stopped
 Container milvus-minio  Removing
 Container milvus-minio  Removed
 Network milvus  Removing
 Network milvus  Removed
    🧹 清理宿主机数据目录: /home/dzh/project/vdtuner/vector-db-benchmark-master/engine/servers/milvus-single-node/volumes
 Network milvus  Creating
 Network milvus  Created
 Container milvus-minio  Creating
 Container milvus-etcd  Creating
 Container milvus-minio  Created
 Container milvus-etcd  Created
 Container milvus-standalone  Creating
 Container milvus-standalone  Created
 Container milvus-minio  Starting
 Container milvus-etcd  Starting
 Container milvus-etcd  Started
 Container milvus-minio  Started
 Container milvus-standalone  Starting
 Container milvus-standalone  Started
>>> [Step 3] 等待服务启动 (90s)...
    等待中... (10s/120s)
    ✅ Milvus 服务已就绪
>>> [Step 4] 运行 Benchmark...
Running experiment: milvus-p10 - random-range-2048-angular-no-filters
established connection
/home/dzh/project/vdtuner/vector-db-benchmark-master/datasets/random-range-2048-angular/random_float_100k_no_filters already exists
Experiment stage: Configure
Experiment stage: Upload

0it [00:00, ?it/s]
1it [00:00,  1.63it/s]
64it [00:01, 77.83it/s]
640it [00:01, 878.11it/s]
1004it [00:01, 1335.78it/s]
1266it [00:01, 1525.98it/s]
1536it [00:01, 1769.57it/s]
1984it [00:01, 2230.81it/s]
2266it [00:01, 2074.35it/s]
2635it [00:01, 2440.85it/s]
3336it [00:01, 3559.36it/s]
3900it [00:02, 4098.37it/s]
4864it [00:02, 5508.68it/s]
5888it [00:02, 6746.86it/s]
6976it [00:02, 7811.62it/s]
8000it [00:02, 8441.47it/s]
9011it [00:02, 8919.92it/s]
9924it [00:02, 8936.04it/s]
10944it [00:02, 9217.84it/s]
11958it [00:02, 9487.08it/s]
12928it [00:02, 9501.91it/s]
13888it [00:03, 9509.97it/s]
14848it [00:03, 9480.80it/s]
15808it [00:03, 9404.43it/s]
16768it [00:03, 9423.05it/s]
17712it [00:03, 7582.62it/s]
18624it [00:03, 7879.71it/s]
19584it [00:03, 8316.85it/s]
20544it [00:03, 8608.84it/s]
21504it [00:03, 8885.02it/s]
22415it [00:04, 8934.58it/s]
23424it [00:04, 9208.60it/s]
24357it [00:04, 8941.50it/s]
25280it [00:04, 8992.93it/s]
26240it [00:04, 9092.52it/s]
27196it [00:04, 9228.16it/s]
28123it [00:04, 9079.59it/s]
29056it [00:04, 9146.59it/s]
30016it [00:04, 9247.24it/s]
30976it [00:05, 9263.86it/s]
32000it [00:05, 9409.38it/s]
32942it [00:05, 6859.45it/s]
33728it [00:05, 7088.51it/s]
34688it [00:05, 7643.54it/s]
35648it [00:05, 8150.96it/s]
36544it [00:05, 8298.94it/s]
37465it [00:05, 8551.58it/s]
38348it [00:05, 8571.59it/s]
39296it [00:06, 8779.89it/s]
40256it [00:06, 8890.92it/s]
41216it [00:06, 8956.23it/s]
42176it [00:06, 9006.83it/s]
43119it [00:06, 9129.02it/s]
44036it [00:06, 8978.71it/s]
44937it [00:06, 8600.75it/s]
45947it [00:06, 9027.21it/s]
46912it [00:06, 9172.44it/s]
47834it [00:07, 5252.91it/s]
48768it [00:07, 6007.75it/s]
49765it [00:07, 6858.07it/s]
50746it [00:07, 7550.64it/s]
51632it [00:07, 7746.20it/s]
52544it [00:07, 8063.80it/s]
53504it [00:07, 8366.70it/s]
54464it [00:07, 8641.93it/s]
55424it [00:08, 8845.17it/s]
56336it [00:08, 8675.63it/s]
57223it [00:08, 8704.96it/s]
58112it [00:08, 8631.24it/s]
58985it [00:08, 8593.55it/s]
59851it [00:08, 8169.95it/s]
60677it [00:08, 8167.73it/s]
61500it [00:08, 8089.61it/s]
62400it [00:08, 8277.68it/s]
63231it [00:09, 7821.21it/s]
64064it [00:09, 7945.30it/s]
64896it [00:09, 7980.74it/s]
65711it [00:09, 8028.98it/s]
66560it [00:09, 8156.84it/s]
67584it [00:09, 8659.34it/s]
68544it [00:09, 8849.10it/s]
69440it [00:09, 8816.69it/s]
70377it [00:09, 8978.66it/s]
71296it [00:09, 8961.57it/s]
72193it [00:10, 8858.93it/s]
73088it [00:10, 8826.80it/s]
73984it [00:10, 8737.32it/s]
74880it [00:10, 8747.25it/s]
75840it [00:10, 8866.00it/s]
76733it [00:10, 8884.40it/s]
77632it [00:10, 8849.56it/s]
78517it [00:10, 6980.68it/s]
79382it [00:10, 7396.39it/s]
80320it [00:11, 7830.97it/s]
81216it [00:11, 8104.06it/s]
82112it [00:11, 8297.68it/s]
83008it [00:11, 8432.09it/s]
83904it [00:11, 8566.26it/s]
84773it [00:11, 8492.83it/s]
85672it [00:11, 8636.75it/s]
86543it [00:11, 8595.31it/s]
87488it [00:11, 8792.53it/s]
88384it [00:11, 8707.34it/s]
89344it [00:12, 8899.19it/s]
90240it [00:12, 8872.92it/s]
91129it [00:12, 8858.56it/s]
92016it [00:12, 5921.52it/s]
92736it [00:12, 6076.35it/s]
93658it [00:12, 6816.24it/s]
94528it [00:12, 7215.11it/s]
95424it [00:12, 7646.71it/s]
96320it [00:13, 7880.84it/s]
97216it [00:13, 8084.59it/s]
98053it [00:13, 7872.32it/s]
98861it [00:13, 7883.07it/s]
99712it [00:13, 8055.65it/s]
100000it [00:13, 7388.13it/s]
Upload time: 14.110742640681565
Total import time: 44.946341692935675
Experiment stage: Search

0it [00:00, ?it/s]
4it [00:00,  5.27it/s]
14it [00:00, 19.85it/s]
25it [00:00, 35.83it/s]
63it [00:01, 105.84it/s]
119it [00:01, 208.09it/s]
211it [00:01, 380.66it/s]
303it [00:01, 519.32it/s]
392it [00:01, 617.81it/s]
490it [00:01, 717.53it/s]
588it [00:01, 790.87it/s]
674it [00:01, 802.06it/s]
763it [00:01, 820.10it/s]
849it [00:01, 807.60it/s]
947it [00:02, 842.52it/s]
1033it [00:02, 840.94it/s]
1119it [00:02, 835.15it/s]
1204it [00:02, 838.96it/s]
1289it [00:02, 827.19it/s]
1374it [00:02, 831.70it/s]
1459it [00:02, 835.08it/s]
1543it [00:02, 830.96it/s]
1627it [00:02, 802.86it/s]
1708it [00:03, 793.76it/s]
1799it [00:03, 826.64it/s]
1893it [00:03, 858.24it/s]
1980it [00:03, 858.20it/s]
2074it [00:03, 881.48it/s]
2163it [00:03, 866.79it/s]
2250it [00:03, 857.44it/s]
2336it [00:03, 816.64it/s]
2425it [00:03, 836.13it/s]
2510it [00:03, 803.69it/s]
2594it [00:04, 813.46it/s]
2676it [00:04, 765.95it/s]
2754it [00:04, 767.84it/s]
2846it [00:04, 808.63it/s]
2936it [00:04, 833.38it/s]
3020it [00:04, 809.64it/s]
3118it [00:04, 858.46it/s]
3212it [00:04, 879.98it/s]
3301it [00:04, 836.49it/s]
3386it [00:05, 789.71it/s]
3466it [00:05, 775.69it/s]
3563it [00:05, 827.85it/s]
3647it [00:05, 806.76it/s]
3729it [00:05, 785.60it/s]
3808it [00:05, 755.38it/s]
3886it [00:05, 759.20it/s]
3978it [00:05, 803.02it/s]
4072it [00:05, 841.39it/s]
4160it [00:06, 849.65it/s]
4246it [00:06, 772.28it/s]
4325it [00:06, 686.09it/s]
4398it [00:06, 694.47it/s]
4483it [00:06, 730.11it/s]
4572it [00:06, 773.45it/s]
4655it [00:06, 789.01it/s]
4757it [00:06, 854.12it/s]
4852it [00:06, 881.29it/s]
4941it [00:07, 838.93it/s]
5026it [00:07, 799.12it/s]
5107it [00:07, 787.36it/s]
5196it [00:07, 815.75it/s]
5287it [00:07, 842.48it/s]
5372it [00:07, 837.05it/s]
5458it [00:07, 843.59it/s]
5546it [00:07, 850.98it/s]
5632it [00:07, 843.92it/s]
5717it [00:07, 839.39it/s]
5805it [00:08, 848.35it/s]
5890it [00:08, 809.25it/s]
5980it [00:08, 833.79it/s]
6064it [00:08, 834.11it/s]
6158it [00:08, 864.93it/s]
6256it [00:08, 896.38it/s]
6352it [00:08, 914.73it/s]
6444it [00:08, 891.37it/s]
6539it [00:08, 907.34it/s]
6630it [00:09, 867.90it/s]
6718it [00:09, 865.79it/s]
6805it [00:09, 820.82it/s]
6888it [00:09, 822.94it/s]
6971it [00:09, 773.01it/s]
7050it [00:09, 679.93it/s]
7121it [00:09, 678.59it/s]
7194it [00:09, 691.34it/s]
7276it [00:09, 725.92it/s]
7351it [00:10, 732.59it/s]
7434it [00:10, 760.18it/s]
7511it [00:10, 724.32it/s]
7585it [00:10, 695.09it/s]
7664it [00:10, 720.28it/s]
7742it [00:10, 737.18it/s]
7817it [00:10, 696.31it/s]
7891it [00:10, 706.02it/s]
7963it [00:10, 707.39it/s]
8035it [00:10, 662.63it/s]
8103it [00:11, 630.47it/s]
8176it [00:11, 655.85it/s]
8243it [00:11, 619.48it/s]
8306it [00:11, 611.33it/s]
8368it [00:11, 605.11it/s]
8436it [00:11, 618.42it/s]
8500it [00:11, 624.11it/s]
8581it [00:11, 676.86it/s]
8654it [00:11, 692.26it/s]
8730it [00:12, 711.89it/s]
8808it [00:12, 731.91it/s]
8884it [00:12, 736.72it/s]
8958it [00:12, 720.35it/s]
9032it [00:12, 724.97it/s]
9105it [00:12, 718.22it/s]
9180it [00:12, 715.53it/s]
9263it [00:12, 748.86it/s]
9339it [00:12, 739.93it/s]
9416it [00:12, 748.17it/s]
9491it [00:13, 724.88it/s]
9564it [00:13, 682.31it/s]
9636it [00:13, 692.15it/s]
9714it [00:13, 715.46it/s]
9795it [00:13, 739.79it/s]
9870it [00:13, 727.78it/s]
9951it [00:13, 750.83it/s]
10000it [00:13, 724.04it/s]
Experiment stage: Done
Results saved to:  /home/dzh/project/vdtuner/vector-db-benchmark-master/results
>>> [Step 5] 收尾工作...
    监控日志已保存。
📊 测试结果摘要:
0.9272400000000002
717.5511373811373
0.005525995604693888
line1:  0.005525995604693888
line1:  717.5511373811373
line1:  0.9272400000000002
numeric_values:  [0.005525995604693888, 717.5511373811373, 0.9272400000000002]
[47] 4081 0.9272400000000002 0.005525995604693888 92
/bin/sh: 1: Syntax error: "(" unexpected
/data/dzh/venv/lib/python3.10/site-packages/botorch/acquisition/multi_objective/monte_carlo.py:110: NumericsWarning: qExpectedHypervolumeImprovement has known numerical issues that lead to suboptimal optimization performance. It is strongly recommended to simply replace

	 qExpectedHypervolumeImprovement 	 --> 	 qLogExpectedHypervolumeImprovement 

instead, which fixes the issues and has the same API. See https://arxiv.org/abs/2310.20708 for details.
  legacy_ei_numerics_warning(legacy_name=type(self).__name__)
--- DEBUG: Starting command:---
=======================================
🛠️  开始测试流程
Engine: milvus-p10 | Dataset: random-range-2048-angular-no-filters
=======================================
>>> [Step 1] 启动后台监控...
    监控进程 PID: 95335
>>> [Step 2] 重置 Milvus...
 Container milvus-standalone  Stopping
 Container milvus-standalone  Stopped
 Container milvus-standalone  Removing
 Container milvus-standalone  Removed
 Container milvus-etcd  Stopping
 Container milvus-minio  Stopping
 Container milvus-etcd  Stopped
 Container milvus-etcd  Removing
 Container milvus-etcd  Removed
 Container milvus-minio  Stopped
 Container milvus-minio  Removing
 Container milvus-minio  Removed
 Network milvus  Removing
 Network milvus  Removed
    🧹 清理宿主机数据目录: /home/dzh/project/vdtuner/vector-db-benchmark-master/engine/servers/milvus-single-node/volumes
 Network milvus  Creating
 Network milvus  Created
 Container milvus-etcd  Creating
 Container milvus-minio  Creating
 Container milvus-etcd  Created
 Container milvus-minio  Created
 Container milvus-standalone  Creating
 Container milvus-standalone  Created
 Container milvus-etcd  Starting
 Container milvus-minio  Starting
 Container milvus-etcd  Started
 Container milvus-minio  Started
 Container milvus-standalone  Starting
 Container milvus-standalone  Started
>>> [Step 3] 等待服务启动 (90s)...
    等待中... (10s/120s)
    ✅ Milvus 服务已就绪
>>> [Step 4] 运行 Benchmark...
Running experiment: milvus-p10 - random-range-2048-angular-no-filters
established connection
/home/dzh/project/vdtuner/vector-db-benchmark-master/datasets/random-range-2048-angular/random_float_100k_no_filters already exists
Experiment stage: Configure
Experiment stage: Upload

0it [00:00, ?it/s]
1it [00:00,  1.17it/s]
64it [00:01, 83.32it/s]
704it [00:01, 1049.80it/s]
1024it [00:01, 1359.23it/s]
1279it [00:01, 1573.24it/s]
1529it [00:01, 1562.25it/s]
1856it [00:01, 1907.32it/s]
2240it [00:01, 2288.22it/s]
2565it [00:01, 2522.46it/s]
3136it [00:01, 3330.55it/s]
3691it [00:02, 3926.42it/s]
4672it [00:02, 5478.66it/s]
5717it [00:02, 6874.37it/s]
6720it [00:02, 7766.66it/s]
7680it [00:02, 8246.96it/s]
8704it [00:02, 8780.41it/s]
9728it [00:02, 9174.59it/s]
10688it [00:02, 9197.61it/s]
11712it [00:02, 9493.96it/s]
12736it [00:02, 9561.40it/s]
13697it [00:03, 9397.98it/s]
14656it [00:03, 9382.65it/s]
15597it [00:03, 8943.33it/s]
16497it [00:03, 6594.04it/s]
17247it [00:03, 6471.06it/s]
18048it [00:03, 6781.36it/s]
19008it [00:03, 7457.18it/s]
19968it [00:03, 7949.26it/s]
20965it [00:04, 8498.75it/s]
21888it [00:04, 8680.79it/s]
22848it [00:04, 8923.18it/s]
23808it [00:04, 9107.83it/s]
24768it [00:04, 9215.74it/s]
25728it [00:04, 9306.08it/s]
26750it [00:04, 9574.83it/s]
27713it [00:04, 9357.40it/s]
28672it [00:04, 9379.99it/s]
29632it [00:04, 9368.60it/s]
30592it [00:05, 8290.52it/s]
31446it [00:05, 8321.12it/s]
32342it [00:05, 8497.93it/s]
33344it [00:05, 8805.29it/s]
34285it [00:05, 8977.56it/s]
35200it [00:05, 8931.58it/s]
36160it [00:05, 9054.59it/s]
37120it [00:05, 9087.38it/s]
38032it [00:05, 9092.50it/s]
38944it [00:06, 8947.93it/s]
39915it [00:06, 9170.24it/s]
40834it [00:06, 8878.49it/s]
41792it [00:06, 9006.45it/s]
42752it [00:06, 9062.51it/s]
43660it [00:06, 8850.03it/s]
44643it [00:06, 9132.50it/s]
45559it [00:06, 6800.98it/s]
46400it [00:06, 7168.63it/s]
47296it [00:07, 7536.07it/s]
48192it [00:07, 7812.23it/s]
49024it [00:07, 7908.46it/s]
49920it [00:07, 8117.83it/s]
50880it [00:07, 8441.75it/s]
51840it [00:07, 8672.73it/s]
52736it [00:07, 8652.68it/s]
53632it [00:07, 8630.12it/s]
54528it [00:07, 8679.31it/s]
55424it [00:08, 8738.03it/s]
56320it [00:08, 8717.93it/s]
57216it [00:08, 8669.71it/s]
58112it [00:08, 8698.85it/s]
58984it [00:08, 8694.79it/s]
59855it [00:08, 7257.73it/s]
60621it [00:08, 7231.17it/s]
61504it [00:08, 7654.20it/s]
62400it [00:08, 7982.89it/s]
63358it [00:09, 8432.85it/s]
64218it [00:09, 8479.92it/s]
65088it [00:09, 8533.16it/s]
65984it [00:09, 8619.00it/s]
66852it [00:09, 8459.17it/s]
67715it [00:09, 8508.11it/s]
68570it [00:09, 8428.57it/s]
69416it [00:09, 8378.43it/s]
70256it [00:09, 7997.36it/s]
71061it [00:09, 7892.86it/s]
71886it [00:10, 7994.93it/s]
72823it [00:10, 8394.39it/s]
73666it [00:10, 8370.86it/s]
74624it [00:10, 8605.73it/s]
75486it [00:10, 7831.25it/s]
76283it [00:10, 7610.93it/s]
77184it [00:10, 7948.17it/s]
78080it [00:10, 8184.58it/s]
79024it [00:10, 8542.64it/s]
79936it [00:11, 8595.66it/s]
80832it [00:11, 8642.62it/s]
81792it [00:11, 8798.55it/s]
82675it [00:11, 8763.72it/s]
83553it [00:11, 8729.20it/s]
84427it [00:11, 8631.37it/s]
85312it [00:11, 8658.93it/s]
86208it [00:11, 8710.47it/s]
87104it [00:11, 8679.90it/s]
88047it [00:11, 8899.96it/s]
88938it [00:12, 8806.85it/s]
89820it [00:12, 8803.90it/s]
90752it [00:12, 8815.76it/s]
91634it [00:12, 7958.80it/s]
92480it [00:12, 8061.63it/s]
93440it [00:12, 8403.67it/s]
94336it [00:12, 8507.25it/s]
95232it [00:12, 8628.32it/s]
96155it [00:12, 8803.18it/s]
97040it [00:12, 8728.59it/s]
97941it [00:13, 8810.38it/s]
98825it [00:13, 8629.05it/s]
99712it [00:13, 8635.34it/s]
100000it [00:13, 7498.00it/s]
Upload time: 13.912458041217178
Total import time: 43.95646851602942
Experiment stage: Search

0it [00:00, ?it/s]
4it [00:00,  5.18it/s]
14it [00:00, 17.58it/s]
76it [00:01, 116.37it/s]
133it [00:01, 202.04it/s]
209it [00:01, 320.06it/s]
282it [00:01, 415.43it/s]
357it [00:01, 497.97it/s]
434it [00:01, 569.27it/s]
513it [00:01, 627.59it/s]
590it [00:01, 666.44it/s]
677it [00:01, 724.13it/s]
756it [00:01, 741.27it/s]
841it [00:02, 771.98it/s]
930it [00:02, 804.27it/s]
1019it [00:02, 828.20it/s]
1104it [00:02, 796.43it/s]
1189it [00:02, 810.92it/s]
1284it [00:02, 849.43it/s]
1379it [00:02, 878.27it/s]
1468it [00:02, 859.72it/s]
1555it [00:02, 849.95it/s]
1641it [00:03, 802.43it/s]
1722it [00:03, 798.07it/s]
1803it [00:03, 790.46it/s]
1892it [00:03, 818.02it/s]
1981it [00:03, 838.37it/s]
2070it [00:03, 852.98it/s]
2156it [00:03, 840.97it/s]
2241it [00:03, 836.86it/s]
2337it [00:03, 871.32it/s]
2428it [00:03, 880.74it/s]
2517it [00:04, 875.06it/s]
2605it [00:04, 869.20it/s]
2693it [00:04, 872.13it/s]
2781it [00:04, 844.99it/s]
2866it [00:04, 839.20it/s]
2951it [00:04, 785.22it/s]
3031it [00:04, 778.11it/s]
3120it [00:04, 808.59it/s]
3211it [00:04, 835.44it/s]
3306it [00:05, 843.58it/s]
3398it [00:05, 864.71it/s]
3487it [00:05, 871.43it/s]
3577it [00:05, 879.17it/s]
3666it [00:05, 872.64it/s]
3766it [00:05, 907.68it/s]
3857it [00:05, 896.12it/s]
3948it [00:05, 898.74it/s]
4038it [00:05, 886.58it/s]
4129it [00:05, 892.65it/s]
4223it [00:06, 906.14it/s]
4314it [00:06, 904.08it/s]
4405it [00:06, 899.62it/s]
4495it [00:06, 896.19it/s]
4588it [00:06, 903.70it/s]
4679it [00:06, 905.48it/s]
4771it [00:06, 901.24it/s]
4862it [00:06, 868.73it/s]
4956it [00:06, 886.59it/s]
5051it [00:06, 904.29it/s]
5142it [00:07, 886.45it/s]
5231it [00:07, 854.18it/s]
5317it [00:07, 854.39it/s]
5410it [00:07, 875.64it/s]
5502it [00:07, 886.42it/s]
5597it [00:07, 903.93it/s]
5688it [00:07, 883.91it/s]
5777it [00:07, 882.17it/s]
5866it [00:07, 867.95it/s]
5962it [00:07, 892.99it/s]
6052it [00:08, 889.42it/s]
6146it [00:08, 900.15it/s]
6237it [00:08, 880.07it/s]
6326it [00:08, 846.49it/s]
6421it [00:08, 874.63it/s]
6512it [00:08, 884.17it/s]
6605it [00:08, 896.22it/s]
6703it [00:08, 919.79it/s]
6798it [00:08, 927.52it/s]
6891it [00:09, 916.21it/s]
6983it [00:09, 902.10it/s]
7075it [00:09, 906.81it/s]
7166it [00:09, 889.66it/s]
7256it [00:09, 879.67it/s]
7348it [00:09, 889.03it/s]
7437it [00:09, 887.19it/s]
7526it [00:09, 884.48it/s]
7615it [00:09, 857.22it/s]
7701it [00:09, 857.14it/s]
7790it [00:10, 866.20it/s]
7881it [00:10, 848.43it/s]
7980it [00:10, 888.78it/s]
8070it [00:10, 883.01it/s]
8159it [00:10, 884.20it/s]
8251it [00:10, 892.86it/s]
8341it [00:10, 882.72it/s]
8430it [00:10, 853.64it/s]
8521it [00:10, 869.42it/s]
8617it [00:10, 892.92it/s]
8713it [00:11, 910.30it/s]
8809it [00:11, 924.71it/s]
8913it [00:11, 956.86it/s]
9011it [00:11, 961.84it/s]
9111it [00:11, 972.41it/s]
9209it [00:11, 960.28it/s]
9306it [00:11, 883.88it/s]
9396it [00:11, 880.30it/s]
9495it [00:11, 907.75it/s]
9587it [00:12, 906.95it/s]
9679it [00:12, 894.03it/s]
9775it [00:12, 910.29it/s]
9867it [00:12, 902.54it/s]
9962it [00:12, 916.00it/s]
10000it [00:12, 801.22it/s]
Experiment stage: Done
Results saved to:  /home/dzh/project/vdtuner/vector-db-benchmark-master/results
>>> [Step 5] 收尾工作...
    监控日志已保存。
📊 测试结果摘要:
0.99976
792.9134847450539
0.00578272915445268
line1:  0.00578272915445268
line1:  792.9134847450539
line1:  0.99976
numeric_values:  [0.00578272915445268, 792.9134847450539, 0.99976]
[48] 4171 0.99976 0.00578272915445268 89
/bin/sh: 1: Syntax error: "(" unexpected
/data/dzh/venv/lib/python3.10/site-packages/botorch/acquisition/multi_objective/monte_carlo.py:110: NumericsWarning: qExpectedHypervolumeImprovement has known numerical issues that lead to suboptimal optimization performance. It is strongly recommended to simply replace

	 qExpectedHypervolumeImprovement 	 --> 	 qLogExpectedHypervolumeImprovement 

instead, which fixes the issues and has the same API. See https://arxiv.org/abs/2310.20708 for details.
  legacy_ei_numerics_warning(legacy_name=type(self).__name__)
--- DEBUG: Starting command:---
=======================================
🛠️  开始测试流程
Engine: milvus-p10 | Dataset: random-range-2048-angular-no-filters
=======================================
>>> [Step 1] 启动后台监控...
    监控进程 PID: 116373
>>> [Step 2] 重置 Milvus...
 Container milvus-standalone  Stopping
 Container milvus-standalone  Stopped
 Container milvus-standalone  Removing
 Container milvus-standalone  Removed
 Container milvus-minio  Stopping
 Container milvus-etcd  Stopping
 Container milvus-etcd  Stopped
 Container milvus-etcd  Removing
 Container milvus-etcd  Removed
 Container milvus-minio  Stopped
 Container milvus-minio  Removing
 Container milvus-minio  Removed
 Network milvus  Removing
 Network milvus  Removed
    🧹 清理宿主机数据目录: /home/dzh/project/vdtuner/vector-db-benchmark-master/engine/servers/milvus-single-node/volumes
 Network milvus  Creating
 Network milvus  Created
 Container milvus-minio  Creating
 Container milvus-etcd  Creating
 Container milvus-etcd  Created
 Container milvus-minio  Created
 Container milvus-standalone  Creating
 Container milvus-standalone  Created
 Container milvus-minio  Starting
 Container milvus-etcd  Starting
 Container milvus-etcd  Started
 Container milvus-minio  Started
 Container milvus-standalone  Starting
 Container milvus-standalone  Started
>>> [Step 3] 等待服务启动 (90s)...
    等待中... (10s/120s)
    ✅ Milvus 服务已就绪
>>> [Step 4] 运行 Benchmark...
Running experiment: milvus-p10 - random-range-2048-angular-no-filters
established connection
/home/dzh/project/vdtuner/vector-db-benchmark-master/datasets/random-range-2048-angular/random_float_100k_no_filters already exists
Experiment stage: Configure
Experiment stage: Upload

0it [00:00, ?it/s]
1it [00:00,  1.61it/s]
64it [00:00, 88.19it/s]
480it [00:01, 760.50it/s]
704it [00:01, 1041.49it/s]
1024it [00:01, 1400.84it/s]
1243it [00:01, 1432.10it/s]
1792it [00:01, 2167.69it/s]
2057it [00:01, 2076.53it/s]
2304it [00:01, 2149.67it/s]
2560it [00:01, 2241.82it/s]
3136it [00:01, 3108.40it/s]
3648it [00:02, 3641.19it/s]
4615it [00:02, 5304.52it/s]
5696it [00:02, 6821.87it/s]
6720it [00:02, 7751.54it/s]
7680it [00:02, 8262.08it/s]
8704it [00:02, 8808.01it/s]
9683it [00:02, 9095.70it/s]
10688it [00:02, 9368.10it/s]
11633it [00:02, 9341.47it/s]
12573it [00:02, 9196.58it/s]
13504it [00:03, 9206.40it/s]
14528it [00:03, 9441.14it/s]
15505it [00:03, 9537.53it/s]
16461it [00:03, 9538.96it/s]
17472it [00:03, 8967.30it/s]
18378it [00:03, 8839.13it/s]
19328it [00:03, 8950.67it/s]
20352it [00:03, 9208.69it/s]
21312it [00:03, 9270.91it/s]
22272it [00:04, 9262.24it/s]
23296it [00:04, 9537.42it/s]
24320it [00:04, 9622.32it/s]
25344it [00:04, 9644.62it/s]
26310it [00:04, 9192.29it/s]
27328it [00:04, 9419.53it/s]
28318it [00:04, 9557.06it/s]
29312it [00:04, 9598.65it/s]
30275it [00:04, 9378.00it/s]
31296it [00:04, 9547.29it/s]
32320it [00:05, 9621.53it/s]
33284it [00:05, 5666.13it/s]
34240it [00:05, 6418.83it/s]
35264it [00:05, 7197.84it/s]
36224it [00:05, 7685.34it/s]
37198it [00:05, 8200.41it/s]
38144it [00:05, 8522.14it/s]
39104it [00:06, 8716.24it/s]
40064it [00:06, 8888.83it/s]
40988it [00:06, 8948.98it/s]
41923it [00:06, 9063.89it/s]
42848it [00:06, 8945.59it/s]
43776it [00:06, 8915.98it/s]
44677it [00:06, 8852.42it/s]
45569it [00:06, 8774.67it/s]
46528it [00:06, 8966.87it/s]
47429it [00:07, 6505.54it/s]
48256it [00:07, 6861.16it/s]
49088it [00:07, 7182.02it/s]
49984it [00:07, 7562.32it/s]
50901it [00:07, 7994.29it/s]
51840it [00:07, 8367.74it/s]
52706it [00:07, 8376.38it/s]
53568it [00:07, 8433.21it/s]
54486it [00:07, 8649.58it/s]
55362it [00:08, 8570.18it/s]
56320it [00:08, 8800.39it/s]
57267it [00:08, 8995.89it/s]
58176it [00:08, 8991.83it/s]
59079it [00:08, 8898.40it/s]
60032it [00:08, 9070.35it/s]
60966it [00:08, 9149.77it/s]
61883it [00:08, 5793.15it/s]
62656it [00:09, 6200.14it/s]
63521it [00:09, 6768.54it/s]
64320it [00:09, 6994.41it/s]
65097it [00:09, 7118.30it/s]
65984it [00:09, 7561.76it/s]
66880it [00:09, 7923.27it/s]
67712it [00:09, 7916.48it/s]
68535it [00:09, 8005.27it/s]
69376it [00:09, 8089.68it/s]
70336it [00:09, 8454.30it/s]
71232it [00:10, 8589.05it/s]
72128it [00:10, 8690.63it/s]
73024it [00:10, 8716.05it/s]
73968it [00:10, 8929.79it/s]
74880it [00:10, 8880.51it/s]
75770it [00:10, 7406.88it/s]
76608it [00:10, 7642.05it/s]
77504it [00:10, 7884.87it/s]
78400it [00:10, 8178.86it/s]
79296it [00:11, 8319.09it/s]
80222it [00:11, 8587.73it/s]
81093it [00:11, 8506.22it/s]
81979it [00:11, 8608.39it/s]
82858it [00:11, 8660.81it/s]
83776it [00:11, 8731.65it/s]
84653it [00:11, 8704.67it/s]
85544it [00:11, 8764.88it/s]
86452it [00:11, 8857.49it/s]
87360it [00:11, 8865.82it/s]
88256it [00:12, 8842.60it/s]
89216it [00:12, 9046.20it/s]
90122it [00:12, 8864.89it/s]
91136it [00:12, 7739.87it/s]
91941it [00:12, 7807.55it/s]
92800it [00:12, 7973.00it/s]
93720it [00:12, 8313.09it/s]
94592it [00:12, 8325.66it/s]
95488it [00:12, 8504.80it/s]
96384it [00:13, 8575.39it/s]
97280it [00:13, 8641.57it/s]
98176it [00:13, 8563.57it/s]
99072it [00:13, 8619.24it/s]
99968it [00:13, 8685.02it/s]
100000it [00:13, 7440.02it/s]
Upload time: 13.814443917945027
Total import time: 44.05844863317907
Experiment stage: Search

0it [00:00, ?it/s]
4it [00:00,  5.09it/s]
13it [00:00, 17.79it/s]
41it [00:00, 64.26it/s]
72it [00:01, 113.37it/s]
127it [00:01, 203.71it/s]
218it [00:01, 369.87it/s]
304it [00:01, 491.00it/s]
394it [00:01, 597.63it/s]
485it [00:01, 682.35it/s]
581it [00:01, 746.13it/s]
675it [00:01, 799.67it/s]
771it [00:01, 844.92it/s]
864it [00:02, 865.69it/s]
956it [00:02, 880.30it/s]
1046it [00:02, 878.26it/s]
1144it [00:02, 906.15it/s]
1237it [00:02, 909.93it/s]
1329it [00:02, 904.29it/s]
1423it [00:02, 910.00it/s]
1522it [00:02, 932.10it/s]
1620it [00:02, 944.98it/s]
1715it [00:02, 921.13it/s]
1808it [00:03, 899.56it/s]
1899it [00:03, 894.85it/s]
1989it [00:03, 864.04it/s]
2080it [00:03, 876.26it/s]
2168it [00:03, 874.45it/s]
2256it [00:03, 873.19it/s]
2344it [00:03, 728.72it/s]
2437it [00:03, 779.25it/s]
2519it [00:03, 774.26it/s]
2606it [00:04, 798.94it/s]
2704it [00:04, 849.75it/s]
2791it [00:04, 831.22it/s]
2876it [00:04, 822.20it/s]
2960it [00:04, 783.80it/s]
3048it [00:04, 810.56it/s]
3134it [00:04, 823.84it/s]
3218it [00:04, 806.43it/s]
3300it [00:04, 805.45it/s]
3381it [00:05, 805.20it/s]
3463it [00:05, 809.12it/s]
3552it [00:05, 831.64it/s]
3641it [00:05, 847.45it/s]
3735it [00:05, 872.82it/s]
3832it [00:05, 900.97it/s]
3923it [00:05, 894.80it/s]
4019it [00:05, 913.88it/s]
4111it [00:05, 892.69it/s]
4213it [00:05, 928.16it/s]
4308it [00:06, 932.74it/s]
4402it [00:06, 929.39it/s]
4496it [00:06, 931.14it/s]
4590it [00:06, 916.46it/s]
4682it [00:06, 846.07it/s]
4783it [00:06, 890.21it/s]
4874it [00:06, 872.27it/s]
4962it [00:06, 849.71it/s]
5048it [00:06, 840.49it/s]
5140it [00:06, 860.89it/s]
5227it [00:07, 845.09it/s]
5319it [00:07, 862.68it/s]
5415it [00:07, 890.44it/s]
5511it [00:07, 908.62it/s]
5603it [00:07, 898.53it/s]
5704it [00:07, 931.01it/s]
5799it [00:07, 930.80it/s]
5893it [00:07, 922.38it/s]
5986it [00:07, 916.26it/s]
6078it [00:08, 873.43it/s]
6169it [00:08, 883.23it/s]
6259it [00:08, 886.58it/s]
6348it [00:08, 863.14it/s]
6440it [00:08, 878.63it/s]
6529it [00:08, 864.37it/s]
6625it [00:08, 890.47it/s]
6715it [00:08, 867.92it/s]
6803it [00:08, 857.20it/s]
6894it [00:08, 870.94it/s]
6982it [00:09, 869.33it/s]
7070it [00:09, 866.06it/s]
7168it [00:09, 899.31it/s]
7264it [00:09, 915.51it/s]
7360it [00:09, 928.01it/s]
7453it [00:09, 893.15it/s]
7543it [00:09, 841.68it/s]
7641it [00:09, 878.65it/s]
7730it [00:09, 880.06it/s]
7819it [00:10, 881.44it/s]
7918it [00:10, 912.08it/s]
8010it [00:10, 907.58it/s]
8101it [00:10, 900.53it/s]
8192it [00:10, 896.80it/s]
8282it [00:10, 885.36it/s]
8371it [00:10, 826.80it/s]
8464it [00:10, 853.96it/s]
8551it [00:10, 853.78it/s]
8637it [00:10, 844.25it/s]
8725it [00:11, 853.61it/s]
8814it [00:11, 862.09it/s]
8901it [00:11, 863.84it/s]
8989it [00:11, 867.16it/s]
9080it [00:11, 878.42it/s]
9168it [00:11, 860.35it/s]
9259it [00:11, 874.58it/s]
9347it [00:11, 843.59it/s]
9433it [00:11, 847.52it/s]
9518it [00:11, 835.42it/s]
9602it [00:12, 824.12it/s]
9685it [00:12, 808.16it/s]
9782it [00:12, 852.86it/s]
9886it [00:12, 903.51it/s]
9977it [00:12, 870.30it/s]
10000it [00:12, 797.70it/s]
Experiment stage: Done
Results saved to:  /home/dzh/project/vdtuner/vector-db-benchmark-master/results
>>> [Step 5] 收尾工作...
    监控日志已保存。
📊 测试结果摘要:
0.99977
791.5819682885248
0.0058381131384521705
line1:  0.0058381131384521705
line1:  791.5819682885248
line1:  0.99977
numeric_values:  [0.0058381131384521705, 791.5819682885248, 0.99977]
[49] 4261 0.99977 0.0058381131384521705 90
/bin/sh: 1: Syntax error: "(" unexpected
/data/dzh/venv/lib/python3.10/site-packages/botorch/acquisition/multi_objective/monte_carlo.py:110: NumericsWarning: qExpectedHypervolumeImprovement has known numerical issues that lead to suboptimal optimization performance. It is strongly recommended to simply replace

	 qExpectedHypervolumeImprovement 	 --> 	 qLogExpectedHypervolumeImprovement 

instead, which fixes the issues and has the same API. See https://arxiv.org/abs/2310.20708 for details.
  legacy_ei_numerics_warning(legacy_name=type(self).__name__)
--- DEBUG: Starting command:---
=======================================
🛠️  开始测试流程
Engine: milvus-p10 | Dataset: random-range-2048-angular-no-filters
=======================================
>>> [Step 1] 启动后台监控...
    监控进程 PID: 142737
>>> [Step 2] 重置 Milvus...
 Container milvus-standalone  Stopping
 Container milvus-standalone  Stopped
 Container milvus-standalone  Removing
 Container milvus-standalone  Removed
 Container milvus-etcd  Stopping
 Container milvus-minio  Stopping
 Container milvus-etcd  Stopped
 Container milvus-etcd  Removing
 Container milvus-etcd  Removed
 Container milvus-minio  Stopped
 Container milvus-minio  Removing
 Container milvus-minio  Removed
 Network milvus  Removing
 Network milvus  Removed
    🧹 清理宿主机数据目录: /home/dzh/project/vdtuner/vector-db-benchmark-master/engine/servers/milvus-single-node/volumes
 Network milvus  Creating
 Network milvus  Created
 Container milvus-etcd  Creating
 Container milvus-minio  Creating
 Container milvus-etcd  Created
 Container milvus-minio  Created
 Container milvus-standalone  Creating
 Container milvus-standalone  Created
 Container milvus-minio  Starting
 Container milvus-etcd  Starting
 Container milvus-minio  Started
 Container milvus-etcd  Started
 Container milvus-standalone  Starting
 Container milvus-standalone  Started
>>> [Step 3] 等待服务启动 (90s)...
    等待中... (10s/120s)
    ✅ Milvus 服务已就绪
>>> [Step 4] 运行 Benchmark...
Running experiment: milvus-p10 - random-range-2048-angular-no-filters
established connection
/home/dzh/project/vdtuner/vector-db-benchmark-master/datasets/random-range-2048-angular/random_float_100k_no_filters already exists
Experiment stage: Configure
Experiment stage: Upload

0it [00:00, ?it/s]
1it [00:01,  1.29s/it]
640it [00:01, 632.67it/s]
989it [00:01, 929.56it/s]
1329it [00:01, 1281.43it/s]
1642it [00:01, 1370.56it/s]
2112it [00:01, 1852.64it/s]
2407it [00:02, 1942.02it/s]
2678it [00:02, 2073.48it/s]
3072it [00:02, 2471.47it/s]
4096it [00:02, 4316.38it/s]
5120it [00:02, 5802.04it/s]
6144it [00:02, 6922.86it/s]
7104it [00:02, 7654.36it/s]
8064it [00:02, 8186.52it/s]
9042it [00:02, 8642.11it/s]
9984it [00:03, 8576.05it/s]
10944it [00:03, 8829.91it/s]
11904it [00:03, 9034.04it/s]
12864it [00:03, 9139.15it/s]
13888it [00:03, 9373.34it/s]
14848it [00:03, 9434.59it/s]
15797it [00:03, 9386.74it/s]
16739it [00:03, 6395.43it/s]
17508it [00:04, 6449.64it/s]
18496it [00:04, 7213.66it/s]
19405it [00:04, 7683.04it/s]
20288it [00:04, 7904.40it/s]
21129it [00:04, 8022.34it/s]
22144it [00:04, 8516.41it/s]
23104it [00:04, 8819.61it/s]
24064it [00:04, 8974.80it/s]
25059it [00:04, 9256.50it/s]
25997it [00:04, 9139.49it/s]
26943it [00:05, 9232.34it/s]
27873it [00:05, 9114.44it/s]
28789it [00:05, 9103.07it/s]
29703it [00:05, 9024.91it/s]
30608it [00:05, 9003.54it/s]
31510it [00:05, 8053.45it/s]
32448it [00:05, 8337.66it/s]
33344it [00:05, 8394.75it/s]
34195it [00:05, 8411.31it/s]
35087it [00:05, 8556.63it/s]
35968it [00:06, 8576.00it/s]
36928it [00:06, 8822.66it/s]
37814it [00:06, 8574.94it/s]
38692it [00:06, 8633.76it/s]
39616it [00:06, 8687.96it/s]
40576it [00:06, 8919.37it/s]
41536it [00:06, 9076.98it/s]
42446it [00:06, 9028.62it/s]
43392it [00:06, 9151.28it/s]
44335it [00:07, 9233.65it/s]
45260it [00:07, 9082.01it/s]
46170it [00:07, 5571.25it/s]
46976it [00:07, 6029.56it/s]
47715it [00:07, 6326.65it/s]
48576it [00:07, 6859.60it/s]
49536it [00:07, 7491.57it/s]
50432it [00:07, 7820.60it/s]
51265it [00:08, 7800.48it/s]
52160it [00:08, 8116.30it/s]
53000it [00:08, 8009.50it/s]
53888it [00:08, 8181.50it/s]
54784it [00:08, 8287.32it/s]
55623it [00:08, 8174.18it/s]
56512it [00:08, 8361.53it/s]
57408it [00:08, 8518.10it/s]
58265it [00:08, 8469.19it/s]
59136it [00:08, 8515.24it/s]
60032it [00:09, 7187.00it/s]
60809it [00:09, 7337.99it/s]
61720it [00:09, 7816.85it/s]
62656it [00:09, 8244.89it/s]
63502it [00:09, 8243.68it/s]
64384it [00:09, 8375.80it/s]
65344it [00:09, 8676.92it/s]
66250it [00:09, 8788.63it/s]
67200it [00:09, 8952.11it/s]
68100it [00:10, 8889.82it/s]
68993it [00:10, 8785.81it/s]
69952it [00:10, 8851.79it/s]
70848it [00:10, 8814.82it/s]
71731it [00:10, 8677.45it/s]
72600it [00:10, 8550.77it/s]
73472it [00:10, 8480.23it/s]
74368it [00:10, 8550.15it/s]
75224it [00:11, 5429.34it/s]
76160it [00:11, 6184.47it/s]
77056it [00:11, 6735.29it/s]
77952it [00:11, 7241.88it/s]
78784it [00:11, 7498.29it/s]
79680it [00:11, 7881.17it/s]
80576it [00:11, 8081.75it/s]
81460it [00:11, 8294.26it/s]
82316it [00:11, 8237.98it/s]
83158it [00:12, 8129.74it/s]
83984it [00:12, 8121.42it/s]
84897it [00:12, 8396.07it/s]
85744it [00:12, 8403.40it/s]
86592it [00:12, 8322.16it/s]
87488it [00:12, 8466.19it/s]
88338it [00:12, 8365.25it/s]
89177it [00:12, 6991.31it/s]
89920it [00:12, 7079.03it/s]
90816it [00:13, 7583.60it/s]
91719it [00:13, 7985.27it/s]
92608it [00:13, 8204.71it/s]
93535it [00:13, 8505.74it/s]
94400it [00:13, 8474.57it/s]
95347it [00:13, 8765.04it/s]
96231it [00:13, 8644.19it/s]
97152it [00:13, 8742.26it/s]
98112it [00:13, 8877.47it/s]
99003it [00:13, 8712.47it/s]
99877it [00:14, 8595.99it/s]
100000it [00:14, 7112.23it/s]
Upload time: 14.668352632783353
Total import time: 44.89065157901496
Experiment stage: Search

0it [00:00, ?it/s]
4it [00:00,  5.09it/s]
14it [00:00, 18.23it/s]
30it [00:01, 42.02it/s]
115it [00:01, 198.50it/s]
203it [00:01, 342.01it/s]
293it [00:01, 471.61it/s]
384it [00:01, 580.56it/s]
471it [00:01, 655.35it/s]
556it [00:01, 707.14it/s]
641it [00:01, 746.95it/s]
728it [00:01, 774.57it/s]
811it [00:01, 789.66it/s]
899it [00:02, 815.79it/s]
988it [00:02, 836.50it/s]
1075it [00:02, 846.19it/s]
1165it [00:02, 860.55it/s]
1252it [00:02, 851.37it/s]
1341it [00:02, 862.29it/s]
1428it [00:02, 850.07it/s]
1514it [00:02, 792.59it/s]
1602it [00:02, 816.48it/s]
1690it [00:02, 833.22it/s]
1774it [00:03, 815.34it/s]
1868it [00:03, 849.87it/s]
1965it [00:03, 882.31it/s]
2057it [00:03, 892.96it/s]
2154it [00:03, 912.66it/s]
2246it [00:03, 903.50it/s]
2337it [00:03, 892.39it/s]
2427it [00:03, 871.74it/s]
2515it [00:03, 822.98it/s]
2598it [00:04, 785.11it/s]
2687it [00:04, 813.85it/s]
2776it [00:04, 835.03it/s]
2863it [00:04, 842.76it/s]
2952it [00:04, 854.84it/s]
3038it [00:04, 837.61it/s]
3124it [00:04, 841.90it/s]
3218it [00:04, 870.57it/s]
3306it [00:04, 871.58it/s]
3398it [00:04, 884.09it/s]
3488it [00:05, 888.15it/s]
3577it [00:05, 879.90it/s]
3666it [00:05, 880.67it/s]
3755it [00:05, 847.06it/s]
3842it [00:05, 852.41it/s]
3928it [00:05, 825.88it/s]
4012it [00:05, 829.08it/s]
4096it [00:05, 769.63it/s]
4178it [00:05, 782.61it/s]
4263it [00:06, 800.39it/s]
4355it [00:06, 833.49it/s]
4455it [00:06, 881.70it/s]
4551it [00:06, 903.92it/s]
4655it [00:06, 944.07it/s]
4760it [00:06, 974.27it/s]
4858it [00:06, 939.37it/s]
4953it [00:06, 902.65it/s]
5044it [00:06, 885.64it/s]
5133it [00:07, 815.60it/s]
5216it [00:07, 798.81it/s]
5297it [00:07, 785.47it/s]
5384it [00:07, 808.81it/s]
5475it [00:07, 836.03it/s]
5568it [00:07, 862.99it/s]
5667it [00:07, 898.45it/s]
5758it [00:07, 897.18it/s]
5849it [00:07, 873.64it/s]
5942it [00:07, 884.59it/s]
6033it [00:08, 890.73it/s]
6127it [00:08, 904.99it/s]
6218it [00:08, 895.12it/s]
6308it [00:08, 875.53it/s]
6396it [00:08, 856.10it/s]
6488it [00:08, 873.17it/s]
6576it [00:08, 871.18it/s]
6664it [00:08, 871.86it/s]
6754it [00:08, 878.90it/s]
6842it [00:08, 861.43it/s]
6929it [00:09, 854.87it/s]
7025it [00:09, 884.39it/s]
7114it [00:09, 883.60it/s]
7203it [00:09, 879.95it/s]
7292it [00:09, 864.02it/s]
7379it [00:09, 863.91it/s]
7466it [00:09, 845.03it/s]
7551it [00:09, 840.60it/s]
7643it [00:09, 861.39it/s]
7730it [00:10, 828.32it/s]
7814it [00:10, 797.72it/s]
7899it [00:10, 811.83it/s]
7987it [00:10, 829.11it/s]
8071it [00:10, 815.56it/s]
8157it [00:10, 828.33it/s]
8241it [00:10, 803.32it/s]
8323it [00:10, 803.83it/s]
8409it [00:10, 818.88it/s]
8496it [00:10, 833.16it/s]
8584it [00:11, 845.76it/s]
8669it [00:11, 840.14it/s]
8754it [00:11, 799.78it/s]
8845it [00:11, 830.99it/s]
8929it [00:11, 830.40it/s]
9013it [00:11, 831.03it/s]
9100it [00:11, 841.96it/s]
9185it [00:11, 832.13it/s]
9278it [00:11, 860.27it/s]
9365it [00:11, 863.11it/s]
9461it [00:12, 891.14it/s]
9553it [00:12, 877.96it/s]
9641it [00:12, 872.01it/s]
9729it [00:12, 844.16it/s]
9814it [00:12, 836.15it/s]
9898it [00:12, 776.78it/s]
9983it [00:12, 797.04it/s]
10000it [00:12, 784.39it/s]
Experiment stage: Done
Results saved to:  /home/dzh/project/vdtuner/vector-db-benchmark-master/results
>>> [Step 5] 收尾工作...
    监控日志已保存。
📊 测试结果摘要:
0.9991200000000001
778.5877991860342
0.005647577089257537
line1:  0.005647577089257537
line1:  778.5877991860342
line1:  0.9991200000000001
numeric_values:  [0.005647577089257537, 778.5877991860342, 0.9991200000000001]
[50] 4353 0.9991200000000001 0.005647577089257537 91
/bin/sh: 1: Syntax error: "(" unexpected
/data/dzh/venv/lib/python3.10/site-packages/botorch/acquisition/multi_objective/monte_carlo.py:110: NumericsWarning: qExpectedHypervolumeImprovement has known numerical issues that lead to suboptimal optimization performance. It is strongly recommended to simply replace

	 qExpectedHypervolumeImprovement 	 --> 	 qLogExpectedHypervolumeImprovement 

instead, which fixes the issues and has the same API. See https://arxiv.org/abs/2310.20708 for details.
  legacy_ei_numerics_warning(legacy_name=type(self).__name__)
--- DEBUG: Starting command:---
=======================================
🛠️  开始测试流程
Engine: milvus-p10 | Dataset: random-range-2048-angular-no-filters
=======================================
>>> [Step 1] 启动后台监控...
    监控进程 PID: 168217
>>> [Step 2] 重置 Milvus...
 Container milvus-standalone  Stopping
 Container milvus-standalone  Stopped
 Container milvus-standalone  Removing
 Container milvus-standalone  Removed
 Container milvus-etcd  Stopping
 Container milvus-minio  Stopping
 Container milvus-etcd  Stopped
 Container milvus-etcd  Removing
 Container milvus-etcd  Removed
 Container milvus-minio  Stopped
 Container milvus-minio  Removing
 Container milvus-minio  Removed
 Network milvus  Removing
 Network milvus  Removed
    🧹 清理宿主机数据目录: /home/dzh/project/vdtuner/vector-db-benchmark-master/engine/servers/milvus-single-node/volumes
 Network milvus  Creating
 Network milvus  Created
 Container milvus-etcd  Creating
 Container milvus-minio  Creating
 Container milvus-etcd  Created
 Container milvus-minio  Created
 Container milvus-standalone  Creating
 Container milvus-standalone  Created
 Container milvus-minio  Starting
 Container milvus-etcd  Starting
 Container milvus-minio  Started
 Container milvus-etcd  Started
 Container milvus-standalone  Starting
 Container milvus-standalone  Started
>>> [Step 3] 等待服务启动 (90s)...
    等待中... (10s/120s)
    ✅ Milvus 服务已就绪
>>> [Step 4] 运行 Benchmark...
Running experiment: milvus-p10 - random-range-2048-angular-no-filters
established connection
/home/dzh/project/vdtuner/vector-db-benchmark-master/datasets/random-range-2048-angular/random_float_100k_no_filters already exists
Experiment stage: Configure
Experiment stage: Upload

0it [00:00, ?it/s]
1it [00:00,  1.33it/s]
64it [00:01, 80.92it/s]
493it [00:01, 727.38it/s]
697it [00:01, 947.83it/s]
1024it [00:01, 1391.88it/s]
1408it [00:01, 1897.35it/s]
1684it [00:01, 1997.59it/s]
2048it [00:01, 2366.30it/s]
2560it [00:01, 3034.41it/s]
2911it [00:01, 2817.13it/s]
3521it [00:02, 3645.22it/s]
4160it [00:02, 4352.12it/s]
5184it [00:02, 5924.80it/s]
6206it [00:02, 7126.19it/s]
7168it [00:02, 7766.05it/s]
8192it [00:02, 8425.82it/s]
9166it [00:02, 8806.91it/s]
10176it [00:02, 9138.98it/s]
11200it [00:02, 9337.93it/s]
12264it [00:02, 9718.45it/s]
13243it [00:03, 9596.58it/s]
14208it [00:03, 9323.83it/s]
15232it [00:03, 9508.89it/s]
16192it [00:03, 9511.89it/s]
17146it [00:03, 7614.75it/s]
18112it [00:03, 8095.76it/s]
19072it [00:03, 8474.84it/s]
20032it [00:03, 8756.67it/s]
21056it [00:03, 9038.93it/s]
22016it [00:04, 9139.14it/s]
22976it [00:04, 9246.68it/s]
23936it [00:04, 9341.23it/s]
24896it [00:04, 9302.70it/s]
25858it [00:04, 9395.09it/s]
26816it [00:04, 9361.97it/s]
27756it [00:04, 9362.66it/s]
28695it [00:04, 9253.68it/s]
29632it [00:04, 9277.70it/s]
30656it [00:04, 9447.21it/s]
31602it [00:05, 6970.15it/s]
32512it [00:05, 7439.17it/s]
33472it [00:05, 7910.53it/s]
34432it [00:05, 8306.32it/s]
35392it [00:05, 8604.84it/s]
36351it [00:05, 8878.66it/s]
37312it [00:05, 9016.28it/s]
38272it [00:05, 9111.56it/s]
39232it [00:06, 9248.61it/s]
40171it [00:06, 9289.33it/s]
41108it [00:06, 9099.81it/s]
42024it [00:06, 8987.42it/s]
42927it [00:06, 8873.31it/s]
43818it [00:06, 8710.81it/s]
44692it [00:06, 8465.78it/s]
45663it [00:06, 8821.51it/s]
46549it [00:07, 5446.76it/s]
47399it [00:07, 6068.36it/s]
48312it [00:07, 6757.88it/s]
49216it [00:07, 7254.33it/s]
50176it [00:07, 7819.63it/s]
51080it [00:07, 8144.26it/s]
51968it [00:07, 8343.00it/s]
52928it [00:07, 8623.72it/s]
53821it [00:07, 8576.11it/s]
54720it [00:07, 8603.93it/s]
55616it [00:08, 8652.13it/s]
56492it [00:08, 8635.13it/s]
57363it [00:08, 8467.24it/s]
58216it [00:08, 8280.53it/s]
59049it [00:08, 8116.99it/s]
59864it [00:08, 7920.08it/s]
60736it [00:08, 8143.29it/s]
61554it [00:08, 7951.08it/s]
62400it [00:08, 8082.72it/s]
63360it [00:09, 8425.26it/s]
64320it [00:09, 8747.24it/s]
65216it [00:09, 8691.39it/s]
66176it [00:09, 8874.56it/s]
67080it [00:09, 8922.67it/s]
68002it [00:09, 9009.80it/s]
68904it [00:09, 8975.28it/s]
69803it [00:09, 8911.23it/s]
70695it [00:09, 8909.10it/s]
71587it [00:09, 8701.42it/s]
72512it [00:10, 8743.60it/s]
73472it [00:10, 8872.41it/s]
74360it [00:10, 8711.93it/s]
75245it [00:10, 8751.49it/s]
76121it [00:10, 6635.87it/s]
76985it [00:10, 7118.51it/s]
77762it [00:10, 7175.72it/s]
78592it [00:10, 7472.62it/s]
79488it [00:10, 7775.91it/s]
80359it [00:11, 8036.11it/s]
81216it [00:11, 8153.31it/s]
82112it [00:11, 8340.49it/s]
83008it [00:11, 8411.69it/s]
83904it [00:11, 8561.80it/s]
84767it [00:11, 8351.46it/s]
85696it [00:11, 8487.34it/s]
86592it [00:11, 8611.74it/s]
87488it [00:11, 8606.83it/s]
88351it [00:12, 8545.76it/s]
89216it [00:12, 8456.79it/s]
90131it [00:12, 8658.65it/s]
90999it [00:12, 7126.94it/s]
91904it [00:12, 7580.24it/s]
92822it [00:12, 8007.55it/s]
93696it [00:12, 8130.87it/s]
94656it [00:12, 8434.58it/s]
95555it [00:12, 8592.14it/s]
96512it [00:13, 8764.00it/s]
97408it [00:13, 8727.68it/s]
98304it [00:13, 8703.18it/s]
99220it [00:13, 8835.45it/s]
100000it [00:13, 7463.69it/s]
Upload time: 13.81603883812204
Total import time: 44.23810799838975
Experiment stage: Search

0it [00:00, ?it/s]
4it [00:00,  5.23it/s]
14it [00:00, 18.89it/s]
32it [00:01, 45.70it/s]
106it [00:01, 181.00it/s]
200it [00:01, 346.19it/s]
288it [00:01, 472.64it/s]
380it [00:01, 584.42it/s]
464it [00:01, 651.37it/s]
553it [00:01, 716.12it/s]
652it [00:01, 782.40it/s]
746it [00:01, 824.77it/s]
834it [00:01, 822.04it/s]
921it [00:02, 834.14it/s]
1010it [00:02, 848.90it/s]
1116it [00:02, 909.00it/s]
1217it [00:02, 935.92it/s]
1312it [00:02, 936.46it/s]
1407it [00:02, 879.56it/s]
1497it [00:02, 810.78it/s]
1587it [00:02, 833.03it/s]
1673it [00:02, 839.51it/s]
1758it [00:03, 799.92it/s]
1848it [00:03, 824.81it/s]
1932it [00:03, 824.39it/s]
2016it [00:03, 824.01it/s]
2099it [00:03, 810.30it/s]
2181it [00:03, 800.47it/s]
2262it [00:03, 793.16it/s]
2362it [00:03, 850.26it/s]
2448it [00:03, 824.08it/s]
2532it [00:03, 827.44it/s]
2627it [00:04, 861.39it/s]
2714it [00:04, 863.65it/s]
2804it [00:04, 871.37it/s]
2898it [00:04, 891.00it/s]
2988it [00:04, 887.37it/s]
3077it [00:04, 886.10it/s]
3166it [00:04, 848.39it/s]
3258it [00:04, 863.52it/s]
3345it [00:04, 856.93it/s]
3431it [00:04, 814.11it/s]
3515it [00:05, 819.40it/s]
3617it [00:05, 874.84it/s]
3720it [00:05, 917.91it/s]
3817it [00:05, 929.32it/s]
3911it [00:05, 925.11it/s]
4004it [00:05, 885.61it/s]
4097it [00:05, 896.26it/s]
4200it [00:05, 934.80it/s]
4294it [00:05, 934.10it/s]
4396it [00:06, 958.62it/s]
4493it [00:06, 908.27it/s]
4585it [00:06, 891.83it/s]
4675it [00:06, 881.67it/s]
4768it [00:06, 894.26it/s]
4862it [00:06, 906.40it/s]
4953it [00:06, 907.17it/s]
5045it [00:06, 909.82it/s]
5137it [00:06, 885.97it/s]
5226it [00:06, 847.01it/s]
5312it [00:07, 777.17it/s]
5391it [00:07, 773.63it/s]
5471it [00:07, 779.64it/s]
5550it [00:07, 747.42it/s]
5626it [00:07, 745.19it/s]
5701it [00:07, 738.23it/s]
5776it [00:07, 666.73it/s]
5871it [00:07, 737.16it/s]
5952it [00:07, 755.97it/s]
6029it [00:08, 697.64it/s]
6104it [00:08, 709.67it/s]
6195it [00:08, 764.64it/s]
6286it [00:08, 804.26it/s]
6375it [00:08, 827.81it/s]
6474it [00:08, 873.63it/s]
6563it [00:08, 863.07it/s]
6652it [00:08, 870.68it/s]
6751it [00:08, 903.95it/s]
6842it [00:09, 873.03it/s]
6931it [00:09, 876.65it/s]
7026it [00:09, 894.43it/s]
7116it [00:09, 820.97it/s]
7205it [00:09, 838.55it/s]
7296it [00:09, 855.53it/s]
7383it [00:09, 849.93it/s]
7469it [00:09, 840.19it/s]
7564it [00:09, 871.54it/s]
7658it [00:09, 891.38it/s]
7748it [00:10, 869.58it/s]
7837it [00:10, 875.38it/s]
7925it [00:10, 869.40it/s]
8019it [00:10, 888.80it/s]
8109it [00:10, 840.58it/s]
8194it [00:10, 829.85it/s]
8278it [00:10, 811.01it/s]
8360it [00:10, 803.64it/s]
8455it [00:10, 841.85it/s]
8547it [00:11, 864.11it/s]
8637it [00:11, 872.90it/s]
8730it [00:11, 887.53it/s]
8826it [00:11, 907.40it/s]
8922it [00:11, 922.68it/s]
9015it [00:11, 883.05it/s]
9107it [00:11, 891.24it/s]
9202it [00:11, 906.78it/s]
9296it [00:11, 915.61it/s]
9392it [00:11, 927.04it/s]
9489it [00:12, 938.64it/s]
9583it [00:12, 883.81it/s]
9676it [00:12, 890.86it/s]
9770it [00:12, 904.37it/s]
9861it [00:12, 905.90it/s]
9952it [00:12, 888.12it/s]
10000it [00:12, 789.64it/s]
Experiment stage: Done
Results saved to:  /home/dzh/project/vdtuner/vector-db-benchmark-master/results
>>> [Step 5] 收尾工作...
    监控日志已保存。
📊 测试结果摘要:
0.9995700000000001
784.1469255709118
0.005916450382210313
line1:  0.005916450382210313
line1:  784.1469255709118
line1:  0.9995700000000001
numeric_values:  [0.005916450382210313, 784.1469255709118, 0.9995700000000001]
[51] 4444 0.9995700000000001 0.005916450382210313 91
/bin/sh: 1: Syntax error: "(" unexpected
/data/dzh/venv/lib/python3.10/site-packages/botorch/acquisition/multi_objective/monte_carlo.py:110: NumericsWarning: qExpectedHypervolumeImprovement has known numerical issues that lead to suboptimal optimization performance. It is strongly recommended to simply replace

	 qExpectedHypervolumeImprovement 	 --> 	 qLogExpectedHypervolumeImprovement 

instead, which fixes the issues and has the same API. See https://arxiv.org/abs/2310.20708 for details.
  legacy_ei_numerics_warning(legacy_name=type(self).__name__)
--- DEBUG: Starting command:---
=======================================
🛠️  开始测试流程
Engine: milvus-p10 | Dataset: random-range-2048-angular-no-filters
=======================================
>>> [Step 1] 启动后台监控...
    监控进程 PID: 190746
>>> [Step 2] 重置 Milvus...
 Container milvus-standalone  Stopping
 Container milvus-standalone  Stopped
 Container milvus-standalone  Removing
 Container milvus-standalone  Removed
 Container milvus-etcd  Stopping
 Container milvus-minio  Stopping
 Container milvus-etcd  Stopped
 Container milvus-etcd  Removing
 Container milvus-etcd  Removed
 Container milvus-minio  Stopped
 Container milvus-minio  Removing
 Container milvus-minio  Removed
 Network milvus  Removing
 Network milvus  Removed
    🧹 清理宿主机数据目录: /home/dzh/project/vdtuner/vector-db-benchmark-master/engine/servers/milvus-single-node/volumes
 Network milvus  Creating
 Network milvus  Created
 Container milvus-minio  Creating
 Container milvus-etcd  Creating
 Container milvus-etcd  Created
 Container milvus-minio  Created
 Container milvus-standalone  Creating
 Container milvus-standalone  Created
 Container milvus-minio  Starting
 Container milvus-etcd  Starting
 Container milvus-minio  Started
 Container milvus-etcd  Started
 Container milvus-standalone  Starting
 Container milvus-standalone  Started
>>> [Step 3] 等待服务启动 (90s)...
    等待中... (10s/120s)
    ✅ Milvus 服务已就绪
>>> [Step 4] 运行 Benchmark...
Running experiment: milvus-p10 - random-range-2048-angular-no-filters
established connection
/home/dzh/project/vdtuner/vector-db-benchmark-master/datasets/random-range-2048-angular/random_float_100k_no_filters already exists
Experiment stage: Configure
Experiment stage: Upload

0it [00:00, ?it/s]
1it [00:01,  1.03s/it]
832it [00:01, 1000.89it/s]
1280it [00:01, 1264.36it/s]
1611it [00:01, 1408.46it/s]
1984it [00:01, 1760.56it/s]
2285it [00:01, 1975.62it/s]
2816it [00:01, 2594.60it/s]
3328it [00:01, 3147.12it/s]
4096it [00:02, 4216.05it/s]
4864it [00:02, 5063.07it/s]
5888it [00:02, 6432.78it/s]
6912it [00:02, 7405.58it/s]
7936it [00:02, 8199.27it/s]
8961it [00:02, 8784.82it/s]
9961it [00:02, 9136.52it/s]
10925it [00:02, 9283.73it/s]
11904it [00:02, 9348.07it/s]
12864it [00:02, 9384.20it/s]
13824it [00:03, 9328.20it/s]
14764it [00:03, 9194.24it/s]
15689it [00:03, 9200.01it/s]
16613it [00:03, 6711.52it/s]
17382it [00:03, 6919.96it/s]
18304it [00:03, 7493.79it/s]
19328it [00:03, 8116.20it/s]
20224it [00:03, 8290.83it/s]
21121it [00:04, 8478.71it/s]
22080it [00:04, 8756.45it/s]
22976it [00:04, 8792.77it/s]
23872it [00:04, 8700.27it/s]
24768it [00:04, 8681.77it/s]
25664it [00:04, 8701.18it/s]
26540it [00:04, 8203.49it/s]
27456it [00:04, 8427.35it/s]
28416it [00:04, 8749.01it/s]
29320it [00:04, 8832.97it/s]
30209it [00:05, 8656.62it/s]
31135it [00:05, 8831.48it/s]
32120it [00:05, 9129.80it/s]
33036it [00:05, 8220.75it/s]
33920it [00:05, 8382.15it/s]
34880it [00:05, 8676.88it/s]
35791it [00:05, 8800.16it/s]
36736it [00:05, 8916.86it/s]
37634it [00:05, 8859.65it/s]
38528it [00:06, 8793.75it/s]
39489it [00:06, 9030.76it/s]
40395it [00:06, 9004.79it/s]
41298it [00:06, 8993.12it/s]
42199it [00:06, 8906.15it/s]
43136it [00:06, 8976.66it/s]
44035it [00:06, 8920.86it/s]
44961it [00:06, 9009.16it/s]
45863it [00:06, 8920.26it/s]
46790it [00:06, 9023.23it/s]
47693it [00:07, 7504.01it/s]
48620it [00:07, 7963.88it/s]
49472it [00:07, 8037.26it/s]
50432it [00:07, 8408.07it/s]
51392it [00:07, 8700.67it/s]
52288it [00:07, 8752.95it/s]
53242it [00:07, 8980.37it/s]
54149it [00:07, 8716.29it/s]
55041it [00:07, 8774.74it/s]
55936it [00:08, 8743.24it/s]
56896it [00:08, 8912.43it/s]
57790it [00:08, 8785.35it/s]
58671it [00:08, 8728.28it/s]
59584it [00:08, 8759.03it/s]
60480it [00:08, 8809.49it/s]
61504it [00:08, 9134.86it/s]
62418it [00:08, 6095.54it/s]
63237it [00:09, 6551.99it/s]
64002it [00:09, 6670.63it/s]
64896it [00:09, 7161.96it/s]
65733it [00:09, 7477.19it/s]
66544it [00:09, 7648.78it/s]
67392it [00:09, 7843.53it/s]
68288it [00:09, 8150.69it/s]
69184it [00:09, 8314.70it/s]
70080it [00:09, 8433.24it/s]
71040it [00:09, 8687.07it/s]
71936it [00:10, 8718.66it/s]
72832it [00:10, 8676.17it/s]
73704it [00:10, 8686.70it/s]
74624it [00:10, 8743.30it/s]
75520it [00:10, 8703.25it/s]
76392it [00:10, 8706.82it/s]
77264it [00:10, 6130.68it/s]
78198it [00:10, 6864.86it/s]
79040it [00:11, 7163.15it/s]
79936it [00:11, 7559.15it/s]
80821it [00:11, 7904.25it/s]
81701it [00:11, 8151.49it/s]
82593it [00:11, 8356.56it/s]
83484it [00:11, 8515.14it/s]
84385it [00:11, 8645.11it/s]
85263it [00:11, 8663.58it/s]
86144it [00:11, 8641.76it/s]
87015it [00:11, 8632.60it/s]
87883it [00:12, 8477.48it/s]
88737it [00:12, 8486.36it/s]
89600it [00:12, 8412.91it/s]
90489it [00:12, 8552.61it/s]
91346it [00:12, 6165.84it/s]
92120it [00:12, 6532.06it/s]
92934it [00:12, 6932.83it/s]
93760it [00:12, 7263.18it/s]
94720it [00:12, 7894.19it/s]
95616it [00:13, 8098.58it/s]
96512it [00:13, 8181.42it/s]
97408it [00:13, 8321.59it/s]
98368it [00:13, 8631.22it/s]
99271it [00:13, 8746.07it/s]
100000it [00:13, 7373.12it/s]
Upload time: 13.969829089939594
Total import time: 44.39767989469692
Experiment stage: Search

0it [00:00, ?it/s]
4it [00:00,  5.21it/s]
14it [00:00, 18.70it/s]
43it [00:01, 65.48it/s]
89it [00:01, 142.89it/s]
167it [00:01, 282.36it/s]
239it [00:01, 384.53it/s]
302it [00:01, 446.04it/s]
378it [00:01, 527.84it/s]
465it [00:01, 613.24it/s]
534it [00:01, 592.33it/s]
615it [00:01, 650.86it/s]
695it [00:01, 692.37it/s]
771it [00:02, 711.12it/s]
857it [00:02, 752.28it/s]
939it [00:02, 771.24it/s]
1018it [00:02, 766.95it/s]
1100it [00:02, 781.95it/s]
1179it [00:02, 764.93it/s]
1257it [00:02, 684.96it/s]
1328it [00:02, 653.80it/s]
1406it [00:02, 687.01it/s]
1507it [00:03, 775.36it/s]
1602it [00:03, 823.43it/s]
1694it [00:03, 849.29it/s]
1781it [00:03, 804.08it/s]
1863it [00:03, 792.81it/s]
1945it [00:03, 799.10it/s]
2026it [00:03, 782.54it/s]
2105it [00:03, 781.53it/s]
2194it [00:03, 811.38it/s]
2276it [00:03, 785.67it/s]
2355it [00:04, 767.44it/s]
2433it [00:04, 766.48it/s]
2524it [00:04, 804.38it/s]
2610it [00:04, 820.48it/s]
2697it [00:04, 834.00it/s]
2787it [00:04, 852.40it/s]
2873it [00:04, 844.98it/s]
2961it [00:04, 855.04it/s]
3049it [00:04, 861.88it/s]
3136it [00:05, 837.92it/s]
3227it [00:05, 857.50it/s]
3313it [00:05, 828.95it/s]
3397it [00:05, 828.00it/s]
3481it [00:05, 829.69it/s]
3566it [00:05, 831.35it/s]
3650it [00:05, 811.00it/s]
3741it [00:05, 838.37it/s]
3829it [00:05, 848.86it/s]
3915it [00:05, 843.84it/s]
4000it [00:06, 823.07it/s]
4090it [00:06, 843.88it/s]
4176it [00:06, 846.04it/s]
4261it [00:06, 840.94it/s]
4346it [00:06, 837.46it/s]
4430it [00:06, 825.78it/s]
4513it [00:06, 806.62it/s]
4594it [00:06, 762.78it/s]
4671it [00:06, 739.62it/s]
4746it [00:07, 723.27it/s]
4820it [00:07, 725.30it/s]
4895it [00:07, 731.42it/s]
4983it [00:07, 774.24it/s]
5064it [00:07, 783.38it/s]
5143it [00:07, 714.56it/s]
5226it [00:07, 745.03it/s]
5305it [00:07, 757.39it/s]
5382it [00:07, 732.33it/s]
5458it [00:07, 739.40it/s]
5533it [00:08, 733.57it/s]
5607it [00:08, 730.85it/s]
5683it [00:08, 736.25it/s]
5768it [00:08, 768.90it/s]
5851it [00:08, 785.55it/s]
5930it [00:08, 768.06it/s]
6007it [00:08, 721.00it/s]
6080it [00:08, 694.94it/s]
6151it [00:08, 695.79it/s]
6223it [00:09, 699.43it/s]
6299it [00:09, 708.40it/s]
6384it [00:09, 745.28it/s]
6463it [00:09, 758.25it/s]
6540it [00:09, 759.26it/s]
6623it [00:09, 777.44it/s]
6706it [00:09, 792.88it/s]
6803it [00:09, 843.89it/s]
6888it [00:09, 823.81it/s]
6982it [00:09, 855.95it/s]
7068it [00:10, 847.59it/s]
7166it [00:10, 886.46it/s]
7262it [00:10, 906.56it/s]
7353it [00:10, 895.41it/s]
7443it [00:10, 725.95it/s]
7533it [00:10, 769.25it/s]
7621it [00:10, 795.94it/s]
7716it [00:10, 837.27it/s]
7804it [00:10, 846.05it/s]
7891it [00:11, 817.17it/s]
7983it [00:11, 836.38it/s]
8068it [00:11, 801.03it/s]
8150it [00:11, 792.24it/s]
8232it [00:11, 798.24it/s]
8313it [00:11, 739.82it/s]
8392it [00:11, 749.23it/s]
8468it [00:11, 680.43it/s]
8545it [00:11, 701.10it/s]
8627it [00:12, 732.05it/s]
8702it [00:12, 729.21it/s]
8783it [00:12, 752.12it/s]
8864it [00:12, 761.35it/s]
8943it [00:12, 766.38it/s]
9021it [00:12, 714.92it/s]
9097it [00:12, 726.94it/s]
9179it [00:12, 753.13it/s]
9255it [00:12, 743.31it/s]
9337it [00:12, 760.29it/s]
9418it [00:13, 773.96it/s]
9499it [00:13, 783.52it/s]
9578it [00:13, 781.33it/s]
9661it [00:13, 795.69it/s]
9741it [00:13, 795.55it/s]
9821it [00:13, 795.15it/s]
9901it [00:13, 775.36it/s]
9979it [00:13, 744.03it/s]
10000it [00:13, 722.06it/s]
Experiment stage: Done
Results saved to:  /home/dzh/project/vdtuner/vector-db-benchmark-master/results
>>> [Step 5] 收尾工作...
    监控日志已保存。
📊 测试结果摘要:
0.9996200000000001
716.8965388780691
0.006223399005830286
line1:  0.006223399005830286
line1:  716.8965388780691
line1:  0.9996200000000001
numeric_values:  [0.006223399005830286, 716.8965388780691, 0.9996200000000001]
[52] 4536 0.9996200000000001 0.006223399005830286 91
/bin/sh: 1: Syntax error: "(" unexpected
/data/dzh/venv/lib/python3.10/site-packages/botorch/acquisition/multi_objective/monte_carlo.py:110: NumericsWarning: qExpectedHypervolumeImprovement has known numerical issues that lead to suboptimal optimization performance. It is strongly recommended to simply replace

	 qExpectedHypervolumeImprovement 	 --> 	 qLogExpectedHypervolumeImprovement 

instead, which fixes the issues and has the same API. See https://arxiv.org/abs/2310.20708 for details.
  legacy_ei_numerics_warning(legacy_name=type(self).__name__)
--- DEBUG: Starting command:---
=======================================
🛠️  开始测试流程
Engine: milvus-p10 | Dataset: random-range-2048-angular-no-filters
=======================================
>>> [Step 1] 启动后台监控...
    监控进程 PID: 214335
>>> [Step 2] 重置 Milvus...
 Container milvus-standalone  Stopping
 Container milvus-standalone  Stopped
 Container milvus-standalone  Removing
 Container milvus-standalone  Removed
 Container milvus-minio  Stopping
 Container milvus-etcd  Stopping
 Container milvus-etcd  Stopped
 Container milvus-etcd  Removing
 Container milvus-etcd  Removed
 Container milvus-minio  Stopped
 Container milvus-minio  Removing
 Container milvus-minio  Removed
 Network milvus  Removing
 Network milvus  Removed
    🧹 清理宿主机数据目录: /home/dzh/project/vdtuner/vector-db-benchmark-master/engine/servers/milvus-single-node/volumes
 Network milvus  Creating
 Network milvus  Created
 Container milvus-etcd  Creating
 Container milvus-minio  Creating
 Container milvus-etcd  Created
 Container milvus-minio  Created
 Container milvus-standalone  Creating
 Container milvus-standalone  Created
 Container milvus-etcd  Starting
 Container milvus-minio  Starting
 Container milvus-minio  Started
 Container milvus-etcd  Started
 Container milvus-standalone  Starting
 Container milvus-standalone  Started
>>> [Step 3] 等待服务启动 (90s)...
    等待中... (10s/120s)
    ✅ Milvus 服务已就绪
>>> [Step 4] 运行 Benchmark...
Running experiment: milvus-p10 - random-range-2048-angular-no-filters
established connection
/home/dzh/project/vdtuner/vector-db-benchmark-master/datasets/random-range-2048-angular/random_float_100k_no_filters already exists
Experiment stage: Configure
Experiment stage: Upload

0it [00:00, ?it/s]
1it [00:00,  1.70it/s]
64it [00:00, 81.52it/s]
704it [00:01, 1051.75it/s]
991it [00:01, 1302.78it/s]
1250it [00:01, 1483.50it/s]
1491it [00:01, 1619.57it/s]
1792it [00:01, 1909.24it/s]
2304it [00:01, 2671.60it/s]
2633it [00:01, 2724.27it/s]
3072it [00:01, 3005.51it/s]
3581it [00:01, 3549.65it/s]
4416it [00:02, 4834.05it/s]
5504it [00:02, 6496.96it/s]
6528it [00:02, 7482.13it/s]
7563it [00:02, 8303.43it/s]
8512it [00:02, 8578.19it/s]
9472it [00:02, 8715.28it/s]
10496it [00:02, 9026.84it/s]
11520it [00:02, 9335.15it/s]
12468it [00:02, 9376.79it/s]
13411it [00:02, 9387.75it/s]
14400it [00:03, 9475.85it/s]
15424it [00:03, 9651.78it/s]
16448it [00:03, 9745.77it/s]
17424it [00:03, 9701.68it/s]
18395it [00:03, 6894.97it/s]
19328it [00:03, 7414.41it/s]
20352it [00:03, 8066.30it/s]
21312it [00:03, 8457.50it/s]
22235it [00:04, 8666.14it/s]
23232it [00:04, 8938.83it/s]
24256it [00:04, 9215.10it/s]
25216it [00:04, 9192.10it/s]
26240it [00:04, 9388.38it/s]
27200it [00:04, 9399.64it/s]
28149it [00:04, 9387.74it/s]
29094it [00:04, 9365.50it/s]
30080it [00:04, 9400.45it/s]
31056it [00:04, 9505.44it/s]
32009it [00:05, 9399.26it/s]
33024it [00:05, 9485.37it/s]
33974it [00:05, 6511.73it/s]
34880it [00:05, 7070.19it/s]
35904it [00:05, 7762.06it/s]
36864it [00:05, 8219.08it/s]
37871it [00:05, 8711.77it/s]
38798it [00:05, 8810.32it/s]
39719it [00:06, 8796.23it/s]
40627it [00:06, 8580.79it/s]
41536it [00:06, 8697.40it/s]
42560it [00:06, 9089.58it/s]
43520it [00:06, 9212.46it/s]
44450it [00:06, 9123.34it/s]
45369it [00:06, 8834.39it/s]
46258it [00:06, 8552.37it/s]
47285it [00:06, 9038.17it/s]
48195it [00:07, 5649.41it/s]
49024it [00:07, 6139.58it/s]
49920it [00:07, 6753.91it/s]
50816it [00:07, 7253.06it/s]
51712it [00:07, 7685.45it/s]
52672it [00:07, 8132.79it/s]
53539it [00:07, 8170.85it/s]
54464it [00:07, 8460.41it/s]
55360it [00:08, 8498.45it/s]
56256it [00:08, 8565.77it/s]
57216it [00:08, 8756.84it/s]
58112it [00:08, 8677.55it/s]
59041it [00:08, 8845.30it/s]
59932it [00:08, 8743.03it/s]
60864it [00:08, 8892.70it/s]
61821it [00:08, 9090.96it/s]
62733it [00:09, 6170.45it/s]
63680it [00:09, 6832.73it/s]
64512it [00:09, 7181.90it/s]
65408it [00:09, 7626.09it/s]
66358it [00:09, 8125.33it/s]
67224it [00:09, 8209.71it/s]
68083it [00:09, 8233.81it/s]
68933it [00:09, 8050.73it/s]
69760it [00:09, 8011.48it/s]
70592it [00:09, 8044.27it/s]
71488it [00:10, 8255.75it/s]
72349it [00:10, 8357.75it/s]
73216it [00:10, 8339.11it/s]
74112it [00:10, 8375.95it/s]
75008it [00:10, 8481.29it/s]
75904it [00:10, 8608.25it/s]
76880it [00:10, 8946.76it/s]
77777it [00:10, 6970.64it/s]
78720it [00:10, 7497.51it/s]
79616it [00:11, 7834.69it/s]
80534it [00:11, 8196.20it/s]
81408it [00:11, 8284.68it/s]
82304it [00:11, 8418.48it/s]
83200it [00:11, 8471.88it/s]
84061it [00:11, 8443.72it/s]
84961it [00:11, 8604.62it/s]
85829it [00:11, 8597.84it/s]
86720it [00:11, 8587.11it/s]
87616it [00:11, 8639.87it/s]
88512it [00:12, 8683.99it/s]
89408it [00:12, 8742.74it/s]
90304it [00:12, 8717.70it/s]
91200it [00:12, 8727.82it/s]
92096it [00:12, 8784.03it/s]
92975it [00:12, 8280.45it/s]
93888it [00:12, 8469.23it/s]
94740it [00:12, 8483.69it/s]
95680it [00:12, 8710.19it/s]
96576it [00:13, 8769.98it/s]
97456it [00:13, 8576.51it/s]
98353it [00:13, 8690.50it/s]
99224it [00:13, 8684.41it/s]
100000it [00:13, 7453.05it/s]
Upload time: 13.796445412095636
Total import time: 43.81756400922313
Experiment stage: Search

0it [00:00, ?it/s]
4it [00:00,  5.06it/s]
13it [00:00, 16.01it/s]
53it [00:01, 78.16it/s]
92it [00:01, 134.40it/s]
181it [00:01, 291.70it/s]
272it [00:01, 433.36it/s]
357it [00:01, 536.01it/s]
450it [00:01, 637.24it/s]
546it [00:01, 723.95it/s]
640it [00:01, 783.48it/s]
733it [00:01, 823.88it/s]
822it [00:01, 842.73it/s]
911it [00:02, 837.45it/s]
998it [00:02, 843.12it/s]
1085it [00:02, 837.40it/s]
1183it [00:02, 878.35it/s]
1283it [00:02, 912.16it/s]
1376it [00:02, 901.74it/s]
1467it [00:02, 898.13it/s]
1563it [00:02, 914.99it/s]
1657it [00:02, 921.65it/s]
1750it [00:03, 918.27it/s]
1842it [00:03, 859.42it/s]
1929it [00:03, 856.01it/s]
2016it [00:03, 840.66it/s]
2101it [00:03, 824.21it/s]
2186it [00:03, 830.46it/s]
2270it [00:03, 814.73it/s]
2357it [00:03, 826.78it/s]
2440it [00:03, 782.50it/s]
2519it [00:03, 774.64it/s]
2597it [00:04, 774.92it/s]
2685it [00:04, 804.02it/s]
2772it [00:04, 822.89it/s]
2861it [00:04, 835.81it/s]
2948it [00:04, 845.58it/s]
3037it [00:04, 853.57it/s]
3123it [00:04, 812.83it/s]
3208it [00:04, 821.55it/s]
3293it [00:04, 828.06it/s]
3378it [00:05, 833.59it/s]
3462it [00:05, 815.49it/s]
3544it [00:05, 774.70it/s]
3626it [00:05, 787.26it/s]
3716it [00:05, 817.54it/s]
3803it [00:05, 832.43it/s]
3889it [00:05, 835.44it/s]
3973it [00:05, 833.52it/s]
4057it [00:05, 817.82it/s]
4142it [00:05, 826.61it/s]
4225it [00:06, 813.46it/s]
4311it [00:06, 826.27it/s]
4394it [00:06, 819.70it/s]
4479it [00:06, 827.94it/s]
4567it [00:06, 841.44it/s]
4652it [00:06, 842.44it/s]
4737it [00:06, 813.40it/s]
4821it [00:06, 819.46it/s]
4918it [00:06, 863.14it/s]
5011it [00:06, 882.05it/s]
5100it [00:07, 828.87it/s]
5186it [00:07, 835.48it/s]
5272it [00:07, 839.86it/s]
5358it [00:07, 799.25it/s]
5439it [00:07, 799.78it/s]
5520it [00:07, 782.30it/s]
5613it [00:07, 823.71it/s]
5701it [00:07, 839.67it/s]
5787it [00:07, 845.04it/s]
5883it [00:08, 876.89it/s]
5971it [00:08, 876.24it/s]
6059it [00:08, 861.74it/s]
6163it [00:08, 913.48it/s]
6260it [00:08, 927.42it/s]
6360it [00:08, 947.95it/s]
6456it [00:08, 950.05it/s]
6552it [00:08, 884.48it/s]
6642it [00:08, 842.94it/s]
6728it [00:09, 784.89it/s]
6819it [00:09, 817.58it/s]
6913it [00:09, 849.72it/s]
7009it [00:09, 878.74it/s]
7101it [00:09, 886.84it/s]
7191it [00:09, 882.17it/s]
7282it [00:09, 889.07it/s]
7372it [00:09, 848.69it/s]
7458it [00:09, 817.41it/s]
7544it [00:09, 827.88it/s]
7631it [00:10, 839.28it/s]
7716it [00:10, 794.03it/s]
7800it [00:10, 806.84it/s]
7888it [00:10, 826.90it/s]
7973it [00:10, 831.93it/s]
8059it [00:10, 838.91it/s]
8145it [00:10, 843.96it/s]
8238it [00:10, 868.18it/s]
8325it [00:10, 826.33it/s]
8409it [00:11, 808.43it/s]
8491it [00:11, 760.62it/s]
8578it [00:11, 788.47it/s]
8665it [00:11, 809.92it/s]
8755it [00:11, 824.12it/s]
8845it [00:11, 844.52it/s]
8930it [00:11, 831.30it/s]
9018it [00:11, 844.88it/s]
9115it [00:11, 881.45it/s]
9213it [00:11, 909.53it/s]
9305it [00:12, 893.96it/s]
9395it [00:12, 860.77it/s]
9482it [00:12, 821.76it/s]
9570it [00:12, 836.38it/s]
9659it [00:12, 849.90it/s]
9745it [00:12, 848.89it/s]
9837it [00:12, 864.19it/s]
9924it [00:12, 850.35it/s]
10000it [00:12, 776.64it/s]
Experiment stage: Done
Results saved to:  /home/dzh/project/vdtuner/vector-db-benchmark-master/results
>>> [Step 5] 收尾工作...
    监控日志已保存。
📊 测试结果摘要:
0.99959
770.8639136725794
0.005872443644329905
line1:  0.005872443644329905
line1:  770.8639136725794
line1:  0.99959
numeric_values:  [0.005872443644329905, 770.8639136725794, 0.99959]
[53] 4626 0.99959 0.005872443644329905 90
/bin/sh: 1: Syntax error: "(" unexpected
/data/dzh/venv/lib/python3.10/site-packages/botorch/acquisition/multi_objective/monte_carlo.py:110: NumericsWarning: qExpectedHypervolumeImprovement has known numerical issues that lead to suboptimal optimization performance. It is strongly recommended to simply replace

	 qExpectedHypervolumeImprovement 	 --> 	 qLogExpectedHypervolumeImprovement 

instead, which fixes the issues and has the same API. See https://arxiv.org/abs/2310.20708 for details.
  legacy_ei_numerics_warning(legacy_name=type(self).__name__)
--- DEBUG: Starting command:---
=======================================
🛠️  开始测试流程
Engine: milvus-p10 | Dataset: random-range-2048-angular-no-filters
=======================================
>>> [Step 1] 启动后台监控...
    监控进程 PID: 238972
>>> [Step 2] 重置 Milvus...
 Container milvus-standalone  Stopping
 Container milvus-standalone  Stopped
 Container milvus-standalone  Removing
 Container milvus-standalone  Removed
 Container milvus-minio  Stopping
 Container milvus-etcd  Stopping
 Container milvus-etcd  Stopped
 Container milvus-etcd  Removing
 Container milvus-etcd  Removed
 Container milvus-minio  Stopped
 Container milvus-minio  Removing
 Container milvus-minio  Removed
 Network milvus  Removing
 Network milvus  Removed
    🧹 清理宿主机数据目录: /home/dzh/project/vdtuner/vector-db-benchmark-master/engine/servers/milvus-single-node/volumes
 Network milvus  Creating
 Network milvus  Created
 Container milvus-minio  Creating
 Container milvus-etcd  Creating
 Container milvus-etcd  Created
 Container milvus-minio  Created
 Container milvus-standalone  Creating
 Container milvus-standalone  Created
 Container milvus-minio  Starting
 Container milvus-etcd  Starting
 Container milvus-minio  Started
 Container milvus-etcd  Started
 Container milvus-standalone  Starting
 Container milvus-standalone  Started
>>> [Step 3] 等待服务启动 (90s)...
    等待中... (10s/120s)
    ✅ Milvus 服务已就绪
>>> [Step 4] 运行 Benchmark...
Running experiment: milvus-p10 - random-range-2048-angular-no-filters
established connection
/home/dzh/project/vdtuner/vector-db-benchmark-master/datasets/random-range-2048-angular/random_float_100k_no_filters already exists
Experiment stage: Configure
Experiment stage: Upload

0it [00:00, ?it/s]
1it [00:00,  1.77it/s]
64it [00:00, 77.55it/s]
698it [00:01, 1005.27it/s]
993it [00:01, 1149.82it/s]
1344it [00:01, 1556.30it/s]
1728it [00:01, 1963.58it/s]
2047it [00:01, 2230.08it/s]
2352it [00:01, 2289.42it/s]
2638it [00:01, 2339.00it/s]
3328it [00:01, 3412.41it/s]
4096it [00:02, 4453.22it/s]
4928it [00:02, 5465.45it/s]
5952it [00:02, 6775.64it/s]
6980it [00:02, 7764.98it/s]
8000it [00:02, 8446.63it/s]
9024it [00:02, 8893.61it/s]
10026it [00:02, 9221.52it/s]
11008it [00:02, 9312.82it/s]
11970it [00:02, 9402.59it/s]
12992it [00:02, 9512.15it/s]
13982it [00:03, 9625.71it/s]
14976it [00:03, 9598.49it/s]
16000it [00:03, 9693.23it/s]
16972it [00:03, 6079.71it/s]
17920it [00:03, 6785.20it/s]
18944it [00:03, 7493.74it/s]
19904it [00:03, 7980.23it/s]
20928it [00:03, 8524.71it/s]
21913it [00:04, 8880.08it/s]
22912it [00:04, 9077.87it/s]
23932it [00:04, 9393.36it/s]
24902it [00:04, 9286.72it/s]
25856it [00:04, 9353.28it/s]
26816it [00:04, 9408.27it/s]
27776it [00:04, 9403.90it/s]
28800it [00:04, 9523.67it/s]
29760it [00:04, 9523.59it/s]
30784it [00:05, 9629.60it/s]
31750it [00:05, 9383.62it/s]
32692it [00:05, 6109.20it/s]
33600it [00:05, 6711.99it/s]
34560it [00:05, 7372.49it/s]
35456it [00:05, 7653.61it/s]
36301it [00:05, 7742.06it/s]
37132it [00:05, 7718.07it/s]
37952it [00:06, 7743.37it/s]
38784it [00:06, 7850.77it/s]
39616it [00:06, 7895.36it/s]
40420it [00:06, 7808.19it/s]
41344it [00:06, 8111.23it/s]
42240it [00:06, 8282.42it/s]
43153it [00:06, 8526.76it/s]
44032it [00:06, 8496.00it/s]
44958it [00:06, 8718.68it/s]
45888it [00:06, 8789.03it/s]
46861it [00:07, 9065.01it/s]
47770it [00:07, 6269.94it/s]
48713it [00:07, 6983.43it/s]
49664it [00:07, 7531.49it/s]
50560it [00:07, 7823.10it/s]
51456it [00:07, 8105.17it/s]
52352it [00:07, 8273.57it/s]
53248it [00:07, 8408.40it/s]
54158it [00:08, 8604.71it/s]
55104it [00:08, 8754.38it/s]
56064it [00:08, 8854.37it/s]
56959it [00:08, 8721.37it/s]
57838it [00:08, 8592.77it/s]
58702it [00:08, 8420.84it/s]
59584it [00:08, 8437.45it/s]
60431it [00:08, 8412.23it/s]
61376it [00:08, 8627.99it/s]
62272it [00:08, 8686.17it/s]
63142it [00:09, 6814.88it/s]
64064it [00:09, 7324.73it/s]
65024it [00:09, 7832.39it/s]
65957it [00:09, 8233.01it/s]
66866it [00:09, 8469.63it/s]
67740it [00:09, 8512.08it/s]
68672it [00:09, 8677.53it/s]
69568it [00:09, 8702.35it/s]
70464it [00:09, 8747.20it/s]
71360it [00:10, 8739.37it/s]
72317it [00:10, 8982.78it/s]
73220it [00:10, 8715.11it/s]
74112it [00:10, 8637.10it/s]
75072it [00:10, 8787.07it/s]
75968it [00:10, 8825.40it/s]
76881it [00:10, 8913.93it/s]
77774it [00:10, 7698.82it/s]
78574it [00:10, 7722.11it/s]
79424it [00:11, 7926.34it/s]
80233it [00:11, 7953.38it/s]
81150it [00:11, 8300.92it/s]
81990it [00:11, 8295.87it/s]
82944it [00:11, 8569.08it/s]
83806it [00:11, 8364.36it/s]
84672it [00:11, 8389.15it/s]
85610it [00:11, 8676.80it/s]
86481it [00:11, 8612.14it/s]
87360it [00:11, 8581.38it/s]
88290it [00:12, 8792.04it/s]
89171it [00:12, 8599.63it/s]
90062it [00:12, 8689.98it/s]
90933it [00:12, 8602.14it/s]
91810it [00:12, 8650.72it/s]
92736it [00:12, 8759.31it/s]
93613it [00:12, 7887.40it/s]
94528it [00:12, 8232.33it/s]
95424it [00:12, 8311.37it/s]
96385it [00:13, 8679.15it/s]
97263it [00:13, 8697.60it/s]
98176it [00:13, 8765.33it/s]
99072it [00:13, 8792.28it/s]
100000it [00:13, 7437.13it/s]
Upload time: 13.858210172969848
Total import time: 43.88511959183961
Experiment stage: Search

0it [00:00, ?it/s]
4it [00:00,  5.07it/s]
12it [00:00, 16.20it/s]
41it [00:01, 63.70it/s]
81it [00:01, 130.23it/s]
140it [00:01, 231.69it/s]
227it [00:01, 384.29it/s]
322it [00:01, 527.65it/s]
395it [00:01, 580.19it/s]
484it [00:01, 665.13it/s]
567it [00:01, 710.49it/s]
645it [00:01, 637.42it/s]
739it [00:01, 715.86it/s]
816it [00:02, 728.57it/s]
893it [00:02, 699.38it/s]
967it [00:02, 710.51it/s]
1041it [00:02, 700.49it/s]
1125it [00:02, 737.43it/s]
1201it [00:02, 740.48it/s]
1277it [00:02, 699.22it/s]
1348it [00:02, 617.53it/s]
1432it [00:02, 675.24it/s]
1513it [00:03, 710.42it/s]
1587it [00:03, 680.73it/s]
1668it [00:03, 715.32it/s]
1761it [00:03, 764.48it/s]
1839it [00:03, 754.39it/s]
1931it [00:03, 800.85it/s]
2012it [00:03, 778.54it/s]
2097it [00:03, 796.09it/s]
2181it [00:03, 802.00it/s]
2262it [00:04, 770.51it/s]
2351it [00:04, 802.04it/s]
2432it [00:04, 803.94it/s]
2513it [00:04, 801.50it/s]
2594it [00:04, 780.52it/s]
2673it [00:04, 766.57it/s]
2750it [00:04, 724.60it/s]
2823it [00:04, 691.84it/s]
2906it [00:04, 727.61it/s]
2983it [00:04, 739.19it/s]
3063it [00:05, 755.45it/s]
3149it [00:05, 784.13it/s]
3237it [00:05, 810.98it/s]
3319it [00:05, 787.85it/s]
3399it [00:05, 772.50it/s]
3488it [00:05, 805.78it/s]
3578it [00:05, 804.75it/s]
3662it [00:05, 811.85it/s]
3744it [00:05, 811.75it/s]
3828it [00:06, 818.54it/s]
3910it [00:06, 790.13it/s]
4000it [00:06, 821.21it/s]
4097it [00:06, 864.32it/s]
4184it [00:06, 823.04it/s]
4267it [00:06, 792.31it/s]
4347it [00:06, 768.13it/s]
4425it [00:06, 753.41it/s]
4505it [00:06, 766.34it/s]
4595it [00:07, 797.33it/s]
4680it [00:07, 810.99it/s]
4766it [00:07, 824.30it/s]
4851it [00:07, 830.64it/s]
4938it [00:07, 841.78it/s]
5033it [00:07, 873.83it/s]
5131it [00:07, 900.68it/s]
5231it [00:07, 928.96it/s]
5324it [00:07, 906.28it/s]
5415it [00:07, 864.78it/s]
5502it [00:08, 865.68it/s]
5590it [00:08, 864.84it/s]
5677it [00:08, 852.51it/s]
5766it [00:08, 863.35it/s]
5853it [00:08, 850.53it/s]
5955it [00:08, 898.90it/s]
6056it [00:08, 931.50it/s]
6161it [00:08, 965.19it/s]
6266it [00:08, 988.86it/s]
6371it [00:08, 1004.70it/s]
6472it [00:09, 960.98it/s] 
6569it [00:09, 903.85it/s]
6661it [00:09, 844.86it/s]
6747it [00:09, 764.49it/s]
6839it [00:09, 803.86it/s]
6922it [00:09, 696.62it/s]
6996it [00:09, 697.18it/s]
7069it [00:09, 676.02it/s]
7148it [00:10, 704.34it/s]
7227it [00:10, 726.48it/s]
7316it [00:10, 770.76it/s]
7395it [00:10, 708.23it/s]
7473it [00:10, 726.61it/s]
7548it [00:10, 715.84it/s]
7635it [00:10, 758.33it/s]
7712it [00:10, 756.47it/s]
7795it [00:10, 776.88it/s]
7874it [00:11, 752.80it/s]
7950it [00:11, 722.70it/s]
8033it [00:11, 744.07it/s]
8111it [00:11, 727.54it/s]
8186it [00:11, 720.33it/s]
8281it [00:11, 783.95it/s]
8360it [00:11, 772.31it/s]
8439it [00:11, 774.07it/s]
8517it [00:11, 722.79it/s]
8593it [00:11, 730.65it/s]
8685it [00:12, 784.39it/s]
8765it [00:12, 778.65it/s]
8850it [00:12, 798.80it/s]
8938it [00:12, 813.54it/s]
9020it [00:12, 795.02it/s]
9100it [00:12, 778.81it/s]
9179it [00:12, 773.30it/s]
9257it [00:12, 769.30it/s]
9342it [00:12, 791.57it/s]
9422it [00:13, 747.87it/s]
9498it [00:13, 731.68it/s]
9574it [00:13, 738.29it/s]
9649it [00:13, 736.46it/s]
9723it [00:13, 727.26it/s]
9797it [00:13, 730.13it/s]
9871it [00:13, 714.39it/s]
9943it [00:13, 687.33it/s]
10000it [00:13, 720.64it/s]
Experiment stage: Done
Results saved to:  /home/dzh/project/vdtuner/vector-db-benchmark-master/results
>>> [Step 5] 收尾工作...
    监控日志已保存。
📊 测试结果摘要:
0.9995
714.3750803067244
0.006693177251145242
line1:  0.006693177251145242
line1:  714.3750803067244
line1:  0.9995
numeric_values:  [0.006693177251145242, 714.3750803067244, 0.9995]
[54] 4718 0.9995 0.006693177251145242 91
/bin/sh: 1: Syntax error: "(" unexpected
/data/dzh/venv/lib/python3.10/site-packages/botorch/acquisition/multi_objective/monte_carlo.py:110: NumericsWarning: qExpectedHypervolumeImprovement has known numerical issues that lead to suboptimal optimization performance. It is strongly recommended to simply replace

	 qExpectedHypervolumeImprovement 	 --> 	 qLogExpectedHypervolumeImprovement 

instead, which fixes the issues and has the same API. See https://arxiv.org/abs/2310.20708 for details.
  legacy_ei_numerics_warning(legacy_name=type(self).__name__)
--- DEBUG: Starting command:---
=======================================
🛠️  开始测试流程
Engine: milvus-p10 | Dataset: random-range-2048-angular-no-filters
=======================================
>>> [Step 1] 启动后台监控...
    监控进程 PID: 262952
>>> [Step 2] 重置 Milvus...
 Container milvus-standalone  Stopping
 Container milvus-standalone  Stopped
 Container milvus-standalone  Removing
 Container milvus-standalone  Removed
 Container milvus-etcd  Stopping
 Container milvus-minio  Stopping
 Container milvus-etcd  Stopped
 Container milvus-etcd  Removing
 Container milvus-etcd  Removed
 Container milvus-minio  Stopped
 Container milvus-minio  Removing
 Container milvus-minio  Removed
 Network milvus  Removing
 Network milvus  Removed
    🧹 清理宿主机数据目录: /home/dzh/project/vdtuner/vector-db-benchmark-master/engine/servers/milvus-single-node/volumes
 Network milvus  Creating
 Network milvus  Created
 Container milvus-etcd  Creating
 Container milvus-minio  Creating
 Container milvus-etcd  Created
 Container milvus-minio  Created
 Container milvus-standalone  Creating
 Container milvus-standalone  Created
 Container milvus-etcd  Starting
 Container milvus-minio  Starting
 Container milvus-minio  Started
 Container milvus-etcd  Started
 Container milvus-standalone  Starting
 Container milvus-standalone  Started
>>> [Step 3] 等待服务启动 (90s)...
    等待中... (10s/120s)
    ✅ Milvus 服务已就绪
>>> [Step 4] 运行 Benchmark...
Running experiment: milvus-p10 - random-range-2048-angular-no-filters
established connection
/home/dzh/project/vdtuner/vector-db-benchmark-master/datasets/random-range-2048-angular/random_float_100k_no_filters already exists
Experiment stage: Configure
Experiment stage: Upload

0it [00:00, ?it/s]
1it [00:01,  1.23s/it]
768it [00:01, 798.02it/s]
1208it [00:01, 1200.07it/s]
1590it [00:01, 1370.98it/s]
1953it [00:01, 1704.32it/s]
2270it [00:01, 1708.01it/s]
2733it [00:02, 2240.98it/s]
3091it [00:02, 2517.69it/s]
3840it [00:02, 3620.25it/s]
4736it [00:02, 4895.02it/s]
5632it [00:02, 5910.08it/s]
6528it [00:02, 6715.70it/s]
7488it [00:02, 7499.95it/s]
8576it [00:02, 8375.22it/s]
9600it [00:02, 8872.86it/s]
10615it [00:02, 9241.83it/s]
11584it [00:03, 9360.84it/s]
12544it [00:03, 9297.84it/s]
13504it [00:03, 9254.72it/s]
14577it [00:03, 9685.47it/s]
15553it [00:03, 9537.67it/s]
16513it [00:03, 6733.00it/s]
17501it [00:03, 7448.59it/s]
18432it [00:03, 7902.14it/s]
19447it [00:04, 8484.57it/s]
20363it [00:04, 8615.88it/s]
21376it [00:04, 9001.57it/s]
22336it [00:04, 9157.37it/s]
23296it [00:04, 9211.83it/s]
24261it [00:04, 9338.60it/s]
25209it [00:04, 9368.71it/s]
26156it [00:04, 9269.09it/s]
27090it [00:04, 8627.56it/s]
27966it [00:04, 8515.50it/s]
28827it [00:05, 8460.40it/s]
29760it [00:05, 8593.17it/s]
30784it [00:05, 8953.03it/s]
31683it [00:05, 5724.33it/s]
32640it [00:05, 6491.83it/s]
33600it [00:05, 7181.28it/s]
34561it [00:05, 7776.27it/s]
35555it [00:06, 8337.24it/s]
36480it [00:06, 8539.66it/s]
37472it [00:06, 8922.47it/s]
38406it [00:06, 8971.78it/s]
39360it [00:06, 9044.94it/s]
40320it [00:06, 9110.44it/s]
41246it [00:06, 9083.84it/s]
42176it [00:06, 9070.91it/s]
43091it [00:06, 8816.30it/s]
43979it [00:06, 8789.32it/s]
44869it [00:07, 8821.08it/s]
45824it [00:07, 8623.03it/s]
46690it [00:07, 8017.51it/s]
47613it [00:07, 8350.57it/s]
48458it [00:07, 8351.63it/s]
49344it [00:07, 8440.96it/s]
50194it [00:07, 8032.50it/s]
51136it [00:07, 8332.04it/s]
52051it [00:07, 8564.27it/s]
52928it [00:08, 8580.65it/s]
53824it [00:08, 8598.21it/s]
54687it [00:08, 8432.89it/s]
55616it [00:08, 8650.50it/s]
56537it [00:08, 8813.49it/s]
57472it [00:08, 8832.45it/s]
58357it [00:08, 8835.25it/s]
59264it [00:08, 8785.66it/s]
60224it [00:08, 8914.30it/s]
61120it [00:08, 8459.06it/s]
61971it [00:09, 7942.46it/s]
62848it [00:09, 8160.62it/s]
63808it [00:09, 8451.02it/s]
64768it [00:09, 8681.11it/s]
65664it [00:09, 8755.98it/s]
66548it [00:09, 8779.72it/s]
67429it [00:09, 8625.61it/s]
68294it [00:09, 8295.68it/s]
69248it [00:09, 8542.19it/s]
70208it [00:10, 8774.91it/s]
71104it [00:10, 8807.28it/s]
72000it [00:10, 8755.52it/s]
72896it [00:10, 8694.95it/s]
73767it [00:10, 8697.38it/s]
74688it [00:10, 8769.10it/s]
75648it [00:10, 8882.61it/s]
76537it [00:10, 7648.64it/s]
77440it [00:10, 7897.91it/s]
78272it [00:10, 7950.43it/s]
79104it [00:11, 8024.91it/s]
80000it [00:11, 8200.95it/s]
80829it [00:11, 7535.94it/s]
81598it [00:11, 7290.35it/s]
82432it [00:11, 7555.38it/s]
83328it [00:11, 7869.43it/s]
84288it [00:11, 8237.22it/s]
85184it [00:11, 8338.80it/s]
86023it [00:11, 8303.16it/s]
86912it [00:12, 8457.25it/s]
87761it [00:12, 8218.80it/s]
88586it [00:12, 8163.01it/s]
89454it [00:12, 8312.68it/s]
90321it [00:12, 8416.71it/s]
91165it [00:12, 7637.85it/s]
91968it [00:12, 7708.54it/s]
92864it [00:12, 7999.37it/s]
93760it [00:12, 8176.87it/s]
94703it [00:13, 8536.57it/s]
95563it [00:13, 8445.42it/s]
96448it [00:13, 8410.25it/s]
97344it [00:13, 8503.47it/s]
98197it [00:13, 8500.36it/s]
99122it [00:13, 8719.90it/s]
100000it [00:13, 7337.17it/s]
Upload time: 14.036959387827665
Total import time: 44.26758523192257
Experiment stage: Search

0it [00:00, ?it/s]
4it [00:00,  5.03it/s]
14it [00:00, 19.08it/s]
28it [00:01, 40.07it/s]
89it [00:01, 152.87it/s]
170it [00:01, 296.10it/s]
260it [00:01, 439.24it/s]
335it [00:01, 517.95it/s]
415it [00:01, 590.94it/s]
501it [00:01, 662.65it/s]
576it [00:01, 680.67it/s]
650it [00:01, 671.86it/s]
728it [00:01, 701.39it/s]
808it [00:02, 729.61it/s]
893it [00:02, 756.12it/s]
971it [00:02, 703.63it/s]
1062it [00:02, 759.98it/s]
1140it [00:02, 745.38it/s]
1225it [00:02, 767.47it/s]
1303it [00:02, 769.14it/s]
1392it [00:02, 803.67it/s]
1497it [00:02, 874.44it/s]
1589it [00:02, 887.77it/s]
1682it [00:03, 898.43it/s]
1773it [00:03, 863.50it/s]
1860it [00:03, 864.76it/s]
1950it [00:03, 873.58it/s]
2038it [00:03, 857.94it/s]
2137it [00:03, 895.84it/s]
2237it [00:03, 925.32it/s]
2335it [00:03, 940.50it/s]
2432it [00:03, 948.98it/s]
2528it [00:04, 875.48it/s]
2617it [00:04, 867.64it/s]
2705it [00:04, 837.99it/s]
2791it [00:04, 841.92it/s]
2879it [00:04, 851.08it/s]
2973it [00:04, 872.76it/s]
3061it [00:04, 855.29it/s]
3147it [00:04, 837.98it/s]
3239it [00:04, 860.79it/s]
3327it [00:04, 864.01it/s]
3414it [00:05, 852.35it/s]
3503it [00:05, 862.35it/s]
3590it [00:05, 829.59it/s]
3674it [00:05, 776.67it/s]
3757it [00:05, 789.74it/s]
3837it [00:05, 766.65it/s]
3926it [00:05, 800.73it/s]
4013it [00:05, 818.81it/s]
4112it [00:05, 861.43it/s]
4199it [00:06, 862.33it/s]
4286it [00:06, 837.60it/s]
4374it [00:06, 847.27it/s]
4464it [00:06, 861.50it/s]
4551it [00:06, 856.30it/s]
4637it [00:06, 834.46it/s]
4721it [00:06, 831.79it/s]
4815it [00:06, 862.92it/s]
4905it [00:06, 871.23it/s]
4993it [00:06, 856.97it/s]
5085it [00:07, 873.72it/s]
5174it [00:07, 877.62it/s]
5269it [00:07, 897.26it/s]
5368it [00:07, 923.40it/s]
5461it [00:07, 915.06it/s]
5553it [00:07, 892.22it/s]
5643it [00:07, 855.51it/s]
5729it [00:07, 855.46it/s]
5816it [00:07, 859.51it/s]
5903it [00:08, 806.85it/s]
5985it [00:08, 769.13it/s]
6065it [00:08, 775.24it/s]
6144it [00:08, 771.62it/s]
6225it [00:08, 780.11it/s]
6311it [00:08, 802.41it/s]
6394it [00:08, 810.13it/s]
6476it [00:08, 772.53it/s]
6561it [00:08, 793.16it/s]
6645it [00:08, 805.91it/s]
6727it [00:09, 808.94it/s]
6815it [00:09, 825.08it/s]
6900it [00:09, 830.90it/s]
6990it [00:09, 850.07it/s]
7084it [00:09, 875.74it/s]
7172it [00:09, 873.99it/s]
7260it [00:09, 841.55it/s]
7354it [00:09, 868.52it/s]
7442it [00:09, 866.12it/s]
7529it [00:09, 863.54it/s]
7616it [00:10, 847.91it/s]
7708it [00:10, 867.96it/s]
7798it [00:10, 877.13it/s]
7892it [00:10, 895.27it/s]
7994it [00:10, 932.12it/s]
8088it [00:10, 933.80it/s]
8182it [00:10, 912.79it/s]
8274it [00:10, 900.68it/s]
8365it [00:10, 839.83it/s]
8450it [00:11, 841.52it/s]
8535it [00:11, 838.64it/s]
8637it [00:11, 888.87it/s]
8732it [00:11, 904.97it/s]
8823it [00:11, 900.88it/s]
8914it [00:11, 875.91it/s]
9002it [00:11, 856.86it/s]
9089it [00:11, 859.10it/s]
9176it [00:11, 849.31it/s]
9264it [00:11, 858.09it/s]
9358it [00:12, 881.16it/s]
9447it [00:12, 853.20it/s]
9533it [00:12, 838.69it/s]
9621it [00:12, 850.43it/s]
9707it [00:12, 821.35it/s]
9790it [00:12, 800.92it/s]
9871it [00:12, 795.58it/s]
9951it [00:12, 775.20it/s]
10000it [00:12, 775.35it/s]
Experiment stage: Done
Results saved to:  /home/dzh/project/vdtuner/vector-db-benchmark-master/results
>>> [Step 5] 收尾工作...
    监控日志已保存。
📊 测试结果摘要:
0.9996799999999999
768.7362484166456
0.005797341582365332
line1:  0.005797341582365332
line1:  768.7362484166456
line1:  0.9996799999999999
numeric_values:  [0.005797341582365332, 768.7362484166456, 0.9996799999999999]
[55] 4809 0.9996799999999999 0.005797341582365332 91
/bin/sh: 1: Syntax error: "(" unexpected
/data/dzh/venv/lib/python3.10/site-packages/botorch/acquisition/multi_objective/monte_carlo.py:110: NumericsWarning: qExpectedHypervolumeImprovement has known numerical issues that lead to suboptimal optimization performance. It is strongly recommended to simply replace

	 qExpectedHypervolumeImprovement 	 --> 	 qLogExpectedHypervolumeImprovement 

instead, which fixes the issues and has the same API. See https://arxiv.org/abs/2310.20708 for details.
  legacy_ei_numerics_warning(legacy_name=type(self).__name__)
--- DEBUG: Starting command:---
=======================================
🛠️  开始测试流程
Engine: milvus-p10 | Dataset: random-range-2048-angular-no-filters
=======================================
>>> [Step 1] 启动后台监控...
    监控进程 PID: 282179
>>> [Step 2] 重置 Milvus...
 Container milvus-standalone  Stopping
 Container milvus-standalone  Stopped
 Container milvus-standalone  Removing
 Container milvus-standalone  Removed
 Container milvus-etcd  Stopping
 Container milvus-minio  Stopping
 Container milvus-etcd  Stopped
 Container milvus-etcd  Removing
 Container milvus-etcd  Removed
 Container milvus-minio  Stopped
 Container milvus-minio  Removing
 Container milvus-minio  Removed
 Network milvus  Removing
 Network milvus  Removed
    🧹 清理宿主机数据目录: /home/dzh/project/vdtuner/vector-db-benchmark-master/engine/servers/milvus-single-node/volumes
 Network milvus  Creating
 Network milvus  Created
 Container milvus-minio  Creating
 Container milvus-etcd  Creating
 Container milvus-etcd  Created
 Container milvus-minio  Created
 Container milvus-standalone  Creating
 Container milvus-standalone  Created
 Container milvus-minio  Starting
 Container milvus-etcd  Starting
 Container milvus-etcd  Started
 Container milvus-minio  Started
 Container milvus-standalone  Starting
 Container milvus-standalone  Started
>>> [Step 3] 等待服务启动 (90s)...
    等待中... (10s/120s)
    ✅ Milvus 服务已就绪
>>> [Step 4] 运行 Benchmark...
Running experiment: milvus-p10 - random-range-2048-angular-no-filters
established connection
/home/dzh/project/vdtuner/vector-db-benchmark-master/datasets/random-range-2048-angular/random_float_100k_no_filters already exists
Experiment stage: Configure
Experiment stage: Upload

0it [00:00, ?it/s]
1it [00:00,  1.66it/s]
64it [00:00, 91.44it/s]
128it [00:00, 184.30it/s]
640it [00:01, 1143.36it/s]
960it [00:01, 1563.94it/s]
1408it [00:01, 2168.26it/s]
1704it [00:01, 2052.01it/s]
2176it [00:01, 2627.96it/s]
2493it [00:01, 2400.49it/s]
3072it [00:01, 3154.01it/s]
3520it [00:01, 3453.92it/s]
4288it [00:02, 4523.43it/s]
5376it [00:02, 6205.52it/s]
6446it [00:02, 7450.23it/s]
7488it [00:02, 8267.28it/s]
8477it [00:02, 8733.52it/s]
9472it [00:02, 9047.09it/s]
10496it [00:02, 9327.63it/s]
11520it [00:02, 9511.97it/s]
12504it [00:02, 9607.65it/s]
13477it [00:02, 9643.11it/s]
14505it [00:03, 9831.55it/s]
15492it [00:03, 9767.40it/s]
16512it [00:03, 9870.90it/s]
17502it [00:03, 8666.88it/s]
18432it [00:03, 8809.91it/s]
19456it [00:03, 9096.90it/s]
20480it [00:03, 9323.98it/s]
21504it [00:03, 9480.57it/s]
22464it [00:03, 9477.65it/s]
23418it [00:04, 9392.59it/s]
24384it [00:04, 9395.14it/s]
25344it [00:04, 9403.18it/s]
26368it [00:04, 9599.48it/s]
27330it [00:04, 9601.17it/s]
28292it [00:04, 9605.23it/s]
29254it [00:04, 9596.92it/s]
30215it [00:04, 9566.78it/s]
31173it [00:04, 9498.05it/s]
32192it [00:04, 9593.60it/s]
33152it [00:05, 6068.38it/s]
34048it [00:05, 6636.29it/s]
34949it [00:05, 7180.51it/s]
35904it [00:05, 7713.55it/s]
36858it [00:05, 8187.74it/s]
37760it [00:05, 8323.68it/s]
38720it [00:05, 8628.75it/s]
39620it [00:05, 8592.21it/s]
40640it [00:06, 8976.21it/s]
41664it [00:06, 9226.92it/s]
42624it [00:06, 9300.66it/s]
43565it [00:06, 9331.78it/s]
44506it [00:06, 9030.61it/s]
45416it [00:06, 8628.90it/s]
46287it [00:06, 8450.49it/s]
47138it [00:06, 5927.23it/s]
48000it [00:07, 6494.43it/s]
49024it [00:07, 7319.26it/s]
49920it [00:07, 7711.67it/s]
50880it [00:07, 8184.33it/s]
51750it [00:07, 8294.80it/s]
52672it [00:07, 8436.82it/s]
53632it [00:07, 8731.25it/s]
54528it [00:07, 8788.36it/s]
55424it [00:07, 8824.64it/s]
56320it [00:07, 8734.51it/s]
57201it [00:08, 8678.30it/s]
58074it [00:08, 8543.20it/s]
58944it [00:08, 8505.89it/s]
59906it [00:08, 8830.75it/s]
60804it [00:08, 8874.42it/s]
61694it [00:08, 7144.34it/s]
62528it [00:08, 7421.73it/s]
63360it [00:08, 7633.03it/s]
64256it [00:08, 7877.98it/s]
65145it [00:09, 8159.28it/s]
66048it [00:09, 8342.68it/s]
66944it [00:09, 8421.31it/s]
67797it [00:09, 8389.87it/s]
68643it [00:09, 8103.39it/s]
69460it [00:09, 7971.05it/s]
70336it [00:09, 8172.14it/s]
71222it [00:09, 8371.00it/s]
72063it [00:09, 8205.48it/s]
72887it [00:10, 8110.19it/s]
73728it [00:10, 8084.18it/s]
74560it [00:10, 8102.55it/s]
75372it [00:10, 7985.35it/s]
76258it [00:10, 8239.47it/s]
77084it [00:10, 6213.81it/s]
77952it [00:10, 6730.87it/s]
78848it [00:10, 7257.04it/s]
79744it [00:10, 7691.84it/s]
80640it [00:11, 7975.05it/s]
81536it [00:11, 8226.93it/s]
82432it [00:11, 8341.79it/s]
83448it [00:11, 8862.67it/s]
84349it [00:11, 8738.78it/s]
85248it [00:11, 8745.51it/s]
86130it [00:11, 8743.24it/s]
87050it [00:11, 8876.57it/s]
87942it [00:11, 8620.38it/s]
88832it [00:11, 8618.05it/s]
89697it [00:12, 8484.10it/s]
90560it [00:12, 8476.13it/s]
91516it [00:12, 8791.59it/s]
92398it [00:12, 7452.71it/s]
93248it [00:12, 7632.52it/s]
94113it [00:12, 7906.76it/s]
95030it [00:12, 8255.27it/s]
95874it [00:12, 8182.97it/s]
96705it [00:12, 7773.32it/s]
97536it [00:13, 7904.29it/s]
98432it [00:13, 8195.05it/s]
99328it [00:13, 8367.50it/s]
100000it [00:13, 7481.47it/s]
Upload time: 13.74221477797255
Total import time: 43.37294411007315
Experiment stage: Search

0it [00:00, ?it/s]
4it [00:00,  5.07it/s]
14it [00:00, 18.06it/s]
75it [00:01, 117.32it/s]
172it [00:01, 282.11it/s]
263it [00:01, 417.84it/s]
343it [00:01, 507.85it/s]
424it [00:01, 583.76it/s]
508it [00:01, 649.12it/s]
586it [00:01, 676.87it/s]
672it [00:01, 716.25it/s]
752it [00:01, 733.42it/s]
830it [00:01, 742.08it/s]
908it [00:02, 740.32it/s]
985it [00:02, 730.74it/s]
1066it [00:02, 751.93it/s]
1150it [00:02, 771.01it/s]
1228it [00:02, 766.09it/s]
1306it [00:02, 737.87it/s]
1392it [00:02, 771.10it/s]
1484it [00:02, 801.37it/s]
1570it [00:02, 817.29it/s]
1653it [00:03, 773.27it/s]
1737it [00:03, 790.77it/s]
1817it [00:03, 786.46it/s]
1908it [00:03, 822.13it/s]
2004it [00:03, 861.49it/s]
2091it [00:03, 845.25it/s]
2176it [00:03, 820.25it/s]
2260it [00:03, 817.61it/s]
2352it [00:03, 844.63it/s]
2437it [00:03, 837.62it/s]
2524it [00:04, 843.91it/s]
2611it [00:04, 851.10it/s]
2701it [00:04, 864.64it/s]
2791it [00:04, 873.53it/s]
2883it [00:04, 880.78it/s]
2972it [00:04, 873.77it/s]
3064it [00:04, 886.93it/s]
3157it [00:04, 897.62it/s]
3254it [00:04, 914.82it/s]
3351it [00:04, 929.91it/s]
3445it [00:05, 912.34it/s]
3537it [00:05, 814.16it/s]
3629it [00:05, 840.27it/s]
3715it [00:05, 825.83it/s]
3799it [00:05, 822.96it/s]
3885it [00:05, 831.47it/s]
3970it [00:05, 834.66it/s]
4054it [00:05, 832.69it/s]
4138it [00:05, 829.44it/s]
4230it [00:06, 855.36it/s]
4322it [00:06, 873.90it/s]
4410it [00:06, 875.60it/s]
4498it [00:06, 859.62it/s]
4593it [00:06, 884.14it/s]
4687it [00:06, 900.53it/s]
4778it [00:06, 893.75it/s]
4873it [00:06, 907.78it/s]
4964it [00:06, 903.07it/s]
5055it [00:06, 887.69it/s]
5148it [00:07, 899.40it/s]
5251it [00:07, 936.19it/s]
5345it [00:07, 907.01it/s]
5436it [00:07, 874.88it/s]
5524it [00:07, 857.99it/s]
5611it [00:07, 838.18it/s]
5702it [00:07, 858.50it/s]
5792it [00:07, 823.60it/s]
5884it [00:07, 849.30it/s]
5970it [00:08, 831.40it/s]
6054it [00:08, 806.77it/s]
6143it [00:08, 828.66it/s]
6237it [00:08, 858.52it/s]
6332it [00:08, 876.85it/s]
6420it [00:08, 872.32it/s]
6508it [00:08, 845.51it/s]
6602it [00:08, 868.31it/s]
6695it [00:08, 880.42it/s]
6784it [00:08, 873.88it/s]
6872it [00:09, 866.65it/s]
6964it [00:09, 880.95it/s]
7056it [00:09, 890.82it/s]
7151it [00:09, 905.79it/s]
7249it [00:09, 925.78it/s]
7342it [00:09, 906.26it/s]
7434it [00:09, 909.69it/s]
7531it [00:09, 926.94it/s]
7634it [00:09, 956.58it/s]
7730it [00:09, 949.29it/s]
7826it [00:10, 903.35it/s]
7917it [00:10, 898.77it/s]
8008it [00:10, 874.12it/s]
8096it [00:10, 798.96it/s]
8183it [00:10, 816.65it/s]
8266it [00:10, 801.83it/s]
8347it [00:10, 756.90it/s]
8442it [00:10, 808.40it/s]
8540it [00:10, 854.78it/s]
8627it [00:11, 694.98it/s]
8711it [00:11, 722.34it/s]
8804it [00:11, 770.08it/s]
8886it [00:11, 782.61it/s]
8979it [00:11, 816.52it/s]
9071it [00:11, 844.10it/s]
9157it [00:11, 833.98it/s]
9242it [00:11, 748.41it/s]
9320it [00:12, 724.17it/s]
9410it [00:12, 770.60it/s]
9501it [00:12, 809.02it/s]
9589it [00:12, 828.63it/s]
9674it [00:12, 777.37it/s]
9763it [00:12, 808.06it/s]
9846it [00:12, 784.01it/s]
9926it [00:12, 755.16it/s]
10000it [00:12, 774.85it/s]
Experiment stage: Done
Results saved to:  /home/dzh/project/vdtuner/vector-db-benchmark-master/results
>>> [Step 5] 收尾工作...
    监控日志已保存。
📊 测试结果摘要:
0.9996
767.1396366716518
0.005839690961875021
line1:  0.005839690961875021
line1:  767.1396366716518
line1:  0.9996
numeric_values:  [0.005839690961875021, 767.1396366716518, 0.9996]
[56] 4899 0.9996 0.005839690961875021 89
/bin/sh: 1: Syntax error: "(" unexpected
/data/dzh/venv/lib/python3.10/site-packages/botorch/acquisition/multi_objective/monte_carlo.py:110: NumericsWarning: qExpectedHypervolumeImprovement has known numerical issues that lead to suboptimal optimization performance. It is strongly recommended to simply replace

	 qExpectedHypervolumeImprovement 	 --> 	 qLogExpectedHypervolumeImprovement 

instead, which fixes the issues and has the same API. See https://arxiv.org/abs/2310.20708 for details.
  legacy_ei_numerics_warning(legacy_name=type(self).__name__)
--- DEBUG: Starting command:---
=======================================
🛠️  开始测试流程
Engine: milvus-p10 | Dataset: random-range-2048-angular-no-filters
=======================================
>>> [Step 1] 启动后台监控...
    监控进程 PID: 301908
>>> [Step 2] 重置 Milvus...
 Container milvus-standalone  Stopping
 Container milvus-standalone  Stopped
 Container milvus-standalone  Removing
 Container milvus-standalone  Removed
 Container milvus-minio  Stopping
 Container milvus-etcd  Stopping
 Container milvus-etcd  Stopped
 Container milvus-etcd  Removing
 Container milvus-etcd  Removed
 Container milvus-minio  Stopped
 Container milvus-minio  Removing
 Container milvus-minio  Removed
 Network milvus  Removing
 Network milvus  Removed
    🧹 清理宿主机数据目录: /home/dzh/project/vdtuner/vector-db-benchmark-master/engine/servers/milvus-single-node/volumes
 Network milvus  Creating
 Network milvus  Created
 Container milvus-minio  Creating
 Container milvus-etcd  Creating
 Container milvus-etcd  Created
 Container milvus-minio  Created
 Container milvus-standalone  Creating
 Container milvus-standalone  Created
 Container milvus-minio  Starting
 Container milvus-etcd  Starting
 Container milvus-etcd  Started
 Container milvus-minio  Started
 Container milvus-standalone  Starting
 Container milvus-standalone  Started
>>> [Step 3] 等待服务启动 (90s)...
    等待中... (10s/120s)
    ✅ Milvus 服务已就绪
>>> [Step 4] 运行 Benchmark...
Running experiment: milvus-p10 - random-range-2048-angular-no-filters
established connection
/home/dzh/project/vdtuner/vector-db-benchmark-master/datasets/random-range-2048-angular/random_float_100k_no_filters already exists
Experiment stage: Configure
Experiment stage: Upload

0it [00:00, ?it/s]
1it [00:01,  1.35s/it]
719it [00:01, 687.84it/s]
1142it [00:01, 1047.48it/s]
1498it [00:01, 1249.54it/s]
1856it [00:01, 1596.36it/s]
2169it [00:02, 1813.15it/s]
2496it [00:02, 2034.25it/s]
2789it [00:02, 2061.34it/s]
3776it [00:02, 3753.50it/s]
4864it [00:02, 5389.91it/s]
5888it [00:02, 6582.08it/s]
6912it [00:02, 7496.01it/s]
7936it [00:02, 8216.16it/s]
8960it [00:02, 8738.04it/s]
9920it [00:02, 8919.50it/s]
10944it [00:03, 9200.93it/s]
11904it [00:03, 9248.70it/s]
12864it [00:03, 9329.82it/s]
13824it [00:03, 9344.68it/s]
14848it [00:03, 9496.45it/s]
15808it [00:03, 9504.28it/s]
16763it [00:03, 7506.61it/s]
17728it [00:03, 8011.49it/s]
18752it [00:03, 8486.20it/s]
19776it [00:04, 8886.80it/s]
20800it [00:04, 9208.85it/s]
21748it [00:04, 9279.32it/s]
22696it [00:04, 9301.68it/s]
23640it [00:04, 9063.45it/s]
24576it [00:04, 9122.65it/s]
25496it [00:04, 9048.73it/s]
26432it [00:04, 9080.45it/s]
27392it [00:04, 9217.90it/s]
28352it [00:05, 9304.51it/s]
29285it [00:05, 9307.97it/s]
30218it [00:05, 9274.20it/s]
31168it [00:05, 9300.80it/s]
32099it [00:05, 5688.75it/s]
32960it [00:05, 6266.34it/s]
33958it [00:05, 7107.45it/s]
34880it [00:05, 7552.20it/s]
35840it [00:06, 8021.06it/s]
36800it [00:06, 8405.29it/s]
37760it [00:06, 8642.28it/s]
38720it [00:06, 8819.67it/s]
39680it [00:06, 8934.71it/s]
40640it [00:06, 9015.91it/s]
41557it [00:06, 8999.10it/s]
42484it [00:06, 9076.88it/s]
43400it [00:06, 8968.70it/s]
44303it [00:06, 8901.54it/s]
45219it [00:07, 8976.38it/s]
46144it [00:07, 9003.88it/s]
47047it [00:07, 5339.50it/s]
47872it [00:07, 5872.95it/s]
48704it [00:07, 6353.15it/s]
49536it [00:07, 6740.52it/s]
50368it [00:07, 7086.25it/s]
51200it [00:08, 7407.18it/s]
52096it [00:08, 7704.27it/s]
52992it [00:08, 8017.72it/s]
53888it [00:08, 8270.16it/s]
54843it [00:08, 8637.74it/s]
55724it [00:08, 8655.87it/s]
56640it [00:08, 8721.37it/s]
57543it [00:08, 8810.16it/s]
58431it [00:08, 8738.97it/s]
59328it [00:08, 8685.85it/s]
60224it [00:09, 8729.09it/s]
61100it [00:09, 8706.75it/s]
61973it [00:09, 8337.24it/s]
62848it [00:09, 8434.20it/s]
63744it [00:09, 8555.55it/s]
64603it [00:09, 8563.72it/s]
65462it [00:09, 8171.22it/s]
66284it [00:09, 7917.86it/s]
67141it [00:09, 8102.23it/s]
68096it [00:09, 8488.52it/s]
68992it [00:10, 8586.43it/s]
69888it [00:10, 8627.28it/s]
70784it [00:10, 8680.48it/s]
71680it [00:10, 8655.22it/s]
72565it [00:10, 8712.15it/s]
73472it [00:10, 8705.69it/s]
74344it [00:10, 8582.92it/s]
75264it [00:10, 8643.86it/s]
76160it [00:10, 8714.17it/s]
77032it [00:11, 5780.60it/s]
77952it [00:11, 6483.14it/s]
78848it [00:11, 7042.31it/s]
79774it [00:11, 7599.68it/s]
80704it [00:11, 8011.37it/s]
81564it [00:11, 7913.15it/s]
82446it [00:11, 8161.62it/s]
83304it [00:11, 8279.04it/s]
84202it [00:12, 8479.37it/s]
85067it [00:12, 8460.36it/s]
85960it [00:12, 8597.24it/s]
86848it [00:12, 8560.79it/s]
87763it [00:12, 8732.54it/s]
88641it [00:12, 8697.90it/s]
89536it [00:12, 8722.69it/s]
90432it [00:12, 8788.23it/s]
91313it [00:12, 6271.67it/s]
92160it [00:13, 6736.82it/s]
93056it [00:13, 7275.70it/s]
93979it [00:13, 7785.63it/s]
94861it [00:13, 8066.19it/s]
95770it [00:13, 8352.09it/s]
96640it [00:13, 8340.09it/s]
97600it [00:13, 8601.61it/s]
98496it [00:13, 8659.34it/s]
99392it [00:13, 8723.63it/s]
100000it [00:13, 7176.63it/s]
Upload time: 14.326473435852677
Total import time: 43.94797761365771
Experiment stage: Search

0it [00:00, ?it/s]
4it [00:00,  5.58it/s]
13it [00:00, 19.62it/s]
20it [00:00, 29.12it/s]
44it [00:01, 74.15it/s]
96it [00:01, 178.27it/s]
179it [00:01, 340.41it/s]
269it [00:01, 487.11it/s]
346it [00:01, 558.32it/s]
434it [00:01, 647.80it/s]
524it [00:01, 716.72it/s]
605it [00:01, 741.52it/s]
692it [00:01, 777.28it/s]
779it [00:01, 801.86it/s]
865it [00:02, 817.83it/s]
952it [00:02, 833.17it/s]
1046it [00:02, 862.15it/s]
1145it [00:02, 899.69it/s]
1240it [00:02, 912.74it/s]
1332it [00:02, 893.11it/s]
1422it [00:02, 887.71it/s]
1512it [00:02, 876.75it/s]
1600it [00:02, 855.21it/s]
1686it [00:02, 840.70it/s]
1781it [00:03, 870.30it/s]
1881it [00:03, 907.28it/s]
1972it [00:03, 883.79it/s]
2061it [00:03, 859.68it/s]
2148it [00:03, 836.59it/s]
2239it [00:03, 855.28it/s]
2330it [00:03, 869.17it/s]
2424it [00:03, 889.29it/s]
2514it [00:03, 879.77it/s]
2607it [00:04, 892.74it/s]
2697it [00:04, 861.26it/s]
2784it [00:04, 812.33it/s]
2866it [00:04, 781.52it/s]
2946it [00:04, 785.10it/s]
3025it [00:04, 773.16it/s]
3118it [00:04, 817.62it/s]
3205it [00:04, 832.41it/s]
3289it [00:04, 832.00it/s]
3381it [00:04, 857.42it/s]
3470it [00:05, 864.63it/s]
3566it [00:05, 890.67it/s]
3656it [00:05, 890.57it/s]
3746it [00:05, 860.03it/s]
3833it [00:05, 850.62it/s]
3920it [00:05, 850.87it/s]
4007it [00:05, 851.39it/s]
4099it [00:05, 870.07it/s]
4187it [00:05, 863.10it/s]
4274it [00:06, 844.55it/s]
4359it [00:06, 806.47it/s]
4441it [00:06, 775.96it/s]
4520it [00:06, 779.15it/s]
4608it [00:06, 807.83it/s]
4699it [00:06, 836.36it/s]
4783it [00:06, 811.34it/s]
4873it [00:06, 835.21it/s]
4963it [00:06, 853.57it/s]
5049it [00:06, 853.90it/s]
5136it [00:07, 857.24it/s]
5222it [00:07, 817.49it/s]
5306it [00:07, 822.28it/s]
5405it [00:07, 870.76it/s]
5496it [00:07, 879.03it/s]
5586it [00:07, 881.06it/s]
5677it [00:07, 889.29it/s]
5767it [00:07, 892.08it/s]
5857it [00:07, 839.28it/s]
5942it [00:08, 786.04it/s]
6028it [00:08, 806.07it/s]
6116it [00:08, 823.24it/s]
6200it [00:08, 820.08it/s]
6283it [00:08, 801.79it/s]
6364it [00:08, 786.11it/s]
6447it [00:08, 796.72it/s]
6535it [00:08, 819.78it/s]
6623it [00:08, 836.93it/s]
6719it [00:08, 872.46it/s]
6807it [00:09, 870.13it/s]
6895it [00:09, 869.69it/s]
6990it [00:09, 893.42it/s]
7080it [00:09, 814.68it/s]
7164it [00:09, 818.46it/s]
7253it [00:09, 838.58it/s]
7348it [00:09, 870.30it/s]
7441it [00:09, 885.46it/s]
7531it [00:09, 882.84it/s]
7622it [00:09, 889.05it/s]
7712it [00:10, 874.78it/s]
7800it [00:10, 872.75it/s]
7889it [00:10, 877.21it/s]
7977it [00:10, 866.88it/s]
8077it [00:10, 904.91it/s]
8168it [00:10, 892.16it/s]
8258it [00:10, 890.94it/s]
8348it [00:10, 850.10it/s]
8434it [00:10, 830.63it/s]
8518it [00:11, 807.28it/s]
8600it [00:11, 775.86it/s]
8678it [00:11, 750.66it/s]
8760it [00:11, 767.13it/s]
8846it [00:11, 793.02it/s]
8926it [00:11, 775.33it/s]
9007it [00:11, 784.97it/s]
9102it [00:11, 830.99it/s]
9193it [00:11, 853.49it/s]
9279it [00:12, 794.52it/s]
9360it [00:12, 763.96it/s]
9454it [00:12, 812.53it/s]
9541it [00:12, 828.49it/s]
9645it [00:12, 888.01it/s]
9738it [00:12, 897.48it/s]
9829it [00:12, 873.87it/s]
9917it [00:12, 846.39it/s]
10000it [00:12, 778.20it/s]
Experiment stage: Done
Results saved to:  /home/dzh/project/vdtuner/vector-db-benchmark-master/results
>>> [Step 5] 收尾工作...
    监控日志已保存。
📊 测试结果摘要:
0.9971
772.3323540662703
0.005852560396306216
line1:  0.005852560396306216
line1:  772.3323540662703
line1:  0.9971
numeric_values:  [0.005852560396306216, 772.3323540662703, 0.9971]
[57] 4989 0.9971 0.005852560396306216 90
/bin/sh: 1: Syntax error: "(" unexpected
/data/dzh/venv/lib/python3.10/site-packages/botorch/acquisition/multi_objective/monte_carlo.py:110: NumericsWarning: qExpectedHypervolumeImprovement has known numerical issues that lead to suboptimal optimization performance. It is strongly recommended to simply replace

	 qExpectedHypervolumeImprovement 	 --> 	 qLogExpectedHypervolumeImprovement 

instead, which fixes the issues and has the same API. See https://arxiv.org/abs/2310.20708 for details.
  legacy_ei_numerics_warning(legacy_name=type(self).__name__)
--- DEBUG: Starting command:---
=======================================
🛠️  开始测试流程
Engine: milvus-p10 | Dataset: random-range-2048-angular-no-filters
=======================================
>>> [Step 1] 启动后台监控...
    监控进程 PID: 320032
>>> [Step 2] 重置 Milvus...
 Container milvus-standalone  Stopping
 Container milvus-standalone  Stopped
 Container milvus-standalone  Removing
 Container milvus-standalone  Removed
 Container milvus-minio  Stopping
 Container milvus-etcd  Stopping
 Container milvus-etcd  Stopped
 Container milvus-etcd  Removing
 Container milvus-etcd  Removed
 Container milvus-minio  Stopped
 Container milvus-minio  Removing
 Container milvus-minio  Removed
 Network milvus  Removing
 Network milvus  Removed
    🧹 清理宿主机数据目录: /home/dzh/project/vdtuner/vector-db-benchmark-master/engine/servers/milvus-single-node/volumes
 Network milvus  Creating
 Network milvus  Created
 Container milvus-minio  Creating
 Container milvus-etcd  Creating
 Container milvus-minio  Created
 Container milvus-etcd  Created
 Container milvus-standalone  Creating
 Container milvus-standalone  Created
 Container milvus-etcd  Starting
 Container milvus-minio  Starting
 Container milvus-etcd  Started
 Container milvus-minio  Started
 Container milvus-standalone  Starting
 Container milvus-standalone  Started
>>> [Step 3] 等待服务启动 (90s)...
    等待中... (10s/120s)
    ✅ Milvus 服务已就绪
>>> [Step 4] 运行 Benchmark...
Running experiment: milvus-p10 - random-range-2048-angular-no-filters
established connection
/home/dzh/project/vdtuner/vector-db-benchmark-master/datasets/random-range-2048-angular/random_float_100k_no_filters already exists
Experiment stage: Configure
Experiment stage: Upload

0it [00:00, ?it/s]
1it [00:00,  1.53it/s]
64it [00:00, 79.94it/s]
576it [00:01, 811.42it/s]
768it [00:01, 993.70it/s]
1088it [00:01, 1412.47it/s]
1408it [00:01, 1657.43it/s]
1728it [00:01, 1944.55it/s]
1975it [00:01, 1946.12it/s]
2496it [00:01, 2647.13it/s]
3072it [00:01, 3413.63it/s]
3457it [00:02, 3523.71it/s]
4288it [00:02, 4819.65it/s]
5312it [00:02, 6273.08it/s]
6243it [00:02, 7133.81it/s]
7232it [00:02, 7821.34it/s]
8256it [00:02, 8479.82it/s]
9280it [00:02, 8887.65it/s]
10240it [00:02, 9044.39it/s]
11188it [00:02, 9171.67it/s]
12112it [00:02, 9109.46it/s]
13056it [00:03, 9141.72it/s]
14016it [00:03, 9217.50it/s]
14976it [00:03, 9259.47it/s]
15936it [00:03, 9266.42it/s]
16896it [00:03, 9311.42it/s]
17828it [00:03, 5896.08it/s]
18714it [00:03, 6519.39it/s]
19648it [00:03, 7148.60it/s]
20672it [00:04, 7851.93it/s]
21665it [00:04, 8389.29it/s]
22592it [00:04, 8583.87it/s]
23610it [00:04, 9026.72it/s]
24554it [00:04, 8983.99it/s]
25494it [00:04, 9102.13it/s]
26432it [00:04, 8982.76it/s]
27520it [00:04, 9416.88it/s]
28544it [00:04, 9576.30it/s]
29568it [00:04, 9652.06it/s]
30592it [00:05, 9754.01it/s]
31572it [00:05, 9683.44it/s]
32544it [00:05, 7761.14it/s]
33409it [00:05, 7983.46it/s]
34355it [00:05, 8372.44it/s]
35264it [00:05, 8468.86it/s]
36224it [00:05, 8671.40it/s]
37120it [00:05, 8630.60it/s]
38080it [00:05, 8867.61it/s]
39104it [00:06, 9261.06it/s]
40064it [00:06, 9216.33it/s]
41088it [00:06, 9426.94it/s]
42036it [00:06, 9441.90it/s]
42984it [00:06, 9255.04it/s]
43913it [00:06, 9094.56it/s]
44825it [00:06, 9083.42it/s]
45735it [00:06, 9064.62it/s]
46643it [00:06, 9064.69it/s]
47551it [00:07, 8983.37it/s]
48450it [00:07, 8138.20it/s]
49344it [00:07, 8297.32it/s]
50213it [00:07, 8407.47it/s]
51072it [00:07, 8337.16it/s]
51912it [00:07, 8065.31it/s]
52724it [00:07, 8045.62it/s]
53568it [00:07, 8039.70it/s]
54375it [00:07, 7858.24it/s]
55163it [00:07, 7735.39it/s]
55938it [00:08, 7305.64it/s]
56704it [00:08, 7309.92it/s]
57509it [00:08, 7518.67it/s]
58368it [00:08, 7750.37it/s]
59200it [00:08, 7800.00it/s]
60032it [00:08, 7904.33it/s]
60825it [00:08, 7421.26it/s]
61653it [00:08, 7661.67it/s]
62528it [00:08, 7967.06it/s]
63331it [00:09, 6271.03it/s]
64064it [00:09, 6497.22it/s]
64896it [00:09, 6903.08it/s]
65664it [00:09, 7055.59it/s]
66496it [00:09, 7362.75it/s]
67264it [00:09, 7388.45it/s]
68224it [00:09, 7974.92it/s]
69180it [00:09, 8431.01it/s]
70035it [00:09, 8248.13it/s]
70912it [00:10, 8319.33it/s]
71808it [00:10, 8398.26it/s]
72652it [00:10, 8309.74it/s]
73536it [00:10, 8399.42it/s]
74379it [00:10, 8301.71it/s]
75211it [00:10, 8260.07it/s]
76039it [00:10, 8252.63it/s]
76865it [00:10, 6218.29it/s]
77696it [00:11, 6677.32it/s]
78426it [00:11, 6758.49it/s]
79158it [00:11, 6906.77it/s]
79936it [00:11, 7075.25it/s]
80704it [00:11, 7242.98it/s]
81447it [00:11, 7291.18it/s]
82240it [00:11, 7363.08it/s]
83008it [00:11, 7349.80it/s]
83776it [00:11, 7437.05it/s]
84550it [00:11, 7524.73it/s]
85312it [00:12, 7483.75it/s]
86084it [00:12, 7552.64it/s]
86842it [00:12, 7447.47it/s]
87589it [00:12, 7417.86it/s]
88332it [00:12, 7335.91it/s]
89216it [00:12, 7764.38it/s]
90048it [00:12, 7921.60it/s]
90944it [00:12, 8218.17it/s]
91767it [00:12, 5984.54it/s]
92509it [00:13, 6323.04it/s]
93312it [00:13, 6705.61it/s]
94208it [00:13, 7206.33it/s]
95113it [00:13, 7705.21it/s]
95936it [00:13, 7809.05it/s]
96832it [00:13, 8039.33it/s]
97664it [00:13, 8038.42it/s]
98560it [00:13, 8249.97it/s]
99395it [00:13, 8230.02it/s]
100000it [00:13, 7162.20it/s]
Upload time: 14.353661616332829
Total import time: 44.17647871142253
Experiment stage: Search

0it [00:00, ?it/s]
4it [00:00,  5.10it/s]
14it [00:00, 17.01it/s]
69it [00:01, 101.46it/s]
155it [00:01, 241.47it/s]
244it [00:01, 376.50it/s]
328it [00:01, 477.51it/s]
403it [00:01, 543.69it/s]
495it [00:01, 640.42it/s]
581it [00:01, 697.55it/s]
661it [00:01, 719.55it/s]
741it [00:01, 725.81it/s]
833it [00:02, 780.00it/s]
915it [00:02, 761.54it/s]
994it [00:02, 721.48it/s]
1086it [00:02, 774.46it/s]
1180it [00:02, 819.83it/s]
1273it [00:02, 850.04it/s]
1366it [00:02, 872.81it/s]
1455it [00:02, 808.95it/s]
1544it [00:02, 829.58it/s]
1637it [00:02, 853.52it/s]
1729it [00:03, 871.74it/s]
1817it [00:03, 847.23it/s]
1903it [00:03, 818.37it/s]
1996it [00:03, 844.47it/s]
2082it [00:03, 848.61it/s]
2169it [00:03, 851.18it/s]
2261it [00:03, 871.28it/s]
2349it [00:03, 873.41it/s]
2438it [00:03, 877.76it/s]
2535it [00:04, 903.38it/s]
2626it [00:04, 892.81it/s]
2716it [00:04, 846.63it/s]
2802it [00:04, 820.51it/s]
2897it [00:04, 855.17it/s]
2986it [00:04, 863.78it/s]
3073it [00:04, 861.43it/s]
3160it [00:04, 855.08it/s]
3250it [00:04, 868.15it/s]
3354it [00:04, 917.13it/s]
3446it [00:05, 879.73it/s]
3544it [00:05, 908.52it/s]
3645it [00:05, 935.74it/s]
3743it [00:05, 947.31it/s]
3842it [00:05, 959.60it/s]
3939it [00:05, 942.24it/s]
4044it [00:05, 973.42it/s]
4142it [00:05, 970.05it/s]
4240it [00:05, 911.99it/s]
4332it [00:06, 884.96it/s]
4422it [00:06, 849.51it/s]
4508it [00:06, 837.85it/s]
4593it [00:06, 831.65it/s]
4693it [00:06, 879.28it/s]
4783it [00:06, 884.12it/s]
4872it [00:06, 852.51it/s]
4958it [00:06, 834.47it/s]
5044it [00:06, 841.45it/s]
5129it [00:06, 843.00it/s]
5214it [00:07, 831.16it/s]
5298it [00:07, 823.17it/s]
5381it [00:07, 795.62it/s]
5476it [00:07, 837.51it/s]
5563it [00:07, 846.64it/s]
5648it [00:07, 833.31it/s]
5735it [00:07, 843.74it/s]
5820it [00:07, 840.31it/s]
5912it [00:07, 861.40it/s]
5999it [00:08, 845.81it/s]
6095it [00:08, 878.19it/s]
6192it [00:08, 904.93it/s]
6283it [00:08, 899.09it/s]
6374it [00:08, 888.73it/s]
6465it [00:08, 894.62it/s]
6555it [00:08, 840.02it/s]
6640it [00:08, 821.56it/s]
6737it [00:08, 862.11it/s]
6828it [00:08, 875.68it/s]
6917it [00:09, 852.19it/s]
7003it [00:09, 811.21it/s]
7085it [00:09, 792.90it/s]
7165it [00:09, 778.42it/s]
7244it [00:09, 757.19it/s]
7320it [00:09, 735.63it/s]
7394it [00:09, 718.49it/s]
7466it [00:09, 716.42it/s]
7539it [00:09, 716.99it/s]
7612it [00:10, 720.59it/s]
7690it [00:10, 735.74it/s]
7782it [00:10, 787.72it/s]
7861it [00:10, 784.31it/s]
7942it [00:10, 791.76it/s]
8025it [00:10, 802.01it/s]
8114it [00:10, 825.30it/s]
8206it [00:10, 851.98it/s]
8296it [00:10, 857.10it/s]
8382it [00:10, 792.15it/s]
8473it [00:11, 823.99it/s]
8558it [00:11, 831.15it/s]
8642it [00:11, 808.96it/s]
8724it [00:11, 811.06it/s]
8806it [00:11, 778.17it/s]
8896it [00:11, 810.08it/s]
8986it [00:11, 834.60it/s]
9071it [00:11, 837.99it/s]
9159it [00:11, 850.24it/s]
9245it [00:11, 851.39it/s]
9338it [00:12, 873.94it/s]
9426it [00:12, 867.19it/s]
9513it [00:12, 861.85it/s]
9600it [00:12, 826.21it/s]
9683it [00:12, 821.21it/s]
9766it [00:12, 812.61it/s]
9858it [00:12, 841.94it/s]
9943it [00:12, 833.61it/s]
10000it [00:12, 775.07it/s]
Experiment stage: Done
Results saved to:  /home/dzh/project/vdtuner/vector-db-benchmark-master/results
>>> [Step 5] 收尾工作...
    监控日志已保存。
📊 测试结果摘要:
0.9788300000000001
769.8539315409423
0.005586572224274278
line1:  0.005586572224274278
line1:  769.8539315409423
line1:  0.9788300000000001
numeric_values:  [0.005586572224274278, 769.8539315409423, 0.9788300000000001]
[58] 5079 0.9788300000000001 0.005586572224274278 90
/bin/sh: 1: Syntax error: "(" unexpected
/data/dzh/venv/lib/python3.10/site-packages/botorch/acquisition/multi_objective/monte_carlo.py:110: NumericsWarning: qExpectedHypervolumeImprovement has known numerical issues that lead to suboptimal optimization performance. It is strongly recommended to simply replace

	 qExpectedHypervolumeImprovement 	 --> 	 qLogExpectedHypervolumeImprovement 

instead, which fixes the issues and has the same API. See https://arxiv.org/abs/2310.20708 for details.
  legacy_ei_numerics_warning(legacy_name=type(self).__name__)
--- DEBUG: Starting command:---
=======================================
🛠️  开始测试流程
Engine: milvus-p10 | Dataset: random-range-2048-angular-no-filters
=======================================
>>> [Step 1] 启动后台监控...
    监控进程 PID: 337695
>>> [Step 2] 重置 Milvus...
 Container milvus-standalone  Stopping
 Container milvus-standalone  Stopped
 Container milvus-standalone  Removing
 Container milvus-standalone  Removed
 Container milvus-minio  Stopping
 Container milvus-etcd  Stopping
 Container milvus-etcd  Stopped
 Container milvus-etcd  Removing
 Container milvus-etcd  Removed
 Container milvus-minio  Stopped
 Container milvus-minio  Removing
 Container milvus-minio  Removed
 Network milvus  Removing
 Network milvus  Removed
    🧹 清理宿主机数据目录: /home/dzh/project/vdtuner/vector-db-benchmark-master/engine/servers/milvus-single-node/volumes
 Network milvus  Creating
 Network milvus  Created
 Container milvus-minio  Creating
 Container milvus-etcd  Creating
 Container milvus-minio  Created
 Container milvus-etcd  Created
 Container milvus-standalone  Creating
 Container milvus-standalone  Created
 Container milvus-etcd  Starting
 Container milvus-minio  Starting
 Container milvus-etcd  Started
 Container milvus-minio  Started
 Container milvus-standalone  Starting
 Container milvus-standalone  Started
>>> [Step 3] 等待服务启动 (90s)...
    等待中... (10s/120s)
    ✅ Milvus 服务已就绪
>>> [Step 4] 运行 Benchmark...
Running experiment: milvus-p10 - random-range-2048-angular-no-filters
established connection
/home/dzh/project/vdtuner/vector-db-benchmark-master/datasets/random-range-2048-angular/random_float_100k_no_filters already exists
Experiment stage: Configure
Experiment stage: Upload

0it [00:00, ?it/s]
1it [00:01,  1.77s/it]
768it [00:01, 569.91it/s]
1173it [00:02, 753.72it/s]
1664it [00:02, 1148.22it/s]
1987it [00:02, 1378.43it/s]
2368it [00:02, 1723.90it/s]
2880it [00:02, 2300.29it/s]
3264it [00:02, 2547.74it/s]
4160it [00:02, 3934.02it/s]
5120it [00:02, 5204.70it/s]
6205it [00:03, 6615.10it/s]
7232it [00:03, 7473.41it/s]
8256it [00:03, 8194.97it/s]
9280it [00:03, 8738.11it/s]
10368it [00:03, 9284.97it/s]
11392it [00:03, 9465.20it/s]
12416it [00:03, 9620.96it/s]
13399it [00:03, 9455.55it/s]
14464it [00:03, 9739.27it/s]
15488it [00:03, 9753.19it/s]
16472it [00:04, 7625.89it/s]
17429it [00:04, 8101.16it/s]
18432it [00:04, 8506.88it/s]
19392it [00:04, 8705.58it/s]
20416it [00:04, 9006.69it/s]
21376it [00:04, 9169.81it/s]
22314it [00:04, 8981.25it/s]
23227it [00:04, 9011.31it/s]
24139it [00:05, 9019.06it/s]
25049it [00:05, 8670.27it/s]
25924it [00:05, 8482.25it/s]
26778it [00:05, 8303.60it/s]
27613it [00:05, 8297.60it/s]
28446it [00:05, 8269.60it/s]
29275it [00:05, 8236.37it/s]
30100it [00:05, 8129.28it/s]
30914it [00:05, 7945.28it/s]
31710it [00:06, 6973.19it/s]
32704it [00:06, 7692.25it/s]
33546it [00:06, 7891.08it/s]
34496it [00:06, 8255.47it/s]
35456it [00:06, 8612.57it/s]
36416it [00:06, 8878.25it/s]
37376it [00:06, 9027.68it/s]
38336it [00:06, 9117.87it/s]
39296it [00:06, 9155.17it/s]
40216it [00:06, 9167.67it/s]
41157it [00:07, 9195.14it/s]
42145it [00:07, 9397.12it/s]
43087it [00:07, 9394.73it/s]
44032it [00:07, 9364.26it/s]
44992it [00:07, 9353.78it/s]
45952it [00:07, 9321.47it/s]
46885it [00:07, 5288.81it/s]
47671it [00:07, 5784.14it/s]
48466it [00:08, 6251.75it/s]
49344it [00:08, 6835.75it/s]
50193it [00:08, 7251.79it/s]
51072it [00:08, 7507.72it/s]
51968it [00:08, 7836.16it/s]
52864it [00:08, 8115.28it/s]
53824it [00:08, 8448.73it/s]
54824it [00:08, 8891.46it/s]
55734it [00:08, 8919.59it/s]
56640it [00:09, 8749.63it/s]
57583it [00:09, 8946.05it/s]
58496it [00:09, 8967.15it/s]
59399it [00:09, 8497.45it/s]
60258it [00:09, 8355.89it/s]
61100it [00:09, 7386.98it/s]
61877it [00:09, 7487.19it/s]
62643it [00:09, 7531.22it/s]
63424it [00:09, 7497.57it/s]
64256it [00:10, 7599.04it/s]
65152it [00:10, 7955.73it/s]
65984it [00:10, 8018.83it/s]
66816it [00:10, 8100.22it/s]
67712it [00:10, 8268.58it/s]
68672it [00:10, 8552.69it/s]
69529it [00:10, 8543.86it/s]
70400it [00:10, 8535.50it/s]
71255it [00:10, 8429.63it/s]
72128it [00:10, 8405.34it/s]
73024it [00:11, 8523.04it/s]
73932it [00:11, 8686.08it/s]
74880it [00:11, 8849.15it/s]
75766it [00:11, 7643.77it/s]
76559it [00:11, 7509.90it/s]
77440it [00:11, 7816.09it/s]
78400it [00:11, 8188.84it/s]
79343it [00:11, 8537.33it/s]
80256it [00:11, 8641.91it/s]
81216it [00:12, 8821.24it/s]
82105it [00:12, 8343.37it/s]
82948it [00:12, 8350.51it/s]
83840it [00:12, 8490.12it/s]
84800it [00:12, 8764.96it/s]
85696it [00:12, 8814.60it/s]
86581it [00:12, 8517.78it/s]
87437it [00:12, 8152.78it/s]
88320it [00:12, 8282.07it/s]
89268it [00:12, 8623.67it/s]
90135it [00:13, 8520.86it/s]
90991it [00:13, 7678.37it/s]
91840it [00:13, 7895.83it/s]
92702it [00:13, 8097.95it/s]
93568it [00:13, 8178.86it/s]
94473it [00:13, 8429.00it/s]
95366it [00:13, 8547.69it/s]
96256it [00:13, 8553.75it/s]
97152it [00:13, 8588.63it/s]
98038it [00:14, 8667.91it/s]
98944it [00:14, 8671.55it/s]
99840it [00:14, 8668.47it/s]
100000it [00:14, 7020.17it/s]
Upload time: 14.625233696307987
Total import time: 44.8567011221312
Experiment stage: Search

0it [00:00, ?it/s]
4it [00:00,  5.27it/s]
14it [00:00, 18.57it/s]
36it [00:01, 52.84it/s]
100it [00:01, 167.75it/s]
190it [00:01, 327.76it/s]
272it [00:01, 444.56it/s]
350it [00:01, 528.61it/s]
425it [00:01, 586.24it/s]
495it [00:01, 603.43it/s]
564it [00:01, 625.65it/s]
633it [00:01, 583.69it/s]
709it [00:01, 629.29it/s]
776it [00:02, 622.19it/s]
841it [00:02, 608.96it/s]
925it [00:02, 672.90it/s]
1027it [00:02, 743.18it/s]
1113it [00:02, 775.39it/s]
1192it [00:02, 714.96it/s]
1265it [00:02, 717.74it/s]
1338it [00:02, 691.31it/s]
1408it [00:02, 690.66it/s]
1478it [00:03, 667.84it/s]
1546it [00:03, 656.73it/s]
1632it [00:03, 713.41it/s]
1710it [00:03, 729.23it/s]
1804it [00:03, 788.23it/s]
1884it [00:03, 775.09it/s]
1964it [00:03, 780.11it/s]
2043it [00:03, 782.47it/s]
2133it [00:03, 807.68it/s]
2221it [00:03, 827.73it/s]
2304it [00:04, 810.77it/s]
2386it [00:04, 813.11it/s]
2471it [00:04, 819.80it/s]
2557it [00:04, 831.55it/s]
2643it [00:04, 834.34it/s]
2727it [00:04, 806.97it/s]
2808it [00:04, 799.76it/s]
2889it [00:04, 769.26it/s]
2967it [00:04, 738.83it/s]
3055it [00:05, 773.02it/s]
3137it [00:05, 784.62it/s]
3223it [00:05, 802.95it/s]
3304it [00:05, 777.37it/s]
3383it [00:05, 774.73it/s]
3461it [00:05, 634.51it/s]
3531it [00:05, 648.15it/s]
3614it [00:05, 695.03it/s]
3690it [00:05, 712.34it/s]
3772it [00:06, 741.28it/s]
3865it [00:06, 793.43it/s]
3949it [00:06, 806.48it/s]
4033it [00:06, 814.79it/s]
4116it [00:06, 771.22it/s]
4196it [00:06, 778.87it/s]
4275it [00:06, 763.67it/s]
4352it [00:06, 751.77it/s]
4439it [00:06, 774.35it/s]
4517it [00:06, 768.80it/s]
4595it [00:07, 765.06it/s]
4674it [00:07, 770.97it/s]
4758it [00:07, 790.66it/s]
4839it [00:07, 795.52it/s]
4919it [00:07, 784.75it/s]
5003it [00:07, 800.08it/s]
5089it [00:07, 817.63it/s]
5180it [00:07, 841.39it/s]
5265it [00:07, 824.54it/s]
5348it [00:08, 797.27it/s]
5428it [00:08, 788.71it/s]
5508it [00:08, 789.97it/s]
5590it [00:08, 790.50it/s]
5670it [00:08, 778.40it/s]
5749it [00:08, 779.64it/s]
5828it [00:08, 767.34it/s]
5905it [00:08, 686.17it/s]
6003it [00:08, 764.99it/s]
6099it [00:08, 817.43it/s]
6190it [00:09, 842.21it/s]
6292it [00:09, 890.70it/s]
6383it [00:09, 857.22it/s]
6470it [00:09, 835.14it/s]
6556it [00:09, 841.97it/s]
6641it [00:09, 785.18it/s]
6739it [00:09, 834.06it/s]
6841it [00:09, 884.53it/s]
6931it [00:09, 802.93it/s]
7017it [00:10, 814.01it/s]
7100it [00:10, 790.23it/s]
7181it [00:10, 788.96it/s]
7261it [00:10, 778.26it/s]
7358it [00:10, 831.04it/s]
7462it [00:10, 888.12it/s]
7558it [00:10, 908.24it/s]
7658it [00:10, 933.53it/s]
7757it [00:10, 947.93it/s]
7853it [00:11, 886.43it/s]
7943it [00:11, 854.90it/s]
8030it [00:11, 782.27it/s]
8124it [00:11, 821.93it/s]
8210it [00:11, 827.84it/s]
8294it [00:11, 803.40it/s]
8376it [00:11, 784.80it/s]
8463it [00:11, 806.50it/s]
8545it [00:11, 764.42it/s]
8623it [00:12, 748.26it/s]
8706it [00:12, 770.97it/s]
8784it [00:12, 713.98it/s]
8857it [00:12, 715.63it/s]
8947it [00:12, 758.10it/s]
9046it [00:12, 823.38it/s]
9145it [00:12, 870.72it/s]
9247it [00:12, 913.67it/s]
9340it [00:12, 914.51it/s]
9432it [00:12, 888.56it/s]
9522it [00:13, 877.15it/s]
9611it [00:13, 746.34it/s]
9690it [00:13, 741.86it/s]
9767it [00:13, 701.76it/s]
9844it [00:13, 717.00it/s]
9928it [00:13, 749.54it/s]
10000it [00:13, 725.68it/s]
Experiment stage: Done
Results saved to:  /home/dzh/project/vdtuner/vector-db-benchmark-master/results
>>> [Step 5] 收尾工作...
    监控日志已保存。
📊 测试结果摘要:
0.9827600000000001
720.3954294127291
0.005774991656653578
line1:  0.005774991656653578
line1:  720.3954294127291
line1:  0.9827600000000001
numeric_values:  [0.005774991656653578, 720.3954294127291, 0.9827600000000001]
[59] 5170 0.9827600000000001 0.005774991656653578 91
/bin/sh: 1: Syntax error: "(" unexpected
/data/dzh/venv/lib/python3.10/site-packages/botorch/acquisition/multi_objective/monte_carlo.py:110: NumericsWarning: qExpectedHypervolumeImprovement has known numerical issues that lead to suboptimal optimization performance. It is strongly recommended to simply replace

	 qExpectedHypervolumeImprovement 	 --> 	 qLogExpectedHypervolumeImprovement 

instead, which fixes the issues and has the same API. See https://arxiv.org/abs/2310.20708 for details.
  legacy_ei_numerics_warning(legacy_name=type(self).__name__)
--- DEBUG: Starting command:---
=======================================
🛠️  开始测试流程
Engine: milvus-p10 | Dataset: random-range-2048-angular-no-filters
=======================================
>>> [Step 1] 启动后台监控...
    监控进程 PID: 356367
>>> [Step 2] 重置 Milvus...
 Container milvus-standalone  Stopping
 Container milvus-standalone  Stopped
 Container milvus-standalone  Removing
 Container milvus-standalone  Removed
 Container milvus-etcd  Stopping
 Container milvus-minio  Stopping
 Container milvus-etcd  Stopped
 Container milvus-etcd  Removing
 Container milvus-etcd  Removed
 Container milvus-minio  Stopped
 Container milvus-minio  Removing
 Container milvus-minio  Removed
 Network milvus  Removing
 Network milvus  Removed
    🧹 清理宿主机数据目录: /home/dzh/project/vdtuner/vector-db-benchmark-master/engine/servers/milvus-single-node/volumes
 Network milvus  Creating
 Network milvus  Created
 Container milvus-minio  Creating
 Container milvus-etcd  Creating
 Container milvus-etcd  Created
 Container milvus-minio  Created
 Container milvus-standalone  Creating
 Container milvus-standalone  Created
 Container milvus-etcd  Starting
 Container milvus-minio  Starting
 Container milvus-minio  Started
 Container milvus-etcd  Started
 Container milvus-standalone  Starting
 Container milvus-standalone  Started
>>> [Step 3] 等待服务启动 (90s)...
    等待中... (10s/120s)
    ✅ Milvus 服务已就绪
>>> [Step 4] 运行 Benchmark...
Running experiment: milvus-p10 - random-range-2048-angular-no-filters
established connection
/home/dzh/project/vdtuner/vector-db-benchmark-master/datasets/random-range-2048-angular/random_float_100k_no_filters already exists
Experiment stage: Configure
Experiment stage: Upload

0it [00:00, ?it/s]
1it [00:00,  2.11it/s]
64it [00:00, 75.95it/s]
768it [00:01, 1055.54it/s]
1088it [00:01, 1402.36it/s]
1472it [00:01, 1858.00it/s]
1787it [00:01, 1787.09it/s]
2112it [00:01, 2068.26it/s]
2392it [00:01, 2173.66it/s]
2880it [00:01, 2792.62it/s]
3328it [00:01, 3168.64it/s]
4096it [00:02, 4296.83it/s]
5120it [00:02, 5824.54it/s]
6080it [00:02, 6857.92it/s]
7104it [00:02, 7739.29it/s]
8128it [00:02, 8393.44it/s]
9143it [00:02, 8899.45it/s]
10143it [00:02, 9219.76it/s]
11080it [00:02, 9263.27it/s]
12032it [00:02, 9337.18it/s]
13056it [00:02, 9566.29it/s]
14080it [00:03, 9688.60it/s]
15104it [00:03, 9715.97it/s]
16079it [00:03, 9711.75it/s]
17052it [00:03, 8658.79it/s]
17940it [00:03, 8650.62it/s]
18880it [00:03, 8762.89it/s]
19840it [00:03, 8969.81it/s]
20760it [00:03, 9035.32it/s]
21779it [00:03, 9370.74it/s]
22722it [00:04, 9206.39it/s]
23769it [00:04, 9574.52it/s]
24731it [00:04, 9482.88it/s]
25728it [00:04, 9521.24it/s]
26683it [00:04, 9411.00it/s]
27626it [00:04, 9315.81it/s]
28559it [00:04, 9176.46it/s]
29504it [00:04, 9223.61it/s]
30519it [00:04, 9494.64it/s]
31488it [00:04, 9464.04it/s]
32436it [00:05, 6512.55it/s]
33344it [00:05, 7068.16it/s]
34368it [00:05, 7741.83it/s]
35328it [00:05, 8157.46it/s]
36352it [00:05, 8660.14it/s]
37312it [00:05, 8885.27it/s]
38272it [00:05, 8991.62it/s]
39236it [00:05, 9175.06it/s]
40221it [00:06, 9369.00it/s]
41173it [00:06, 9213.67it/s]
42106it [00:06, 9224.13it/s]
43037it [00:06, 9165.32it/s]
43959it [00:06, 9171.24it/s]
44880it [00:06, 8975.65it/s]
45781it [00:06, 8914.82it/s]
46675it [00:06, 6295.93it/s]
47412it [00:07, 6018.77it/s]
48192it [00:07, 6375.97it/s]
49152it [00:07, 7098.57it/s]
50112it [00:07, 7687.47it/s]
51091it [00:07, 8250.32it/s]
52032it [00:07, 8501.57it/s]
52992it [00:07, 8767.21it/s]
53952it [00:07, 8917.88it/s]
54912it [00:07, 9011.54it/s]
55872it [00:07, 9134.67it/s]
56832it [00:08, 9146.52it/s]
57792it [00:08, 9160.07it/s]
58712it [00:08, 8960.27it/s]
59612it [00:08, 8768.40it/s]
60492it [00:08, 8612.74it/s]
61356it [00:08, 5728.46it/s]
62144it [00:08, 6155.21it/s]
62912it [00:08, 6487.72it/s]
63749it [00:09, 6956.53it/s]
64576it [00:09, 7278.99it/s]
65472it [00:09, 7731.70it/s]
66304it [00:09, 7889.41it/s]
67200it [00:09, 8127.93it/s]
68160it [00:09, 8482.30it/s]
69056it [00:09, 8569.54it/s]
70016it [00:09, 8747.52it/s]
70917it [00:09, 8823.28it/s]
71808it [00:09, 8734.94it/s]
72704it [00:10, 8684.43it/s]
73576it [00:10, 8347.66it/s]
74432it [00:10, 8346.61it/s]
75270it [00:10, 8355.29it/s]
76181it [00:10, 8574.41it/s]
77041it [00:10, 8400.17it/s]
77888it [00:10, 8360.31it/s]
78726it [00:10, 8159.15it/s]
79552it [00:10, 8106.00it/s]
80448it [00:11, 8286.20it/s]
81307it [00:11, 8374.55it/s]
82208it [00:11, 8561.18it/s]
83072it [00:11, 8554.92it/s]
83968it [00:11, 8663.31it/s]
84864it [00:11, 8712.41it/s]
85760it [00:11, 8644.79it/s]
86656it [00:11, 8598.63it/s]
87552it [00:11, 8662.07it/s]
88419it [00:11, 8607.88it/s]
89281it [00:12, 8432.52it/s]
90232it [00:12, 8746.63it/s]
91115it [00:12, 8770.38it/s]
91994it [00:12, 7127.96it/s]
92864it [00:12, 7499.40it/s]
93760it [00:12, 7849.41it/s]
94656it [00:12, 8093.86it/s]
95552it [00:12, 8198.25it/s]
96390it [00:12, 8242.45it/s]
97227it [00:13, 8231.88it/s]
98176it [00:13, 8563.86it/s]
99072it [00:13, 8572.98it/s]
100000it [00:13, 7500.03it/s]
Upload time: 13.721924189012498
Total import time: 43.55205147713423
Experiment stage: Search

0it [00:00, ?it/s]
4it [00:00,  5.14it/s]
14it [00:00, 19.28it/s]
35it [00:00, 53.03it/s]
123it [00:01, 219.93it/s]
216it [00:01, 378.80it/s]
298it [00:01, 483.58it/s]
378it [00:01, 564.55it/s]
450it [00:01, 553.83it/s]
516it [00:01, 580.70it/s]
599it [00:01, 644.33it/s]
676it [00:01, 673.16it/s]
755it [00:01, 705.02it/s]
847it [00:02, 766.00it/s]
931it [00:02, 787.35it/s]
1023it [00:02, 824.58it/s]
1107it [00:02, 800.25it/s]
1194it [00:02, 814.82it/s]
1284it [00:02, 838.37it/s]
1372it [00:02, 848.32it/s]
1463it [00:02, 865.75it/s]
1550it [00:02, 851.96it/s]
1636it [00:02, 843.12it/s]
1721it [00:03, 704.68it/s]
1799it [00:03, 721.16it/s]
1884it [00:03, 755.40it/s]
1973it [00:03, 792.23it/s]
2061it [00:03, 816.47it/s]
2148it [00:03, 831.63it/s]
2240it [00:03, 852.01it/s]
2327it [00:03, 852.55it/s]
2413it [00:03, 799.89it/s]
2495it [00:04, 791.96it/s]
2579it [00:04, 803.62it/s]
2668it [00:04, 828.13it/s]
2756it [00:04, 841.92it/s]
2847it [00:04, 856.78it/s]
2933it [00:04, 857.67it/s]
3019it [00:04, 816.86it/s]
3107it [00:04, 833.18it/s]
3194it [00:04, 842.06it/s]
3284it [00:04, 856.20it/s]
3370it [00:05, 831.76it/s]
3454it [00:05, 820.10it/s]
3544it [00:05, 841.96it/s]
3631it [00:05, 849.53it/s]
3723it [00:05, 869.53it/s]
3821it [00:05, 901.52it/s]
3912it [00:05, 902.83it/s]
4003it [00:05, 883.01it/s]
4094it [00:05, 885.46it/s]
4188it [00:06, 897.33it/s]
4278it [00:06, 896.42it/s]
4368it [00:06, 860.92it/s]
4455it [00:06, 848.90it/s]
4541it [00:06, 824.21it/s]
4629it [00:06, 839.47it/s]
4720it [00:06, 859.41it/s]
4807it [00:06, 827.74it/s]
4894it [00:06, 839.38it/s]
4984it [00:06, 855.94it/s]
5070it [00:07, 817.24it/s]
5159it [00:07, 836.55it/s]
5244it [00:07, 828.31it/s]
5333it [00:07, 844.91it/s]
5425it [00:07, 866.69it/s]
5520it [00:07, 889.96it/s]
5610it [00:07, 891.23it/s]
5703it [00:07, 901.98it/s]
5797it [00:07, 913.20it/s]
5889it [00:08, 911.99it/s]
5984it [00:08, 921.00it/s]
6077it [00:08, 899.88it/s]
6168it [00:08, 871.31it/s]
6265it [00:08, 896.65it/s]
6356it [00:08, 897.92it/s]
6446it [00:08, 827.72it/s]
6530it [00:08, 823.78it/s]
6622it [00:08, 849.66it/s]
6721it [00:08, 884.43it/s]
6811it [00:09, 881.49it/s]
6900it [00:09, 882.19it/s]
6989it [00:09, 878.96it/s]
7087it [00:09, 905.76it/s]
7180it [00:09, 912.09it/s]
7272it [00:09, 908.35it/s]
7363it [00:09, 902.18it/s]
7455it [00:09, 904.92it/s]
7546it [00:09, 901.99it/s]
7637it [00:09, 902.43it/s]
7736it [00:10, 926.52it/s]
7829it [00:10, 915.28it/s]
7921it [00:10, 890.75it/s]
8014it [00:10, 895.81it/s]
8109it [00:10, 910.99it/s]
8204it [00:10, 921.17it/s]
8297it [00:10, 813.09it/s]
8384it [00:10, 826.04it/s]
8482it [00:10, 866.72it/s]
8573it [00:11, 877.88it/s]
8662it [00:11, 853.25it/s]
8749it [00:11, 847.88it/s]
8838it [00:11, 859.27it/s]
8925it [00:11, 835.87it/s]
9010it [00:11, 834.15it/s]
9094it [00:11, 803.44it/s]
9175it [00:11, 801.26it/s]
9266it [00:11, 832.36it/s]
9354it [00:11, 846.07it/s]
9439it [00:12, 840.89it/s]
9535it [00:12, 874.85it/s]
9634it [00:12, 906.95it/s]
9730it [00:12, 922.38it/s]
9823it [00:12, 919.00it/s]
9919it [00:12, 928.94it/s]
10000it [00:12, 787.82it/s]
Experiment stage: Done
Results saved to:  /home/dzh/project/vdtuner/vector-db-benchmark-master/results
>>> [Step 5] 收尾工作...
    监控日志已保存。
📊 测试结果摘要:
0.99964
780.3179827114014
0.005681192199699576
line1:  0.005681192199699576
line1:  780.3179827114014
line1:  0.99964
numeric_values:  [0.005681192199699576, 780.3179827114014, 0.99964]
[60] 5260 0.99964 0.005681192199699576 89
/bin/sh: 1: Syntax error: "(" unexpected
/data/dzh/venv/lib/python3.10/site-packages/botorch/acquisition/multi_objective/monte_carlo.py:110: NumericsWarning: qExpectedHypervolumeImprovement has known numerical issues that lead to suboptimal optimization performance. It is strongly recommended to simply replace

	 qExpectedHypervolumeImprovement 	 --> 	 qLogExpectedHypervolumeImprovement 

instead, which fixes the issues and has the same API. See https://arxiv.org/abs/2310.20708 for details.
  legacy_ei_numerics_warning(legacy_name=type(self).__name__)
--- DEBUG: Starting command:---
=======================================
🛠️  开始测试流程
Engine: milvus-p10 | Dataset: random-range-2048-angular-no-filters
=======================================
>>> [Step 1] 启动后台监控...
    监控进程 PID: 374162
>>> [Step 2] 重置 Milvus...
 Container milvus-standalone  Stopping
 Container milvus-standalone  Stopped
 Container milvus-standalone  Removing
 Container milvus-standalone  Removed
 Container milvus-etcd  Stopping
 Container milvus-minio  Stopping
 Container milvus-etcd  Stopped
 Container milvus-etcd  Removing
 Container milvus-etcd  Removed
 Container milvus-minio  Stopped
 Container milvus-minio  Removing
 Container milvus-minio  Removed
 Network milvus  Removing
 Network milvus  Removed
    🧹 清理宿主机数据目录: /home/dzh/project/vdtuner/vector-db-benchmark-master/engine/servers/milvus-single-node/volumes
 Network milvus  Creating
 Network milvus  Created
 Container milvus-etcd  Creating
 Container milvus-minio  Creating
 Container milvus-etcd  Created
 Container milvus-minio  Created
 Container milvus-standalone  Creating
 Container milvus-standalone  Created
 Container milvus-etcd  Starting
 Container milvus-minio  Starting
 Container milvus-minio  Started
 Container milvus-etcd  Started
 Container milvus-standalone  Starting
 Container milvus-standalone  Started
>>> [Step 3] 等待服务启动 (90s)...
    等待中... (10s/120s)
    ✅ Milvus 服务已就绪
>>> [Step 4] 运行 Benchmark...
Running experiment: milvus-p10 - random-range-2048-angular-no-filters
established connection
/home/dzh/project/vdtuner/vector-db-benchmark-master/datasets/random-range-2048-angular/random_float_100k_no_filters already exists
Experiment stage: Configure
Experiment stage: Upload

0it [00:00, ?it/s]
1it [00:00,  1.64it/s]
64it [00:00, 83.18it/s]
448it [00:01, 669.25it/s]
704it [00:01, 933.78it/s]
1088it [00:01, 1435.81it/s]
1344it [00:01, 1625.00it/s]
1570it [00:01, 1759.34it/s]
1856it [00:01, 1978.31it/s]
2112it [00:01, 2025.27it/s]
2341it [00:01, 1927.31it/s]
2752it [00:02, 2412.62it/s]
3520it [00:02, 3750.85it/s]
4528it [00:02, 5445.09it/s]
5504it [00:02, 6577.14it/s]
6464it [00:02, 7376.02it/s]
7488it [00:02, 8128.04it/s]
8448it [00:02, 8463.56it/s]
9472it [00:02, 8923.30it/s]
10432it [00:02, 9080.89it/s]
11456it [00:02, 9319.28it/s]
12435it [00:03, 9456.88it/s]
13386it [00:03, 9446.63it/s]
14336it [00:03, 9364.17it/s]
15296it [00:03, 9333.90it/s]
16289it [00:03, 9506.45it/s]
17242it [00:03, 7346.21it/s]
18186it [00:03, 7861.13it/s]
19136it [00:03, 8190.12it/s]
20096it [00:03, 8559.79it/s]
20992it [00:04, 8637.23it/s]
21921it [00:04, 8816.57it/s]
22859it [00:04, 8977.90it/s]
23772it [00:04, 8872.39it/s]
24670it [00:04, 8869.34it/s]
25565it [00:04, 8743.67it/s]
26496it [00:04, 8890.85it/s]
27399it [00:04, 8931.34it/s]
28306it [00:04, 8971.93it/s]
29206it [00:04, 8875.10it/s]
30242it [00:05, 9313.06it/s]
31176it [00:05, 5710.63it/s]
32064it [00:05, 6329.88it/s]
33143it [00:05, 7340.10it/s]
34112it [00:05, 7908.04it/s]
35011it [00:05, 8043.71it/s]
36032it [00:05, 8571.12it/s]
36949it [00:05, 8672.58it/s]
37900it [00:06, 8906.32it/s]
38848it [00:06, 9017.40it/s]
39808it [00:06, 9126.36it/s]
40768it [00:06, 9154.17it/s]
41701it [00:06, 9205.03it/s]
42630it [00:06, 9157.13it/s]
43552it [00:06, 9153.10it/s]
44472it [00:06, 8935.13it/s]
45370it [00:06, 7282.85it/s]
46149it [00:07, 7349.90it/s]
47027it [00:07, 7726.80it/s]
47831it [00:07, 7796.34it/s]
48633it [00:07, 7733.32it/s]
49475it [00:07, 7926.92it/s]
50368it [00:07, 8190.87it/s]
51264it [00:07, 8387.43it/s]
52110it [00:07, 8103.47it/s]
53019it [00:07, 8386.38it/s]
53905it [00:08, 8523.48it/s]
54912it [00:08, 8840.10it/s]
55808it [00:08, 8780.01it/s]
56704it [00:08, 8729.98it/s]
57579it [00:08, 8483.50it/s]
58430it [00:08, 8357.18it/s]
59268it [00:08, 8183.17it/s]
60160it [00:08, 8344.44it/s]
60996it [00:09, 5403.31it/s]
61933it [00:09, 6241.47it/s]
62848it [00:09, 6833.13it/s]
63808it [00:09, 7436.37it/s]
64768it [00:09, 7905.58it/s]
65728it [00:09, 8246.45it/s]
66635it [00:09, 8471.79it/s]
67518it [00:09, 8572.29it/s]
68416it [00:09, 8568.45it/s]
69312it [00:09, 8665.82it/s]
70192it [00:10, 8695.23it/s]
71104it [00:10, 8702.90it/s]
72000it [00:10, 8776.15it/s]
72960it [00:10, 8966.41it/s]
73885it [00:10, 9049.66it/s]
74816it [00:10, 9023.80it/s]
75750it [00:10, 9116.60it/s]
76664it [00:10, 7613.40it/s]
77568it [00:10, 7901.38it/s]
78528it [00:11, 8328.17it/s]
79424it [00:11, 8446.87it/s]
80320it [00:11, 8543.35it/s]
81216it [00:11, 8594.30it/s]
82112it [00:11, 8696.16it/s]
83072it [00:11, 8840.59it/s]
83995it [00:11, 8953.91it/s]
84895it [00:11, 8929.01it/s]
85791it [00:11, 8821.96it/s]
86676it [00:11, 8620.94it/s]
87616it [00:12, 8802.12it/s]
88576it [00:12, 8922.98it/s]
89536it [00:12, 8957.87it/s]
90433it [00:12, 8774.99it/s]
91312it [00:12, 6037.10it/s]
92172it [00:12, 6603.79it/s]
93085it [00:12, 7210.12it/s]
93952it [00:12, 7531.42it/s]
94912it [00:13, 7970.73it/s]
95808it [00:13, 8140.72it/s]
96658it [00:13, 8162.19it/s]
97500it [00:13, 8153.38it/s]
98432it [00:13, 8404.51it/s]
99328it [00:13, 8545.19it/s]
100000it [00:13, 7321.27it/s]
Upload time: 14.046389312949032
Total import time: 44.47678843000904
Experiment stage: Search

0it [00:00, ?it/s]
4it [00:00,  5.59it/s]
14it [00:00, 21.27it/s]
27it [00:00, 41.66it/s]
42it [00:01, 64.71it/s]
120it [00:01, 231.35it/s]
208it [00:01, 393.02it/s]
300it [00:01, 531.14it/s]
388it [00:01, 625.27it/s]
488it [00:01, 729.73it/s]
571it [00:01, 757.49it/s]
660it [00:01, 794.24it/s]
758it [00:01, 848.40it/s]
849it [00:01, 865.48it/s]
938it [00:02, 856.35it/s]
1026it [00:02, 862.10it/s]
1116it [00:02, 870.53it/s]
1216it [00:02, 906.47it/s]
1312it [00:02, 921.11it/s]
1405it [00:02, 905.59it/s]
1496it [00:02, 902.54it/s]
1590it [00:02, 912.17it/s]
1682it [00:02, 881.91it/s]
1773it [00:02, 889.03it/s]
1863it [00:03, 881.39it/s]
1966it [00:03, 923.65it/s]
2060it [00:03, 928.21it/s]
2153it [00:03, 759.73it/s]
2238it [00:03, 777.81it/s]
2321it [00:03, 789.76it/s]
2404it [00:03, 800.21it/s]
2487it [00:03, 787.43it/s]
2581it [00:03, 828.10it/s]
2672it [00:04, 851.06it/s]
2766it [00:04, 876.37it/s]
2858it [00:04, 887.22it/s]
2954it [00:04, 907.30it/s]
3046it [00:04, 911.01it/s]
3139it [00:04, 913.85it/s]
3231it [00:04, 897.38it/s]
3321it [00:04, 891.36it/s]
3411it [00:04, 891.40it/s]
3501it [00:04, 878.07it/s]
3589it [00:05, 868.07it/s]
3676it [00:05, 842.11it/s]
3766it [00:05, 858.43it/s]
3857it [00:05, 871.34it/s]
3948it [00:05, 882.47it/s]
4037it [00:05, 831.18it/s]
4131it [00:05, 857.58it/s]
4218it [00:05, 851.42it/s]
4313it [00:05, 879.49it/s]
4402it [00:06, 847.67it/s]
4492it [00:06, 862.12it/s]
4583it [00:06, 875.53it/s]
4671it [00:06, 839.51it/s]
4768it [00:06, 874.28it/s]
4864it [00:06, 898.99it/s]
4959it [00:06, 911.46it/s]
5051it [00:06, 894.06it/s]
5141it [00:06, 860.25it/s]
5228it [00:06, 862.43it/s]
5319it [00:07, 875.49it/s]
5412it [00:07, 891.18it/s]
5505it [00:07, 901.42it/s]
5610it [00:07, 942.12it/s]
5714it [00:07, 968.85it/s]
5818it [00:07, 986.78it/s]
5918it [00:07, 989.53it/s]
6018it [00:07, 928.08it/s]
6112it [00:07, 922.97it/s]
6205it [00:08, 916.11it/s]
6297it [00:08, 805.05it/s]
6398it [00:08, 853.74it/s]
6502it [00:08, 902.74it/s]
6595it [00:08, 903.47it/s]
6687it [00:08, 886.11it/s]
6781it [00:08, 899.78it/s]
6876it [00:08, 913.42it/s]
6968it [00:08, 908.51it/s]
7060it [00:08, 880.52it/s]
7149it [00:09, 876.04it/s]
7245it [00:09, 899.37it/s]
7338it [00:09, 906.20it/s]
7429it [00:09, 873.91it/s]
7528it [00:09, 906.12it/s]
7620it [00:09, 908.59it/s]
7713it [00:09, 911.13it/s]
7805it [00:09, 840.61it/s]
7891it [00:09, 843.70it/s]
7984it [00:10, 868.02it/s]
8073it [00:10, 872.90it/s]
8172it [00:10, 904.72it/s]
8263it [00:10, 886.49it/s]
8353it [00:10, 859.45it/s]
8440it [00:10, 854.59it/s]
8533it [00:10, 874.45it/s]
8624it [00:10, 882.15it/s]
8719it [00:10, 901.52it/s]
8810it [00:10, 879.78it/s]
8904it [00:11, 895.80it/s]
8994it [00:11, 875.07it/s]
9088it [00:11, 892.26it/s]
9184it [00:11, 909.62it/s]
9276it [00:11, 902.26it/s]
9367it [00:11, 861.74it/s]
9454it [00:11, 850.39it/s]
9551it [00:11, 884.22it/s]
9640it [00:11, 853.87it/s]
9726it [00:12, 778.98it/s]
9806it [00:12, 756.71it/s]
9895it [00:12, 791.57it/s]
9989it [00:12, 831.44it/s]
10000it [00:12, 807.84it/s]
Experiment stage: Done
Results saved to:  /home/dzh/project/vdtuner/vector-db-benchmark-master/results
>>> [Step 5] 收尾工作...
    监控日志已保存。
📊 测试结果摘要:
0.9840400000000001
801.8843866615805
0.0055432718247175215
line1:  0.0055432718247175215
line1:  801.8843866615805
line1:  0.9840400000000001
numeric_values:  [0.0055432718247175215, 801.8843866615805, 0.9840400000000001]
[61] 5350 0.9840400000000001 0.0055432718247175215 89
/bin/sh: 1: Syntax error: "(" unexpected
/data/dzh/venv/lib/python3.10/site-packages/botorch/acquisition/multi_objective/monte_carlo.py:110: NumericsWarning: qExpectedHypervolumeImprovement has known numerical issues that lead to suboptimal optimization performance. It is strongly recommended to simply replace

	 qExpectedHypervolumeImprovement 	 --> 	 qLogExpectedHypervolumeImprovement 

instead, which fixes the issues and has the same API. See https://arxiv.org/abs/2310.20708 for details.
  legacy_ei_numerics_warning(legacy_name=type(self).__name__)
--- DEBUG: Starting command:---
=======================================
🛠️  开始测试流程
Engine: milvus-p10 | Dataset: random-range-2048-angular-no-filters
=======================================
>>> [Step 1] 启动后台监控...
    监控进程 PID: 393604
>>> [Step 2] 重置 Milvus...
 Container milvus-standalone  Stopping
 Container milvus-standalone  Stopped
 Container milvus-standalone  Removing
 Container milvus-standalone  Removed
 Container milvus-etcd  Stopping
 Container milvus-minio  Stopping
 Container milvus-etcd  Stopped
 Container milvus-etcd  Removing
 Container milvus-etcd  Removed
 Container milvus-minio  Stopped
 Container milvus-minio  Removing
 Container milvus-minio  Removed
 Network milvus  Removing
 Network milvus  Removed
    🧹 清理宿主机数据目录: /home/dzh/project/vdtuner/vector-db-benchmark-master/engine/servers/milvus-single-node/volumes
 Network milvus  Creating
 Network milvus  Created
 Container milvus-minio  Creating
 Container milvus-etcd  Creating
 Container milvus-etcd  Created
 Container milvus-minio  Created
 Container milvus-standalone  Creating
 Container milvus-standalone  Created
 Container milvus-minio  Starting
 Container milvus-etcd  Starting
 Container milvus-minio  Started
 Container milvus-etcd  Started
 Container milvus-standalone  Starting
 Container milvus-standalone  Started
>>> [Step 3] 等待服务启动 (90s)...
    等待中... (10s/120s)
    ✅ Milvus 服务已就绪
>>> [Step 4] 运行 Benchmark...
Running experiment: milvus-p10 - random-range-2048-angular-no-filters
established connection
/home/dzh/project/vdtuner/vector-db-benchmark-master/datasets/random-range-2048-angular/random_float_100k_no_filters already exists
Experiment stage: Configure
Experiment stage: Upload

0it [00:00, ?it/s]
1it [00:00,  1.78it/s]
64it [00:00, 82.62it/s]
576it [00:01, 869.51it/s]
832it [00:01, 1177.90it/s]
1216it [00:01, 1707.22it/s]
1664it [00:01, 2302.14it/s]
1998it [00:01, 2222.37it/s]
2368it [00:01, 2415.95it/s]
2752it [00:01, 2738.85it/s]
3328it [00:01, 3468.21it/s]
3968it [00:01, 4205.28it/s]
4736it [00:02, 5097.47it/s]
5632it [00:02, 6117.79it/s]
6656it [00:02, 7239.80it/s]
7680it [00:02, 8046.79it/s]
8704it [00:02, 8660.15it/s]
9693it [00:02, 9018.33it/s]
10688it [00:02, 9192.95it/s]
11700it [00:02, 9464.99it/s]
12654it [00:02, 9460.68it/s]
13606it [00:02, 9400.70it/s]
14550it [00:03, 9284.22it/s]
15482it [00:03, 9164.22it/s]
16448it [00:03, 9232.40it/s]
17373it [00:03, 8389.95it/s]
18304it [00:03, 8534.71it/s]
19264it [00:03, 8792.54it/s]
20160it [00:03, 8766.77it/s]
21069it [00:03, 8859.06it/s]
21960it [00:03, 8794.28it/s]
22898it [00:04, 8952.08it/s]
23808it [00:04, 8930.32it/s]
24766it [00:04, 9121.14it/s]
25680it [00:04, 9068.78it/s]
26590it [00:04, 9077.77it/s]
27520it [00:04, 9121.14it/s]
28433it [00:04, 9069.76it/s]
29376it [00:04, 9165.99it/s]
30293it [00:04, 9030.10it/s]
31255it [00:04, 9204.03it/s]
32177it [00:05, 7264.10it/s]
32968it [00:05, 7262.74it/s]
33984it [00:05, 7912.40it/s]
34944it [00:05, 8351.52it/s]
35904it [00:05, 8617.59it/s]
36864it [00:05, 8871.55it/s]
37824it [00:05, 8943.01it/s]
38784it [00:05, 9069.72it/s]
39701it [00:05, 9006.08it/s]
40640it [00:06, 8984.34it/s]
41600it [00:06, 9105.31it/s]
42514it [00:06, 9083.53it/s]
43520it [00:06, 9247.24it/s]
44480it [00:06, 9224.26it/s]
45440it [00:06, 9202.28it/s]
46361it [00:06, 9135.67it/s]
47276it [00:06, 6287.74it/s]
48128it [00:07, 6784.84it/s]
48960it [00:07, 7116.26it/s]
49749it [00:07, 7248.87it/s]
50530it [00:07, 7368.33it/s]
51328it [00:07, 7458.68it/s]
52169it [00:07, 7723.54it/s]
53120it [00:07, 8123.48it/s]
53952it [00:07, 8103.94it/s]
54784it [00:07, 8121.76it/s]
55605it [00:07, 8068.46it/s]
56441it [00:08, 8152.75it/s]
57261it [00:08, 7650.65it/s]
58035it [00:08, 7599.42it/s]
58801it [00:08, 6861.14it/s]
59503it [00:08, 6784.43it/s]
60192it [00:08, 6517.91it/s]
61037it [00:08, 7043.43it/s]
61753it [00:08, 5387.64it/s]
62643it [00:09, 6207.46it/s]
63505it [00:09, 6810.18it/s]
64386it [00:09, 7336.36it/s]
65344it [00:09, 7881.68it/s]
66271it [00:09, 8268.52it/s]
67136it [00:09, 8321.84it/s]
68032it [00:09, 8437.30it/s]
68987it [00:09, 8759.05it/s]
69875it [00:09, 8724.75it/s]
70756it [00:09, 8556.64it/s]
71618it [00:10, 8440.36it/s]
72467it [00:10, 8301.69it/s]
73344it [00:10, 8314.09it/s]
74178it [00:10, 8166.04it/s]
75072it [00:10, 8307.75it/s]
75968it [00:10, 8468.36it/s]
76817it [00:10, 8151.60it/s]
77636it [00:10, 8103.68it/s]
78464it [00:10, 8110.99it/s]
79360it [00:11, 8294.69it/s]
80320it [00:11, 8547.28it/s]
81216it [00:11, 8610.83it/s]
82112it [00:11, 8606.15it/s]
82973it [00:11, 8601.66it/s]
83840it [00:11, 8482.47it/s]
84689it [00:11, 8474.77it/s]
85537it [00:11, 8444.03it/s]
86464it [00:11, 8570.60it/s]
87424it [00:11, 8761.18it/s]
88320it [00:12, 8737.31it/s]
89216it [00:12, 8701.04it/s]
90112it [00:12, 8713.14it/s]
91061it [00:12, 8940.60it/s]
91956it [00:12, 7783.85it/s]
92861it [00:12, 8123.58it/s]
93696it [00:12, 8031.48it/s]
94656it [00:12, 8376.17it/s]
95552it [00:12, 8481.69it/s]
96410it [00:13, 8474.35it/s]
97280it [00:13, 8433.72it/s]
98240it [00:13, 8690.81it/s]
99136it [00:13, 8658.35it/s]
100000it [00:13, 7426.83it/s]
Upload time: 14.02270425669849
Total import time: 43.85090635996312
Experiment stage: Search

0it [00:00, ?it/s]
4it [00:00,  5.28it/s]
14it [00:00, 19.75it/s]
25it [00:00, 35.77it/s]
75it [00:01, 130.25it/s]
146it [00:01, 260.49it/s]
230it [00:01, 398.87it/s]
329it [00:01, 550.34it/s]
413it [00:01, 627.27it/s]
500it [00:01, 693.61it/s]
588it [00:01, 745.39it/s]
676it [00:01, 783.66it/s]
761it [00:01, 802.69it/s]
845it [00:01, 791.10it/s]
927it [00:02, 786.70it/s]
1008it [00:02, 789.84it/s]
1096it [00:02, 814.24it/s]
1184it [00:02, 833.03it/s]
1278it [00:02, 864.04it/s]
1365it [00:02, 839.70it/s]
1459it [00:02, 867.49it/s]
1547it [00:02, 835.25it/s]
1632it [00:02, 787.73it/s]
1720it [00:03, 810.10it/s]
1802it [00:03, 711.84it/s]
1889it [00:03, 752.09it/s]
1967it [00:03, 739.78it/s]
2057it [00:03, 782.22it/s]
2155it [00:03, 833.63it/s]
2240it [00:03, 805.76it/s]
2324it [00:03, 815.24it/s]
2412it [00:03, 832.78it/s]
2496it [00:04, 818.40it/s]
2587it [00:04, 841.96it/s]
2672it [00:04, 786.69it/s]
2756it [00:04, 800.10it/s]
2837it [00:04, 758.48it/s]
2914it [00:04, 741.27it/s]
2989it [00:04, 733.60it/s]
3065it [00:04, 740.68it/s]
3149it [00:04, 765.91it/s]
3226it [00:05, 655.97it/s]
3304it [00:05, 688.29it/s]
3378it [00:05, 692.36it/s]
3455it [00:05, 712.75it/s]
3533it [00:05, 730.44it/s]
3629it [00:05, 796.22it/s]
3710it [00:05, 737.88it/s]
3786it [00:05, 736.07it/s]
3861it [00:05, 723.27it/s]
3935it [00:06, 697.64it/s]
4014it [00:06, 721.77it/s]
4087it [00:06, 717.08it/s]
4167it [00:06, 739.91it/s]
4252it [00:06, 769.11it/s]
4340it [00:06, 798.28it/s]
4423it [00:06, 803.46it/s]
4504it [00:06, 765.30it/s]
4595it [00:06, 806.19it/s]
4677it [00:06, 774.84it/s]
4759it [00:07, 786.01it/s]
4851it [00:07, 823.04it/s]
4934it [00:07, 816.82it/s]
5017it [00:07, 809.18it/s]
5099it [00:07, 793.87it/s]
5179it [00:07, 788.22it/s]
5273it [00:07, 830.57it/s]
5358it [00:07, 833.81it/s]
5442it [00:07, 765.81it/s]
5526it [00:08, 785.94it/s]
5615it [00:08, 814.91it/s]
5702it [00:08, 829.86it/s]
5786it [00:08, 752.05it/s]
5875it [00:08, 789.07it/s]
5956it [00:08, 785.75it/s]
6037it [00:08, 787.71it/s]
6125it [00:08, 813.79it/s]
6209it [00:08, 818.11it/s]
6304it [00:08, 854.98it/s]
6390it [00:09, 843.48it/s]
6487it [00:09, 878.91it/s]
6576it [00:09, 878.70it/s]
6665it [00:09, 866.51it/s]
6760it [00:09, 888.79it/s]
6852it [00:09, 897.21it/s]
6942it [00:09, 859.49it/s]
7029it [00:09, 857.47it/s]
7116it [00:09, 807.85it/s]
7198it [00:10, 791.50it/s]
7283it [00:10, 802.51it/s]
7374it [00:10, 830.64it/s]
7458it [00:10, 783.26it/s]
7540it [00:10, 791.15it/s]
7620it [00:10, 773.73it/s]
7699it [00:10, 777.20it/s]
7779it [00:10, 782.64it/s]
7858it [00:10, 772.33it/s]
7936it [00:10, 769.21it/s]
8014it [00:11, 762.15it/s]
8091it [00:11, 747.83it/s]
8167it [00:11, 749.80it/s]
8243it [00:11, 749.81it/s]
8319it [00:11, 717.46it/s]
8408it [00:11, 763.25it/s]
8485it [00:11, 751.49it/s]
8580it [00:11, 806.18it/s]
8678it [00:11, 845.75it/s]
8765it [00:12, 852.17it/s]
8854it [00:12, 863.08it/s]
8941it [00:12, 853.33it/s]
9037it [00:12, 881.44it/s]
9126it [00:12, 883.29it/s]
9215it [00:12, 846.65it/s]
9301it [00:12, 823.82it/s]
9384it [00:12, 819.26it/s]
9467it [00:13, 550.53it/s]
9550it [00:13, 610.54it/s]
9622it [00:13, 561.53it/s]
9686it [00:13, 415.67it/s]
9745it [00:13, 445.26it/s]
9830it [00:13, 530.21it/s]
9915it [00:13, 603.69it/s]
10000it [00:13, 716.60it/s]
Experiment stage: Done
Results saved to:  /home/dzh/project/vdtuner/vector-db-benchmark-master/results
>>> [Step 5] 收尾工作...
    监控日志已保存。
📊 测试结果摘要:
0.96952
711.6823002692622
0.005973444110713898
line1:  0.005973444110713898
line1:  711.6823002692622
line1:  0.96952
numeric_values:  [0.005973444110713898, 711.6823002692622, 0.96952]
[62] 5441 0.96952 0.005973444110713898 90
/bin/sh: 1: Syntax error: "(" unexpected
/data/dzh/venv/lib/python3.10/site-packages/botorch/acquisition/multi_objective/monte_carlo.py:110: NumericsWarning: qExpectedHypervolumeImprovement has known numerical issues that lead to suboptimal optimization performance. It is strongly recommended to simply replace

	 qExpectedHypervolumeImprovement 	 --> 	 qLogExpectedHypervolumeImprovement 

instead, which fixes the issues and has the same API. See https://arxiv.org/abs/2310.20708 for details.
  legacy_ei_numerics_warning(legacy_name=type(self).__name__)
--- DEBUG: Starting command:---
=======================================
🛠️  开始测试流程
Engine: milvus-p10 | Dataset: random-range-2048-angular-no-filters
=======================================
>>> [Step 1] 启动后台监控...
    监控进程 PID: 414009
>>> [Step 2] 重置 Milvus...
 Container milvus-standalone  Stopping
 Container milvus-standalone  Stopped
 Container milvus-standalone  Removing
 Container milvus-standalone  Removed
 Container milvus-minio  Stopping
 Container milvus-etcd  Stopping
 Container milvus-etcd  Stopped
 Container milvus-etcd  Removing
 Container milvus-etcd  Removed
 Container milvus-minio  Stopped
 Container milvus-minio  Removing
 Container milvus-minio  Removed
 Network milvus  Removing
 Network milvus  Removed
    🧹 清理宿主机数据目录: /home/dzh/project/vdtuner/vector-db-benchmark-master/engine/servers/milvus-single-node/volumes
 Network milvus  Creating
 Network milvus  Created
 Container milvus-etcd  Creating
 Container milvus-minio  Creating
 Container milvus-etcd  Created
 Container milvus-minio  Created
 Container milvus-standalone  Creating
 Container milvus-standalone  Created
 Container milvus-minio  Starting
 Container milvus-etcd  Starting
 Container milvus-minio  Started
 Container milvus-etcd  Started
 Container milvus-standalone  Starting
 Container milvus-standalone  Started
>>> [Step 3] 等待服务启动 (90s)...
    等待中... (10s/120s)
    ✅ Milvus 服务已就绪
>>> [Step 4] 运行 Benchmark...
Running experiment: milvus-p10 - random-range-2048-angular-no-filters
established connection
/home/dzh/project/vdtuner/vector-db-benchmark-master/datasets/random-range-2048-angular/random_float_100k_no_filters already exists
Experiment stage: Configure
Experiment stage: Upload

0it [00:00, ?it/s]
1it [00:00,  1.47it/s]
64it [00:00, 81.91it/s]
518it [00:01, 773.71it/s]
790it [00:01, 1126.83it/s]
1027it [00:01, 1278.49it/s]
1472it [00:01, 1895.61it/s]
1744it [00:01, 1836.52it/s]
2048it [00:01, 2100.73it/s]
2414it [00:01, 2477.04it/s]
2707it [00:01, 2297.64it/s]
3283it [00:02, 3145.94it/s]
4160it [00:02, 4590.60it/s]
5056it [00:02, 5737.81it/s]
6016it [00:02, 6725.67it/s]
6896it [00:02, 7308.46it/s]
7903it [00:02, 8099.10it/s]
8960it [00:02, 8690.81it/s]
9984it [00:02, 9044.75it/s]
11008it [00:02, 9301.01it/s]
11968it [00:02, 9349.31it/s]
12928it [00:03, 9336.98it/s]
13944it [00:03, 9577.95it/s]
14906it [00:03, 9587.82it/s]
15868it [00:03, 9569.81it/s]
16832it [00:03, 9494.91it/s]
17783it [00:03, 5845.80it/s]
18755it [00:03, 6645.02it/s]
19776it [00:03, 7388.03it/s]
20800it [00:04, 8066.11it/s]
21824it [00:04, 8541.95it/s]
22832it [00:04, 8952.89it/s]
23808it [00:04, 9058.96it/s]
24768it [00:04, 9074.35it/s]
25728it [00:04, 9139.59it/s]
26688it [00:04, 9147.88it/s]
27648it [00:04, 9269.74it/s]
28608it [00:04, 9268.08it/s]
29562it [00:05, 9347.17it/s]
30503it [00:05, 9340.59it/s]
31442it [00:05, 9321.25it/s]
32377it [00:05, 7264.16it/s]
33291it [00:05, 7728.35it/s]
34267it [00:05, 8258.74it/s]
35143it [00:05, 8382.10it/s]
36096it [00:05, 8678.22it/s]
36992it [00:05, 8747.71it/s]
37902it [00:06, 8848.97it/s]
38848it [00:06, 8948.29it/s]
39808it [00:06, 9099.13it/s]
40832it [00:06, 9404.63it/s]
41792it [00:06, 9379.44it/s]
42752it [00:06, 9397.89it/s]
43695it [00:06, 9307.95it/s]
44628it [00:06, 9254.57it/s]
45632it [00:06, 9384.33it/s]
46592it [00:06, 9336.93it/s]
47527it [00:07, 7002.44it/s]
48320it [00:07, 7188.85it/s]
49269it [00:07, 7772.33it/s]
50176it [00:07, 8029.90it/s]
51072it [00:07, 8251.96it/s]
51968it [00:07, 8421.80it/s]
52833it [00:07, 8378.32it/s]
53696it [00:07, 8385.26it/s]
54592it [00:07, 8453.65it/s]
55488it [00:08, 8551.96it/s]
56349it [00:08, 8372.64it/s]
57280it [00:08, 8519.48it/s]
58176it [00:08, 8642.47it/s]
59139it [00:08, 8930.11it/s]
60035it [00:08, 8925.32it/s]
60930it [00:08, 8858.69it/s]
61964it [00:08, 9295.59it/s]
62896it [00:09, 6518.54it/s]
63808it [00:09, 7070.16it/s]
64704it [00:09, 7439.27it/s]
65600it [00:09, 7748.42it/s]
66496it [00:09, 7966.94it/s]
67392it [00:09, 8195.37it/s]
68299it [00:09, 8439.65it/s]
69184it [00:09, 8528.41it/s]
70080it [00:09, 8650.53it/s]
70977it [00:09, 8742.08it/s]
71936it [00:10, 8987.44it/s]
72879it [00:10, 9117.63it/s]
73796it [00:10, 9018.29it/s]
74702it [00:10, 8918.46it/s]
75648it [00:10, 8967.28it/s]
76547it [00:10, 8858.69it/s]
77435it [00:10, 5875.79it/s]
78209it [00:10, 6279.44it/s]
79168it [00:11, 7018.07it/s]
80085it [00:11, 7558.77it/s]
80961it [00:11, 7874.65it/s]
81856it [00:11, 8150.33it/s]
82752it [00:11, 8342.56it/s]
83617it [00:11, 8337.77it/s]
84482it [00:11, 8426.73it/s]
85341it [00:11, 8210.98it/s]
86174it [00:11, 8052.14it/s]
86988it [00:11, 7908.78it/s]
87872it [00:12, 8109.28it/s]
88832it [00:12, 8401.97it/s]
89728it [00:12, 8557.97it/s]
90624it [00:12, 8655.40it/s]
91532it [00:12, 8779.58it/s]
92412it [00:12, 5556.48it/s]
93117it [00:12, 5841.38it/s]
93951it [00:12, 6417.02it/s]
94784it [00:13, 6851.43it/s]
95680it [00:13, 7351.21it/s]
96639it [00:13, 7954.51it/s]
97484it [00:13, 7954.22it/s]
98315it [00:13, 8053.63it/s]
99200it [00:13, 8265.21it/s]
100000it [00:13, 7300.11it/s]
Upload time: 14.105411517899483
Total import time: 44.93860531784594
Experiment stage: Search

0it [00:00, ?it/s]
4it [00:00,  5.57it/s]
12it [00:00, 17.87it/s]
21it [00:00, 31.38it/s]
46it [00:01, 77.00it/s]
97it [00:01, 176.57it/s]
152it [00:01, 269.01it/s]
240it [00:01, 428.44it/s]
329it [00:01, 552.41it/s]
418it [00:01, 646.41it/s]
507it [00:01, 711.57it/s]
598it [00:01, 768.65it/s]
680it [00:01, 710.57it/s]
769it [00:01, 759.24it/s]
849it [00:02, 770.41it/s]
936it [00:02, 797.54it/s]
1022it [00:02, 813.09it/s]
1114it [00:02, 844.17it/s]
1201it [00:02, 848.05it/s]
1296it [00:02, 876.24it/s]
1386it [00:02, 882.60it/s]
1475it [00:02, 881.75it/s]
1564it [00:02, 869.25it/s]
1652it [00:02, 856.37it/s]
1738it [00:03, 823.37it/s]
1834it [00:03, 857.61it/s]
1923it [00:03, 866.44it/s]
2010it [00:03, 862.43it/s]
2097it [00:03, 808.63it/s]
2182it [00:03, 819.92it/s]
2269it [00:03, 831.80it/s]
2353it [00:03, 822.22it/s]
2443it [00:03, 844.49it/s]
2528it [00:04, 825.77it/s]
2620it [00:04, 852.91it/s]
2712it [00:04, 872.19it/s]
2804it [00:04, 885.93it/s]
2899it [00:04, 903.89it/s]
2994it [00:04, 913.94it/s]
3086it [00:04, 892.72it/s]
3176it [00:04, 860.12it/s]
3264it [00:04, 863.95it/s]
3351it [00:04, 851.89it/s]
3448it [00:05, 884.28it/s]
3537it [00:05, 865.52it/s]
3626it [00:05, 872.33it/s]
3724it [00:05, 903.40it/s]
3821it [00:05, 922.24it/s]
3917it [00:05, 931.44it/s]
4011it [00:05, 926.82it/s]
4104it [00:05, 896.54it/s]
4194it [00:05, 865.34it/s]
4284it [00:06, 875.11it/s]
4373it [00:06, 877.80it/s]
4461it [00:06, 868.80it/s]
4550it [00:06, 868.10it/s]
4638it [00:06, 870.53it/s]
4734it [00:06, 888.86it/s]
4823it [00:06, 879.37it/s]
4911it [00:06, 867.28it/s]
4998it [00:06, 824.74it/s]
5083it [00:06, 830.10it/s]
5171it [00:07, 831.21it/s]
5257it [00:07, 835.79it/s]
5344it [00:07, 845.55it/s]
5429it [00:07, 822.36it/s]
5512it [00:07, 806.51it/s]
5607it [00:07, 846.66it/s]
5696it [00:07, 859.12it/s]
5789it [00:07, 879.42it/s]
5889it [00:07, 914.29it/s]
5981it [00:08, 848.72it/s]
6072it [00:08, 864.57it/s]
6171it [00:08, 898.13it/s]
6268it [00:08, 918.11it/s]
6361it [00:08, 881.48it/s]
6451it [00:08, 885.47it/s]
6541it [00:08, 869.19it/s]
6635it [00:08, 885.39it/s]
6733it [00:08, 910.76it/s]
6825it [00:08, 906.18it/s]
6916it [00:09, 904.74it/s]
7007it [00:09, 815.59it/s]
7099it [00:09, 843.34it/s]
7185it [00:09, 823.39it/s]
7269it [00:09, 821.78it/s]
7355it [00:09, 830.14it/s]
7442it [00:09, 840.33it/s]
7532it [00:09, 855.74it/s]
7620it [00:09, 856.44it/s]
7706it [00:10, 833.37it/s]
7796it [00:10, 851.92it/s]
7894it [00:10, 889.08it/s]
7994it [00:10, 921.52it/s]
8090it [00:10, 931.01it/s]
8184it [00:10, 927.68it/s]
8277it [00:10, 926.60it/s]
8370it [00:10, 816.83it/s]
8455it [00:10, 822.67it/s]
8542it [00:10, 835.29it/s]
8630it [00:11, 847.26it/s]
8724it [00:11, 872.17it/s]
8816it [00:11, 884.25it/s]
8905it [00:11, 876.40it/s]
8994it [00:11, 872.91it/s]
9082it [00:11, 857.47it/s]
9168it [00:11, 851.33it/s]
9254it [00:11, 836.40it/s]
9342it [00:11, 848.73it/s]
9428it [00:11, 846.23it/s]
9513it [00:12, 841.03it/s]
9603it [00:12, 857.51it/s]
9698it [00:12, 882.78it/s]
9796it [00:12, 911.19it/s]
9897it [00:12, 939.77it/s]
9992it [00:12, 938.04it/s]
10000it [00:12, 793.85it/s]
Experiment stage: Done
Results saved to:  /home/dzh/project/vdtuner/vector-db-benchmark-master/results
>>> [Step 5] 收尾工作...
    监控日志已保存。
📊 测试结果摘要:
0.99969
787.8157820243251
0.005717194266617298
line1:  0.005717194266617298
line1:  787.8157820243251
line1:  0.99969
numeric_values:  [0.005717194266617298, 787.8157820243251, 0.99969]
[63] 5532 0.99969 0.005717194266617298 91
/bin/sh: 1: Syntax error: "(" unexpected
/data/dzh/venv/lib/python3.10/site-packages/botorch/acquisition/multi_objective/monte_carlo.py:110: NumericsWarning: qExpectedHypervolumeImprovement has known numerical issues that lead to suboptimal optimization performance. It is strongly recommended to simply replace

	 qExpectedHypervolumeImprovement 	 --> 	 qLogExpectedHypervolumeImprovement 

instead, which fixes the issues and has the same API. See https://arxiv.org/abs/2310.20708 for details.
  legacy_ei_numerics_warning(legacy_name=type(self).__name__)
--- DEBUG: Starting command:---
=======================================
🛠️  开始测试流程
Engine: milvus-p10 | Dataset: random-range-2048-angular-no-filters
=======================================
>>> [Step 1] 启动后台监控...
    监控进程 PID: 431739
>>> [Step 2] 重置 Milvus...
 Container milvus-standalone  Stopping
 Container milvus-standalone  Stopped
 Container milvus-standalone  Removing
 Container milvus-standalone  Removed
 Container milvus-etcd  Stopping
 Container milvus-minio  Stopping
 Container milvus-etcd  Stopped
 Container milvus-etcd  Removing
 Container milvus-etcd  Removed
 Container milvus-minio  Stopped
 Container milvus-minio  Removing
 Container milvus-minio  Removed
 Network milvus  Removing
 Network milvus  Removed
    🧹 清理宿主机数据目录: /home/dzh/project/vdtuner/vector-db-benchmark-master/engine/servers/milvus-single-node/volumes
 Network milvus  Creating
 Network milvus  Created
 Container milvus-minio  Creating
 Container milvus-etcd  Creating
 Container milvus-etcd  Created
 Container milvus-minio  Created
 Container milvus-standalone  Creating
 Container milvus-standalone  Created
 Container milvus-minio  Starting
 Container milvus-etcd  Starting
 Container milvus-etcd  Started
 Container milvus-minio  Started
 Container milvus-standalone  Starting
 Container milvus-standalone  Started
>>> [Step 3] 等待服务启动 (90s)...
    等待中... (10s/120s)
    ✅ Milvus 服务已就绪
>>> [Step 4] 运行 Benchmark...
Running experiment: milvus-p10 - random-range-2048-angular-no-filters
established connection
/home/dzh/project/vdtuner/vector-db-benchmark-master/datasets/random-range-2048-angular/random_float_100k_no_filters already exists
Experiment stage: Configure
Experiment stage: Upload

0it [00:00, ?it/s]
1it [00:00,  1.66it/s]
64it [00:00, 84.30it/s]
384it [00:01, 570.76it/s]
704it [00:01, 1044.22it/s]
1024it [00:01, 1466.99it/s]
1264it [00:01, 1670.73it/s]
1503it [00:01, 1648.16it/s]
2048it [00:01, 2485.38it/s]
2351it [00:01, 2544.43it/s]
2688it [00:01, 2730.55it/s]
3200it [00:01, 3328.32it/s]
3565it [00:02, 3415.92it/s]
4288it [00:02, 4469.77it/s]
5376it [00:02, 6217.51it/s]
6400it [00:02, 7317.95it/s]
7360it [00:02, 7895.59it/s]
8384it [00:02, 8532.44it/s]
9397it [00:02, 8998.60it/s]
10341it [00:02, 9128.33it/s]
11264it [00:02, 9157.41it/s]
12288it [00:02, 9360.06it/s]
13312it [00:03, 9497.66it/s]
14272it [00:03, 9469.40it/s]
15296it [00:03, 9612.77it/s]
16259it [00:03, 9606.21it/s]
17221it [00:03, 6465.28it/s]
18176it [00:03, 7109.50it/s]
19136it [00:03, 7658.95it/s]
20096it [00:03, 8147.81it/s]
21120it [00:04, 8582.28it/s]
22144it [00:04, 8930.80it/s]
23168it [00:04, 9193.77it/s]
24128it [00:04, 9196.61it/s]
25140it [00:04, 9459.14it/s]
26103it [00:04, 9207.61it/s]
27072it [00:04, 9252.01it/s]
28032it [00:04, 9303.21it/s]
28984it [00:04, 9365.10it/s]
30013it [00:04, 9635.97it/s]
30981it [00:05, 9346.61it/s]
31936it [00:05, 9360.48it/s]
32876it [00:05, 6407.58it/s]
33728it [00:05, 6865.65it/s]
34691it [00:05, 7529.74it/s]
35584it [00:05, 7845.53it/s]
36589it [00:05, 8432.77it/s]
37504it [00:05, 8610.02it/s]
38413it [00:06, 8745.07it/s]
39424it [00:06, 9029.60it/s]
40384it [00:06, 9152.06it/s]
41344it [00:06, 9246.93it/s]
42280it [00:06, 8956.43it/s]
43200it [00:06, 8904.52it/s]
44121it [00:06, 8991.93it/s]
45025it [00:06, 8880.15it/s]
45917it [00:06, 8859.33it/s]
46848it [00:06, 8914.61it/s]
47742it [00:07, 7505.50it/s]
48531it [00:07, 7259.83it/s]
49408it [00:07, 7559.45it/s]
50317it [00:07, 7972.37it/s]
51264it [00:07, 8301.61it/s]
52160it [00:07, 8466.91it/s]
53086it [00:07, 8692.44it/s]
53965it [00:07, 8582.86it/s]
54848it [00:07, 8561.17it/s]
55808it [00:08, 8789.04it/s]
56704it [00:08, 8763.01it/s]
57583it [00:08, 8749.21it/s]
58460it [00:08, 8616.38it/s]
59328it [00:08, 8545.98it/s]
60224it [00:08, 8593.81it/s]
61120it [00:08, 8640.35it/s]
62080it [00:08, 8859.14it/s]
62967it [00:09, 5810.21it/s]
63683it [00:09, 6097.30it/s]
64576it [00:09, 6713.83it/s]
65408it [00:09, 7059.37it/s]
66240it [00:09, 7359.08it/s]
67072it [00:09, 7576.94it/s]
67904it [00:09, 7688.56it/s]
68864it [00:09, 8104.76it/s]
69723it [00:09, 8242.03it/s]
70592it [00:10, 8355.48it/s]
71488it [00:10, 8473.45it/s]
72376it [00:10, 8592.18it/s]
73241it [00:10, 8561.18it/s]
74116it [00:10, 8616.22it/s]
75072it [00:10, 8756.43it/s]
75968it [00:10, 8749.17it/s]
76864it [00:10, 8759.58it/s]
77776it [00:10, 8865.15it/s]
78664it [00:11, 6057.08it/s]
79552it [00:11, 6658.58it/s]
80457it [00:11, 7236.28it/s]
81344it [00:11, 7566.44it/s]
82304it [00:11, 8067.46it/s]
83232it [00:11, 8398.96it/s]
84111it [00:11, 8431.14it/s]
85056it [00:11, 8709.18it/s]
85952it [00:11, 8771.61it/s]
86912it [00:11, 8877.53it/s]
87810it [00:12, 8787.75it/s]
88704it [00:12, 8787.73it/s]
89600it [00:12, 8787.39it/s]
90483it [00:12, 8766.96it/s]
91392it [00:12, 8721.08it/s]
92288it [00:12, 8763.92it/s]
93166it [00:12, 5585.40it/s]
94080it [00:13, 6311.08it/s]
95040it [00:13, 7030.87it/s]
95941it [00:13, 7519.52it/s]
96855it [00:13, 7942.18it/s]
97792it [00:13, 8214.17it/s]
98663it [00:13, 8310.32it/s]
99569it [00:13, 8521.83it/s]
100000it [00:13, 7318.34it/s]
Upload time: 14.04237271193415
Total import time: 44.484068888705224
Experiment stage: Search

0it [00:00, ?it/s]
4it [00:00,  5.13it/s]
14it [00:00, 18.32it/s]
44it [00:01, 66.07it/s]
120it [00:01, 201.17it/s]
204it [00:01, 339.65it/s]
290it [00:01, 462.53it/s]
377it [00:01, 565.00it/s]
468it [00:01, 654.18it/s]
554it [00:01, 708.49it/s]
635it [00:01, 714.89it/s]
713it [00:01, 704.58it/s]
788it [00:01, 700.49it/s]
862it [00:02, 696.75it/s]
953it [00:02, 754.64it/s]
1033it [00:02, 765.97it/s]
1114it [00:02, 777.50it/s]
1201it [00:02, 803.93it/s]
1283it [00:02, 805.60it/s]
1367it [00:02, 813.32it/s]
1449it [00:02, 802.90it/s]
1530it [00:02, 776.83it/s]
1613it [00:03, 789.05it/s]
1699it [00:03, 809.66it/s]
1791it [00:03, 841.89it/s]
1876it [00:03, 842.75it/s]
1969it [00:03, 867.09it/s]
2061it [00:03, 880.90it/s]
2153it [00:03, 890.75it/s]
2243it [00:03, 885.05it/s]
2334it [00:03, 889.97it/s]
2426it [00:03, 898.62it/s]
2528it [00:04, 933.12it/s]
2622it [00:04, 918.48it/s]
2715it [00:04, 920.20it/s]
2808it [00:04, 906.19it/s]
2899it [00:04, 886.56it/s]
2988it [00:04, 872.38it/s]
3076it [00:04, 821.68it/s]
3165it [00:04, 839.98it/s]
3254it [00:04, 850.03it/s]
3340it [00:04, 849.68it/s]
3426it [00:05, 814.15it/s]
3517it [00:05, 839.82it/s]
3602it [00:05, 838.50it/s]
3694it [00:05, 860.68it/s]
3781it [00:05, 786.22it/s]
3872it [00:05, 819.31it/s]
3956it [00:05, 798.36it/s]
4037it [00:05, 797.12it/s]
4118it [00:05, 775.76it/s]
4198it [00:06, 781.22it/s]
4280it [00:06, 792.30it/s]
4361it [00:06, 795.24it/s]
4441it [00:06, 771.41it/s]
4535it [00:06, 816.75it/s]
4618it [00:06, 809.41it/s]
4705it [00:06, 825.88it/s]
4791it [00:06, 835.16it/s]
4881it [00:06, 853.90it/s]
4974it [00:06, 876.14it/s]
5072it [00:07, 903.38it/s]
5163it [00:07, 887.53it/s]
5254it [00:07, 892.70it/s]
5344it [00:07, 889.61it/s]
5436it [00:07, 898.08it/s]
5526it [00:07, 790.35it/s]
5615it [00:07, 816.53it/s]
5710it [00:07, 852.76it/s]
5797it [00:07, 848.13it/s]
5885it [00:08, 856.64it/s]
5972it [00:08, 834.24it/s]
6057it [00:08, 834.04it/s]
6141it [00:08, 831.22it/s]
6225it [00:08, 829.99it/s]
6309it [00:08, 821.83it/s]
6392it [00:08, 784.41it/s]
6476it [00:08, 798.41it/s]
6563it [00:08, 817.46it/s]
6646it [00:08, 806.43it/s]
6727it [00:09, 792.51it/s]
6807it [00:09, 757.80it/s]
6892it [00:09, 782.09it/s]
6976it [00:09, 794.96it/s]
7063it [00:09, 816.18it/s]
7147it [00:09, 821.91it/s]
7233it [00:09, 831.99it/s]
7321it [00:09, 843.68it/s]
7414it [00:09, 869.07it/s]
7511it [00:09, 897.33it/s]
7607it [00:10, 914.08it/s]
7699it [00:10, 912.05it/s]
7791it [00:10, 885.44it/s]
7880it [00:10, 863.28it/s]
7967it [00:10, 862.12it/s]
8054it [00:10, 858.82it/s]
8145it [00:10, 873.21it/s]
8235it [00:10, 880.73it/s]
8324it [00:10, 818.94it/s]
8407it [00:11, 797.43it/s]
8488it [00:11, 798.16it/s]
8575it [00:11, 818.08it/s]
8668it [00:11, 850.31it/s]
8759it [00:11, 867.25it/s]
8860it [00:11, 908.95it/s]
8966it [00:11, 953.31it/s]
9070it [00:11, 977.81it/s]
9173it [00:11, 990.34it/s]
9274it [00:11, 994.18it/s]
9374it [00:12, 960.13it/s]
9471it [00:12, 950.18it/s]
9567it [00:12, 935.66it/s]
9661it [00:12, 888.77it/s]
9751it [00:12, 868.58it/s]
9854it [00:12, 911.92it/s]
9950it [00:12, 911.93it/s]
10000it [00:12, 782.60it/s]
Experiment stage: Done
Results saved to:  /home/dzh/project/vdtuner/vector-db-benchmark-master/results
>>> [Step 5] 收尾工作...
    监控日志已保存。
📊 测试结果摘要:
0.9997
775.2172842946846
0.005693357577547429
line1:  0.005693357577547429
line1:  775.2172842946846
line1:  0.9997
numeric_values:  [0.005693357577547429, 775.2172842946846, 0.9997]
[64] 5622 0.9997 0.005693357577547429 90
/bin/sh: 1: Syntax error: "(" unexpected
/data/dzh/venv/lib/python3.10/site-packages/botorch/acquisition/multi_objective/monte_carlo.py:110: NumericsWarning: qExpectedHypervolumeImprovement has known numerical issues that lead to suboptimal optimization performance. It is strongly recommended to simply replace

	 qExpectedHypervolumeImprovement 	 --> 	 qLogExpectedHypervolumeImprovement 

instead, which fixes the issues and has the same API. See https://arxiv.org/abs/2310.20708 for details.
  legacy_ei_numerics_warning(legacy_name=type(self).__name__)
--- DEBUG: Starting command:---
=======================================
🛠️  开始测试流程
Engine: milvus-p10 | Dataset: random-range-2048-angular-no-filters
=======================================
>>> [Step 1] 启动后台监控...
    监控进程 PID: 449419
>>> [Step 2] 重置 Milvus...
 Container milvus-standalone  Stopping
 Container milvus-standalone  Stopped
 Container milvus-standalone  Removing
 Container milvus-standalone  Removed
 Container milvus-minio  Stopping
 Container milvus-etcd  Stopping
 Container milvus-etcd  Stopped
 Container milvus-etcd  Removing
 Container milvus-etcd  Removed
 Container milvus-minio  Stopped
 Container milvus-minio  Removing
 Container milvus-minio  Removed
 Network milvus  Removing
 Network milvus  Removed
    🧹 清理宿主机数据目录: /home/dzh/project/vdtuner/vector-db-benchmark-master/engine/servers/milvus-single-node/volumes
 Network milvus  Creating
 Network milvus  Created
 Container milvus-minio  Creating
 Container milvus-etcd  Creating
 Container milvus-minio  Created
 Container milvus-etcd  Created
 Container milvus-standalone  Creating
 Container milvus-standalone  Created
 Container milvus-minio  Starting
 Container milvus-etcd  Starting
 Container milvus-etcd  Started
 Container milvus-minio  Started
 Container milvus-standalone  Starting
 Container milvus-standalone  Started
>>> [Step 3] 等待服务启动 (90s)...
    等待中... (10s/120s)
    ✅ Milvus 服务已就绪
>>> [Step 4] 运行 Benchmark...
Running experiment: milvus-p10 - random-range-2048-angular-no-filters
established connection
/home/dzh/project/vdtuner/vector-db-benchmark-master/datasets/random-range-2048-angular/random_float_100k_no_filters already exists
Experiment stage: Configure
Experiment stage: Upload

0it [00:00, ?it/s]
1it [00:00,  1.51it/s]
64it [00:00, 79.80it/s]
640it [00:01, 930.53it/s]
896it [00:01, 1184.18it/s]
1216it [00:01, 1506.97it/s]
1461it [00:01, 1696.34it/s]
1856it [00:01, 2104.15it/s]
2124it [00:01, 1930.52it/s]
2624it [00:01, 2604.71it/s]
3136it [00:01, 3205.58it/s]
3520it [00:02, 3330.72it/s]
4264it [00:02, 4425.52it/s]
5266it [00:02, 5967.71it/s]
6208it [00:02, 6910.67it/s]
7232it [00:02, 7800.56it/s]
8256it [00:02, 8356.03it/s]
9228it [00:02, 8748.99it/s]
10176it [00:02, 8960.64it/s]
11136it [00:02, 9090.30it/s]
12137it [00:02, 9360.87it/s]
13080it [00:03, 9251.28it/s]
14016it [00:03, 9248.20it/s]
14976it [00:03, 9350.22it/s]
16000it [00:03, 9503.51it/s]
16960it [00:03, 9465.83it/s]
17908it [00:03, 5850.56it/s]
18880it [00:03, 6597.89it/s]
19840it [00:03, 7272.52it/s]
20864it [00:04, 7903.24it/s]
21760it [00:04, 8105.51it/s]
22656it [00:04, 8307.83it/s]
23616it [00:04, 8643.74it/s]
24576it [00:04, 8806.86it/s]
25536it [00:04, 9029.17it/s]
26496it [00:04, 9176.49it/s]
27439it [00:04, 9250.21it/s]
28408it [00:04, 9378.92it/s]
29356it [00:05, 9408.12it/s]
30303it [00:05, 9365.06it/s]
31244it [00:05, 9245.88it/s]
32172it [00:05, 7792.13it/s]
33021it [00:05, 7974.36it/s]
33984it [00:05, 8339.87it/s]
34870it [00:05, 8483.83it/s]
35776it [00:05, 8585.32it/s]
36736it [00:05, 8784.26it/s]
37624it [00:05, 8676.25it/s]
38513it [00:06, 8737.70it/s]
39424it [00:06, 8783.68it/s]
40320it [00:06, 8738.40it/s]
41234it [00:06, 8855.61it/s]
42176it [00:06, 8901.73it/s]
43072it [00:06, 8874.13it/s]
43968it [00:06, 8887.85it/s]
44858it [00:06, 8805.02it/s]
45762it [00:06, 8873.72it/s]
46656it [00:07, 8862.09it/s]
47543it [00:07, 8140.75it/s]
48369it [00:07, 8045.94it/s]
49216it [00:07, 8056.02it/s]
50048it [00:07, 8030.40it/s]
50855it [00:07, 7915.57it/s]
51650it [00:07, 7898.73it/s]
52544it [00:07, 8115.72it/s]
53376it [00:07, 8150.00it/s]
54322it [00:07, 8533.40it/s]
55177it [00:08, 8433.29it/s]
56064it [00:08, 8517.26it/s]
56917it [00:08, 8289.96it/s]
57748it [00:08, 7574.12it/s]
58518it [00:08, 7531.31it/s]
59280it [00:08, 7348.60it/s]
60021it [00:08, 7329.37it/s]
60800it [00:08, 7424.50it/s]
61601it [00:08, 7561.87it/s]
62475it [00:09, 7903.94it/s]
63269it [00:09, 6889.08it/s]
64128it [00:09, 7343.00it/s]
65024it [00:09, 7705.81it/s]
65920it [00:09, 7977.91it/s]
66816it [00:09, 8187.18it/s]
67712it [00:09, 8257.77it/s]
68591it [00:09, 8410.19it/s]
69504it [00:09, 8587.03it/s]
70400it [00:09, 8690.42it/s]
71311it [00:10, 8813.71it/s]
72256it [00:10, 8867.72it/s]
73152it [00:10, 8795.86it/s]
74048it [00:10, 8777.97it/s]
74944it [00:10, 8804.01it/s]
75840it [00:10, 8773.00it/s]
76748it [00:10, 8862.31it/s]
77635it [00:10, 6898.36it/s]
78528it [00:11, 7295.83it/s]
79424it [00:11, 7645.06it/s]
80320it [00:11, 7991.38it/s]
81263it [00:11, 8388.54it/s]
82176it [00:11, 8517.88it/s]
83072it [00:11, 8622.83it/s]
83998it [00:11, 8807.13it/s]
84890it [00:11, 8637.25it/s]
85762it [00:11, 8387.26it/s]
86656it [00:11, 8525.64it/s]
87547it [00:12, 8636.91it/s]
88415it [00:12, 8458.71it/s]
89280it [00:12, 8393.19it/s]
90176it [00:12, 8527.07it/s]
91072it [00:12, 8646.97it/s]
91939it [00:12, 8532.06it/s]
92794it [00:12, 7080.02it/s]
93696it [00:12, 7525.98it/s]
94597it [00:12, 7922.99it/s]
95488it [00:13, 8178.35it/s]
96394it [00:13, 8427.09it/s]
97286it [00:13, 8568.09it/s]
98212it [00:13, 8769.24it/s]
99099it [00:13, 8334.52it/s]
99968it [00:13, 8399.41it/s]
100000it [00:13, 7372.63it/s]
Upload time: 14.156975036021322
Total import time: 43.774542085360736
Experiment stage: Search

0it [00:00, ?it/s]
4it [00:00,  5.31it/s]
14it [00:00, 19.90it/s]
24it [00:00, 34.41it/s]
82it [00:01, 146.67it/s]
158it [00:01, 285.78it/s]
238it [00:01, 411.43it/s]
324it [00:01, 526.28it/s]
412it [00:01, 620.49it/s]
501it [00:01, 695.25it/s]
579it [00:01, 711.46it/s]
667it [00:01, 757.16it/s]
751it [00:01, 778.79it/s]
846it [00:01, 826.52it/s]
934it [00:02, 837.61it/s]
1023it [00:02, 850.64it/s]
1110it [00:02, 848.76it/s]
1200it [00:02, 863.63it/s]
1289it [00:02, 868.44it/s]
1379it [00:02, 874.35it/s]
1467it [00:02, 870.70it/s]
1556it [00:02, 874.34it/s]
1644it [00:02, 863.71it/s]
1736it [00:02, 878.37it/s]
1824it [00:03, 831.11it/s]
1908it [00:03, 808.86it/s]
1990it [00:03, 804.45it/s]
2082it [00:03, 835.80it/s]
2178it [00:03, 867.41it/s]
2266it [00:03, 860.31it/s]
2359it [00:03, 878.63it/s]
2451it [00:03, 890.61it/s]
2541it [00:03, 829.11it/s]
2636it [00:04, 860.81it/s]
2733it [00:04, 890.31it/s]
2823it [00:04, 824.57it/s]
2907it [00:04, 824.97it/s]
2999it [00:04, 849.98it/s]
3095it [00:04, 880.66it/s]
3188it [00:04, 892.82it/s]
3289it [00:04, 924.96it/s]
3382it [00:04, 924.81it/s]
3476it [00:04, 928.58it/s]
3570it [00:05, 920.08it/s]
3663it [00:05, 919.74it/s]
3756it [00:05, 912.81it/s]
3848it [00:05, 895.79it/s]
3942it [00:05, 908.03it/s]
4036it [00:05, 917.31it/s]
4128it [00:05, 835.85it/s]
4213it [00:05, 821.93it/s]
4297it [00:05, 823.46it/s]
4381it [00:06, 826.41it/s]
4466it [00:06, 825.95it/s]
4568it [00:06, 880.28it/s]
4657it [00:06, 881.16it/s]
4752it [00:06, 901.36it/s]
4843it [00:06, 888.44it/s]
4933it [00:06, 876.64it/s]
5022it [00:06, 880.42it/s]
5121it [00:06, 910.38it/s]
5214it [00:06, 915.65it/s]
5306it [00:07, 874.69it/s]
5394it [00:07, 852.91it/s]
5488it [00:07, 876.04it/s]
5576it [00:07, 867.19it/s]
5663it [00:07, 808.74it/s]
5745it [00:07, 761.76it/s]
5823it [00:07, 731.27it/s]
5899it [00:07, 737.35it/s]
5974it [00:07, 715.14it/s]
6049it [00:08, 723.37it/s]
6135it [00:08, 760.31it/s]
6212it [00:08, 723.37it/s]
6291it [00:08, 741.02it/s]
6366it [00:08, 718.21it/s]
6443it [00:08, 731.21it/s]
6519it [00:08, 736.83it/s]
6608it [00:08, 780.50it/s]
6687it [00:08, 755.48it/s]
6767it [00:09, 766.68it/s]
6856it [00:09, 801.78it/s]
6946it [00:09, 829.61it/s]
7042it [00:09, 867.29it/s]
7129it [00:09, 840.00it/s]
7214it [00:09, 835.88it/s]
7298it [00:09, 815.12it/s]
7380it [00:09, 773.34it/s]
7458it [00:09, 766.90it/s]
7536it [00:10, 737.36it/s]
7611it [00:10, 693.67it/s]
7693it [00:10, 727.21it/s]
7777it [00:10, 758.35it/s]
7863it [00:10, 786.34it/s]
7953it [00:10, 816.92it/s]
8036it [00:10, 791.74it/s]
8116it [00:10, 770.29it/s]
8194it [00:10, 750.40it/s]
8270it [00:10, 747.56it/s]
8345it [00:11, 668.53it/s]
8414it [00:11, 547.25it/s]
8474it [00:11, 557.54it/s]
8557it [00:11, 625.78it/s]
8634it [00:11, 662.03it/s]
8730it [00:11, 741.92it/s]
8824it [00:11, 796.44it/s]
8909it [00:11, 811.19it/s]
9004it [00:11, 849.51it/s]
9097it [00:12, 872.82it/s]
9186it [00:12, 656.63it/s]
9266it [00:12, 690.36it/s]
9351it [00:12, 730.91it/s]
9435it [00:12, 759.70it/s]
9522it [00:12, 788.63it/s]
9605it [00:12, 718.25it/s]
9686it [00:12, 739.90it/s]
9772it [00:13, 771.95it/s]
9857it [00:13, 792.87it/s]
9948it [00:13, 825.09it/s]
10000it [00:13, 751.27it/s]
Experiment stage: Done
Results saved to:  /home/dzh/project/vdtuner/vector-db-benchmark-master/results
>>> [Step 5] 收尾工作...
    监控日志已保存。
📊 测试结果摘要:
0.9996700000000001
746.4853721299364
0.006095016468316316
line1:  0.006095016468316316
line1:  746.4853721299364
line1:  0.9996700000000001
numeric_values:  [0.006095016468316316, 746.4853721299364, 0.9996700000000001]
[65] 5713 0.9996700000000001 0.006095016468316316 90
/bin/sh: 1: Syntax error: "(" unexpected
/data/dzh/venv/lib/python3.10/site-packages/botorch/acquisition/multi_objective/monte_carlo.py:110: NumericsWarning: qExpectedHypervolumeImprovement has known numerical issues that lead to suboptimal optimization performance. It is strongly recommended to simply replace

	 qExpectedHypervolumeImprovement 	 --> 	 qLogExpectedHypervolumeImprovement 

instead, which fixes the issues and has the same API. See https://arxiv.org/abs/2310.20708 for details.
  legacy_ei_numerics_warning(legacy_name=type(self).__name__)
--- DEBUG: Starting command:---
=======================================
🛠️  开始测试流程
Engine: milvus-p10 | Dataset: random-range-2048-angular-no-filters
=======================================
>>> [Step 1] 启动后台监控...
    监控进程 PID: 468506
>>> [Step 2] 重置 Milvus...
 Container milvus-standalone  Stopping
 Container milvus-standalone  Stopped
 Container milvus-standalone  Removing
 Container milvus-standalone  Removed
 Container milvus-etcd  Stopping
 Container milvus-minio  Stopping
 Container milvus-etcd  Stopped
 Container milvus-etcd  Removing
 Container milvus-etcd  Removed
 Container milvus-minio  Stopped
 Container milvus-minio  Removing
 Container milvus-minio  Removed
 Network milvus  Removing
 Network milvus  Removed
    🧹 清理宿主机数据目录: /home/dzh/project/vdtuner/vector-db-benchmark-master/engine/servers/milvus-single-node/volumes
 Network milvus  Creating
 Network milvus  Created
 Container milvus-minio  Creating
 Container milvus-etcd  Creating
 Container milvus-etcd  Created
 Container milvus-minio  Created
 Container milvus-standalone  Creating
 Container milvus-standalone  Created
 Container milvus-minio  Starting
 Container milvus-etcd  Starting
 Container milvus-etcd  Started
 Container milvus-minio  Started
 Container milvus-standalone  Starting
 Container milvus-standalone  Started
>>> [Step 3] 等待服务启动 (90s)...
    等待中... (10s/120s)
    ✅ Milvus 服务已就绪
>>> [Step 4] 运行 Benchmark...
Running experiment: milvus-p10 - random-range-2048-angular-no-filters
established connection
/home/dzh/project/vdtuner/vector-db-benchmark-master/datasets/random-range-2048-angular/random_float_100k_no_filters already exists
Experiment stage: Configure
Experiment stage: Upload

0it [00:00, ?it/s]
1it [00:00,  1.43it/s]
64it [00:00, 82.33it/s]
576it [00:01, 867.01it/s]
832it [00:01, 1164.17it/s]
1152it [00:01, 1558.64it/s]
1415it [00:01, 1784.59it/s]
1675it [00:01, 1953.55it/s]
2048it [00:01, 2356.78it/s]
2332it [00:01, 2403.50it/s]
2880it [00:01, 3194.44it/s]
3328it [00:01, 3467.60it/s]
3950it [00:02, 4228.43it/s]
4928it [00:02, 5743.14it/s]
5952it [00:02, 7022.49it/s]
6976it [00:02, 7877.32it/s]
8000it [00:02, 8527.60it/s]
9024it [00:02, 8982.73it/s]
9933it [00:02, 9001.33it/s]
10944it [00:02, 9288.06it/s]
11968it [00:02, 9507.65it/s]
12928it [00:02, 9452.98it/s]
13928it [00:03, 9613.84it/s]
14912it [00:03, 9601.66it/s]
15874it [00:03, 9348.78it/s]
16869it [00:03, 9523.75it/s]
17824it [00:03, 7786.30it/s]
18752it [00:03, 8134.79it/s]
19715it [00:03, 8531.88it/s]
20672it [00:03, 8720.30it/s]
21665it [00:03, 9058.44it/s]
22631it [00:04, 9230.21it/s]
23569it [00:04, 9226.64it/s]
24503it [00:04, 9171.26it/s]
25472it [00:04, 9215.34it/s]
26432it [00:04, 9320.70it/s]
27456it [00:04, 9506.97it/s]
28416it [00:04, 9465.80it/s]
29365it [00:04, 9392.59it/s]
30306it [00:04, 9243.90it/s]
31232it [00:04, 9167.45it/s]
32192it [00:05, 9243.25it/s]
33117it [00:05, 5814.91it/s]
34048it [00:05, 6531.19it/s]
35008it [00:05, 7215.12it/s]
35904it [00:05, 7634.78it/s]
36822it [00:05, 8036.43it/s]
37760it [00:05, 8303.29it/s]
38656it [00:05, 8428.16it/s]
39552it [00:06, 8371.13it/s]
40576it [00:06, 8886.18it/s]
41536it [00:06, 9081.04it/s]
42460it [00:06, 9081.92it/s]
43380it [00:06, 8943.98it/s]
44288it [00:06, 8883.53it/s]
45184it [00:06, 8898.42it/s]
46144it [00:06, 9021.31it/s]
47049it [00:06, 8985.59it/s]
47950it [00:07, 7287.38it/s]
48832it [00:07, 7640.82it/s]
49639it [00:07, 7746.93it/s]
50560it [00:07, 8148.42it/s]
51560it [00:07, 8670.20it/s]
52480it [00:07, 8744.63it/s]
53405it [00:07, 8890.51it/s]
54336it [00:07, 8928.24it/s]
55237it [00:07, 8940.51it/s]
56148it [00:08, 8989.72it/s]
57051it [00:08, 8793.55it/s]
57938it [00:08, 8815.34it/s]
58823it [00:08, 8625.36it/s]
59763it [00:08, 8851.03it/s]
60672it [00:08, 8849.27it/s]
61632it [00:08, 9001.59it/s]
62534it [00:08, 6484.21it/s]
63424it [00:08, 7043.62it/s]
64384it [00:09, 7595.04it/s]
65216it [00:09, 7678.63it/s]
66176it [00:09, 8176.89it/s]
67034it [00:09, 8134.65it/s]
67904it [00:09, 8236.88it/s]
68864it [00:09, 8581.84it/s]
69811it [00:09, 8836.72it/s]
70707it [00:09, 8816.19it/s]
71597it [00:09, 8769.95it/s]
72480it [00:09, 8504.23it/s]
73336it [00:10, 8440.43it/s]
74184it [00:10, 8355.28it/s]
75023it [00:10, 8227.83it/s]
75968it [00:10, 8475.45it/s]
76817it [00:10, 5462.55it/s]
77703it [00:10, 6178.24it/s]
78528it [00:10, 6622.16it/s]
79449it [00:11, 7262.17it/s]
80320it [00:11, 7553.04it/s]
81216it [00:11, 7818.00it/s]
82112it [00:11, 8094.68it/s]
83024it [00:11, 8382.78it/s]
83904it [00:11, 8401.16it/s]
84787it [00:11, 8524.57it/s]
85696it [00:11, 8624.97it/s]
86630it [00:11, 8833.74it/s]
87521it [00:11, 8673.41it/s]
88394it [00:12, 8646.74it/s]
89263it [00:12, 8384.89it/s]
90106it [00:12, 8242.73it/s]
91008it [00:12, 8443.87it/s]
91856it [00:12, 8032.08it/s]
92736it [00:12, 8203.48it/s]
93651it [00:12, 8474.25it/s]
94528it [00:12, 8491.50it/s]
95381it [00:12, 8323.53it/s]
96217it [00:12, 8333.50it/s]
97058it [00:13, 8354.59it/s]
97895it [00:13, 8332.21it/s]
98816it [00:13, 8493.83it/s]
99745it [00:13, 8727.24it/s]
100000it [00:13, 7452.89it/s]
Upload time: 13.820866528898478
Total import time: 43.856927557848394
Experiment stage: Search

0it [00:00, ?it/s]
4it [00:00,  5.21it/s]
14it [00:00, 19.47it/s]
24it [00:00, 33.18it/s]
88it [00:01, 154.52it/s]
170it [00:01, 302.28it/s]
252it [00:01, 426.30it/s]
315it [00:01, 477.54it/s]
376it [00:01, 474.43it/s]
458it [00:01, 563.89it/s]
523it [00:01, 546.57it/s]
584it [00:01, 542.98it/s]
664it [00:01, 611.01it/s]
747it [00:02, 671.46it/s]
822it [00:02, 689.81it/s]
908it [00:02, 732.17it/s]
991it [00:02, 748.44it/s]
1081it [00:02, 789.25it/s]
1172it [00:02, 817.60it/s]
1263it [00:02, 844.09it/s]
1348it [00:02, 795.89it/s]
1434it [00:02, 812.59it/s]
1521it [00:03, 828.73it/s]
1614it [00:03, 855.95it/s]
1713it [00:03, 892.64it/s]
1803it [00:03, 884.11it/s]
1903it [00:03, 915.97it/s]
2005it [00:03, 945.72it/s]
2106it [00:03, 962.63it/s]
2203it [00:03, 944.48it/s]
2298it [00:03, 907.25it/s]
2398it [00:03, 932.79it/s]
2492it [00:04, 871.08it/s]
2581it [00:04, 826.88it/s]
2665it [00:04, 824.76it/s]
2753it [00:04, 838.27it/s]
2838it [00:04, 839.88it/s]
2923it [00:04, 831.75it/s]
3007it [00:04, 826.60it/s]
3090it [00:04, 802.57it/s]
3180it [00:04, 829.35it/s]
3264it [00:05, 832.23it/s]
3362it [00:05, 874.28it/s]
3451it [00:05, 874.39it/s]
3539it [00:05, 814.49it/s]
3622it [00:05, 811.78it/s]
3704it [00:05, 761.59it/s]
3809it [00:05, 839.38it/s]
3895it [00:05, 843.93it/s]
3981it [00:05, 844.13it/s]
4067it [00:05, 841.74it/s]
4156it [00:06, 855.75it/s]
4255it [00:06, 894.99it/s]
4351it [00:06, 911.92it/s]
4458it [00:06, 957.47it/s]
4554it [00:06, 954.65it/s]
4650it [00:06, 930.05it/s]
4744it [00:06, 922.01it/s]
4837it [00:06, 899.34it/s]
4928it [00:06, 877.63it/s]
5016it [00:07, 858.42it/s]
5104it [00:07, 860.38it/s]
5201it [00:07, 890.49it/s]
5292it [00:07, 895.09it/s]
5382it [00:07, 885.06it/s]
5475it [00:07, 890.60it/s]
5568it [00:07, 901.48it/s]
5661it [00:07, 908.95it/s]
5759it [00:07, 928.17it/s]
5859it [00:07, 949.25it/s]
5954it [00:08, 895.92it/s]
6045it [00:08, 887.69it/s]
6142it [00:08, 911.25it/s]
6241it [00:08, 931.44it/s]
6341it [00:08, 951.36it/s]
6437it [00:08, 946.95it/s]
6532it [00:08, 940.06it/s]
6627it [00:08, 919.12it/s]
6720it [00:08, 913.36it/s]
6815it [00:08, 921.90it/s]
6908it [00:09, 894.55it/s]
6998it [00:09, 884.91it/s]
7094it [00:09, 899.57it/s]
7185it [00:09, 873.70it/s]
7273it [00:09, 848.26it/s]
7365it [00:09, 867.05it/s]
7452it [00:09, 864.84it/s]
7539it [00:09, 844.74it/s]
7630it [00:09, 863.48it/s]
7717it [00:10, 864.97it/s]
7804it [00:10, 846.40it/s]
7889it [00:10, 841.34it/s]
7974it [00:10, 838.69it/s]
8058it [00:10, 796.23it/s]
8146it [00:10, 819.09it/s]
8229it [00:10, 787.19it/s]
8309it [00:10, 711.41it/s]
8382it [00:10, 709.11it/s]
8454it [00:11, 701.84it/s]
8525it [00:11, 692.49it/s]
8595it [00:11, 674.87it/s]
8663it [00:11, 647.74it/s]
8747it [00:11, 698.85it/s]
8821it [00:11, 709.82it/s]
8894it [00:11, 714.59it/s]
8983it [00:11, 765.17it/s]
9060it [00:11, 759.25it/s]
9152it [00:11, 805.17it/s]
9233it [00:12, 798.88it/s]
9314it [00:12, 801.64it/s]
9395it [00:12, 766.55it/s]
9486it [00:12, 805.81it/s]
9573it [00:12, 820.25it/s]
9663it [00:12, 840.12it/s]
9750it [00:12, 846.51it/s]
9835it [00:12, 826.16it/s]
9918it [00:12, 777.39it/s]
9997it [00:13, 760.78it/s]
10000it [00:13, 767.75it/s]
Experiment stage: Done
Results saved to:  /home/dzh/project/vdtuner/vector-db-benchmark-master/results
>>> [Step 5] 收尾工作...
    监控日志已保存。
📊 测试结果摘要:
0.9996
760.6395410906441
0.00594849484041333
line1:  0.00594849484041333
line1:  760.6395410906441
line1:  0.9996
numeric_values:  [0.00594849484041333, 760.6395410906441, 0.9996]
[66] 5803 0.9996 0.00594849484041333 90
/bin/sh: 1: Syntax error: "(" unexpected
/data/dzh/venv/lib/python3.10/site-packages/botorch/acquisition/multi_objective/monte_carlo.py:110: NumericsWarning: qExpectedHypervolumeImprovement has known numerical issues that lead to suboptimal optimization performance. It is strongly recommended to simply replace

	 qExpectedHypervolumeImprovement 	 --> 	 qLogExpectedHypervolumeImprovement 

instead, which fixes the issues and has the same API. See https://arxiv.org/abs/2310.20708 for details.
  legacy_ei_numerics_warning(legacy_name=type(self).__name__)
--- DEBUG: Starting command:---
=======================================
🛠️  开始测试流程
Engine: milvus-p10 | Dataset: random-range-2048-angular-no-filters
=======================================
>>> [Step 1] 启动后台监控...
    监控进程 PID: 485091
>>> [Step 2] 重置 Milvus...
 Container milvus-standalone  Stopping
 Container milvus-standalone  Stopped
 Container milvus-standalone  Removing
 Container milvus-standalone  Removed
 Container milvus-minio  Stopping
 Container milvus-etcd  Stopping
 Container milvus-etcd  Stopped
 Container milvus-etcd  Removing
 Container milvus-etcd  Removed
 Container milvus-minio  Stopped
 Container milvus-minio  Removing
 Container milvus-minio  Removed
 Network milvus  Removing
 Network milvus  Removed
    🧹 清理宿主机数据目录: /home/dzh/project/vdtuner/vector-db-benchmark-master/engine/servers/milvus-single-node/volumes
 Network milvus  Creating
 Network milvus  Created
 Container milvus-minio  Creating
 Container milvus-etcd  Creating
 Container milvus-minio  Created
 Container milvus-etcd  Created
 Container milvus-standalone  Creating
 Container milvus-standalone  Created
 Container milvus-minio  Starting
 Container milvus-etcd  Starting
 Container milvus-minio  Started
 Container milvus-etcd  Started
 Container milvus-standalone  Starting
 Container milvus-standalone  Started
>>> [Step 3] 等待服务启动 (90s)...
    等待中... (10s/120s)
    ✅ Milvus 服务已就绪
>>> [Step 4] 运行 Benchmark...
Running experiment: milvus-p10 - random-range-2048-angular-no-filters
established connection
/home/dzh/project/vdtuner/vector-db-benchmark-master/datasets/random-range-2048-angular/random_float_100k_no_filters already exists
Experiment stage: Configure
Experiment stage: Upload

0it [00:00, ?it/s]
1it [00:01,  1.24s/it]
768it [00:01, 769.90it/s]
1125it [00:01, 1110.51it/s]
1471it [00:01, 1302.19it/s]
1920it [00:01, 1764.99it/s]
2240it [00:01, 1873.19it/s]
2526it [00:02, 1909.33it/s]
3264it [00:02, 2988.17it/s]
3840it [00:02, 3543.90it/s]
4864it [00:02, 5077.81it/s]
5888it [00:02, 6326.06it/s]
6912it [00:02, 7250.81it/s]
7872it [00:02, 7876.29it/s]
8832it [00:02, 8278.66it/s]
9792it [00:02, 8631.80it/s]
10813it [00:02, 9084.30it/s]
11747it [00:03, 9063.82it/s]
12706it [00:03, 9217.01it/s]
13691it [00:03, 9402.84it/s]
14641it [00:03, 9323.49it/s]
15580it [00:03, 9114.30it/s]
16497it [00:03, 8993.68it/s]
17401it [00:03, 7021.12it/s]
18296it [00:03, 7492.30it/s]
19200it [00:04, 7818.85it/s]
20027it [00:04, 7938.04it/s]
20854it [00:04, 8018.69it/s]
21824it [00:04, 8442.01it/s]
22784it [00:04, 8644.74it/s]
23680it [00:04, 8727.77it/s]
24614it [00:04, 8905.39it/s]
25585it [00:04, 9140.99it/s]
26505it [00:04, 9113.41it/s]
27421it [00:04, 9100.65it/s]
28352it [00:05, 9156.70it/s]
29312it [00:05, 9191.86it/s]
30272it [00:05, 9229.15it/s]
31196it [00:05, 5671.22it/s]
32000it [00:05, 6089.29it/s]
32896it [00:05, 6695.26it/s]
33856it [00:05, 7332.37it/s]
34688it [00:05, 7483.51it/s]
35584it [00:06, 7834.03it/s]
36544it [00:06, 8274.52it/s]
37440it [00:06, 8417.13it/s]
38310it [00:06, 8312.69it/s]
39168it [00:06, 8357.91it/s]
40128it [00:06, 8611.24it/s]
41088it [00:06, 8810.32it/s]
42005it [00:06, 8913.72it/s]
42902it [00:06, 8800.86it/s]
43787it [00:06, 8791.42it/s]
44736it [00:07, 8932.40it/s]
45632it [00:07, 8849.54it/s]
46519it [00:07, 6008.37it/s]
47301it [00:07, 6409.60it/s]
48203it [00:07, 7037.07it/s]
49088it [00:07, 7444.74it/s]
49984it [00:07, 7819.61it/s]
50944it [00:07, 8186.05it/s]
51873it [00:08, 8483.48it/s]
52792it [00:08, 8684.35it/s]
53696it [00:08, 8685.12it/s]
54580it [00:08, 8572.69it/s]
55448it [00:08, 8598.31it/s]
56384it [00:08, 8688.28it/s]
57280it [00:08, 8761.94it/s]
58160it [00:08, 8593.92it/s]
59023it [00:08, 8593.70it/s]
59885it [00:09, 8535.71it/s]
60800it [00:09, 8674.89it/s]
61669it [00:09, 7330.15it/s]
62528it [00:09, 7561.31it/s]
63424it [00:09, 7911.05it/s]
64295it [00:09, 8132.39it/s]
65152it [00:09, 8207.32it/s]
66010it [00:09, 8313.97it/s]
66853it [00:09, 8347.12it/s]
67712it [00:09, 8337.05it/s]
68551it [00:10, 8230.73it/s]
69378it [00:10, 7960.31it/s]
70272it [00:10, 8176.11it/s]
71093it [00:10, 8180.53it/s]
71914it [00:10, 8158.49it/s]
72819it [00:10, 8420.19it/s]
73663it [00:10, 8028.29it/s]
74471it [00:10, 7557.83it/s]
75235it [00:10, 7537.12it/s]
75994it [00:11, 7320.68it/s]
76736it [00:11, 7292.29it/s]
77468it [00:11, 7136.72it/s]
78272it [00:11, 7287.77it/s]
79168it [00:11, 7723.21it/s]
80064it [00:11, 8025.35it/s]
80902it [00:11, 8128.30it/s]
81717it [00:11, 8000.59it/s]
82519it [00:11, 7939.93it/s]
83315it [00:11, 7604.53it/s]
84079it [00:12, 7550.99it/s]
84837it [00:12, 7328.03it/s]
85696it [00:12, 7683.44it/s]
86656it [00:12, 8121.69it/s]
87523it [00:12, 8280.28it/s]
88384it [00:12, 8268.39it/s]
89280it [00:12, 8351.33it/s]
90176it [00:12, 8363.40it/s]
91072it [00:12, 8507.38it/s]
91979it [00:13, 8670.77it/s]
92848it [00:13, 6280.72it/s]
93696it [00:13, 6768.76it/s]
94592it [00:13, 7210.92it/s]
95424it [00:13, 7428.77it/s]
96320it [00:13, 7757.07it/s]
97216it [00:13, 7976.48it/s]
98112it [00:13, 8246.42it/s]
99008it [00:13, 8436.38it/s]
99904it [00:14, 8586.81it/s]
100000it [00:14, 7095.71it/s]
Upload time: 14.494119585957378
Total import time: 44.927083177957684
Experiment stage: Search

0it [00:00, ?it/s]
4it [00:00,  5.23it/s]
14it [00:00, 18.27it/s]
42it [00:01, 62.51it/s]
104it [00:01, 170.90it/s]
190it [00:01, 320.60it/s]
270it [00:01, 433.39it/s]
351it [00:01, 528.38it/s]
450it [00:01, 646.96it/s]
537it [00:01, 707.41it/s]
622it [00:01, 746.49it/s]
710it [00:01, 758.78it/s]
791it [00:01, 768.64it/s]
877it [00:02, 794.57it/s]
962it [00:02, 810.04it/s]
1058it [00:02, 851.72it/s]
1154it [00:02, 882.03it/s]
1251it [00:02, 906.67it/s]
1343it [00:02, 907.82it/s]
1435it [00:02, 906.84it/s]
1531it [00:02, 922.56it/s]
1624it [00:02, 922.84it/s]
1723it [00:02, 940.35it/s]
1818it [00:03, 903.68it/s]
1909it [00:03, 784.17it/s]
2003it [00:03, 822.50it/s]
2104it [00:03, 871.46it/s]
2198it [00:03, 889.61it/s]
2298it [00:03, 919.21it/s]
2392it [00:03, 920.26it/s]
2485it [00:03, 908.76it/s]
2581it [00:03, 922.92it/s]
2676it [00:04, 930.66it/s]
2770it [00:04, 910.92it/s]
2862it [00:04, 904.79it/s]
2953it [00:04, 861.00it/s]
3044it [00:04, 870.17it/s]
3132it [00:04, 855.48it/s]
3219it [00:04, 856.09it/s]
3315it [00:04, 884.21it/s]
3405it [00:04, 887.42it/s]
3494it [00:04, 877.62it/s]
3583it [00:05, 877.93it/s]
3675it [00:05, 888.15it/s]
3768it [00:05, 899.62it/s]
3861it [00:05, 908.25it/s]
3952it [00:05, 886.04it/s]
4053it [00:05, 922.05it/s]
4150it [00:05, 936.00it/s]
4244it [00:05, 911.14it/s]
4336it [00:05, 892.38it/s]
4435it [00:06, 920.00it/s]
4528it [00:06, 863.26it/s]
4623it [00:06, 886.78it/s]
4714it [00:06, 891.85it/s]
4804it [00:06, 842.20it/s]
4890it [00:06, 819.14it/s]
4973it [00:06, 782.99it/s]
5057it [00:06, 798.34it/s]
5146it [00:06, 822.81it/s]
5236it [00:06, 843.31it/s]
5328it [00:07, 864.29it/s]
5415it [00:07, 857.51it/s]
5502it [00:07, 857.92it/s]
5588it [00:07, 855.65it/s]
5674it [00:07, 851.02it/s]
5766it [00:07, 868.94it/s]
5862it [00:07, 894.75it/s]
5952it [00:07, 893.70it/s]
6042it [00:07, 885.90it/s]
6131it [00:08, 872.55it/s]
6223it [00:08, 886.13it/s]
6313it [00:08, 888.50it/s]
6407it [00:08, 903.59it/s]
6513it [00:08, 948.00it/s]
6608it [00:08, 927.03it/s]
6701it [00:08, 922.96it/s]
6795it [00:08, 924.78it/s]
6888it [00:08, 897.48it/s]
6978it [00:08, 891.25it/s]
7068it [00:09, 862.57it/s]
7157it [00:09, 870.10it/s]
7245it [00:09, 871.46it/s]
7335it [00:09, 878.09it/s]
7425it [00:09, 882.50it/s]
7514it [00:09, 871.13it/s]
7602it [00:09, 867.42it/s]
7693it [00:09, 877.72it/s]
7781it [00:09, 769.70it/s]
7868it [00:10, 792.47it/s]
7950it [00:10, 777.49it/s]
8039it [00:10, 807.08it/s]
8121it [00:10, 802.73it/s]
8220it [00:10, 852.82it/s]
8307it [00:10, 824.27it/s]
8391it [00:10, 820.42it/s]
8480it [00:10, 840.24it/s]
8576it [00:10, 873.90it/s]
8672it [00:10, 897.99it/s]
8763it [00:11, 897.57it/s]
8853it [00:11, 864.77it/s]
8940it [00:11, 846.81it/s]
9030it [00:11, 860.16it/s]
9118it [00:11, 865.31it/s]
9205it [00:11, 852.14it/s]
9291it [00:11, 837.41it/s]
9378it [00:11, 842.28it/s]
9466it [00:11, 852.59it/s]
9552it [00:11, 852.08it/s]
9642it [00:12, 864.04it/s]
9729it [00:12, 862.05it/s]
9824it [00:12, 887.09it/s]
9914it [00:12, 888.50it/s]
10000it [00:12, 801.34it/s]
Experiment stage: Done
Results saved to:  /home/dzh/project/vdtuner/vector-db-benchmark-master/results
>>> [Step 5] 收尾工作...
    监控日志已保存。
📊 测试结果摘要:
0.9828900000000002
795.6119191409367
0.0056296354858204715
line1:  0.0056296354858204715
line1:  795.6119191409367
line1:  0.9828900000000002
numeric_values:  [0.0056296354858204715, 795.6119191409367, 0.9828900000000002]
[67] 5895 0.9828900000000002 0.0056296354858204715 91
/bin/sh: 1: Syntax error: "(" unexpected
/data/dzh/venv/lib/python3.10/site-packages/botorch/acquisition/multi_objective/monte_carlo.py:110: NumericsWarning: qExpectedHypervolumeImprovement has known numerical issues that lead to suboptimal optimization performance. It is strongly recommended to simply replace

	 qExpectedHypervolumeImprovement 	 --> 	 qLogExpectedHypervolumeImprovement 

instead, which fixes the issues and has the same API. See https://arxiv.org/abs/2310.20708 for details.
  legacy_ei_numerics_warning(legacy_name=type(self).__name__)
--- DEBUG: Starting command:---
=======================================
🛠️  开始测试流程
Engine: milvus-p10 | Dataset: random-range-2048-angular-no-filters
=======================================
>>> [Step 1] 启动后台监控...
    监控进程 PID: 503060
>>> [Step 2] 重置 Milvus...
 Container milvus-standalone  Stopping
 Container milvus-standalone  Stopped
 Container milvus-standalone  Removing
 Container milvus-standalone  Removed
 Container milvus-etcd  Stopping
 Container milvus-minio  Stopping
 Container milvus-etcd  Stopped
 Container milvus-etcd  Removing
 Container milvus-etcd  Removed
 Container milvus-minio  Stopped
 Container milvus-minio  Removing
 Container milvus-minio  Removed
 Network milvus  Removing
 Network milvus  Removed
    🧹 清理宿主机数据目录: /home/dzh/project/vdtuner/vector-db-benchmark-master/engine/servers/milvus-single-node/volumes
 Network milvus  Creating
 Network milvus  Created
 Container milvus-minio  Creating
 Container milvus-etcd  Creating
 Container milvus-etcd  Created
 Container milvus-minio  Created
 Container milvus-standalone  Creating
 Container milvus-standalone  Created
 Container milvus-minio  Starting
 Container milvus-etcd  Starting
 Container milvus-etcd  Started
 Container milvus-minio  Started
 Container milvus-standalone  Starting
 Container milvus-standalone  Started
>>> [Step 3] 等待服务启动 (90s)...
    等待中... (10s/120s)
    ✅ Milvus 服务已就绪
>>> [Step 4] 运行 Benchmark...
Running experiment: milvus-p10 - random-range-2048-angular-no-filters
established connection
/home/dzh/project/vdtuner/vector-db-benchmark-master/datasets/random-range-2048-angular/random_float_100k_no_filters already exists
Experiment stage: Configure
Experiment stage: Upload

0it [00:00, ?it/s]
1it [00:01,  1.77s/it]
704it [00:01, 523.47it/s]
1092it [00:02, 814.59it/s]
1429it [00:02, 1068.38it/s]
1984it [00:02, 1613.91it/s]
2328it [00:02, 1684.89it/s]
2620it [00:02, 1864.13it/s]
3136it [00:02, 2486.18it/s]
4185it [00:02, 4194.94it/s]
5184it [00:02, 5531.27it/s]
6272it [00:02, 6798.53it/s]
7296it [00:03, 7668.56it/s]
8320it [00:03, 8354.61it/s]
9344it [00:03, 8812.53it/s]
10368it [00:03, 9195.24it/s]
11392it [00:03, 9414.14it/s]
12416it [00:03, 9565.80it/s]
13394it [00:03, 9622.63it/s]
14372it [00:03, 9648.78it/s]
15360it [00:03, 9655.81it/s]
16384it [00:04, 9682.86it/s]
17358it [00:04, 8303.99it/s]
18368it [00:04, 8727.06it/s]
19392it [00:04, 9021.14it/s]
20318it [00:04, 9030.11it/s]
21312it [00:04, 9189.95it/s]
22244it [00:04, 9173.41it/s]
23232it [00:04, 9248.88it/s]
24208it [00:04, 9396.01it/s]
25153it [00:04, 9253.19it/s]
26176it [00:05, 9438.61it/s]
27123it [00:05, 9197.32it/s]
28059it [00:05, 9243.85it/s]
29056it [00:05, 9329.17it/s]
30016it [00:05, 9323.28it/s]
30950it [00:05, 9118.86it/s]
31864it [00:05, 7780.25it/s]
32675it [00:05, 7807.51it/s]
33600it [00:05, 8158.23it/s]
34560it [00:06, 8478.08it/s]
35584it [00:06, 8830.29it/s]
36608it [00:06, 9088.69it/s]
37568it [00:06, 9089.39it/s]
38483it [00:06, 8991.83it/s]
39387it [00:06, 8977.81it/s]
40369it [00:06, 9221.98it/s]
41344it [00:06, 9247.42it/s]
42304it [00:06, 9295.71it/s]
43322it [00:07, 9555.06it/s]
44280it [00:07, 9452.02it/s]
45227it [00:07, 9332.65it/s]
46162it [00:07, 7886.02it/s]
46989it [00:07, 7824.30it/s]
47798it [00:07, 7809.36it/s]
48597it [00:07, 7731.72it/s]
49408it [00:07, 7816.84it/s]
50199it [00:07, 7681.65it/s]
50974it [00:08, 7630.96it/s]
51743it [00:08, 7647.37it/s]
52544it [00:08, 7700.28it/s]
53376it [00:08, 7774.55it/s]
54208it [00:08, 7859.10it/s]
55104it [00:08, 8056.44it/s]
56000it [00:08, 8263.58it/s]
56886it [00:08, 8437.43it/s]
57819it [00:08, 8699.96it/s]
58752it [00:08, 8836.70it/s]
59699it [00:09, 9023.66it/s]
60603it [00:09, 8211.76it/s]
61440it [00:09, 8233.16it/s]
62336it [00:09, 8338.06it/s]
63262it [00:09, 8601.26it/s]
64192it [00:09, 8689.94it/s]
65152it [00:09, 8876.01it/s]
66082it [00:09, 8998.96it/s]
66985it [00:09, 8858.56it/s]
67874it [00:09, 8517.56it/s]
68730it [00:10, 8384.32it/s]
69571it [00:10, 8171.73it/s]
70528it [00:10, 8452.95it/s]
71511it [00:10, 8847.41it/s]
72407it [00:10, 8879.67it/s]
73298it [00:10, 8683.39it/s]
74215it [00:10, 8824.34it/s]
75137it [00:10, 8938.56it/s]
76033it [00:11, 7126.36it/s]
76928it [00:11, 7584.80it/s]
77824it [00:11, 7941.86it/s]
78784it [00:11, 8344.94it/s]
79744it [00:11, 8603.49it/s]
80628it [00:11, 8658.11it/s]
81512it [00:11, 8710.12it/s]
82432it [00:11, 8739.96it/s]
83315it [00:11, 8644.39it/s]
84186it [00:11, 8393.15it/s]
85121it [00:12, 8666.85it/s]
86016it [00:12, 8658.59it/s]
86912it [00:12, 8615.17it/s]
87776it [00:12, 8275.60it/s]
88608it [00:12, 8067.31it/s]
89453it [00:12, 8175.23it/s]
90368it [00:12, 8352.36it/s]
91206it [00:12, 7202.22it/s]
92065it [00:12, 7565.23it/s]
92846it [00:13, 7565.11it/s]
93696it [00:13, 7802.63it/s]
94656it [00:13, 8237.81it/s]
95491it [00:13, 8134.87it/s]
96313it [00:13, 8054.84it/s]
97124it [00:13, 7857.86it/s]
97914it [00:13, 7477.35it/s]
98686it [00:13, 7544.06it/s]
99445it [00:13, 7454.84it/s]
100000it [00:13, 7163.06it/s]
Upload time: 14.5144949038513
Total import time: 45.35300984978676
Experiment stage: Search

0it [00:00, ?it/s]
4it [00:00,  5.37it/s]
14it [00:00, 19.81it/s]
25it [00:00, 35.75it/s]
57it [00:01, 93.21it/s]
118it [00:01, 209.14it/s]
201it [00:01, 359.55it/s]
290it [00:01, 493.73it/s]
381it [00:01, 604.60it/s]
472it [00:01, 688.76it/s]
561it [00:01, 744.26it/s]
654it [00:01, 794.08it/s]
742it [00:01, 818.96it/s]
828it [00:01, 820.77it/s]
930it [00:02, 876.66it/s]
1023it [00:02, 888.29it/s]
1114it [00:02, 841.57it/s]
1200it [00:02, 830.34it/s]
1284it [00:02, 830.07it/s]
1368it [00:02, 823.47it/s]
1454it [00:02, 831.36it/s]
1538it [00:02, 832.42it/s]
1623it [00:02, 837.01it/s]
1707it [00:03, 811.23it/s]
1789it [00:03, 767.37it/s]
1867it [00:03, 754.17it/s]
1943it [00:03, 725.40it/s]
2033it [00:03, 771.65it/s]
2131it [00:03, 828.83it/s]
2222it [00:03, 852.21it/s]
2308it [00:03, 814.84it/s]
2391it [00:03, 809.66it/s]
2477it [00:04, 822.41it/s]
2565it [00:04, 835.94it/s]
2650it [00:04, 839.06it/s]
2735it [00:04, 804.80it/s]
2816it [00:04, 764.79it/s]
2894it [00:04, 753.30it/s]
2970it [00:04, 740.98it/s]
3045it [00:04, 718.80it/s]
3131it [00:04, 758.13it/s]
3219it [00:04, 792.32it/s]
3305it [00:05, 810.28it/s]
3387it [00:05, 805.08it/s]
3486it [00:05, 858.01it/s]
3573it [00:05, 855.17it/s]
3662it [00:05, 859.59it/s]
3755it [00:05, 879.69it/s]
3848it [00:05, 892.69it/s]
3938it [00:05, 834.75it/s]
4023it [00:05, 823.14it/s]
4110it [00:06, 835.94it/s]
4195it [00:06, 833.11it/s]
4279it [00:06, 811.43it/s]
4362it [00:06, 815.30it/s]
4450it [00:06, 832.49it/s]
4536it [00:06, 839.31it/s]
4625it [00:06, 852.14it/s]
4711it [00:06, 768.21it/s]
4790it [00:06, 744.48it/s]
4869it [00:06, 755.96it/s]
4965it [00:07, 812.85it/s]
5055it [00:07, 836.20it/s]
5149it [00:07, 862.21it/s]
5236it [00:07, 830.55it/s]
5320it [00:07, 821.48it/s]
5406it [00:07, 832.10it/s]
5490it [00:07, 829.43it/s]
5574it [00:07, 827.76it/s]
5661it [00:07, 839.64it/s]
5751it [00:08, 855.90it/s]
5839it [00:08, 862.29it/s]
5926it [00:08, 850.91it/s]
6012it [00:08, 814.74it/s]
6094it [00:08, 794.57it/s]
6177it [00:08, 803.75it/s]
6259it [00:08, 808.01it/s]
6343it [00:08, 816.74it/s]
6425it [00:08, 810.86it/s]
6512it [00:08, 827.64it/s]
6595it [00:09, 818.50it/s]
6685it [00:09, 840.07it/s]
6773it [00:09, 851.64it/s]
6859it [00:09, 823.79it/s]
6944it [00:09, 829.47it/s]
7036it [00:09, 855.37it/s]
7122it [00:09, 850.24it/s]
7208it [00:09, 825.62it/s]
7311it [00:09, 884.13it/s]
7400it [00:09, 884.83it/s]
7489it [00:10, 784.66it/s]
7570it [00:10, 789.80it/s]
7651it [00:10, 788.55it/s]
7731it [00:10, 756.55it/s]
7808it [00:10, 743.94it/s]
7884it [00:10, 724.94it/s]
7957it [00:10, 725.72it/s]
8030it [00:10, 705.33it/s]
8115it [00:10, 744.12it/s]
8204it [00:11, 784.87it/s]
8286it [00:11, 793.57it/s]
8366it [00:11, 755.23it/s]
8459it [00:11, 803.56it/s]
8540it [00:11, 799.33it/s]
8621it [00:11, 791.81it/s]
8704it [00:11, 801.18it/s]
8785it [00:11, 801.43it/s]
8866it [00:11, 785.74it/s]
8945it [00:12, 760.60it/s]
9029it [00:12, 781.17it/s]
9130it [00:12, 846.32it/s]
9217it [00:12, 852.97it/s]
9303it [00:12, 787.65it/s]
9383it [00:12, 784.63it/s]
9463it [00:12, 768.93it/s]
9541it [00:12, 753.04it/s]
9617it [00:12, 747.20it/s]
9705it [00:12, 782.45it/s]
9797it [00:13, 821.61it/s]
9884it [00:13, 833.22it/s]
9968it [00:13, 825.86it/s]
10000it [00:13, 750.24it/s]
Experiment stage: Done
Results saved to:  /home/dzh/project/vdtuner/vector-db-benchmark-master/results
>>> [Step 5] 收尾工作...
    监控日志已保存。
📊 测试结果摘要:
0.9811400000000001
744.8173338496368
0.005597941274754702
line1:  0.005597941274754702
line1:  744.8173338496368
line1:  0.9811400000000001
numeric_values:  [0.005597941274754702, 744.8173338496368, 0.9811400000000001]
[68] 5987 0.9811400000000001 0.005597941274754702 91
/bin/sh: 1: Syntax error: "(" unexpected
/data/dzh/venv/lib/python3.10/site-packages/botorch/acquisition/multi_objective/monte_carlo.py:110: NumericsWarning: qExpectedHypervolumeImprovement has known numerical issues that lead to suboptimal optimization performance. It is strongly recommended to simply replace

	 qExpectedHypervolumeImprovement 	 --> 	 qLogExpectedHypervolumeImprovement 

instead, which fixes the issues and has the same API. See https://arxiv.org/abs/2310.20708 for details.
  legacy_ei_numerics_warning(legacy_name=type(self).__name__)
--- DEBUG: Starting command:---
=======================================
🛠️  开始测试流程
Engine: milvus-p10 | Dataset: random-range-2048-angular-no-filters
=======================================
>>> [Step 1] 启动后台监控...
    监控进程 PID: 519201
>>> [Step 2] 重置 Milvus...
 Container milvus-standalone  Stopping
 Container milvus-standalone  Stopped
 Container milvus-standalone  Removing
 Container milvus-standalone  Removed
 Container milvus-etcd  Stopping
 Container milvus-minio  Stopping
 Container milvus-etcd  Stopped
 Container milvus-etcd  Removing
 Container milvus-etcd  Removed
 Container milvus-minio  Stopped
 Container milvus-minio  Removing
 Container milvus-minio  Removed
 Network milvus  Removing
 Network milvus  Removed
    🧹 清理宿主机数据目录: /home/dzh/project/vdtuner/vector-db-benchmark-master/engine/servers/milvus-single-node/volumes
 Network milvus  Creating
 Network milvus  Created
 Container milvus-minio  Creating
 Container milvus-etcd  Creating
 Container milvus-minio  Created
 Container milvus-etcd  Created
 Container milvus-standalone  Creating
 Container milvus-standalone  Created
 Container milvus-minio  Starting
 Container milvus-etcd  Starting
 Container milvus-minio  Started
 Container milvus-etcd  Started
 Container milvus-standalone  Starting
 Container milvus-standalone  Started
>>> [Step 3] 等待服务启动 (90s)...
    等待中... (10s/120s)
    ✅ Milvus 服务已就绪
>>> [Step 4] 运行 Benchmark...
Running experiment: milvus-p10 - random-range-2048-angular-no-filters
established connection
/home/dzh/project/vdtuner/vector-db-benchmark-master/datasets/random-range-2048-angular/random_float_100k_no_filters already exists
Experiment stage: Configure
Experiment stage: Upload

0it [00:00, ?it/s]
1it [00:00,  1.49it/s]
64it [00:01, 77.97it/s]
704it [00:01, 1014.40it/s]
994it [00:01, 1342.74it/s]
1344it [00:01, 1757.03it/s]
1728it [00:01, 2183.63it/s]
2053it [00:01, 2044.59it/s]
2330it [00:01, 2161.87it/s]
2688it [00:01, 2474.80it/s]
3467it [00:01, 3807.59it/s]
3911it [00:02, 3967.12it/s]
4800it [00:02, 5307.29it/s]
5837it [00:02, 6724.17it/s]
6784it [00:02, 7433.78it/s]
7680it [00:02, 7725.25it/s]
8512it [00:02, 7885.48it/s]
9519it [00:02, 8520.68it/s]
10496it [00:02, 8833.43it/s]
11392it [00:02, 8801.73it/s]
12352it [00:02, 9005.08it/s]
13258it [00:03, 8814.07it/s]
14272it [00:03, 9101.00it/s]
15293it [00:03, 9424.60it/s]
16320it [00:03, 9558.49it/s]
17278it [00:03, 8432.12it/s]
18146it [00:03, 8099.02it/s]
19136it [00:03, 8528.78it/s]
20096it [00:03, 8766.11it/s]
21120it [00:03, 9160.03it/s]
22144it [00:04, 9405.30it/s]
23110it [00:04, 9478.41it/s]
24065it [00:04, 9360.64it/s]
25088it [00:04, 9517.82it/s]
26050it [00:04, 9546.77it/s]
27008it [00:04, 9507.93it/s]
27968it [00:04, 9531.62it/s]
28923it [00:04, 9429.94it/s]
29870it [00:04, 9441.47it/s]
30912it [00:04, 9715.29it/s]
31885it [00:05, 7255.71it/s]
32771it [00:05, 7641.52it/s]
33757it [00:05, 8208.59it/s]
34746it [00:05, 8658.32it/s]
35661it [00:05, 8747.80it/s]
36672it [00:05, 9032.52it/s]
37632it [00:05, 9157.33it/s]
38592it [00:05, 9180.48it/s]
39523it [00:05, 9149.41it/s]
40447it [00:06, 8975.59it/s]
41352it [00:06, 8957.91it/s]
42368it [00:06, 9197.03it/s]
43298it [00:06, 9226.85it/s]
44223it [00:06, 9118.49it/s]
45137it [00:06, 9099.45it/s]
46080it [00:06, 9161.32it/s]
46998it [00:06, 5832.71it/s]
47744it [00:07, 6175.80it/s]
48704it [00:07, 6924.35it/s]
49728it [00:07, 7725.63it/s]
50688it [00:07, 8120.75it/s]
51648it [00:07, 8394.02it/s]
52658it [00:07, 8862.61it/s]
53583it [00:07, 8945.75it/s]
54505it [00:07, 9023.93it/s]
55488it [00:07, 9132.30it/s]
56448it [00:08, 9144.99it/s]
57373it [00:08, 9130.13it/s]
58293it [00:08, 8886.61it/s]
59188it [00:08, 8574.95it/s]
60051it [00:08, 8349.57it/s]
60928it [00:08, 8382.34it/s]
61770it [00:08, 5881.16it/s]
62528it [00:08, 6190.77it/s]
63296it [00:09, 6513.93it/s]
64107it [00:09, 6918.51it/s]
64949it [00:09, 7316.72it/s]
65792it [00:09, 7557.66it/s]
66624it [00:09, 7734.47it/s]
67456it [00:09, 7790.59it/s]
68416it [00:09, 8277.54it/s]
69322it [00:09, 8503.84it/s]
70264it [00:09, 8771.35it/s]
71168it [00:09, 8664.21it/s]
72064it [00:10, 8745.34it/s]
72961it [00:10, 8810.75it/s]
73846it [00:10, 8564.87it/s]
74752it [00:10, 8670.51it/s]
75712it [00:10, 7067.76it/s]
76480it [00:10, 7130.46it/s]
77376it [00:10, 7566.24it/s]
78336it [00:10, 8051.96it/s]
79223it [00:10, 8277.41it/s]
80124it [00:11, 8484.11it/s]
81024it [00:11, 8583.72it/s]
81898it [00:11, 8628.66it/s]
82801it [00:11, 8745.99it/s]
83682it [00:11, 8655.24it/s]
84562it [00:11, 8696.82it/s]
85440it [00:11, 8609.78it/s]
86336it [00:11, 8673.78it/s]
87232it [00:11, 8718.59it/s]
88106it [00:11, 8704.96it/s]
88978it [00:12, 8528.11it/s]
89898it [00:12, 8724.65it/s]
90772it [00:12, 6042.74it/s]
91648it [00:12, 6651.98it/s]
92604it [00:12, 7360.93it/s]
93504it [00:12, 7746.12it/s]
94400it [00:12, 8000.70it/s]
95415it [00:12, 8592.53it/s]
96320it [00:13, 8694.15it/s]
97218it [00:13, 8539.27it/s]
98092it [00:13, 8373.13it/s]
98944it [00:13, 8191.06it/s]
99774it [00:13, 8133.57it/s]
100000it [00:13, 7413.54it/s]
Upload time: 14.055416797753423
Total import time: 43.881231740582734
Experiment stage: Search

0it [00:00, ?it/s]
4it [00:00,  5.03it/s]
14it [00:00, 18.51it/s]
35it [00:01, 51.12it/s]
81it [00:01, 131.11it/s]
162it [00:01, 279.20it/s]
241it [00:01, 399.69it/s]
333it [00:01, 530.19it/s]
417it [00:01, 611.13it/s]
501it [00:01, 672.73it/s]
585it [00:01, 717.52it/s]
664it [00:01, 731.09it/s]
742it [00:01, 744.11it/s]
826it [00:02, 772.02it/s]
922it [00:02, 825.06it/s]
1008it [00:02, 834.63it/s]
1095it [00:02, 844.56it/s]
1181it [00:02, 847.89it/s]
1273it [00:02, 865.83it/s]
1365it [00:02, 881.14it/s]
1454it [00:02, 865.39it/s]
1543it [00:02, 865.86it/s]
1636it [00:02, 883.45it/s]
1736it [00:03, 915.98it/s]
1828it [00:03, 913.08it/s]
1920it [00:03, 905.56it/s]
2011it [00:03, 903.51it/s]
2102it [00:03, 896.86it/s]
2192it [00:03, 845.31it/s]
2278it [00:03, 807.38it/s]
2360it [00:03, 803.56it/s]
2441it [00:03, 779.69it/s]
2521it [00:04, 785.20it/s]
2608it [00:04, 806.04it/s]
2689it [00:04, 806.40it/s]
2793it [00:04, 873.63it/s]
2894it [00:04, 913.49it/s]
2993it [00:04, 933.68it/s]
3087it [00:04, 934.03it/s]
3183it [00:04, 940.27it/s]
3278it [00:04, 915.86it/s]
3370it [00:04, 840.81it/s]
3456it [00:05, 800.89it/s]
3538it [00:05, 781.08it/s]
3617it [00:05, 737.23it/s]
3697it [00:05, 753.45it/s]
3784it [00:05, 783.90it/s]
3864it [00:05, 765.67it/s]
3942it [00:05, 741.70it/s]
4029it [00:05, 777.45it/s]
4124it [00:05, 826.69it/s]
4219it [00:06, 860.47it/s]
4323it [00:06, 910.83it/s]
4415it [00:06, 888.05it/s]
4505it [00:06, 872.34it/s]
4593it [00:06, 867.92it/s]
4684it [00:06, 878.10it/s]
4772it [00:06, 871.58it/s]
4860it [00:06, 838.24it/s]
4945it [00:06, 807.00it/s]
5027it [00:07, 787.27it/s]
5107it [00:07, 778.79it/s]
5190it [00:07, 791.26it/s]
5270it [00:07, 774.87it/s]
5352it [00:07, 787.29it/s]
5442it [00:07, 819.97it/s]
5532it [00:07, 839.31it/s]
5617it [00:07, 842.30it/s]
5703it [00:07, 846.95it/s]
5792it [00:07, 859.49it/s]
5879it [00:08, 839.26it/s]
5964it [00:08, 820.15it/s]
6047it [00:08, 812.11it/s]
6131it [00:08, 815.96it/s]
6216it [00:08, 822.52it/s]
6308it [00:08, 844.97it/s]
6395it [00:08, 851.48it/s]
6484it [00:08, 861.86it/s]
6571it [00:08, 857.15it/s]
6659it [00:08, 860.22it/s]
6746it [00:09, 838.67it/s]
6831it [00:09, 840.23it/s]
6916it [00:09, 826.67it/s]
7010it [00:09, 859.49it/s]
7097it [00:09, 848.29it/s]
7192it [00:09, 876.58it/s]
7293it [00:09, 914.43it/s]
7385it [00:09, 899.03it/s]
7476it [00:09, 844.81it/s]
7562it [00:10, 750.55it/s]
7652it [00:10, 785.96it/s]
7747it [00:10, 829.45it/s]
7843it [00:10, 865.32it/s]
7932it [00:10, 871.49it/s]
8028it [00:10, 895.95it/s]
8120it [00:10, 900.23it/s]
8211it [00:10, 857.99it/s]
8298it [00:10, 784.49it/s]
8379it [00:11, 759.74it/s]
8457it [00:11, 746.93it/s]
8554it [00:11, 807.13it/s]
8636it [00:11, 803.02it/s]
8718it [00:11, 784.54it/s]
8809it [00:11, 817.98it/s]
8899it [00:11, 840.74it/s]
8988it [00:11, 849.08it/s]
9077it [00:11, 859.49it/s]
9168it [00:11, 872.80it/s]
9256it [00:12, 846.77it/s]
9350it [00:12, 872.15it/s]
9438it [00:12, 822.93it/s]
9532it [00:12, 854.52it/s]
9625it [00:12, 871.47it/s]
9713it [00:12, 869.67it/s]
9801it [00:12, 870.78it/s]
9889it [00:12, 867.44it/s]
9976it [00:12, 820.47it/s]
10000it [00:12, 771.69it/s]
Experiment stage: Done
Results saved to:  /home/dzh/project/vdtuner/vector-db-benchmark-master/results
>>> [Step 5] 收尾工作...
    监控日志已保存。
📊 测试结果摘要:
0.9124700000000001
765.7570063364705
0.005131404986605046
line1:  0.005131404986605046
line1:  765.7570063364705
line1:  0.9124700000000001
numeric_values:  [0.005131404986605046, 765.7570063364705, 0.9124700000000001]
[69] 6076 0.9124700000000001 0.005131404986605046 89
/bin/sh: 1: Syntax error: "(" unexpected
/data/dzh/venv/lib/python3.10/site-packages/botorch/acquisition/multi_objective/monte_carlo.py:110: NumericsWarning: qExpectedHypervolumeImprovement has known numerical issues that lead to suboptimal optimization performance. It is strongly recommended to simply replace

	 qExpectedHypervolumeImprovement 	 --> 	 qLogExpectedHypervolumeImprovement 

instead, which fixes the issues and has the same API. See https://arxiv.org/abs/2310.20708 for details.
  legacy_ei_numerics_warning(legacy_name=type(self).__name__)
--- DEBUG: Starting command:---
=======================================
🛠️  开始测试流程
Engine: milvus-p10 | Dataset: random-range-2048-angular-no-filters
=======================================
>>> [Step 1] 启动后台监控...
    监控进程 PID: 536858
>>> [Step 2] 重置 Milvus...
 Container milvus-standalone  Stopping
 Container milvus-standalone  Stopped
 Container milvus-standalone  Removing
 Container milvus-standalone  Removed
 Container milvus-minio  Stopping
 Container milvus-etcd  Stopping
 Container milvus-etcd  Stopped
 Container milvus-etcd  Removing
 Container milvus-etcd  Removed
 Container milvus-minio  Stopped
 Container milvus-minio  Removing
 Container milvus-minio  Removed
 Network milvus  Removing
 Network milvus  Removed
    🧹 清理宿主机数据目录: /home/dzh/project/vdtuner/vector-db-benchmark-master/engine/servers/milvus-single-node/volumes
 Network milvus  Creating
 Network milvus  Created
 Container milvus-minio  Creating
 Container milvus-etcd  Creating
 Container milvus-etcd  Created
 Container milvus-minio  Created
 Container milvus-standalone  Creating
 Container milvus-standalone  Created
 Container milvus-minio  Starting
 Container milvus-etcd  Starting
 Container milvus-etcd  Started
 Container milvus-minio  Started
 Container milvus-standalone  Starting
 Container milvus-standalone  Started
>>> [Step 3] 等待服务启动 (90s)...
    等待中... (10s/120s)
    ✅ Milvus 服务已就绪
>>> [Step 4] 运行 Benchmark...
Running experiment: milvus-p10 - random-range-2048-angular-no-filters
established connection
/home/dzh/project/vdtuner/vector-db-benchmark-master/datasets/random-range-2048-angular/random_float_100k_no_filters already exists
Experiment stage: Configure
Experiment stage: Upload

0it [00:00, ?it/s]
1it [00:00,  1.77it/s]
64it [00:00, 77.63it/s]
768it [00:01, 1103.62it/s]
1083it [00:01, 1423.78it/s]
1408it [00:01, 1737.89it/s]
1704it [00:01, 1920.42it/s]
1984it [00:01, 2036.08it/s]
2250it [00:01, 2035.12it/s]
2624it [00:01, 2406.38it/s]
3200it [00:01, 3217.80it/s]
4096it [00:02, 4668.69it/s]
5005it [00:02, 5864.58it/s]
5952it [00:02, 6783.07it/s]
6912it [00:02, 7558.73it/s]
7936it [00:02, 8297.18it/s]
8960it [00:02, 8755.99it/s]
9992it [00:02, 9209.51it/s]
11008it [00:02, 9392.11it/s]
12032it [00:02, 9568.15it/s]
13056it [00:02, 9692.19it/s]
14031it [00:03, 9473.35it/s]
14983it [00:03, 9438.13it/s]
15936it [00:03, 9337.01it/s]
16872it [00:03, 7447.91it/s]
17792it [00:03, 7801.17it/s]
18752it [00:03, 8222.85it/s]
19770it [00:03, 8751.40it/s]
20681it [00:03, 8850.90it/s]
21632it [00:03, 8988.09it/s]
22562it [00:04, 9077.56it/s]
23488it [00:04, 9064.37it/s]
24404it [00:04, 8713.01it/s]
25284it [00:04, 8303.30it/s]
26124it [00:04, 8090.85it/s]
26944it [00:04, 8106.04it/s]
27759it [00:04, 7994.26it/s]
28562it [00:04, 7893.12it/s]
29354it [00:04, 7854.31it/s]
30208it [00:05, 7917.42it/s]
31104it [00:05, 7512.85it/s]
31862it [00:05, 7405.65it/s]
32768it [00:05, 7785.35it/s]
33697it [00:05, 8204.43it/s]
34624it [00:05, 8391.67it/s]
35584it [00:05, 8668.51it/s]
36544it [00:05, 8871.98it/s]
37435it [00:05, 8860.88it/s]
38336it [00:05, 8891.55it/s]
39232it [00:06, 8827.77it/s]
40128it [00:06, 8862.30it/s]
41016it [00:06, 8635.76it/s]
41882it [00:06, 8239.16it/s]
42711it [00:06, 8216.19it/s]
43536it [00:06, 8094.11it/s]
44356it [00:06, 8124.36it/s]
45170it [00:06, 8106.40it/s]
45982it [00:06, 8095.68it/s]
46793it [00:07, 7476.05it/s]
47552it [00:07, 7398.50it/s]
48320it [00:07, 7425.47it/s]
49068it [00:07, 7403.24it/s]
49920it [00:07, 7710.16it/s]
50880it [00:07, 8142.47it/s]
51840it [00:07, 8484.00it/s]
52736it [00:07, 8573.91it/s]
53632it [00:07, 8589.20it/s]
54591it [00:07, 8881.89it/s]
55481it [00:08, 8886.96it/s]
56384it [00:08, 8815.37it/s]
57280it [00:08, 8761.43it/s]
58200it [00:08, 8890.05it/s]
59090it [00:08, 8833.89it/s]
59974it [00:08, 8781.37it/s]
60882it [00:08, 8868.87it/s]
61770it [00:08, 7656.36it/s]
62565it [00:08, 7624.60it/s]
63360it [00:09, 7627.36it/s]
64155it [00:09, 7716.96it/s]
64960it [00:09, 7713.52it/s]
65772it [00:09, 7829.43it/s]
66561it [00:09, 7633.95it/s]
67392it [00:09, 7752.61it/s]
68171it [00:09, 7617.43it/s]
68992it [00:09, 7679.47it/s]
69888it [00:09, 8028.44it/s]
70720it [00:09, 8034.17it/s]
71616it [00:10, 8233.50it/s]
72455it [00:10, 8278.61it/s]
73284it [00:10, 8246.83it/s]
74176it [00:10, 8344.84it/s]
75072it [00:10, 8474.91it/s]
76005it [00:10, 8726.37it/s]
76879it [00:10, 6950.81it/s]
77696it [00:10, 7243.11it/s]
78592it [00:10, 7646.73it/s]
79540it [00:11, 8146.35it/s]
80385it [00:11, 8096.73it/s]
81216it [00:11, 7967.05it/s]
82028it [00:11, 7642.95it/s]
82805it [00:11, 7325.82it/s]
83548it [00:11, 7345.71it/s]
84352it [00:11, 7471.33it/s]
85120it [00:11, 7510.46it/s]
85930it [00:11, 7680.64it/s]
86720it [00:12, 7690.90it/s]
87552it [00:12, 7767.81it/s]
88448it [00:12, 8093.95it/s]
89280it [00:12, 8015.03it/s]
90176it [00:12, 8195.37it/s]
91072it [00:12, 8406.35it/s]
92024it [00:12, 8733.49it/s]
92899it [00:12, 6665.94it/s]
93747it [00:12, 7108.05it/s]
94592it [00:13, 7374.07it/s]
95488it [00:13, 7750.44it/s]
96419it [00:13, 8179.44it/s]
97344it [00:13, 8391.93it/s]
98241it [00:13, 8555.70it/s]
99113it [00:13, 8600.05it/s]
99985it [00:13, 8347.19it/s]
100000it [00:13, 7321.25it/s]
Upload time: 14.237494374625385
Total import time: 43.8499079500325
Experiment stage: Search

0it [00:00, ?it/s]
4it [00:00,  5.23it/s]
14it [00:00, 18.97it/s]
44it [00:01, 68.04it/s]
116it [00:01, 198.16it/s]
178it [00:01, 291.53it/s]
247it [00:01, 374.71it/s]
325it [00:01, 472.35it/s]
410it [00:01, 569.91it/s]
478it [00:01, 596.79it/s]
546it [00:01, 598.68it/s]
617it [00:01, 627.62it/s]
700it [00:01, 683.43it/s]
772it [00:02, 687.24it/s]
846it [00:02, 701.54it/s]
923it [00:02, 718.32it/s]
1006it [00:02, 750.38it/s]
1082it [00:02, 740.96it/s]
1157it [00:02, 727.77it/s]
1238it [00:02, 749.50it/s]
1314it [00:02, 623.47it/s]
1387it [00:02, 649.24it/s]
1455it [00:03, 645.38it/s]
1522it [00:03, 651.51it/s]
1589it [00:03, 619.71it/s]
1657it [00:03, 635.03it/s]
1726it [00:03, 649.95it/s]
1792it [00:03, 641.38it/s]
1874it [00:03, 692.35it/s]
1944it [00:03, 684.34it/s]
2013it [00:03, 665.53it/s]
2080it [00:03, 656.01it/s]
2156it [00:04, 683.57it/s]
2225it [00:04, 651.42it/s]
2307it [00:04, 695.54it/s]
2378it [00:04, 649.49it/s]
2458it [00:04, 689.74it/s]
2528it [00:04, 680.72it/s]
2597it [00:04, 638.56it/s]
2662it [00:04, 579.08it/s]
2748it [00:05, 650.48it/s]
2834it [00:05, 707.25it/s]
2907it [00:05, 700.75it/s]
2979it [00:05, 683.20it/s]
3060it [00:05, 708.55it/s]
3132it [00:05, 686.64it/s]
3202it [00:05, 668.38it/s]
3270it [00:05, 669.59it/s]
3338it [00:05, 671.98it/s]
3418it [00:05, 707.65it/s]
3490it [00:06, 696.63it/s]
3560it [00:06, 616.54it/s]
3624it [00:06, 573.11it/s]
3683it [00:06, 551.05it/s]
3751it [00:06, 582.29it/s]
3821it [00:06, 613.30it/s]
3888it [00:06, 614.26it/s]
3965it [00:06, 657.16it/s]
4034it [00:06, 665.26it/s]
4102it [00:07, 648.92it/s]
4169it [00:07, 651.89it/s]
4245it [00:07, 682.75it/s]
4328it [00:07, 723.91it/s]
4401it [00:07, 669.94it/s]
4474it [00:07, 678.56it/s]
4543it [00:07, 675.61it/s]
4617it [00:07, 675.57it/s]
4685it [00:07, 676.19it/s]
4753it [00:08, 671.98it/s]
4821it [00:08, 637.90it/s]
4898it [00:08, 673.68it/s]
4975it [00:08, 696.37it/s]
5046it [00:08, 677.24it/s]
5121it [00:08, 692.65it/s]
5198it [00:08, 712.82it/s]
5270it [00:08, 708.08it/s]
5342it [00:08, 694.52it/s]
5412it [00:08, 683.85it/s]
5481it [00:09, 641.62it/s]
5551it [00:09, 651.15it/s]
5617it [00:09, 641.21it/s]
5682it [00:09, 625.16it/s]
5748it [00:09, 631.76it/s]
5828it [00:09, 678.45it/s]
5901it [00:09, 676.73it/s]
5988it [00:09, 718.38it/s]
6060it [00:09, 683.73it/s]
6156it [00:10, 758.83it/s]
6233it [00:10, 746.96it/s]
6315it [00:10, 762.58it/s]
6392it [00:10, 725.02it/s]
6466it [00:10, 729.11it/s]
6541it [00:10, 731.94it/s]
6615it [00:10, 703.08it/s]
6686it [00:10, 696.90it/s]
6770it [00:10, 732.94it/s]
6847it [00:11, 739.56it/s]
6946it [00:11, 810.86it/s]
7042it [00:11, 852.42it/s]
7131it [00:11, 861.76it/s]
7218it [00:11, 798.23it/s]
7302it [00:11, 809.63it/s]
7388it [00:11, 822.61it/s]
7476it [00:11, 830.62it/s]
7564it [00:11, 843.97it/s]
7655it [00:11, 862.70it/s]
7742it [00:12, 856.40it/s]
7832it [00:12, 868.82it/s]
7920it [00:12, 821.36it/s]
8003it [00:12, 781.20it/s]
8082it [00:12, 758.44it/s]
8163it [00:12, 772.62it/s]
8247it [00:12, 790.46it/s]
8327it [00:12, 714.36it/s]
8400it [00:12, 678.79it/s]
8473it [00:13, 677.88it/s]
8542it [00:13, 664.92it/s]
8614it [00:13, 674.03it/s]
8682it [00:13, 665.47it/s]
8753it [00:13, 677.94it/s]
8824it [00:13, 686.80it/s]
8896it [00:13, 685.51it/s]
8965it [00:13, 673.56it/s]
9041it [00:13, 696.65it/s]
9121it [00:14, 726.39it/s]
9194it [00:14, 713.40it/s]
9282it [00:14, 760.15it/s]
9364it [00:14, 775.51it/s]
9442it [00:14, 733.95it/s]
9517it [00:14, 735.74it/s]
9591it [00:14, 702.38it/s]
9664it [00:14, 708.53it/s]
9738it [00:14, 717.43it/s]
9813it [00:14, 726.22it/s]
9895it [00:15, 751.82it/s]
9982it [00:15, 783.73it/s]
10000it [00:15, 658.27it/s]
Experiment stage: Done
Results saved to:  /home/dzh/project/vdtuner/vector-db-benchmark-master/results
>>> [Step 5] 收尾工作...
    监控日志已保存。
📊 测试结果摘要:
0.9993700000000001
653.1897852508862
0.006561789498664436
line1:  0.006561789498664436
line1:  653.1897852508862
line1:  0.9993700000000001
numeric_values:  [0.006561789498664436, 653.1897852508862, 0.9993700000000001]
[70] 6169 0.9993700000000001 0.006561789498664436 92
/bin/sh: 1: Syntax error: "(" unexpected
/data/dzh/venv/lib/python3.10/site-packages/botorch/acquisition/multi_objective/monte_carlo.py:110: NumericsWarning: qExpectedHypervolumeImprovement has known numerical issues that lead to suboptimal optimization performance. It is strongly recommended to simply replace

	 qExpectedHypervolumeImprovement 	 --> 	 qLogExpectedHypervolumeImprovement 

instead, which fixes the issues and has the same API. See https://arxiv.org/abs/2310.20708 for details.
  legacy_ei_numerics_warning(legacy_name=type(self).__name__)
--- DEBUG: Starting command:---
=======================================
🛠️  开始测试流程
Engine: milvus-p10 | Dataset: random-range-2048-angular-no-filters
=======================================
>>> [Step 1] 启动后台监控...
    监控进程 PID: 564901
>>> [Step 2] 重置 Milvus...
 Container milvus-standalone  Stopping
 Container milvus-standalone  Stopped
 Container milvus-standalone  Removing
 Container milvus-standalone  Removed
 Container milvus-etcd  Stopping
 Container milvus-minio  Stopping
 Container milvus-etcd  Stopped
 Container milvus-etcd  Removing
 Container milvus-etcd  Removed
 Container milvus-minio  Stopped
 Container milvus-minio  Removing
 Container milvus-minio  Removed
 Network milvus  Removing
 Network milvus  Removed
    🧹 清理宿主机数据目录: /home/dzh/project/vdtuner/vector-db-benchmark-master/engine/servers/milvus-single-node/volumes
 Network milvus  Creating
 Network milvus  Created
 Container milvus-minio  Creating
 Container milvus-etcd  Creating
 Container milvus-etcd  Created
 Container milvus-minio  Created
 Container milvus-standalone  Creating
 Container milvus-standalone  Created
 Container milvus-etcd  Starting
 Container milvus-minio  Starting
 Container milvus-minio  Started
 Container milvus-etcd  Started
 Container milvus-standalone  Starting
 Container milvus-standalone  Started
>>> [Step 3] 等待服务启动 (90s)...
    等待中... (10s/120s)
    ✅ Milvus 服务已就绪
>>> [Step 4] 运行 Benchmark...
Running experiment: milvus-p10 - random-range-2048-angular-no-filters
established connection
/home/dzh/project/vdtuner/vector-db-benchmark-master/datasets/random-range-2048-angular/random_float_100k_no_filters already exists
Experiment stage: Configure
Experiment stage: Upload

0it [00:00, ?it/s]
1it [00:00,  1.93it/s]
64it [00:00, 76.71it/s]
704it [00:01, 973.36it/s]
960it [00:01, 1225.13it/s]
1216it [00:01, 1474.63it/s]
1461it [00:01, 1616.66it/s]
1728it [00:01, 1788.00it/s]
2112it [00:01, 2176.10it/s]
2432it [00:01, 2372.04it/s]
2816it [00:01, 2638.07it/s]
3200it [00:02, 2935.57it/s]
3968it [00:02, 4203.38it/s]
4928it [00:02, 5678.19it/s]
5888it [00:02, 6781.93it/s]
6912it [00:02, 7736.60it/s]
7936it [00:02, 8367.68it/s]
8960it [00:02, 8858.02it/s]
9984it [00:02, 9167.10it/s]
11008it [00:02, 9369.82it/s]
12027it [00:02, 9608.90it/s]
12994it [00:03, 9600.65it/s]
14016it [00:03, 9746.86it/s]
15040it [00:03, 9824.38it/s]
16025it [00:03, 9786.62it/s]
17005it [00:03, 7534.25it/s]
17920it [00:03, 7882.66it/s]
18880it [00:03, 8248.94it/s]
19904it [00:03, 8680.56it/s]
20864it [00:03, 8913.60it/s]
21877it [00:04, 9255.14it/s]
22848it [00:04, 9356.58it/s]
23808it [00:04, 9338.30it/s]
24768it [00:04, 9332.84it/s]
25710it [00:04, 9191.07it/s]
26635it [00:04, 9134.89it/s]
27584it [00:04, 9188.13it/s]
28544it [00:04, 9241.48it/s]
29504it [00:04, 9270.18it/s]
30464it [00:04, 9220.35it/s]
31424it [00:05, 9232.37it/s]
32348it [00:05, 5957.10it/s]
33280it [00:05, 6593.98it/s]
34176it [00:05, 7073.11it/s]
35008it [00:05, 7346.35it/s]
35904it [00:05, 7725.05it/s]
36761it [00:05, 7952.34it/s]
37668it [00:05, 8261.49it/s]
38528it [00:06, 8184.29it/s]
39431it [00:06, 8424.17it/s]
40384it [00:06, 8623.95it/s]
41344it [00:06, 8802.52it/s]
42240it [00:06, 8785.00it/s]
43198it [00:06, 9016.08it/s]
44152it [00:06, 9169.42it/s]
45073it [00:06, 8972.21it/s]
45974it [00:06, 8971.18it/s]
46874it [00:07, 6541.38it/s]
47744it [00:07, 6971.95it/s]
48576it [00:07, 7282.21it/s]
49472it [00:07, 7660.48it/s]
50432it [00:07, 8100.94it/s]
51392it [00:07, 8450.11it/s]
52291it [00:07, 8595.05it/s]
53248it [00:07, 8739.61it/s]
54144it [00:07, 8631.41it/s]
55018it [00:08, 8468.09it/s]
55872it [00:08, 8321.02it/s]
56710it [00:08, 8190.54it/s]
57584it [00:08, 8347.37it/s]
58432it [00:08, 8316.76it/s]
59266it [00:08, 7877.15it/s]
60060it [00:08, 7890.95it/s]
60903it [00:08, 8045.57it/s]
61755it [00:08, 8183.55it/s]
62577it [00:09, 6029.44it/s]
63368it [00:09, 6472.89it/s]
64308it [00:09, 7210.21it/s]
65182it [00:09, 7614.61it/s]
66089it [00:09, 8013.72it/s]
67008it [00:09, 8250.48it/s]
67968it [00:09, 8531.76it/s]
68864it [00:09, 8642.05it/s]
69760it [00:09, 8607.01it/s]
70703it [00:10, 8845.12it/s]
71596it [00:10, 8787.16it/s]
72491it [00:10, 8834.22it/s]
73379it [00:10, 8600.34it/s]
74243it [00:10, 8425.48it/s]
75136it [00:10, 8545.70it/s]
76096it [00:10, 8754.79it/s]
76974it [00:10, 5411.10it/s]
77888it [00:11, 6114.36it/s]
78848it [00:11, 6839.46it/s]
79788it [00:11, 7457.07it/s]
80674it [00:11, 7816.26it/s]
81590it [00:11, 8176.23it/s]
82465it [00:11, 8302.46it/s]
83392it [00:11, 8487.68it/s]
84288it [00:11, 8575.36it/s]
85184it [00:11, 8631.18it/s]
86110it [00:11, 8813.49it/s]
87003it [00:12, 8698.35it/s]
87881it [00:12, 8226.51it/s]
88768it [00:12, 8401.21it/s]
89728it [00:12, 8689.55it/s]
90624it [00:12, 8758.80it/s]
91505it [00:12, 6032.77it/s]
92352it [00:12, 6533.45it/s]
93184it [00:12, 6853.43it/s]
94080it [00:13, 7303.69it/s]
94976it [00:13, 7624.25it/s]
95872it [00:13, 7930.54it/s]
96730it [00:13, 8110.05it/s]
97567it [00:13, 8122.68it/s]
98397it [00:13, 8016.14it/s]
99211it [00:13, 7833.06it/s]
100000it [00:13, 7236.78it/s]
Upload time: 14.382113109808415
Total import time: 44.014742417726666
Experiment stage: Search

0it [00:00, ?it/s]
4it [00:00,  5.23it/s]
14it [00:00, 19.33it/s]
32it [00:00, 47.66it/s]
61it [00:01, 95.42it/s]
130it [00:01, 226.41it/s]
208it [00:01, 359.02it/s]
286it [00:01, 466.03it/s]
366it [00:01, 554.13it/s]
446it [00:01, 621.14it/s]
519it [00:01, 651.18it/s]
593it [00:01, 675.97it/s]
668it [00:01, 695.86it/s]
748it [00:02, 725.31it/s]
823it [00:02, 708.44it/s]
896it [00:02, 707.65it/s]
968it [00:02, 709.90it/s]
1040it [00:02, 699.81it/s]
1113it [00:02, 706.98it/s]
1186it [00:02, 710.84it/s]
1273it [00:02, 757.68it/s]
1357it [00:02, 781.90it/s]
1436it [00:02, 759.33it/s]
1529it [00:03, 807.75it/s]
1611it [00:03, 810.68it/s]
1693it [00:03, 763.01it/s]
1789it [00:03, 817.51it/s]
1888it [00:03, 865.96it/s]
1978it [00:03, 875.38it/s]
2069it [00:03, 883.13it/s]
2158it [00:03, 841.36it/s]
2245it [00:03, 844.82it/s]
2330it [00:03, 834.94it/s]
2414it [00:04, 788.69it/s]
2503it [00:04, 815.08it/s]
2589it [00:04, 827.30it/s]
2673it [00:04, 820.85it/s]
2756it [00:04, 788.22it/s]
2855it [00:04, 844.96it/s]
2949it [00:04, 870.92it/s]
3041it [00:04, 883.85it/s]
3136it [00:04, 900.61it/s]
3227it [00:05, 874.72it/s]
3315it [00:05, 844.84it/s]
3402it [00:05, 850.78it/s]
3492it [00:05, 863.17it/s]
3579it [00:05, 828.68it/s]
3663it [00:05, 795.52it/s]
3747it [00:05, 807.12it/s]
3829it [00:05, 800.65it/s]
3910it [00:05, 800.00it/s]
3995it [00:06, 804.69it/s]
4083it [00:06, 824.46it/s]
4166it [00:06, 789.44it/s]
4246it [00:06, 738.06it/s]
4321it [00:06, 730.44it/s]
4397it [00:06, 736.87it/s]
4472it [00:06, 706.43it/s]
4545it [00:06, 712.12it/s]
4634it [00:06, 761.02it/s]
4718it [00:06, 782.53it/s]
4797it [00:07, 749.23it/s]
4873it [00:07, 701.69it/s]
4948it [00:07, 713.65it/s]
5025it [00:07, 729.05it/s]
5105it [00:07, 743.68it/s]
5184it [00:07, 756.41it/s]
5260it [00:07, 754.11it/s]
5348it [00:07, 790.53it/s]
5429it [00:07, 789.11it/s]
5512it [00:08, 799.44it/s]
5594it [00:08, 803.75it/s]
5676it [00:08, 806.93it/s]
5757it [00:08, 784.30it/s]
5836it [00:08, 784.77it/s]
5922it [00:08, 805.54it/s]
6003it [00:08, 786.77it/s]
6093it [00:08, 817.79it/s]
6175it [00:08, 776.86it/s]
6254it [00:08, 739.39it/s]
6329it [00:09, 728.98it/s]
6416it [00:09, 764.98it/s]
6506it [00:09, 802.53it/s]
6590it [00:09, 810.84it/s]
6675it [00:09, 816.16it/s]
6757it [00:09, 796.27it/s]
6841it [00:09, 806.66it/s]
6922it [00:09, 803.31it/s]
7003it [00:09, 788.46it/s]
7082it [00:10, 768.90it/s]
7170it [00:10, 799.47it/s]
7251it [00:10, 802.13it/s]
7349it [00:10, 852.74it/s]
7435it [00:10, 851.68it/s]
7523it [00:10, 857.98it/s]
7618it [00:10, 884.51it/s]
7707it [00:10, 859.95it/s]
7794it [00:10, 843.40it/s]
7882it [00:10, 853.76it/s]
7968it [00:11, 844.11it/s]
8053it [00:11, 840.65it/s]
8148it [00:11, 869.84it/s]
8248it [00:11, 906.91it/s]
8339it [00:11, 788.86it/s]
8421it [00:11, 786.34it/s]
8504it [00:11, 796.58it/s]
8588it [00:11, 808.77it/s]
8683it [00:11, 848.64it/s]
8769it [00:12, 838.87it/s]
8854it [00:12, 838.23it/s]
8941it [00:12, 846.39it/s]
9026it [00:12, 791.42it/s]
9107it [00:12, 686.65it/s]
9193it [00:12, 727.88it/s]
9269it [00:12, 722.64it/s]
9349it [00:12, 741.90it/s]
9425it [00:12, 730.10it/s]
9504it [00:13, 744.98it/s]
9580it [00:13, 717.58it/s]
9653it [00:13, 676.66it/s]
9722it [00:13, 651.09it/s]
9803it [00:13, 694.13it/s]
9885it [00:13, 728.00it/s]
9963it [00:13, 738.50it/s]
10000it [00:13, 728.59it/s]
Experiment stage: Done
Results saved to:  /home/dzh/project/vdtuner/vector-db-benchmark-master/results
>>> [Step 5] 收尾工作...
    监控日志已保存。
📊 测试结果摘要:
0.99926
723.2244874660261
0.006016766605898736
line1:  0.006016766605898736
line1:  723.2244874660261
line1:  0.99926
numeric_values:  [0.006016766605898736, 723.2244874660261, 0.99926]
[71] 6261 0.99926 0.006016766605898736 92
/bin/sh: 1: Syntax error: "(" unexpected
/data/dzh/venv/lib/python3.10/site-packages/botorch/acquisition/multi_objective/monte_carlo.py:110: NumericsWarning: qExpectedHypervolumeImprovement has known numerical issues that lead to suboptimal optimization performance. It is strongly recommended to simply replace

	 qExpectedHypervolumeImprovement 	 --> 	 qLogExpectedHypervolumeImprovement 

instead, which fixes the issues and has the same API. See https://arxiv.org/abs/2310.20708 for details.
  legacy_ei_numerics_warning(legacy_name=type(self).__name__)
--- DEBUG: Starting command:---
=======================================
🛠️  开始测试流程
Engine: milvus-p10 | Dataset: random-range-2048-angular-no-filters
=======================================
>>> [Step 1] 启动后台监控...
    监控进程 PID: 581741
>>> [Step 2] 重置 Milvus...
 Container milvus-standalone  Stopping
 Container milvus-standalone  Stopped
 Container milvus-standalone  Removing
 Container milvus-standalone  Removed
 Container milvus-minio  Stopping
 Container milvus-etcd  Stopping
 Container milvus-etcd  Stopped
 Container milvus-etcd  Removing
 Container milvus-etcd  Removed
 Container milvus-minio  Stopped
 Container milvus-minio  Removing
 Container milvus-minio  Removed
 Network milvus  Removing
 Network milvus  Removed
    🧹 清理宿主机数据目录: /home/dzh/project/vdtuner/vector-db-benchmark-master/engine/servers/milvus-single-node/volumes
 Network milvus  Creating
 Network milvus  Created
 Container milvus-minio  Creating
 Container milvus-etcd  Creating
 Container milvus-minio  Created
 Container milvus-etcd  Created
 Container milvus-standalone  Creating
 Container milvus-standalone  Created
 Container milvus-minio  Starting
 Container milvus-etcd  Starting
 Container milvus-minio  Started
 Container milvus-etcd  Started
 Container milvus-standalone  Starting
 Container milvus-standalone  Started
>>> [Step 3] 等待服务启动 (90s)...
    等待中... (10s/120s)
    ✅ Milvus 服务已就绪
>>> [Step 4] 运行 Benchmark...
Running experiment: milvus-p10 - random-range-2048-angular-no-filters
established connection
/home/dzh/project/vdtuner/vector-db-benchmark-master/datasets/random-range-2048-angular/random_float_100k_no_filters already exists
Experiment stage: Configure
Experiment stage: Upload

0it [00:00, ?it/s]
1it [00:00,  1.17it/s]
64it [00:00, 89.26it/s]
512it [00:01, 812.16it/s]
832it [00:01, 1178.34it/s]
1148it [00:01, 1578.64it/s]
1408it [00:01, 1701.63it/s]
1728it [00:01, 1974.85it/s]
1977it [00:01, 1946.25it/s]
2304it [00:01, 2252.20it/s]
2624it [00:01, 2482.81it/s]
3008it [00:02, 2827.87it/s]
3904it [00:02, 4470.12it/s]
4795it [00:02, 5712.87it/s]
5537it [00:02, 6197.87it/s]
6464it [00:02, 7076.53it/s]
7424it [00:02, 7752.77it/s]
8507it [00:02, 8654.31it/s]
9577it [00:02, 9257.40it/s]
10560it [00:02, 9289.90it/s]
11520it [00:02, 9363.83it/s]
12534it [00:03, 9592.81it/s]
13504it [00:03, 9536.55it/s]
14591it [00:03, 9931.06it/s]
15587it [00:03, 9907.75it/s]
16580it [00:03, 6471.33it/s]
17600it [00:03, 7229.08it/s]
18624it [00:03, 7860.92it/s]
19648it [00:03, 8425.70it/s]
20672it [00:04, 8805.69it/s]
21639it [00:04, 9038.79it/s]
22591it [00:04, 9018.14it/s]
23552it [00:04, 9173.13it/s]
24512it [00:04, 9272.34it/s]
25457it [00:04, 9314.08it/s]
26401it [00:04, 9242.53it/s]
27392it [00:04, 9403.93it/s]
28352it [00:04, 9360.76it/s]
29376it [00:04, 9457.09it/s]
30361it [00:05, 9571.26it/s]
31360it [00:05, 9601.07it/s]
32322it [00:05, 6372.31it/s]
33280it [00:05, 7057.65it/s]
34262it [00:05, 7712.23it/s]
35200it [00:05, 8122.03it/s]
36137it [00:05, 8452.36it/s]
37091it [00:05, 8750.98it/s]
38016it [00:06, 8802.80it/s]
38966it [00:06, 9001.36it/s]
39890it [00:06, 9059.00it/s]
40896it [00:06, 9250.60it/s]
41833it [00:06, 9267.48it/s]
42768it [00:06, 9148.14it/s]
43712it [00:06, 9141.80it/s]
44631it [00:06, 9022.16it/s]
45568it [00:06, 8983.60it/s]
46469it [00:06, 8990.85it/s]
47370it [00:07, 7084.61it/s]
48192it [00:07, 7287.63it/s]
48969it [00:07, 7251.08it/s]
49842it [00:07, 7644.53it/s]
50635it [00:07, 7660.10it/s]
51421it [00:07, 7712.59it/s]
52352it [00:07, 8116.80it/s]
53293it [00:07, 8490.02it/s]
54270it [00:07, 8863.03it/s]
55168it [00:08, 8790.83it/s]
56128it [00:08, 9008.64it/s]
57033it [00:08, 8815.13it/s]
57947it [00:08, 8909.22it/s]
58855it [00:08, 8958.80it/s]
59773it [00:08, 9023.45it/s]
60677it [00:08, 8933.57it/s]
61632it [00:08, 9113.14it/s]
62545it [00:08, 7574.57it/s]
63504it [00:09, 8099.57it/s]
64353it [00:09, 8143.68it/s]
65280it [00:09, 8456.38it/s]
66199it [00:09, 8664.17it/s]
67136it [00:09, 8754.55it/s]
68032it [00:09, 8711.70it/s]
68912it [00:09, 8428.19it/s]
69762it [00:09, 8316.42it/s]
70656it [00:09, 8468.97it/s]
71552it [00:09, 8559.80it/s]
72448it [00:10, 8605.50it/s]
73344it [00:10, 8701.91it/s]
74216it [00:10, 8460.00it/s]
75065it [00:10, 8294.54it/s]
75897it [00:10, 8232.33it/s]
76809it [00:10, 8489.74it/s]
77660it [00:10, 7979.00it/s]
78465it [00:10, 7955.90it/s]
79360it [00:10, 8160.06it/s]
80192it [00:11, 8151.96it/s]
81088it [00:11, 8263.15it/s]
81984it [00:11, 8387.11it/s]
82880it [00:11, 8528.46it/s]
83776it [00:11, 8645.93it/s]
84736it [00:11, 8820.77it/s]
85632it [00:11, 8805.92it/s]
86592it [00:11, 8956.11it/s]
87488it [00:11, 8706.88it/s]
88384it [00:11, 8715.17it/s]
89280it [00:12, 8776.68it/s]
90176it [00:12, 8827.80it/s]
91136it [00:12, 9044.15it/s]
92096it [00:12, 9096.93it/s]
93007it [00:12, 8098.15it/s]
93837it [00:12, 7956.33it/s]
94784it [00:12, 8269.82it/s]
95714it [00:12, 8557.51it/s]
96640it [00:12, 8702.97it/s]
97541it [00:13, 8790.84it/s]
98432it [00:13, 8718.19it/s]
99328it [00:13, 8722.96it/s]
100000it [00:13, 7510.63it/s]
Upload time: 13.888976042158902
Total import time: 44.29978471016511
Experiment stage: Search

0it [00:00, ?it/s]
4it [00:00,  5.28it/s]
14it [00:00, 18.61it/s]
42it [00:01, 63.57it/s]
110it [00:01, 185.01it/s]
180it [00:01, 298.08it/s]
250it [00:01, 394.07it/s]
319it [00:01, 469.25it/s]
391it [00:01, 530.73it/s]
472it [00:01, 606.65it/s]
557it [00:01, 674.96it/s]
654it [00:01, 759.28it/s]
752it [00:01, 822.88it/s]
845it [00:02, 853.40it/s]
933it [00:02, 843.50it/s]
1020it [00:02, 847.30it/s]
1107it [00:02, 833.59it/s]
1202it [00:02, 865.05it/s]
1290it [00:02, 868.21it/s]
1378it [00:02, 870.94it/s]
1473it [00:02, 894.09it/s]
1563it [00:02, 889.78it/s]
1664it [00:02, 923.67it/s]
1757it [00:03, 921.44it/s]
1850it [00:03, 849.70it/s]
1937it [00:03, 816.73it/s]
2020it [00:03, 812.27it/s]
2103it [00:03, 815.70it/s]
2199it [00:03, 855.02it/s]
2285it [00:03, 846.68it/s]
2371it [00:03, 845.95it/s]
2469it [00:03, 884.53it/s]
2558it [00:04, 845.02it/s]
2652it [00:04, 868.84it/s]
2740it [00:04, 830.68it/s]
2824it [00:04, 820.49it/s]
2914it [00:04, 842.01it/s]
3001it [00:04, 849.09it/s]
3089it [00:04, 856.90it/s]
3175it [00:04, 837.01it/s]
3259it [00:04, 836.03it/s]
3351it [00:04, 858.80it/s]
3438it [00:05, 850.96it/s]
3537it [00:05, 891.07it/s]
3627it [00:05, 885.59it/s]
3716it [00:05, 856.65it/s]
3802it [00:05, 836.04it/s]
3896it [00:05, 864.98it/s]
3991it [00:05, 889.00it/s]
4081it [00:05, 853.07it/s]
4169it [00:05, 857.95it/s]
4257it [00:06, 862.60it/s]
4344it [00:06, 862.92it/s]
4432it [00:06, 865.39it/s]
4522it [00:06, 875.46it/s]
4611it [00:06, 872.26it/s]
4699it [00:06, 868.95it/s]
4794it [00:06, 892.80it/s]
4889it [00:06, 909.60it/s]
4981it [00:06, 910.85it/s]
5073it [00:06, 884.46it/s]
5163it [00:07, 888.59it/s]
5253it [00:07, 883.37it/s]
5342it [00:07, 863.76it/s]
5429it [00:07, 816.23it/s]
5512it [00:07, 790.67it/s]
5599it [00:07, 811.75it/s]
5687it [00:07, 830.33it/s]
5771it [00:07, 760.69it/s]
5849it [00:07, 757.80it/s]
5931it [00:08, 771.39it/s]
6031it [00:08, 836.06it/s]
6137it [00:08, 900.13it/s]
6235it [00:08, 922.02it/s]
6337it [00:08, 948.21it/s]
6436it [00:08, 959.52it/s]
6533it [00:08, 936.95it/s]
6628it [00:08, 842.62it/s]
6715it [00:08, 807.16it/s]
6799it [00:08, 814.37it/s]
6882it [00:09, 796.30it/s]
6980it [00:09, 846.11it/s]
7068it [00:09, 853.97it/s]
7170it [00:09, 900.97it/s]
7264it [00:09, 911.37it/s]
7357it [00:09, 915.41it/s]
7449it [00:09, 895.08it/s]
7539it [00:09, 892.45it/s]
7641it [00:09, 928.45it/s]
7738it [00:09, 938.83it/s]
7833it [00:10, 890.56it/s]
7923it [00:10, 888.28it/s]
8013it [00:10, 853.55it/s]
8099it [00:10, 845.61it/s]
8184it [00:10, 842.62it/s]
8269it [00:10, 843.13it/s]
8354it [00:10, 798.89it/s]
8440it [00:10, 813.88it/s]
8522it [00:10, 811.19it/s]
8608it [00:11, 822.74it/s]
8695it [00:11, 834.39it/s]
8781it [00:11, 840.08it/s]
8866it [00:11, 834.79it/s]
8953it [00:11, 842.67it/s]
9038it [00:11, 829.94it/s]
9130it [00:11, 854.06it/s]
9216it [00:11, 855.08it/s]
9306it [00:11, 867.09it/s]
9395it [00:11, 871.60it/s]
9488it [00:12, 888.07it/s]
9577it [00:12, 805.74it/s]
9660it [00:12, 788.78it/s]
9748it [00:12, 814.11it/s]
9838it [00:12, 836.73it/s]
9923it [00:12, 818.99it/s]
10000it [00:12, 784.52it/s]
Experiment stage: Done
Results saved to:  /home/dzh/project/vdtuner/vector-db-benchmark-master/results
>>> [Step 5] 收尾工作...
    监控日志已保存。
📊 测试结果摘要:
0.9526300000000001
779.334882568328
0.005242383456788956
line1:  0.005242383456788956
line1:  779.334882568328
line1:  0.9526300000000001
numeric_values:  [0.005242383456788956, 779.334882568328, 0.9526300000000001]
[72] 6351 0.9526300000000001 0.005242383456788956 89
/bin/sh: 1: Syntax error: "(" unexpected
/data/dzh/venv/lib/python3.10/site-packages/botorch/acquisition/multi_objective/monte_carlo.py:110: NumericsWarning: qExpectedHypervolumeImprovement has known numerical issues that lead to suboptimal optimization performance. It is strongly recommended to simply replace

	 qExpectedHypervolumeImprovement 	 --> 	 qLogExpectedHypervolumeImprovement 

instead, which fixes the issues and has the same API. See https://arxiv.org/abs/2310.20708 for details.
  legacy_ei_numerics_warning(legacy_name=type(self).__name__)
--- DEBUG: Starting command:---
=======================================
🛠️  开始测试流程
Engine: milvus-p10 | Dataset: random-range-2048-angular-no-filters
=======================================
>>> [Step 1] 启动后台监控...
    监控进程 PID: 600856
>>> [Step 2] 重置 Milvus...
 Container milvus-standalone  Stopping
 Container milvus-standalone  Stopped
 Container milvus-standalone  Removing
 Container milvus-standalone  Removed
 Container milvus-etcd  Stopping
 Container milvus-minio  Stopping
 Container milvus-etcd  Stopped
 Container milvus-etcd  Removing
 Container milvus-etcd  Removed
 Container milvus-minio  Stopped
 Container milvus-minio  Removing
 Container milvus-minio  Removed
 Network milvus  Removing
 Network milvus  Removed
    🧹 清理宿主机数据目录: /home/dzh/project/vdtuner/vector-db-benchmark-master/engine/servers/milvus-single-node/volumes
 Network milvus  Creating
 Network milvus  Created
 Container milvus-etcd  Creating
 Container milvus-minio  Creating
 Container milvus-minio  Created
 Container milvus-etcd  Created
 Container milvus-standalone  Creating
 Container milvus-standalone  Created
 Container milvus-minio  Starting
 Container milvus-etcd  Starting
 Container milvus-minio  Started
 Container milvus-etcd  Started
 Container milvus-standalone  Starting
 Container milvus-standalone  Started
>>> [Step 3] 等待服务启动 (90s)...
    等待中... (10s/120s)
    ✅ Milvus 服务已就绪
>>> [Step 4] 运行 Benchmark...
Running experiment: milvus-p10 - random-range-2048-angular-no-filters
established connection
/home/dzh/project/vdtuner/vector-db-benchmark-master/datasets/random-range-2048-angular/random_float_100k_no_filters already exists
Experiment stage: Configure
Experiment stage: Upload

0it [00:00, ?it/s]
1it [00:01,  1.21s/it]
704it [00:01, 737.93it/s]
1101it [00:01, 1112.10it/s]
1454it [00:01, 1415.98it/s]
1776it [00:01, 1530.13it/s]
2048it [00:01, 1725.30it/s]
2315it [00:01, 1885.79it/s]
2576it [00:02, 1879.60it/s]
3456it [00:02, 3416.93it/s]
4416it [00:02, 4899.47it/s]
5312it [00:02, 5925.73it/s]
6272it [00:02, 6879.31it/s]
7296it [00:02, 7777.40it/s]
8327it [00:02, 8490.53it/s]
9280it [00:02, 8722.67it/s]
10200it [00:02, 8860.18it/s]
11110it [00:03, 8903.11it/s]
12032it [00:03, 8886.16it/s]
12992it [00:03, 8983.59it/s]
14016it [00:03, 9312.56it/s]
15030it [00:03, 9555.38it/s]
16000it [00:03, 9528.02it/s]
16957it [00:03, 6215.92it/s]
17920it [00:03, 6918.04it/s]
18881it [00:04, 7547.76it/s]
19899it [00:04, 8207.85it/s]
20864it [00:04, 8523.57it/s]
21818it [00:04, 8800.15it/s]
22784it [00:04, 8922.25it/s]
23711it [00:04, 8668.07it/s]
24640it [00:04, 8773.03it/s]
25664it [00:04, 9109.37it/s]
26589it [00:04, 9115.59it/s]
27596it [00:04, 9391.94it/s]
28544it [00:05, 9398.79it/s]
29568it [00:05, 9565.64it/s]
30592it [00:05, 9640.77it/s]
31559it [00:05, 7410.31it/s]
32576it [00:05, 8038.75it/s]
33536it [00:05, 8332.98it/s]
34462it [00:05, 8579.32it/s]
35392it [00:05, 8712.71it/s]
36352it [00:05, 8855.91it/s]
37312it [00:06, 9057.15it/s]
38272it [00:06, 9098.82it/s]
39193it [00:06, 9003.46it/s]
40101it [00:06, 8921.94it/s]
40999it [00:06, 8829.29it/s]
41886it [00:06, 8814.10it/s]
42816it [00:06, 8867.81it/s]
43730it [00:06, 8947.25it/s]
44697it [00:06, 9160.04it/s]
45615it [00:07, 8647.61it/s]
46487it [00:07, 8338.21it/s]
47360it [00:07, 8375.57it/s]
48320it [00:07, 8618.87it/s]
49280it [00:07, 8852.48it/s]
50176it [00:07, 8775.76it/s]
51072it [00:07, 8785.84it/s]
52032it [00:07, 8955.63it/s]
52929it [00:07, 8906.84it/s]
53824it [00:07, 8904.35it/s]
54715it [00:08, 8813.80it/s]
55616it [00:08, 8744.44it/s]
56491it [00:08, 8624.46it/s]
57408it [00:08, 8677.37it/s]
58277it [00:08, 8671.57it/s]
59177it [00:08, 8767.90it/s]
60055it [00:08, 6082.50it/s]
60927it [00:08, 6680.20it/s]
61760it [00:09, 7005.99it/s]
62592it [00:09, 7263.12it/s]
63424it [00:09, 7519.62it/s]
64341it [00:09, 7972.91it/s]
65280it [00:09, 8339.76it/s]
66176it [00:09, 8463.26it/s]
67041it [00:09, 8469.68it/s]
67904it [00:09, 8400.36it/s]
68800it [00:09, 8555.94it/s]
69724it [00:09, 8755.84it/s]
70605it [00:10, 8749.26it/s]
71552it [00:10, 8931.60it/s]
72499it [00:10, 9090.76it/s]
73411it [00:10, 9089.66it/s]
74322it [00:10, 9012.96it/s]
75225it [00:10, 8945.66it/s]
76121it [00:10, 6238.66it/s]
76992it [00:10, 6759.52it/s]
77888it [00:10, 7231.82it/s]
78848it [00:11, 7765.10it/s]
79744it [00:11, 8059.45it/s]
80640it [00:11, 8229.43it/s]
81536it [00:11, 8343.01it/s]
82432it [00:11, 8501.45it/s]
83300it [00:11, 8181.23it/s]
84160it [00:11, 8199.27it/s]
85056it [00:11, 8309.25it/s]
85894it [00:11, 8255.29it/s]
86784it [00:12, 8359.60it/s]
87624it [00:12, 7828.59it/s]
88429it [00:12, 7889.80it/s]
89225it [00:12, 7746.18it/s]
90004it [00:12, 6182.16it/s]
90758it [00:12, 6514.72it/s]
91520it [00:12, 6771.01it/s]
92289it [00:12, 7013.67it/s]
93184it [00:12, 7503.07it/s]
94016it [00:13, 7631.52it/s]
94848it [00:13, 7697.95it/s]
95629it [00:13, 7648.33it/s]
96448it [00:13, 7703.25it/s]
97224it [00:13, 7517.71it/s]
98015it [00:13, 7629.77it/s]
98795it [00:13, 7678.59it/s]
99566it [00:13, 7560.41it/s]
100000it [00:13, 7212.12it/s]
Upload time: 14.405766404233873
Total import time: 44.64546634815633
Experiment stage: Search

0it [00:00, ?it/s]
4it [00:00,  5.18it/s]
14it [00:00, 18.10it/s]
53it [00:01, 80.45it/s]
109it [00:01, 173.03it/s]
184it [00:01, 297.70it/s]
271it [00:01, 432.74it/s]
354it [00:01, 532.77it/s]
442it [00:01, 623.24it/s]
526it [00:01, 680.74it/s]
615it [00:01, 739.19it/s]
696it [00:01, 755.24it/s]
777it [00:01, 766.47it/s]
858it [00:02, 776.72it/s]
951it [00:02, 821.26it/s]
1035it [00:02, 816.34it/s]
1120it [00:02, 826.16it/s]
1212it [00:02, 853.80it/s]
1302it [00:02, 865.86it/s]
1390it [00:02, 853.34it/s]
1486it [00:02, 882.92it/s]
1575it [00:02, 881.26it/s]
1664it [00:02, 862.78it/s]
1751it [00:03, 851.68it/s]
1846it [00:03, 879.52it/s]
1940it [00:03, 894.74it/s]
2030it [00:03, 893.69it/s]
2120it [00:03, 893.97it/s]
2213it [00:03, 901.51it/s]
2307it [00:03, 912.10it/s]
2399it [00:03, 885.97it/s]
2488it [00:03, 876.40it/s]
2576it [00:03, 871.57it/s]
2664it [00:04, 869.26it/s]
2751it [00:04, 847.24it/s]
2851it [00:04, 890.01it/s]
2941it [00:04, 866.67it/s]
3028it [00:04, 861.55it/s]
3117it [00:04, 868.32it/s]
3206it [00:04, 874.29it/s]
3294it [00:04, 873.73it/s]
3382it [00:04, 867.29it/s]
3473it [00:05, 877.58it/s]
3561it [00:05, 873.50it/s]
3649it [00:05, 861.11it/s]
3744it [00:05, 884.39it/s]
3834it [00:05, 886.44it/s]
3923it [00:05, 874.42it/s]
4013it [00:05, 881.88it/s]
4102it [00:05, 796.91it/s]
4184it [00:05, 767.67it/s]
4262it [00:06, 753.96it/s]
4351it [00:06, 790.39it/s]
4445it [00:06, 832.47it/s]
4530it [00:06, 832.36it/s]
4614it [00:06, 833.44it/s]
4698it [00:06, 804.71it/s]
4779it [00:06, 795.48it/s]
4859it [00:06, 778.80it/s]
4941it [00:06, 787.14it/s]
5029it [00:06, 811.63it/s]
5124it [00:07, 845.26it/s]
5209it [00:07, 845.72it/s]
5294it [00:07, 798.33it/s]
5377it [00:07, 805.81it/s]
5459it [00:07, 752.14it/s]
5538it [00:07, 762.38it/s]
5634it [00:07, 817.35it/s]
5729it [00:07, 855.12it/s]
5818it [00:07, 863.62it/s]
5908it [00:07, 871.76it/s]
6004it [00:08, 895.48it/s]
6097it [00:08, 904.57it/s]
6192it [00:08, 915.99it/s]
6284it [00:08, 862.08it/s]
6371it [00:08, 849.87it/s]
6461it [00:08, 862.09it/s]
6548it [00:08, 804.21it/s]
6633it [00:08, 814.65it/s]
6716it [00:08, 818.05it/s]
6799it [00:09, 815.87it/s]
6881it [00:09, 803.95it/s]
6962it [00:09, 736.90it/s]
7041it [00:09, 746.59it/s]
7117it [00:09, 734.03it/s]
7192it [00:09, 737.87it/s]
7267it [00:09, 731.14it/s]
7341it [00:09, 724.98it/s]
7428it [00:09, 761.17it/s]
7514it [00:10, 788.13it/s]
7596it [00:10, 792.11it/s]
7681it [00:10, 808.91it/s]
7763it [00:10, 809.53it/s]
7845it [00:10, 792.68it/s]
7925it [00:10, 787.69it/s]
8011it [00:10, 808.11it/s]
8102it [00:10, 836.48it/s]
8186it [00:10, 814.44it/s]
8270it [00:10, 820.58it/s]
8353it [00:11, 760.36it/s]
8439it [00:11, 788.14it/s]
8527it [00:11, 812.32it/s]
8618it [00:11, 839.44it/s]
8706it [00:11, 850.32it/s]
8794it [00:11, 857.75it/s]
8881it [00:11, 855.76it/s]
8967it [00:11, 789.78it/s]
9048it [00:11, 788.68it/s]
9136it [00:12, 813.87it/s]
9223it [00:12, 826.62it/s]
9312it [00:12, 841.62it/s]
9397it [00:12, 840.90it/s]
9482it [00:12, 797.76it/s]
9573it [00:12, 828.89it/s]
9665it [00:12, 854.74it/s]
9759it [00:12, 877.35it/s]
9848it [00:12, 873.28it/s]
9936it [00:12, 861.43it/s]
10000it [00:13, 768.79it/s]
Experiment stage: Done
Results saved to:  /home/dzh/project/vdtuner/vector-db-benchmark-master/results
>>> [Step 5] 收尾工作...
    监控日志已保存。
📊 测试结果摘要:
0.9489700000000001
763.6097205907495
0.005235246941447258
line1:  0.005235246941447258
line1:  763.6097205907495
line1:  0.9489700000000001
numeric_values:  [0.005235246941447258, 763.6097205907495, 0.9489700000000001]
[73] 6442 0.9489700000000001 0.005235246941447258 90
/bin/sh: 1: Syntax error: "(" unexpected
/data/dzh/venv/lib/python3.10/site-packages/botorch/acquisition/multi_objective/monte_carlo.py:110: NumericsWarning: qExpectedHypervolumeImprovement has known numerical issues that lead to suboptimal optimization performance. It is strongly recommended to simply replace

	 qExpectedHypervolumeImprovement 	 --> 	 qLogExpectedHypervolumeImprovement 

instead, which fixes the issues and has the same API. See https://arxiv.org/abs/2310.20708 for details.
  legacy_ei_numerics_warning(legacy_name=type(self).__name__)
--- DEBUG: Starting command:---
=======================================
🛠️  开始测试流程
Engine: milvus-p10 | Dataset: random-range-2048-angular-no-filters
=======================================
>>> [Step 1] 启动后台监控...
    监控进程 PID: 618311
>>> [Step 2] 重置 Milvus...
 Container milvus-standalone  Stopping
 Container milvus-standalone  Stopped
 Container milvus-standalone  Removing
 Container milvus-standalone  Removed
 Container milvus-minio  Stopping
 Container milvus-etcd  Stopping
 Container milvus-etcd  Stopped
 Container milvus-etcd  Removing
 Container milvus-etcd  Removed
 Container milvus-minio  Stopped
 Container milvus-minio  Removing
 Container milvus-minio  Removed
 Network milvus  Removing
 Network milvus  Removed
    🧹 清理宿主机数据目录: /home/dzh/project/vdtuner/vector-db-benchmark-master/engine/servers/milvus-single-node/volumes
 Network milvus  Creating
 Network milvus  Created
 Container milvus-minio  Creating
 Container milvus-etcd  Creating
 Container milvus-etcd  Created
 Container milvus-minio  Created
 Container milvus-standalone  Creating
 Container milvus-standalone  Created
 Container milvus-etcd  Starting
 Container milvus-minio  Starting
 Container milvus-minio  Started
 Container milvus-etcd  Started
 Container milvus-standalone  Starting
 Container milvus-standalone  Started
>>> [Step 3] 等待服务启动 (90s)...
    等待中... (10s/120s)
    ✅ Milvus 服务已就绪
>>> [Step 4] 运行 Benchmark...
Running experiment: milvus-p10 - random-range-2048-angular-no-filters
established connection
/home/dzh/project/vdtuner/vector-db-benchmark-master/datasets/random-range-2048-angular/random_float_100k_no_filters already exists
Experiment stage: Configure
Experiment stage: Upload

0it [00:00, ?it/s]
1it [00:00,  1.00it/s]
640it [00:01, 785.04it/s]
962it [00:01, 1142.38it/s]
1280it [00:01, 1354.65it/s]
1594it [00:01, 1683.49it/s]
1920it [00:01, 1923.85it/s]
2200it [00:01, 1957.90it/s]
2688it [00:01, 2492.15it/s]
2989it [00:01, 2573.51it/s]
3776it [00:02, 3872.57it/s]
4672it [00:02, 5154.80it/s]
5701it [00:02, 6540.81it/s]
6720it [00:02, 7510.56it/s]
7744it [00:02, 8229.26it/s]
8704it [00:02, 8575.79it/s]
9728it [00:02, 9002.28it/s]
10698it [00:02, 9205.27it/s]
11648it [00:02, 9222.22it/s]
12608it [00:02, 9284.77it/s]
13632it [00:03, 9469.29it/s]
14604it [00:03, 9542.68it/s]
15606it [00:03, 9683.16it/s]
16577it [00:03, 6435.68it/s]
17569it [00:03, 7201.52it/s]
18432it [00:03, 7498.16it/s]
19456it [00:03, 8163.86it/s]
20416it [00:03, 8534.05it/s]
21440it [00:04, 8909.83it/s]
22400it [00:04, 9025.21it/s]
23335it [00:04, 8950.99it/s]
24256it [00:04, 8918.88it/s]
25216it [00:04, 9081.33it/s]
26176it [00:04, 9198.86it/s]
27200it [00:04, 9402.87it/s]
28166it [00:04, 9472.15it/s]
29118it [00:04, 9472.59it/s]
30069it [00:04, 9465.58it/s]
31018it [00:05, 9435.01it/s]
31963it [00:05, 8193.13it/s]
32893it [00:05, 8490.59it/s]
33856it [00:05, 8761.68it/s]
34880it [00:05, 9062.21it/s]
35840it [00:05, 9112.08it/s]
36800it [00:05, 9173.55it/s]
37725it [00:05, 9186.22it/s]
38656it [00:05, 9166.20it/s]
39616it [00:06, 9241.55it/s]
40543it [00:06, 9169.00it/s]
41472it [00:06, 9108.78it/s]
42496it [00:06, 9407.72it/s]
43456it [00:06, 9357.63it/s]
44416it [00:06, 9410.15it/s]
45376it [00:06, 9338.20it/s]
46393it [00:06, 9581.94it/s]
47353it [00:07, 6092.46it/s]
48256it [00:07, 6663.56it/s]
49216it [00:07, 7250.86it/s]
50118it [00:07, 7685.19it/s]
51008it [00:07, 7981.39it/s]
51968it [00:07, 8311.59it/s]
52928it [00:07, 8581.35it/s]
53888it [00:07, 8847.65it/s]
54848it [00:07, 8955.68it/s]
55812it [00:07, 9152.19it/s]
56741it [00:08, 9166.94it/s]
57668it [00:08, 9008.14it/s]
58576it [00:08, 9000.85it/s]
59482it [00:08, 8888.77it/s]
60416it [00:08, 8899.55it/s]
61358it [00:08, 9050.71it/s]
62266it [00:08, 6587.86it/s]
63104it [00:08, 6961.26it/s]
64000it [00:09, 7441.52it/s]
64896it [00:09, 7822.77it/s]
65728it [00:09, 7646.80it/s]
66576it [00:09, 7872.82it/s]
67390it [00:09, 7938.83it/s]
68224it [00:09, 7997.96it/s]
69120it [00:09, 8161.72it/s]
69952it [00:09, 8176.00it/s]
70784it [00:09, 8137.98it/s]
71680it [00:09, 8350.48it/s]
72557it [00:10, 8473.37it/s]
73408it [00:10, 8354.70it/s]
74368it [00:10, 8619.61it/s]
75264it [00:10, 8694.17it/s]
76156it [00:10, 8760.54it/s]
77056it [00:10, 8818.90it/s]
77939it [00:10, 7529.47it/s]
78847it [00:10, 7941.53it/s]
79670it [00:10, 7680.49it/s]
80576it [00:11, 7979.55it/s]
81530it [00:11, 8414.25it/s]
82429it [00:11, 8577.90it/s]
83298it [00:11, 8307.70it/s]
84138it [00:11, 8131.27it/s]
84958it [00:11, 8135.88it/s]
85777it [00:11, 8080.30it/s]
86592it [00:11, 8022.41it/s]
87397it [00:11, 7952.46it/s]
88194it [00:11, 7900.17it/s]
89097it [00:12, 8229.07it/s]
89922it [00:12, 7999.31it/s]
90824it [00:12, 8294.84it/s]
91656it [00:12, 8283.09it/s]
92544it [00:12, 8455.12it/s]
93392it [00:12, 5914.27it/s]
94247it [00:12, 6515.34it/s]
95120it [00:12, 7059.29it/s]
96000it [00:13, 7463.27it/s]
96903it [00:13, 7885.39it/s]
97792it [00:13, 8090.01it/s]
98688it [00:13, 8261.06it/s]
99584it [00:13, 8354.88it/s]
100000it [00:13, 7400.71it/s]
Upload time: 13.90455074282363
Total import time: 43.93580506276339
Experiment stage: Search

0it [00:00, ?it/s]
4it [00:00,  5.18it/s]
14it [00:00, 18.06it/s]
47it [00:01, 70.35it/s]
118it [00:01, 193.50it/s]
199it [00:01, 326.45it/s]
284it [00:01, 449.16it/s]
383it [00:01, 584.66it/s]
474it [00:01, 669.53it/s]
565it [00:01, 734.46it/s]
655it [00:01, 780.09it/s]
745it [00:01, 813.23it/s]
842it [00:01, 856.88it/s]
937it [00:02, 883.86it/s]
1037it [00:02, 917.65it/s]
1132it [00:02, 925.01it/s]
1226it [00:02, 894.96it/s]
1317it [00:02, 855.71it/s]
1404it [00:02, 828.62it/s]
1503it [00:02, 872.89it/s]
1594it [00:02, 883.27it/s]
1684it [00:02, 867.22it/s]
1772it [00:03, 869.93it/s]
1869it [00:03, 898.11it/s]
1960it [00:03, 880.22it/s]
2049it [00:03, 879.57it/s]
2148it [00:03, 910.18it/s]
2243it [00:03, 919.80it/s]
2336it [00:03, 921.26it/s]
2434it [00:03, 937.41it/s]
2542it [00:03, 978.76it/s]
2646it [00:03, 994.29it/s]
2746it [00:04, 958.62it/s]
2843it [00:04, 956.88it/s]
2939it [00:04, 952.71it/s]
3035it [00:04, 951.03it/s]
3131it [00:04, 917.79it/s]
3224it [00:04, 891.89it/s]
3314it [00:04, 888.07it/s]
3403it [00:04, 875.99it/s]
3499it [00:04, 898.23it/s]
3593it [00:04, 908.77it/s]
3689it [00:05, 920.86it/s]
3782it [00:05, 915.16it/s]
3875it [00:05, 919.50it/s]
3968it [00:05, 891.85it/s]
4060it [00:05, 899.67it/s]
4156it [00:05, 916.02it/s]
4248it [00:05, 911.65it/s]
4348it [00:05, 936.71it/s]
4442it [00:05, 928.61it/s]
4535it [00:05, 916.40it/s]
4627it [00:06, 906.89it/s]
4730it [00:06, 940.78it/s]
4825it [00:06, 908.22it/s]
4926it [00:06, 934.99it/s]
5020it [00:06, 922.67it/s]
5113it [00:06, 907.35it/s]
5204it [00:06, 879.17it/s]
5306it [00:06, 917.91it/s]
5399it [00:06, 920.32it/s]
5496it [00:07, 932.85it/s]
5590it [00:07, 931.11it/s]
5684it [00:07, 907.51it/s]
5775it [00:07, 797.42it/s]
5858it [00:07, 784.42it/s]
5942it [00:07, 799.35it/s]
6024it [00:07, 797.29it/s]
6107it [00:07, 804.37it/s]
6189it [00:07, 784.25it/s]
6268it [00:08, 776.19it/s]
6346it [00:08, 735.83it/s]
6441it [00:08, 793.51it/s]
6541it [00:08, 850.77it/s]
6637it [00:08, 881.15it/s]
6741it [00:08, 925.78it/s]
6835it [00:08, 843.57it/s]
6941it [00:08, 902.68it/s]
7046it [00:08, 943.66it/s]
7152it [00:08, 975.08it/s]
7251it [00:09, 959.55it/s]
7350it [00:09, 966.44it/s]
7448it [00:09, 966.89it/s]
7546it [00:09, 948.35it/s]
7645it [00:09, 958.04it/s]
7742it [00:09, 947.52it/s]
7840it [00:09, 955.68it/s]
7936it [00:09, 950.69it/s]
8032it [00:09, 938.48it/s]
8126it [00:10, 930.59it/s]
8220it [00:10, 932.32it/s]
8314it [00:10, 865.59it/s]
8402it [00:10, 855.14it/s]
8507it [00:10, 909.49it/s]
8603it [00:10, 921.76it/s]
8696it [00:10, 923.26it/s]
8789it [00:10, 847.87it/s]
8887it [00:10, 882.10it/s]
8977it [00:11, 847.68it/s]
9063it [00:11, 849.84it/s]
9156it [00:11, 872.06it/s]
9244it [00:11, 849.86it/s]
9340it [00:11, 872.24it/s]
9435it [00:11, 893.69it/s]
9526it [00:11, 893.84it/s]
9616it [00:11, 876.82it/s]
9704it [00:11, 847.45it/s]
9790it [00:11, 846.07it/s]
9886it [00:12, 878.73it/s]
9975it [00:12, 879.54it/s]
10000it [00:12, 821.95it/s]
Experiment stage: Done
Results saved to:  /home/dzh/project/vdtuner/vector-db-benchmark-master/results
>>> [Step 5] 收尾工作...
    监控日志已保存。
📊 测试结果摘要:
0.9397700000000001
814.943324053965
0.005153647274710237
line1:  0.005153647274710237
line1:  814.943324053965
line1:  0.9397700000000001
numeric_values:  [0.005153647274710237, 814.943324053965, 0.9397700000000001]
[74] 6531 0.9397700000000001 0.005153647274710237 89
/bin/sh: 1: Syntax error: "(" unexpected
/data/dzh/venv/lib/python3.10/site-packages/botorch/acquisition/multi_objective/monte_carlo.py:110: NumericsWarning: qExpectedHypervolumeImprovement has known numerical issues that lead to suboptimal optimization performance. It is strongly recommended to simply replace

	 qExpectedHypervolumeImprovement 	 --> 	 qLogExpectedHypervolumeImprovement 

instead, which fixes the issues and has the same API. See https://arxiv.org/abs/2310.20708 for details.
  legacy_ei_numerics_warning(legacy_name=type(self).__name__)
--- DEBUG: Starting command:---
=======================================
🛠️  开始测试流程
Engine: milvus-p10 | Dataset: random-range-2048-angular-no-filters
=======================================
>>> [Step 1] 启动后台监控...
    监控进程 PID: 635558
>>> [Step 2] 重置 Milvus...
 Container milvus-standalone  Stopping
 Container milvus-standalone  Stopped
 Container milvus-standalone  Removing
 Container milvus-standalone  Removed
 Container milvus-etcd  Stopping
 Container milvus-minio  Stopping
 Container milvus-etcd  Stopped
 Container milvus-etcd  Removing
 Container milvus-etcd  Removed
 Container milvus-minio  Stopped
 Container milvus-minio  Removing
 Container milvus-minio  Removed
 Network milvus  Removing
 Network milvus  Removed
    🧹 清理宿主机数据目录: /home/dzh/project/vdtuner/vector-db-benchmark-master/engine/servers/milvus-single-node/volumes
 Network milvus  Creating
 Network milvus  Created
 Container milvus-minio  Creating
 Container milvus-etcd  Creating
 Container milvus-etcd  Created
 Container milvus-minio  Created
 Container milvus-standalone  Creating
 Container milvus-standalone  Created
 Container milvus-minio  Starting
 Container milvus-etcd  Starting
 Container milvus-minio  Started
 Container milvus-etcd  Started
 Container milvus-standalone  Starting
 Container milvus-standalone  Started
>>> [Step 3] 等待服务启动 (90s)...
    等待中... (10s/120s)
    ✅ Milvus 服务已就绪
>>> [Step 4] 运行 Benchmark...
Running experiment: milvus-p10 - random-range-2048-angular-no-filters
established connection
/home/dzh/project/vdtuner/vector-db-benchmark-master/datasets/random-range-2048-angular/random_float_100k_no_filters already exists
Experiment stage: Configure
Experiment stage: Upload

0it [00:00, ?it/s]
1it [00:00,  1.73it/s]
64it [00:00, 82.10it/s]
490it [00:01, 731.71it/s]
913it [00:01, 1367.46it/s]
1216it [00:01, 1576.02it/s]
1478it [00:01, 1627.73it/s]
1728it [00:01, 1805.66it/s]
1985it [00:01, 1984.95it/s]
2304it [00:01, 2194.93it/s]
2816it [00:01, 2877.13it/s]
3200it [00:01, 3084.08it/s]
4032it [00:02, 4461.43it/s]
4992it [00:02, 5881.84it/s]
6080it [00:02, 7200.63it/s]
7168it [00:02, 8153.32it/s]
8256it [00:02, 8856.92it/s]
9280it [00:02, 9176.15it/s]
10304it [00:02, 9465.75it/s]
11313it [00:02, 9647.70it/s]
12288it [00:02, 9662.76it/s]
13312it [00:02, 9692.55it/s]
14285it [00:03, 9689.81it/s]
15296it [00:03, 9697.72it/s]
16268it [00:03, 9605.13it/s]
17230it [00:03, 9593.62it/s]
18191it [00:03, 7682.97it/s]
19200it [00:03, 8264.71it/s]
20160it [00:03, 8591.21it/s]
21120it [00:03, 8772.74it/s]
22144it [00:04, 9050.61it/s]
23127it [00:04, 9269.88it/s]
24071it [00:04, 9087.14it/s]
25024it [00:04, 9150.54it/s]
25948it [00:04, 9148.76it/s]
26880it [00:04, 9164.07it/s]
27845it [00:04, 9305.99it/s]
28800it [00:04, 9363.36it/s]
29808it [00:04, 9575.23it/s]
30768it [00:04, 9500.37it/s]
31744it [00:05, 9460.53it/s]
32692it [00:05, 7553.28it/s]
33600it [00:05, 7859.65it/s]
34543it [00:05, 8271.06it/s]
35410it [00:05, 8256.10it/s]
36352it [00:05, 8506.21it/s]
37248it [00:05, 8632.99it/s]
38144it [00:05, 8698.67it/s]
39104it [00:05, 8928.52it/s]
40064it [00:06, 9017.78it/s]
41024it [00:06, 9142.21it/s]
41943it [00:06, 9068.51it/s]
42880it [00:06, 9052.70it/s]
43788it [00:06, 8962.16it/s]
44686it [00:06, 8831.89it/s]
45571it [00:06, 8768.61it/s]
46592it [00:06, 9118.44it/s]
47505it [00:06, 8143.66it/s]
48429it [00:06, 8441.26it/s]
49344it [00:07, 8566.48it/s]
50240it [00:07, 8633.74it/s]
51113it [00:07, 8613.05it/s]
51981it [00:07, 8576.93it/s]
52864it [00:07, 8570.41it/s]
53824it [00:07, 8732.91it/s]
54774it [00:07, 8955.94it/s]
55680it [00:07, 8950.29it/s]
56577it [00:07, 8927.90it/s]
57471it [00:08, 8924.53it/s]
58377it [00:08, 8964.16it/s]
59328it [00:08, 9007.62it/s]
60230it [00:08, 8908.02it/s]
61122it [00:08, 8675.00it/s]
62016it [00:08, 8578.92it/s]
62875it [00:08, 6806.47it/s]
63754it [00:08, 7295.93it/s]
64640it [00:08, 7638.87it/s]
65536it [00:09, 7984.43it/s]
66379it [00:09, 8108.01it/s]
67213it [00:09, 8031.23it/s]
68040it [00:09, 8098.85it/s]
68928it [00:09, 8263.39it/s]
69763it [00:09, 8209.32it/s]
70656it [00:09, 8299.24it/s]
71552it [00:09, 8392.68it/s]
72436it [00:09, 8522.13it/s]
73291it [00:09, 8361.08it/s]
74176it [00:10, 8468.56it/s]
75025it [00:10, 8306.66it/s]
75904it [00:10, 8365.50it/s]
76766it [00:10, 8438.93it/s]
77630it [00:10, 8497.72it/s]
78481it [00:10, 5243.75it/s]
79363it [00:10, 5982.90it/s]
80288it [00:10, 6727.73it/s]
81216it [00:11, 7277.73it/s]
82120it [00:11, 7731.93it/s]
83072it [00:11, 8130.14it/s]
83968it [00:11, 8301.91it/s]
84912it [00:11, 8621.55it/s]
85824it [00:11, 8667.55it/s]
86784it [00:11, 8851.95it/s]
87685it [00:11, 8836.99it/s]
88640it [00:11, 8919.45it/s]
89540it [00:12, 8890.99it/s]
90496it [00:12, 9043.09it/s]
91405it [00:12, 9015.57it/s]
92352it [00:12, 9056.73it/s]
93260it [00:12, 6776.05it/s]
94092it [00:12, 7142.30it/s]
94879it [00:12, 7327.11it/s]
95680it [00:12, 7463.75it/s]
96576it [00:12, 7799.98it/s]
97408it [00:13, 7857.44it/s]
98304it [00:13, 8115.95it/s]
99200it [00:13, 8231.39it/s]
100000it [00:13, 7493.08it/s]
Upload time: 13.908374439924955
Total import time: 43.94077925104648
Experiment stage: Search

0it [00:00, ?it/s]
4it [00:00,  5.24it/s]
14it [00:00, 18.93it/s]
36it [00:01, 53.86it/s]
69it [00:01, 108.67it/s]
143it [00:01, 247.06it/s]
235it [00:01, 406.96it/s]
321it [00:01, 521.53it/s]
408it [00:01, 612.73it/s]
503it [00:01, 705.34it/s]
597it [00:01, 770.08it/s]
692it [00:01, 821.20it/s]
786it [00:01, 855.58it/s]
876it [00:02, 867.86it/s]
966it [00:02, 857.59it/s]
1054it [00:02, 853.84it/s]
1154it [00:02, 893.37it/s]
1245it [00:02, 896.32it/s]
1341it [00:02, 914.18it/s]
1439it [00:02, 933.12it/s]
1533it [00:02, 934.72it/s]
1634it [00:02, 956.32it/s]
1730it [00:02, 816.24it/s]
1819it [00:03, 834.11it/s]
1909it [00:03, 850.85it/s]
2000it [00:03, 867.49it/s]
2091it [00:03, 878.12it/s]
2180it [00:03, 874.42it/s]
2279it [00:03, 906.48it/s]
2371it [00:03, 901.91it/s]
2465it [00:03, 912.46it/s]
2557it [00:03, 905.23it/s]
2648it [00:04, 898.22it/s]
2744it [00:04, 912.83it/s]
2836it [00:04, 906.01it/s]
2927it [00:04, 864.48it/s]
3020it [00:04, 882.71it/s]
3109it [00:04, 883.60it/s]
3200it [00:04, 889.34it/s]
3293it [00:04, 901.29it/s]
3384it [00:04, 893.14it/s]
3474it [00:04, 890.64it/s]
3565it [00:05, 894.63it/s]
3657it [00:05, 901.23it/s]
3755it [00:05, 923.35it/s]
3848it [00:05, 918.67it/s]
3940it [00:05, 904.37it/s]
4031it [00:05, 894.15it/s]
4121it [00:05, 890.99it/s]
4213it [00:05, 898.53it/s]
4303it [00:05, 862.91it/s]
4390it [00:05, 798.15it/s]
4471it [00:06, 793.79it/s]
4560it [00:06, 820.05it/s]
4649it [00:06, 831.27it/s]
4735it [00:06, 838.19it/s]
4822it [00:06, 845.20it/s]
4912it [00:06, 857.99it/s]
5006it [00:06, 880.82it/s]
5108it [00:06, 919.97it/s]
5201it [00:06, 907.46it/s]
5298it [00:07, 923.54it/s]
5391it [00:07, 912.75it/s]
5488it [00:07, 929.28it/s]
5582it [00:07, 912.14it/s]
5674it [00:07, 905.42it/s]
5765it [00:07, 899.13it/s]
5855it [00:07, 845.40it/s]
5941it [00:07, 840.80it/s]
6026it [00:07, 838.70it/s]
6115it [00:07, 850.30it/s]
6206it [00:08, 866.34it/s]
6293it [00:08, 862.92it/s]
6380it [00:08, 862.96it/s]
6467it [00:08, 845.18it/s]
6552it [00:08, 767.17it/s]
6640it [00:08, 796.95it/s]
6728it [00:08, 818.84it/s]
6820it [00:08, 847.16it/s]
6913it [00:08, 870.80it/s]
7006it [00:09, 887.41it/s]
7107it [00:09, 920.96it/s]
7200it [00:09, 922.46it/s]
7293it [00:09, 918.36it/s]
7386it [00:09, 891.75it/s]
7483it [00:09, 912.95it/s]
7575it [00:09, 898.53it/s]
7666it [00:09, 898.85it/s]
7757it [00:09, 880.32it/s]
7853it [00:09, 902.80it/s]
7946it [00:10, 910.13it/s]
8039it [00:10, 914.69it/s]
8137it [00:10, 932.53it/s]
8231it [00:10, 918.45it/s]
8323it [00:10, 817.17it/s]
8407it [00:10, 785.66it/s]
8493it [00:10, 804.49it/s]
8585it [00:10, 835.20it/s]
8679it [00:10, 863.57it/s]
8767it [00:11, 820.48it/s]
8871it [00:11, 881.69it/s]
8970it [00:11, 910.74it/s]
9062it [00:11, 901.22it/s]
9157it [00:11, 914.94it/s]
9250it [00:11, 917.30it/s]
9343it [00:11, 879.04it/s]
9436it [00:11, 891.27it/s]
9534it [00:11, 909.32it/s]
9626it [00:11, 911.48it/s]
9718it [00:12, 910.97it/s]
9810it [00:12, 904.64it/s]
9901it [00:12, 857.72it/s]
9988it [00:12, 812.31it/s]
10000it [00:12, 805.53it/s]
Experiment stage: Done
Results saved to:  /home/dzh/project/vdtuner/vector-db-benchmark-master/results
>>> [Step 5] 收尾工作...
    监控日志已保存。
📊 测试结果摘要:
0.8977900000000002
798.465778283754
0.0051330322399735446
line1:  0.0051330322399735446
line1:  798.465778283754
line1:  0.8977900000000002
numeric_values:  [0.0051330322399735446, 798.465778283754, 0.8977900000000002]
[75] 6621 0.8977900000000002 0.0051330322399735446 89
/bin/sh: 1: Syntax error: "(" unexpected
/data/dzh/venv/lib/python3.10/site-packages/botorch/acquisition/multi_objective/monte_carlo.py:110: NumericsWarning: qExpectedHypervolumeImprovement has known numerical issues that lead to suboptimal optimization performance. It is strongly recommended to simply replace

	 qExpectedHypervolumeImprovement 	 --> 	 qLogExpectedHypervolumeImprovement 

instead, which fixes the issues and has the same API. See https://arxiv.org/abs/2310.20708 for details.
  legacy_ei_numerics_warning(legacy_name=type(self).__name__)
--- DEBUG: Starting command:---
=======================================
🛠️  开始测试流程
Engine: milvus-p10 | Dataset: random-range-2048-angular-no-filters
=======================================
>>> [Step 1] 启动后台监控...
    监控进程 PID: 653296
>>> [Step 2] 重置 Milvus...
 Container milvus-standalone  Stopping
 Container milvus-standalone  Stopped
 Container milvus-standalone  Removing
 Container milvus-standalone  Removed
 Container milvus-minio  Stopping
 Container milvus-etcd  Stopping
 Container milvus-etcd  Stopped
 Container milvus-etcd  Removing
 Container milvus-etcd  Removed
 Container milvus-minio  Stopped
 Container milvus-minio  Removing
 Container milvus-minio  Removed
 Network milvus  Removing
 Network milvus  Removed
    🧹 清理宿主机数据目录: /home/dzh/project/vdtuner/vector-db-benchmark-master/engine/servers/milvus-single-node/volumes
 Network milvus  Creating
 Network milvus  Created
 Container milvus-etcd  Creating
 Container milvus-minio  Creating
 Container milvus-etcd  Created
 Container milvus-minio  Created
 Container milvus-standalone  Creating
 Container milvus-standalone  Created
 Container milvus-minio  Starting
 Container milvus-etcd  Starting
 Container milvus-etcd  Started
 Container milvus-minio  Started
 Container milvus-standalone  Starting
 Container milvus-standalone  Started
>>> [Step 3] 等待服务启动 (90s)...
    等待中... (10s/120s)
    ✅ Milvus 服务已就绪
>>> [Step 4] 运行 Benchmark...
Running experiment: milvus-p10 - random-range-2048-angular-no-filters
established connection
/home/dzh/project/vdtuner/vector-db-benchmark-master/datasets/random-range-2048-angular/random_float_100k_no_filters already exists
Experiment stage: Configure
Experiment stage: Upload

0it [00:00, ?it/s]
1it [00:00,  1.57it/s]
64it [00:00, 81.30it/s]
576it [00:01, 835.05it/s]
896it [00:01, 1229.35it/s]
1280it [00:01, 1613.14it/s]
1530it [00:01, 1709.93it/s]
2048it [00:01, 2382.54it/s]
2350it [00:01, 2287.41it/s]
2624it [00:01, 2262.80it/s]
3328it [00:01, 3374.37it/s]
4352it [00:02, 5051.13it/s]
5376it [00:02, 6361.51it/s]
6377it [00:02, 7350.70it/s]
7360it [00:02, 7971.80it/s]
8384it [00:02, 8546.71it/s]
9408it [00:02, 8951.43it/s]
10368it [00:02, 9103.46it/s]
11367it [00:02, 9361.26it/s]
12316it [00:02, 9312.98it/s]
13312it [00:02, 9370.04it/s]
14331it [00:03, 9609.76it/s]
15297it [00:03, 9460.64it/s]
16320it [00:03, 9652.03it/s]
17289it [00:03, 6793.61it/s]
18240it [00:03, 7393.33it/s]
19264it [00:03, 8005.49it/s]
20224it [00:03, 8321.15it/s]
21184it [00:03, 8617.08it/s]
22144it [00:04, 8835.48it/s]
23062it [00:04, 8918.72it/s]
24002it [00:04, 9055.57it/s]
24960it [00:04, 9133.92it/s]
25937it [00:04, 9318.46it/s]
26880it [00:04, 9216.89it/s]
27842it [00:04, 9334.22it/s]
28800it [00:04, 9395.93it/s]
29744it [00:04, 9377.60it/s]
30685it [00:04, 9288.01it/s]
31616it [00:05, 9262.30it/s]
32576it [00:05, 6625.79it/s]
33346it [00:05, 6777.31it/s]
34304it [00:05, 7374.44it/s]
35264it [00:05, 7874.80it/s]
36224it [00:05, 8302.01it/s]
37126it [00:05, 8499.39it/s]
38016it [00:05, 8513.35it/s]
38976it [00:06, 8752.56it/s]
39936it [00:06, 8901.42it/s]
40896it [00:06, 9094.50it/s]
41815it [00:06, 8998.31it/s]
42778it [00:06, 9181.80it/s]
43702it [00:06, 8956.19it/s]
44602it [00:06, 8813.45it/s]
45551it [00:06, 9008.67it/s]
46464it [00:06, 8921.83it/s]
47424it [00:06, 9021.84it/s]
48328it [00:07, 5250.69it/s]
49280it [00:07, 6079.61it/s]
50240it [00:07, 6815.93it/s]
51191it [00:07, 7453.21it/s]
52057it [00:07, 7634.67it/s]
52928it [00:07, 7845.77it/s]
53824it [00:07, 8037.00it/s]
54720it [00:08, 8220.09it/s]
55576it [00:08, 8284.61it/s]
56428it [00:08, 8262.01it/s]
57271it [00:08, 8186.82it/s]
58176it [00:08, 8314.70it/s]
59039it [00:08, 8405.62it/s]
59913it [00:08, 8502.24it/s]
60768it [00:08, 8429.58it/s]
61696it [00:08, 8543.04it/s]
62592it [00:08, 8657.10it/s]
63460it [00:09, 7404.28it/s]
64384it [00:09, 7873.43it/s]
65396it [00:09, 8488.14it/s]
66304it [00:09, 8584.52it/s]
67264it [00:09, 8741.64it/s]
68224it [00:09, 8862.36it/s]
69120it [00:09, 8877.16it/s]
70016it [00:09, 8800.06it/s]
70901it [00:09, 8150.70it/s]
71790it [00:10, 8355.50it/s]
72640it [00:10, 8373.00it/s]
73485it [00:10, 8356.24it/s]
74432it [00:10, 8622.92it/s]
75377it [00:10, 8864.23it/s]
76267it [00:10, 8866.31it/s]
77156it [00:10, 8814.32it/s]
78040it [00:10, 6666.27it/s]
78846it [00:10, 7002.78it/s]
79744it [00:11, 7435.96it/s]
80640it [00:11, 7776.26it/s]
81536it [00:11, 8088.86it/s]
82444it [00:11, 8367.07it/s]
83359it [00:11, 8590.97it/s]
84288it [00:11, 8783.90it/s]
85217it [00:11, 8932.00it/s]
86120it [00:11, 8945.51it/s]
87021it [00:11, 8725.58it/s]
87936it [00:11, 8751.74it/s]
88896it [00:12, 8918.58it/s]
89792it [00:12, 8818.91it/s]
90752it [00:12, 8954.97it/s]
91712it [00:12, 6191.95it/s]
92450it [00:12, 6388.41it/s]
93312it [00:12, 6883.58it/s]
94144it [00:12, 7243.27it/s]
95040it [00:12, 7669.17it/s]
95872it [00:13, 7822.82it/s]
96704it [00:13, 7930.21it/s]
97603it [00:13, 8232.22it/s]
98496it [00:13, 8344.65it/s]
99392it [00:13, 8443.07it/s]
100000it [00:13, 7376.42it/s]
Upload time: 13.963492687791586
Total import time: 43.59316471312195
Experiment stage: Search

0it [00:00, ?it/s]
4it [00:00,  5.24it/s]
14it [00:00, 18.02it/s]
39it [00:01, 56.75it/s]
96it [00:01, 154.17it/s]
172it [00:01, 283.76it/s]
252it [00:01, 403.97it/s]
341it [00:01, 525.61it/s]
412it [00:01, 572.31it/s]
508it [00:01, 676.66it/s]
602it [00:01, 748.34it/s]
701it [00:01, 817.22it/s]
789it [00:01, 802.35it/s]
874it [00:02, 810.85it/s]
967it [00:02, 844.21it/s]
1064it [00:02, 877.80it/s]
1154it [00:02, 883.82it/s]
1249it [00:02, 902.26it/s]
1341it [00:02, 890.66it/s]
1437it [00:02, 908.42it/s]
1529it [00:02, 902.54it/s]
1620it [00:02, 883.13it/s]
1709it [00:02, 860.46it/s]
1799it [00:03, 869.49it/s]
1887it [00:03, 868.55it/s]
1975it [00:03, 871.75it/s]
2063it [00:03, 869.65it/s]
2151it [00:03, 870.93it/s]
2242it [00:03, 882.47it/s]
2332it [00:03, 886.08it/s]
2421it [00:03, 876.28it/s]
2509it [00:03, 857.53it/s]
2595it [00:04, 831.10it/s]
2695it [00:04, 878.57it/s]
2796it [00:04, 914.50it/s]
2901it [00:04, 953.90it/s]
2997it [00:04, 843.78it/s]
3084it [00:04, 824.35it/s]
3169it [00:04, 776.33it/s]
3249it [00:04, 765.84it/s]
3327it [00:04, 743.04it/s]
3419it [00:05, 791.04it/s]
3508it [00:05, 818.33it/s]
3601it [00:05, 849.74it/s]
3687it [00:05, 825.67it/s]
3775it [00:05, 839.44it/s]
3866it [00:05, 858.79it/s]
3953it [00:05, 860.64it/s]
4046it [00:05, 879.35it/s]
4135it [00:05, 870.65it/s]
4225it [00:05, 874.61it/s]
4317it [00:06, 887.04it/s]
4406it [00:06, 877.44it/s]
4494it [00:06, 791.28it/s]
4576it [00:06, 795.07it/s]
4657it [00:06, 793.63it/s]
4738it [00:06, 758.62it/s]
4820it [00:06, 775.14it/s]
4903it [00:06, 789.88it/s]
4998it [00:06, 836.12it/s]
5095it [00:07, 873.58it/s]
5198it [00:07, 918.97it/s]
5296it [00:07, 935.67it/s]
5390it [00:07, 936.54it/s]
5484it [00:07, 883.69it/s]
5574it [00:07, 880.96it/s]
5663it [00:07, 845.22it/s]
5749it [00:07, 812.96it/s]
5841it [00:07, 841.46it/s]
5926it [00:07, 838.67it/s]
6011it [00:08, 841.02it/s]
6099it [00:08, 849.43it/s]
6185it [00:08, 839.38it/s]
6270it [00:08, 840.57it/s]
6361it [00:08, 859.59it/s]
6450it [00:08, 867.42it/s]
6540it [00:08, 875.01it/s]
6628it [00:08, 875.48it/s]
6716it [00:08, 871.32it/s]
6806it [00:08, 878.52it/s]
6894it [00:09, 876.91it/s]
6983it [00:09, 878.20it/s]
7073it [00:09, 882.49it/s]
7162it [00:09, 831.87it/s]
7247it [00:09, 836.53it/s]
7333it [00:09, 840.29it/s]
7418it [00:09, 821.12it/s]
7501it [00:09, 775.36it/s]
7592it [00:09, 811.97it/s]
7687it [00:10, 849.21it/s]
7780it [00:10, 871.13it/s]
7872it [00:10, 884.07it/s]
7961it [00:10, 798.93it/s]
8062it [00:10, 856.46it/s]
8162it [00:10, 894.56it/s]
8259it [00:10, 914.58it/s]
8352it [00:10, 835.22it/s]
8438it [00:10, 815.84it/s]
8521it [00:11, 800.66it/s]
8602it [00:11, 768.20it/s]
8680it [00:11, 708.18it/s]
8752it [00:11, 707.04it/s]
8824it [00:11, 697.98it/s]
8903it [00:11, 716.17it/s]
8976it [00:11, 706.97it/s]
9062it [00:11, 748.75it/s]
9148it [00:11, 780.28it/s]
9227it [00:12, 769.48it/s]
9305it [00:12, 726.86it/s]
9379it [00:12, 692.57it/s]
9449it [00:12, 687.42it/s]
9531it [00:12, 723.60it/s]
9611it [00:12, 745.25it/s]
9693it [00:12, 764.97it/s]
9770it [00:12, 740.45it/s]
9845it [00:12, 737.17it/s]
9919it [00:12, 736.79it/s]
9993it [00:13, 696.27it/s]
10000it [00:13, 762.74it/s]
Experiment stage: Done
Results saved to:  /home/dzh/project/vdtuner/vector-db-benchmark-master/results
>>> [Step 5] 收尾工作...
    监控日志已保存。
📊 测试结果摘要:
0.8762
755.2394580522382
0.004974929662421341
line1:  0.004974929662421341
line1:  755.2394580522382
line1:  0.8762
numeric_values:  [0.004974929662421341, 755.2394580522382, 0.8762]
[76] 6711 0.8762 0.004974929662421341 90
/bin/sh: 1: Syntax error: "(" unexpected
/data/dzh/venv/lib/python3.10/site-packages/botorch/acquisition/multi_objective/monte_carlo.py:110: NumericsWarning: qExpectedHypervolumeImprovement has known numerical issues that lead to suboptimal optimization performance. It is strongly recommended to simply replace

	 qExpectedHypervolumeImprovement 	 --> 	 qLogExpectedHypervolumeImprovement 

instead, which fixes the issues and has the same API. See https://arxiv.org/abs/2310.20708 for details.
  legacy_ei_numerics_warning(legacy_name=type(self).__name__)
--- DEBUG: Starting command:---
=======================================
🛠️  开始测试流程
Engine: milvus-p10 | Dataset: random-range-2048-angular-no-filters
=======================================
>>> [Step 1] 启动后台监控...
    监控进程 PID: 668383
>>> [Step 2] 重置 Milvus...
 Container milvus-standalone  Stopping
 Container milvus-standalone  Stopped
 Container milvus-standalone  Removing
 Container milvus-standalone  Removed
 Container milvus-minio  Stopping
 Container milvus-etcd  Stopping
 Container milvus-etcd  Stopped
 Container milvus-etcd  Removing
 Container milvus-etcd  Removed
 Container milvus-minio  Stopped
 Container milvus-minio  Removing
 Container milvus-minio  Removed
 Network milvus  Removing
 Network milvus  Removed
    🧹 清理宿主机数据目录: /home/dzh/project/vdtuner/vector-db-benchmark-master/engine/servers/milvus-single-node/volumes
 Network milvus  Creating
 Network milvus  Created
 Container milvus-minio  Creating
 Container milvus-etcd  Creating
 Container milvus-etcd  Created
 Container milvus-minio  Created
 Container milvus-standalone  Creating
 Container milvus-standalone  Created
 Container milvus-etcd  Starting
 Container milvus-minio  Starting
 Container milvus-etcd  Started
 Container milvus-minio  Started
 Container milvus-standalone  Starting
 Container milvus-standalone  Started
>>> [Step 3] 等待服务启动 (90s)...
    等待中... (10s/120s)
    ✅ Milvus 服务已就绪
>>> [Step 4] 运行 Benchmark...
Running experiment: milvus-p10 - random-range-2048-angular-no-filters
established connection
/home/dzh/project/vdtuner/vector-db-benchmark-master/datasets/random-range-2048-angular/random_float_100k_no_filters already exists
Experiment stage: Configure
Experiment stage: Upload

0it [00:00, ?it/s]
1it [00:00,  1.09it/s]
114it [00:01, 153.38it/s]
640it [00:01, 976.30it/s]
914it [00:01, 1295.34it/s]
1183it [00:01, 1578.88it/s]
1472it [00:01, 1811.27it/s]
1856it [00:01, 2265.82it/s]
2150it [00:01, 2034.93it/s]
2403it [00:01, 2075.45it/s]
2950it [00:01, 2897.37it/s]
3456it [00:02, 3434.95it/s]
4544it [00:02, 5356.23it/s]
5504it [00:02, 6491.86it/s]
6592it [00:02, 7637.77it/s]
7616it [00:02, 8358.19it/s]
8640it [00:02, 8793.12it/s]
9664it [00:02, 9151.93it/s]
10752it [00:02, 9558.76it/s]
11776it [00:02, 9682.25it/s]
12796it [00:02, 9833.37it/s]
13786it [00:03, 9621.14it/s]
14848it [00:03, 9818.63it/s]
15872it [00:03, 9846.98it/s]
16896it [00:03, 9847.71it/s]
17883it [00:03, 6981.68it/s]
18880it [00:03, 7620.89it/s]
19859it [00:03, 8151.60it/s]
20756it [00:03, 8327.46it/s]
21760it [00:04, 8739.00it/s]
22689it [00:04, 8885.48it/s]
23680it [00:04, 9070.94it/s]
24650it [00:04, 9250.37it/s]
25600it [00:04, 9320.85it/s]
26624it [00:04, 9459.17it/s]
27584it [00:04, 9456.73it/s]
28544it [00:04, 9387.94it/s]
29488it [00:04, 9167.01it/s]
30409it [00:04, 9170.58it/s]
31360it [00:05, 9258.69it/s]
32288it [00:05, 7973.50it/s]
33118it [00:05, 7948.43it/s]
34048it [00:05, 8313.63it/s]
35008it [00:05, 8534.93it/s]
35986it [00:05, 8886.06it/s]
36928it [00:05, 9027.09it/s]
37888it [00:05, 9157.63it/s]
38816it [00:05, 9192.79it/s]
39744it [00:06, 9162.33it/s]
40664it [00:06, 8962.07it/s]
41564it [00:06, 8970.10it/s]
42496it [00:06, 8979.16it/s]
43396it [00:06, 8869.42it/s]
44288it [00:06, 8748.06it/s]
45184it [00:06, 8726.66it/s]
46144it [00:06, 8925.56it/s]
47038it [00:07, 5844.37it/s]
47895it [00:07, 6430.47it/s]
48832it [00:07, 7093.95it/s]
49728it [00:07, 7540.44it/s]
50658it [00:07, 8002.16it/s]
51530it [00:07, 8197.59it/s]
52470it [00:07, 8534.52it/s]
53409it [00:07, 8778.92it/s]
54312it [00:07, 8800.87it/s]
55213it [00:07, 8861.54it/s]
56112it [00:08, 8889.87it/s]
57010it [00:08, 8853.37it/s]
57920it [00:08, 8801.13it/s]
58816it [00:08, 8767.11it/s]
59742it [00:08, 8911.55it/s]
60636it [00:08, 8832.36it/s]
61522it [00:08, 6740.85it/s]
62400it [00:08, 7220.53it/s]
63296it [00:08, 7666.37it/s]
64189it [00:09, 8005.74it/s]
65030it [00:09, 7831.57it/s]
65855it [00:09, 7946.72it/s]
66671it [00:09, 7758.81it/s]
67464it [00:09, 7806.59it/s]
68288it [00:09, 7799.75it/s]
69076it [00:09, 7735.55it/s]
69888it [00:09, 7784.49it/s]
70720it [00:09, 7829.27it/s]
71506it [00:10, 7748.11it/s]
72283it [00:10, 7712.18it/s]
73152it [00:10, 7910.07it/s]
74112it [00:10, 8291.46it/s]
75008it [00:10, 8473.84it/s]
75968it [00:10, 6002.51it/s]
76736it [00:10, 6364.99it/s]
77568it [00:10, 6829.84it/s]
78464it [00:10, 7362.63it/s]
79360it [00:11, 7715.28it/s]
80256it [00:11, 8047.36it/s]
81152it [00:11, 8146.69it/s]
81991it [00:11, 8035.13it/s]
82849it [00:11, 8185.27it/s]
83681it [00:11, 8182.19it/s]
84544it [00:11, 8241.40it/s]
85376it [00:11, 8178.65it/s]
86208it [00:11, 8103.86it/s]
87040it [00:12, 8114.39it/s]
87854it [00:12, 8081.36it/s]
88704it [00:12, 8112.63it/s]
89536it [00:12, 8095.97it/s]
90431it [00:12, 8346.17it/s]
91328it [00:12, 8427.56it/s]
92172it [00:12, 5646.34it/s]
92928it [00:12, 6064.27it/s]
93824it [00:12, 6720.59it/s]
94784it [00:13, 7358.44it/s]
95680it [00:13, 7759.95it/s]
96640it [00:13, 8186.14it/s]
97500it [00:13, 8298.24it/s]
98368it [00:13, 8300.20it/s]
99219it [00:13, 8351.56it/s]
100000it [00:13, 7297.40it/s]
Upload time: 14.289730853866786
Total import time: 43.91092080064118
Experiment stage: Search

0it [00:00, ?it/s]
4it [00:00,  5.03it/s]
14it [00:01, 16.80it/s]
78it [00:01, 115.19it/s]
166it [00:01, 255.55it/s]
259it [00:01, 395.78it/s]
353it [00:01, 519.82it/s]
446it [00:01, 620.19it/s]
528it [00:01, 664.31it/s]
612it [00:01, 707.59it/s]
701it [00:01, 754.75it/s]
785it [00:01, 744.19it/s]
865it [00:02, 746.88it/s]
949it [00:02, 771.23it/s]
1029it [00:02, 767.21it/s]
1108it [00:02, 759.71it/s]
1186it [00:02, 764.73it/s]
1272it [00:02, 791.43it/s]
1352it [00:02, 778.42it/s]
1434it [00:02, 790.03it/s]
1514it [00:02, 792.20it/s]
1596it [00:02, 799.86it/s]
1686it [00:03, 827.87it/s]
1779it [00:03, 856.65it/s]
1865it [00:03, 851.95it/s]
1954it [00:03, 856.54it/s]
2042it [00:03, 863.21it/s]
2129it [00:03, 807.54it/s]
2217it [00:03, 827.77it/s]
2301it [00:03, 812.86it/s]
2383it [00:03, 792.22it/s]
2463it [00:04, 760.83it/s]
2540it [00:04, 759.85it/s]
2617it [00:04, 748.22it/s]
2695it [00:04, 753.57it/s]
2779it [00:04, 777.55it/s]
2866it [00:04, 799.78it/s]
2947it [00:04, 802.06it/s]
3044it [00:04, 851.13it/s]
3135it [00:04, 868.42it/s]
3228it [00:04, 883.67it/s]
3317it [00:05, 871.48it/s]
3405it [00:05, 867.06it/s]
3503it [00:05, 898.09it/s]
3593it [00:05, 879.64it/s]
3682it [00:05, 876.12it/s]
3784it [00:05, 917.87it/s]
3884it [00:05, 940.99it/s]
3980it [00:05, 945.07it/s]
4075it [00:05, 929.81it/s]
4169it [00:05, 850.93it/s]
4256it [00:06, 848.71it/s]
4351it [00:06, 874.25it/s]
4440it [00:06, 862.06it/s]
4529it [00:06, 868.02it/s]
4617it [00:06, 851.39it/s]
4703it [00:06, 845.81it/s]
4788it [00:06, 805.96it/s]
4871it [00:06, 810.18it/s]
4954it [00:06, 812.98it/s]
5046it [00:07, 842.37it/s]
5131it [00:07, 824.48it/s]
5214it [00:07, 785.72it/s]
5294it [00:07, 755.65it/s]
5371it [00:07, 741.35it/s]
5446it [00:07, 739.04it/s]
5540it [00:07, 795.73it/s]
5634it [00:07, 837.10it/s]
5722it [00:07, 847.05it/s]
5816it [00:07, 873.12it/s]
5904it [00:08, 817.63it/s]
5987it [00:08, 724.15it/s]
6065it [00:08, 736.49it/s]
6155it [00:08, 779.90it/s]
6240it [00:08, 798.05it/s]
6328it [00:08, 820.64it/s]
6417it [00:08, 839.97it/s]
6502it [00:08, 840.93it/s]
6587it [00:08, 811.05it/s]
6672it [00:09, 819.55it/s]
6766it [00:09, 853.12it/s]
6852it [00:09, 763.62it/s]
6931it [00:09, 764.53it/s]
7024it [00:09, 809.36it/s]
7107it [00:09, 794.58it/s]
7196it [00:09, 821.27it/s]
7287it [00:09, 844.95it/s]
7379it [00:09, 864.53it/s]
7466it [00:10, 865.08it/s]
7553it [00:10, 832.19it/s]
7643it [00:10, 851.05it/s]
7735it [00:10, 867.30it/s]
7829it [00:10, 888.05it/s]
7919it [00:10, 823.08it/s]
8009it [00:10, 842.86it/s]
8095it [00:10, 829.69it/s]
8179it [00:10, 825.97it/s]
8265it [00:10, 835.70it/s]
8349it [00:11, 798.00it/s]
8430it [00:11, 778.09it/s]
8518it [00:11, 806.35it/s]
8603it [00:11, 816.94it/s]
8693it [00:11, 839.27it/s]
8778it [00:11, 815.62it/s]
8860it [00:11, 810.60it/s]
8956it [00:11, 851.53it/s]
9050it [00:11, 875.82it/s]
9145it [00:12, 895.92it/s]
9245it [00:12, 925.14it/s]
9338it [00:12, 868.73it/s]
9426it [00:12, 851.03it/s]
9512it [00:12, 836.58it/s]
9597it [00:12, 837.90it/s]
9688it [00:12, 857.28it/s]
9778it [00:12, 868.12it/s]
9869it [00:12, 879.08it/s]
9958it [00:12, 845.85it/s]
10000it [00:13, 766.26it/s]
Experiment stage: Done
Results saved to:  /home/dzh/project/vdtuner/vector-db-benchmark-master/results
>>> [Step 5] 收尾工作...
    监控日志已保存。
📊 测试结果摘要:
0.8733700000000001
758.7977008304771
0.004985420708544552
line1:  0.004985420708544552
line1:  758.7977008304771
line1:  0.8733700000000001
numeric_values:  [0.004985420708544552, 758.7977008304771, 0.8733700000000001]
[77] 6800 0.8733700000000001 0.004985420708544552 89
/bin/sh: 1: Syntax error: "(" unexpected
/data/dzh/venv/lib/python3.10/site-packages/botorch/acquisition/multi_objective/monte_carlo.py:110: NumericsWarning: qExpectedHypervolumeImprovement has known numerical issues that lead to suboptimal optimization performance. It is strongly recommended to simply replace

	 qExpectedHypervolumeImprovement 	 --> 	 qLogExpectedHypervolumeImprovement 

instead, which fixes the issues and has the same API. See https://arxiv.org/abs/2310.20708 for details.
  legacy_ei_numerics_warning(legacy_name=type(self).__name__)
--- DEBUG: Starting command:---
=======================================
🛠️  开始测试流程
Engine: milvus-p10 | Dataset: random-range-2048-angular-no-filters
=======================================
>>> [Step 1] 启动后台监控...
    监控进程 PID: 685810
>>> [Step 2] 重置 Milvus...
 Container milvus-standalone  Stopping
 Container milvus-standalone  Stopped
 Container milvus-standalone  Removing
 Container milvus-standalone  Removed
 Container milvus-minio  Stopping
 Container milvus-etcd  Stopping
 Container milvus-etcd  Stopped
 Container milvus-etcd  Removing
 Container milvus-etcd  Removed
 Container milvus-minio  Stopped
 Container milvus-minio  Removing
 Container milvus-minio  Removed
 Network milvus  Removing
 Network milvus  Removed
    🧹 清理宿主机数据目录: /home/dzh/project/vdtuner/vector-db-benchmark-master/engine/servers/milvus-single-node/volumes
 Network milvus  Creating
 Network milvus  Created
 Container milvus-minio  Creating
 Container milvus-etcd  Creating
 Container milvus-etcd  Created
 Container milvus-minio  Created
 Container milvus-standalone  Creating
 Container milvus-standalone  Created
 Container milvus-etcd  Starting
 Container milvus-minio  Starting
 Container milvus-minio  Started
 Container milvus-etcd  Started
 Container milvus-standalone  Starting
 Container milvus-standalone  Started
>>> [Step 3] 等待服务启动 (90s)...
    等待中... (10s/120s)
    ✅ Milvus 服务已就绪
>>> [Step 4] 运行 Benchmark...
Running experiment: milvus-p10 - random-range-2048-angular-no-filters
established connection
/home/dzh/project/vdtuner/vector-db-benchmark-master/datasets/random-range-2048-angular/random_float_100k_no_filters already exists
Experiment stage: Configure
Experiment stage: Upload

0it [00:00, ?it/s]
1it [00:00,  1.64it/s]
64it [00:00, 80.23it/s]
768it [00:01, 1127.93it/s]
1072it [00:01, 1392.07it/s]
1408it [00:01, 1731.09it/s]
1692it [00:01, 1762.64it/s]
1942it [00:01, 1909.20it/s]
2624it [00:01, 3008.29it/s]
3008it [00:01, 3198.02it/s]
3392it [00:01, 3303.99it/s]
4096it [00:02, 4284.77it/s]
5120it [00:02, 5861.02it/s]
6144it [00:02, 7087.04it/s]
7178it [00:02, 8016.11it/s]
8256it [00:02, 8744.72it/s]
9292it [00:02, 9214.61it/s]
10304it [00:02, 9460.03it/s]
11392it [00:02, 9797.38it/s]
12416it [00:02, 9889.90it/s]
13440it [00:02, 9873.55it/s]
14464it [00:03, 9934.26it/s]
15463it [00:03, 9950.19it/s]
16461it [00:03, 9749.88it/s]
17439it [00:03, 8031.88it/s]
18360it [00:03, 8333.18it/s]
19328it [00:03, 8645.00it/s]
20224it [00:03, 8575.43it/s]
21104it [00:03, 8492.58it/s]
22016it [00:03, 8538.43it/s]
23027it [00:04, 8983.93it/s]
23936it [00:04, 8881.10it/s]
24896it [00:04, 9029.37it/s]
25920it [00:04, 9275.05it/s]
26897it [00:04, 9418.44it/s]
27842it [00:04, 9425.16it/s]
28791it [00:04, 9443.77it/s]
29737it [00:04, 9401.84it/s]
30720it [00:04, 9444.56it/s]
31666it [00:05, 5870.15it/s]
32576it [00:05, 6517.97it/s]
33472it [00:05, 7053.71it/s]
34432it [00:05, 7636.12it/s]
35392it [00:05, 8109.65it/s]
36352it [00:05, 8483.01it/s]
37256it [00:05, 8620.63it/s]
38205it [00:05, 8866.38it/s]
39121it [00:05, 8845.22it/s]
40064it [00:06, 8987.93it/s]
40978it [00:06, 8838.13it/s]
41873it [00:06, 8808.78it/s]
42762it [00:06, 8513.51it/s]
43712it [00:06, 8775.66it/s]
44611it [00:06, 8836.16it/s]
45504it [00:06, 8841.85it/s]
46420it [00:06, 8935.34it/s]
47316it [00:07, 6224.35it/s]
48256it [00:07, 6903.92it/s]
49177it [00:07, 7466.39it/s]
50112it [00:07, 7883.81it/s]
51126it [00:07, 8488.13it/s]
52032it [00:07, 8552.44it/s]
52992it [00:07, 8803.66it/s]
53927it [00:07, 8959.28it/s]
54843it [00:07, 8756.64it/s]
55734it [00:07, 8700.46it/s]
56614it [00:08, 8667.85it/s]
57488it [00:08, 8558.56it/s]
58349it [00:08, 8267.94it/s]
59200it [00:08, 8269.81it/s]
60097it [00:08, 8470.71it/s]
60992it [00:08, 8583.38it/s]
61952it [00:08, 8782.94it/s]
62832it [00:09, 5274.93it/s]
63744it [00:09, 5994.25it/s]
64641it [00:09, 6650.51it/s]
65536it [00:09, 7191.94it/s]
66432it [00:09, 7598.53it/s]
67271it [00:09, 7749.37it/s]
68160it [00:09, 8039.16it/s]
69120it [00:09, 8365.78it/s]
70080it [00:09, 8703.92it/s]
70974it [00:09, 8633.99it/s]
71854it [00:10, 8251.97it/s]
72704it [00:10, 8211.29it/s]
73600it [00:10, 8316.81it/s]
74505it [00:10, 8526.15it/s]
75456it [00:10, 8689.84it/s]
76377it [00:10, 8840.19it/s]
77265it [00:10, 6553.41it/s]
78208it [00:10, 7217.21it/s]
79104it [00:10, 7597.40it/s]
80064it [00:11, 8029.74it/s]
81024it [00:11, 8391.76it/s]
81920it [00:11, 8498.12it/s]
82880it [00:11, 8695.01it/s]
83776it [00:11, 8750.86it/s]
84778it [00:11, 9117.27it/s]
85701it [00:11, 9100.44it/s]
86628it [00:11, 9149.85it/s]
87549it [00:11, 9038.40it/s]
88457it [00:12, 8959.54it/s]
89356it [00:12, 8888.83it/s]
90247it [00:12, 8548.02it/s]
91200it [00:12, 8722.50it/s]
92076it [00:12, 5859.03it/s]
92945it [00:12, 6472.01it/s]
93854it [00:12, 7090.33it/s]
94784it [00:12, 7582.50it/s]
95744it [00:13, 8029.88it/s]
96704it [00:13, 8343.94it/s]
97600it [00:13, 8488.87it/s]
98480it [00:13, 8502.21it/s]
99352it [00:13, 8478.43it/s]
100000it [00:13, 7406.42it/s]
Upload time: 13.88773310277611
Total import time: 44.12652124883607
Experiment stage: Search

0it [00:00, ?it/s]
4it [00:00,  5.37it/s]
14it [00:00, 19.94it/s]
20it [00:00, 26.79it/s]
72it [00:01, 126.56it/s]
165it [00:01, 306.43it/s]
257it [00:01, 454.65it/s]
350it [00:01, 576.27it/s]
429it [00:01, 625.56it/s]
515it [00:01, 687.56it/s]
593it [00:01, 682.71it/s]
677it [00:01, 725.42it/s]
773it [00:01, 789.71it/s]
856it [00:02, 747.74it/s]
956it [00:02, 815.72it/s]
1041it [00:02, 759.40it/s]
1120it [00:02, 724.95it/s]
1198it [00:02, 726.77it/s]
1272it [00:02, 680.66it/s]
1342it [00:02, 675.77it/s]
1414it [00:02, 686.53it/s]
1492it [00:02, 711.88it/s]
1573it [00:03, 726.30it/s]
1647it [00:03, 692.08it/s]
1740it [00:03, 756.59it/s]
1836it [00:03, 814.02it/s]
1936it [00:03, 865.91it/s]
2024it [00:03, 867.20it/s]
2112it [00:03, 834.15it/s]
2214it [00:03, 886.75it/s]
2304it [00:03, 796.47it/s]
2386it [00:04, 761.06it/s]
2464it [00:04, 760.56it/s]
2542it [00:04, 743.17it/s]
2618it [00:04, 732.44it/s]
2711it [00:04, 786.48it/s]
2813it [00:04, 852.43it/s]
2905it [00:04, 871.07it/s]
2993it [00:04, 866.72it/s]
3081it [00:04, 827.61it/s]
3165it [00:04, 800.63it/s]
3251it [00:05, 814.72it/s]
3333it [00:05, 814.80it/s]
3415it [00:05, 785.77it/s]
3497it [00:05, 794.03it/s]
3580it [00:05, 802.65it/s]
3661it [00:05, 776.52it/s]
3748it [00:05, 802.97it/s]
3835it [00:05, 820.89it/s]
3918it [00:05, 822.47it/s]
4001it [00:06, 773.14it/s]
4080it [00:06, 777.89it/s]
4159it [00:06, 744.62it/s]
4235it [00:06, 736.86it/s]
4327it [00:06, 786.60it/s]
4421it [00:06, 828.92it/s]
4505it [00:06, 810.93it/s]
4590it [00:06, 820.83it/s]
4673it [00:06, 804.84it/s]
4756it [00:06, 806.67it/s]
4839it [00:07, 808.33it/s]
4929it [00:07, 833.95it/s]
5015it [00:07, 841.36it/s]
5111it [00:07, 875.75it/s]
5205it [00:07, 893.49it/s]
5295it [00:07, 854.42it/s]
5381it [00:07, 805.10it/s]
5469it [00:07, 823.04it/s]
5557it [00:07, 832.43it/s]
5641it [00:08, 827.45it/s]
5725it [00:08, 818.76it/s]
5808it [00:08, 798.55it/s]
5897it [00:08, 824.17it/s]
5980it [00:08, 819.91it/s]
6063it [00:08, 803.73it/s]
6146it [00:08, 810.21it/s]
6228it [00:08, 749.57it/s]
6307it [00:08, 749.31it/s]
6383it [00:08, 731.98it/s]
6466it [00:09, 757.64it/s]
6543it [00:09, 707.94it/s]
6615it [00:09, 704.91it/s]
6687it [00:09, 703.63it/s]
6774it [00:09, 748.95it/s]
6850it [00:09, 723.86it/s]
6923it [00:09, 678.61it/s]
6992it [00:09, 632.58it/s]
7063it [00:10, 653.22it/s]
7141it [00:10, 688.02it/s]
7211it [00:10, 667.39it/s]
7299it [00:10, 724.12it/s]
7377it [00:10, 738.91it/s]
7458it [00:10, 757.82it/s]
7535it [00:10, 760.51it/s]
7612it [00:10, 744.32it/s]
7690it [00:10, 753.24it/s]
7766it [00:10, 740.13it/s]
7856it [00:11, 785.28it/s]
7935it [00:11, 771.97it/s]
8013it [00:11, 754.05it/s]
8096it [00:11, 774.88it/s]
8184it [00:11, 803.62it/s]
8265it [00:11, 767.11it/s]
8343it [00:11, 741.98it/s]
8426it [00:11, 766.24it/s]
8504it [00:11, 752.90it/s]
8580it [00:12, 674.33it/s]
8655it [00:12, 690.01it/s]
8738it [00:12, 727.53it/s]
8822it [00:12, 757.66it/s]
8904it [00:12, 774.32it/s]
8988it [00:12, 791.31it/s]
9078it [00:12, 822.09it/s]
9161it [00:12, 816.03it/s]
9243it [00:12, 706.20it/s]
9317it [00:13, 675.25it/s]
9387it [00:13, 647.18it/s]
9454it [00:13, 648.09it/s]
9533it [00:13, 685.59it/s]
9603it [00:13, 651.49it/s]
9680it [00:13, 683.05it/s]
9756it [00:13, 696.46it/s]
9829it [00:13, 705.10it/s]
9901it [00:13, 673.27it/s]
9974it [00:13, 688.44it/s]
10000it [00:14, 713.29it/s]
Experiment stage: Done
Results saved to:  /home/dzh/project/vdtuner/vector-db-benchmark-master/results
>>> [Step 5] 收尾工作...
    监控日志已保存。
📊 测试结果摘要:
0.9083100000000001
708.5852900153956
0.005431126151233911
line1:  0.005431126151233911
line1:  708.5852900153956
line1:  0.9083100000000001
numeric_values:  [0.005431126151233911, 708.5852900153956, 0.9083100000000001]
[78] 6892 0.9083100000000001 0.005431126151233911 91
/bin/sh: 1: Syntax error: "(" unexpected
/data/dzh/venv/lib/python3.10/site-packages/botorch/acquisition/multi_objective/monte_carlo.py:110: NumericsWarning: qExpectedHypervolumeImprovement has known numerical issues that lead to suboptimal optimization performance. It is strongly recommended to simply replace

	 qExpectedHypervolumeImprovement 	 --> 	 qLogExpectedHypervolumeImprovement 

instead, which fixes the issues and has the same API. See https://arxiv.org/abs/2310.20708 for details.
  legacy_ei_numerics_warning(legacy_name=type(self).__name__)
--- DEBUG: Starting command:---
=======================================
🛠️  开始测试流程
Engine: milvus-p10 | Dataset: random-range-2048-angular-no-filters
=======================================
>>> [Step 1] 启动后台监控...
    监控进程 PID: 701732
>>> [Step 2] 重置 Milvus...
 Container milvus-standalone  Stopping
 Container milvus-standalone  Stopped
 Container milvus-standalone  Removing
 Container milvus-standalone  Removed
 Container milvus-etcd  Stopping
 Container milvus-minio  Stopping
 Container milvus-etcd  Stopped
 Container milvus-etcd  Removing
 Container milvus-etcd  Removed
 Container milvus-minio  Stopped
 Container milvus-minio  Removing
 Container milvus-minio  Removed
 Network milvus  Removing
 Network milvus  Removed
    🧹 清理宿主机数据目录: /home/dzh/project/vdtuner/vector-db-benchmark-master/engine/servers/milvus-single-node/volumes
 Network milvus  Creating
 Network milvus  Created
 Container milvus-minio  Creating
 Container milvus-etcd  Creating
 Container milvus-etcd  Created
 Container milvus-minio  Created
 Container milvus-standalone  Creating
 Container milvus-standalone  Created
 Container milvus-etcd  Starting
 Container milvus-minio  Starting
 Container milvus-etcd  Started
 Container milvus-minio  Started
 Container milvus-standalone  Starting
 Container milvus-standalone  Started
>>> [Step 3] 等待服务启动 (90s)...
    等待中... (10s/120s)
    ✅ Milvus 服务已就绪
>>> [Step 4] 运行 Benchmark...
Running experiment: milvus-p10 - random-range-2048-angular-no-filters
established connection
/home/dzh/project/vdtuner/vector-db-benchmark-master/datasets/random-range-2048-angular/random_float_100k_no_filters already exists
Experiment stage: Configure
Experiment stage: Upload

0it [00:00, ?it/s]
1it [00:00,  1.11it/s]
64it [00:01, 84.29it/s]
702it [00:01, 1085.08it/s]
1010it [00:01, 1406.31it/s]
1299it [00:01, 1687.89it/s]
1582it [00:01, 1818.06it/s]
1856it [00:01, 2016.26it/s]
2240it [00:01, 2463.61it/s]
2560it [00:01, 2549.77it/s]
2880it [00:01, 2657.04it/s]
3456it [00:02, 3446.76it/s]
4439it [00:02, 5199.47it/s]
5440it [00:02, 6492.96it/s]
6400it [00:02, 7343.48it/s]
7424it [00:02, 8124.91it/s]
8398it [00:02, 8593.36it/s]
9375it [00:02, 8938.04it/s]
10432it [00:02, 9348.43it/s]
11477it [00:02, 9672.98it/s]
12480it [00:02, 9638.72it/s]
13449it [00:03, 9644.74it/s]
14417it [00:03, 9598.11it/s]
15424it [00:03, 9614.85it/s]
16388it [00:03, 9524.35it/s]
17342it [00:03, 6162.00it/s]
18253it [00:03, 6791.29it/s]
19165it [00:03, 7335.35it/s]
20032it [00:03, 7662.33it/s]
20992it [00:04, 8076.32it/s]
22016it [00:04, 8558.25it/s]
23040it [00:04, 8940.38it/s]
24000it [00:04, 9089.32it/s]
25024it [00:04, 9329.22it/s]
25984it [00:04, 9355.53it/s]
26944it [00:04, 9392.76it/s]
27955it [00:04, 9601.87it/s]
28923it [00:04, 9528.02it/s]
29888it [00:04, 9508.30it/s]
30912it [00:05, 9611.92it/s]
31876it [00:05, 8594.38it/s]
32832it [00:05, 8782.93it/s]
33792it [00:05, 8945.74it/s]
34752it [00:05, 9033.86it/s]
35712it [00:05, 9142.33it/s]
36644it [00:05, 9193.43it/s]
37569it [00:05, 9098.08it/s]
38528it [00:05, 9098.25it/s]
39488it [00:06, 9193.76it/s]
40410it [00:06, 9194.98it/s]
41331it [00:06, 9053.22it/s]
42240it [00:06, 8957.89it/s]
43160it [00:06, 9028.20it/s]
44064it [00:06, 8787.24it/s]
44992it [00:06, 8868.44it/s]
45881it [00:06, 8738.70it/s]
46756it [00:06, 8479.40it/s]
47606it [00:07, 6199.50it/s]
48313it [00:07, 6377.32it/s]
49036it [00:07, 6587.38it/s]
49920it [00:07, 7143.48it/s]
50816it [00:07, 7545.08it/s]
51742it [00:07, 8019.12it/s]
52672it [00:07, 8272.20it/s]
53632it [00:07, 8481.49it/s]
54553it [00:07, 8688.89it/s]
55433it [00:08, 8678.70it/s]
56367it [00:08, 8871.24it/s]
57260it [00:08, 8855.51it/s]
58150it [00:08, 8807.67it/s]
59034it [00:08, 8574.26it/s]
59968it [00:08, 8739.05it/s]
60944it [00:08, 9036.85it/s]
61851it [00:08, 6872.75it/s]
62741it [00:08, 7363.34it/s]
63680it [00:09, 7850.64it/s]
64576it [00:09, 8042.60it/s]
65536it [00:09, 8294.48it/s]
66394it [00:09, 8287.58it/s]
67243it [00:09, 8190.76it/s]
68096it [00:09, 8234.74it/s]
68930it [00:09, 8074.67it/s]
69824it [00:09, 8259.48it/s]
70720it [00:09, 8287.31it/s]
71616it [00:09, 8306.21it/s]
72450it [00:10, 8217.21it/s]
73408it [00:10, 8479.68it/s]
74362it [00:10, 8785.41it/s]
75243it [00:10, 8708.59it/s]
76160it [00:10, 8690.90it/s]
77031it [00:10, 5954.87it/s]
77938it [00:10, 6644.89it/s]
78848it [00:10, 7184.42it/s]
79662it [00:11, 7426.31it/s]
80469it [00:11, 7376.35it/s]
81408it [00:11, 7806.02it/s]
82352it [00:11, 8255.03it/s]
83210it [00:11, 8346.44it/s]
84065it [00:11, 8366.22it/s]
84928it [00:11, 8382.34it/s]
85824it [00:11, 8525.46it/s]
86720it [00:11, 8640.79it/s]
87590it [00:12, 7740.10it/s]
88385it [00:12, 7761.52it/s]
89176it [00:12, 7346.58it/s]
89985it [00:12, 7549.30it/s]
90880it [00:12, 7887.67it/s]
91712it [00:12, 5605.80it/s]
92608it [00:12, 6312.20it/s]
93504it [00:12, 6909.62it/s]
94423it [00:13, 7488.00it/s]
95296it [00:13, 7729.80it/s]
96192it [00:13, 7979.51it/s]
97026it [00:13, 8042.88it/s]
97966it [00:13, 8427.75it/s]
98880it [00:13, 8548.40it/s]
99776it [00:13, 8632.70it/s]
100000it [00:13, 7329.44it/s]
Upload time: 14.035638611763716
Total import time: 43.8660876005888
Experiment stage: Search

0it [00:00, ?it/s]
4it [00:00,  5.32it/s]
14it [00:00, 18.77it/s]
29it [00:01, 41.41it/s]
93it [00:01, 159.93it/s]
173it [00:01, 300.63it/s]
249it [00:01, 410.00it/s]
320it [00:01, 486.08it/s]
406it [00:01, 585.55it/s]
502it [00:01, 688.08it/s]
590it [00:01, 742.12it/s]
676it [00:01, 775.42it/s]
759it [00:01, 644.18it/s]
850it [00:02, 709.22it/s]
936it [00:02, 745.74it/s]
1016it [00:02, 748.08it/s]
1100it [00:02, 773.38it/s]
1182it [00:02, 784.70it/s]
1266it [00:02, 799.88it/s]
1348it [00:02, 768.27it/s]
1432it [00:02, 783.00it/s]
1514it [00:02, 790.99it/s]
1598it [00:03, 800.92it/s]
1682it [00:03, 810.05it/s]
1766it [00:03, 812.36it/s]
1851it [00:03, 821.82it/s]
1934it [00:03, 822.27it/s]
2017it [00:03, 794.97it/s]
2103it [00:03, 813.44it/s]
2185it [00:03, 792.14it/s]
2265it [00:03, 753.63it/s]
2341it [00:03, 753.36it/s]
2437it [00:04, 812.28it/s]
2538it [00:04, 868.17it/s]
2635it [00:04, 895.64it/s]
2733it [00:04, 918.63it/s]
2833it [00:04, 940.58it/s]
2932it [00:04, 954.27it/s]
3033it [00:04, 968.86it/s]
3131it [00:04, 922.29it/s]
3224it [00:04, 886.63it/s]
3314it [00:05, 838.67it/s]
3399it [00:05, 810.20it/s]
3481it [00:05, 800.90it/s]
3562it [00:05, 784.26it/s]
3652it [00:05, 806.43it/s]
3733it [00:05, 795.06it/s]
3823it [00:05, 823.74it/s]
3906it [00:05, 771.14it/s]
3987it [00:05, 779.51it/s]
4066it [00:05, 779.34it/s]
4148it [00:06, 788.99it/s]
4240it [00:06, 824.45it/s]
4331it [00:06, 849.03it/s]
4417it [00:06, 835.46it/s]
4513it [00:06, 869.68it/s]
4609it [00:06, 895.77it/s]
4699it [00:06, 887.18it/s]
4788it [00:06, 721.71it/s]
4866it [00:07, 507.16it/s]
4929it [00:07, 438.41it/s]
4987it [00:07, 463.65it/s]
5042it [00:07, 384.10it/s]
5088it [00:07, 380.15it/s]
5131it [00:07, 375.47it/s]
5172it [00:08, 353.24it/s]
5210it [00:08, 298.78it/s]
5275it [00:08, 372.39it/s]
5340it [00:08, 430.80it/s]
5388it [00:08, 397.16it/s]
5451it [00:08, 451.54it/s]
5516it [00:08, 502.04it/s]
5570it [00:09, 383.42it/s]
5648it [00:09, 468.71it/s]
5723it [00:09, 535.00it/s]
5802it [00:09, 598.72it/s]
5883it [00:09, 654.40it/s]
5964it [00:09, 694.26it/s]
6045it [00:09, 725.56it/s]
6125it [00:09, 745.76it/s]
6202it [00:09, 722.22it/s]
6276it [00:10, 614.32it/s]
6369it [00:10, 693.07it/s]
6461it [00:10, 747.61it/s]
6540it [00:10, 686.90it/s]
6612it [00:10, 551.87it/s]
6674it [00:10, 519.22it/s]
6730it [00:10, 519.84it/s]
6785it [00:10, 496.06it/s]
6872it [00:11, 588.47it/s]
6967it [00:11, 681.60it/s]
7072it [00:11, 781.09it/s]
7179it [00:11, 861.68it/s]
7284it [00:11, 915.05it/s]
7382it [00:11, 933.37it/s]
7488it [00:11, 967.51it/s]
7594it [00:11, 993.41it/s]
7696it [00:11, 999.56it/s]
7797it [00:11, 930.42it/s]
7892it [00:12, 894.60it/s]
7983it [00:12, 746.92it/s]
8063it [00:12, 541.86it/s]
8128it [00:12, 471.82it/s]
8184it [00:12, 482.90it/s]
8261it [00:12, 544.00it/s]
8323it [00:13, 535.43it/s]
8422it [00:13, 643.81it/s]
8505it [00:13, 690.24it/s]
8591it [00:13, 735.43it/s]
8686it [00:13, 794.24it/s]
8769it [00:13, 795.77it/s]
8857it [00:13, 818.83it/s]
8957it [00:13, 871.29it/s]
9046it [00:13, 860.79it/s]
9140it [00:13, 881.43it/s]
9229it [00:14, 878.23it/s]
9318it [00:14, 718.28it/s]
9395it [00:14, 709.54it/s]
9470it [00:14, 681.03it/s]
9541it [00:14, 598.29it/s]
9612it [00:14, 625.39it/s]
9678it [00:14, 517.25it/s]
9735it [00:15, 419.72it/s]
9783it [00:15, 364.92it/s]
9824it [00:15, 368.30it/s]
9865it [00:15, 377.20it/s]
9924it [00:15, 427.65it/s]
10000it [00:15, 635.90it/s]
Experiment stage: Done
Results saved to:  /home/dzh/project/vdtuner/vector-db-benchmark-master/results
>>> [Step 5] 收尾工作...
    监控日志已保存。
📊 测试结果摘要:
0.94037
632.2575444541382
0.006034004082903265
line1:  0.006034004082903265
line1:  632.2575444541382
line1:  0.94037
numeric_values:  [0.006034004082903265, 632.2575444541382, 0.94037]
[79] 6985 0.94037 0.006034004082903265 92
/bin/sh: 1: Syntax error: "(" unexpected
/data/dzh/venv/lib/python3.10/site-packages/botorch/acquisition/multi_objective/monte_carlo.py:110: NumericsWarning: qExpectedHypervolumeImprovement has known numerical issues that lead to suboptimal optimization performance. It is strongly recommended to simply replace

	 qExpectedHypervolumeImprovement 	 --> 	 qLogExpectedHypervolumeImprovement 

instead, which fixes the issues and has the same API. See https://arxiv.org/abs/2310.20708 for details.
  legacy_ei_numerics_warning(legacy_name=type(self).__name__)
--- DEBUG: Starting command:---
=======================================
🛠️  开始测试流程
Engine: milvus-p10 | Dataset: random-range-2048-angular-no-filters
=======================================
>>> [Step 1] 启动后台监控...
    监控进程 PID: 717088
>>> [Step 2] 重置 Milvus...
 Container milvus-standalone  Stopping
 Container milvus-standalone  Stopped
 Container milvus-standalone  Removing
 Container milvus-standalone  Removed
 Container milvus-minio  Stopping
 Container milvus-etcd  Stopping
 Container milvus-etcd  Stopped
 Container milvus-etcd  Removing
 Container milvus-etcd  Removed
 Container milvus-minio  Stopped
 Container milvus-minio  Removing
 Container milvus-minio  Removed
 Network milvus  Removing
 Network milvus  Removed
    🧹 清理宿主机数据目录: /home/dzh/project/vdtuner/vector-db-benchmark-master/engine/servers/milvus-single-node/volumes
 Network milvus  Creating
 Network milvus  Created
 Container milvus-etcd  Creating
 Container milvus-minio  Creating
 Container milvus-etcd  Created
 Container milvus-minio  Created
 Container milvus-standalone  Creating
 Container milvus-standalone  Created
 Container milvus-minio  Starting
 Container milvus-etcd  Starting
 Container milvus-etcd  Started
 Container milvus-minio  Started
 Container milvus-standalone  Starting
 Container milvus-standalone  Started
>>> [Step 3] 等待服务启动 (90s)...
    等待中... (10s/120s)
    ✅ Milvus 服务已就绪
>>> [Step 4] 运行 Benchmark...
Running experiment: milvus-p10 - random-range-2048-angular-no-filters
established connection
/home/dzh/project/vdtuner/vector-db-benchmark-master/datasets/random-range-2048-angular/random_float_100k_no_filters already exists
Experiment stage: Configure
Experiment stage: Upload

0it [00:00, ?it/s]
1it [00:00,  1.49it/s]
64it [00:00, 82.66it/s]
640it [00:01, 952.08it/s]
960it [00:01, 1339.16it/s]
1224it [00:01, 1583.80it/s]
1522it [00:01, 1893.98it/s]
1856it [00:01, 2111.43it/s]
2176it [00:01, 2273.63it/s]
2446it [00:01, 2182.26it/s]
3123it [00:01, 3315.55it/s]
3740it [00:01, 4059.82it/s]
4672it [00:02, 5421.51it/s]
5696it [00:02, 6744.84it/s]
6720it [00:02, 7638.16it/s]
7744it [00:02, 8373.91it/s]
8704it [00:02, 8716.63it/s]
9664it [00:02, 8882.39it/s]
10688it [00:02, 9201.26it/s]
11712it [00:02, 9330.44it/s]
12672it [00:02, 9338.80it/s]
13632it [00:03, 9359.17it/s]
14572it [00:03, 9350.74it/s]
15510it [00:03, 9007.92it/s]
16512it [00:03, 9219.23it/s]
17438it [00:03, 6187.90it/s]
18303it [00:03, 6722.69it/s]
19328it [00:03, 7502.03it/s]
20312it [00:03, 8089.84it/s]
21312it [00:03, 8525.75it/s]
22272it [00:04, 8736.83it/s]
23296it [00:04, 9072.16it/s]
24236it [00:04, 8993.21it/s]
25158it [00:04, 9001.60it/s]
26112it [00:04, 9076.76it/s]
27070it [00:04, 9219.66it/s]
28029it [00:04, 9327.33it/s]
28968it [00:04, 8989.49it/s]
29952it [00:04, 9138.72it/s]
30912it [00:05, 9265.78it/s]
31843it [00:05, 9025.78it/s]
32750it [00:05, 6028.45it/s]
33536it [00:05, 6338.74it/s]
34368it [00:05, 6754.05it/s]
35200it [00:05, 7090.94it/s]
36015it [00:05, 7366.77it/s]
36801it [00:05, 7499.94it/s]
37652it [00:06, 7781.70it/s]
38592it [00:06, 8180.71it/s]
39552it [00:06, 8561.33it/s]
40424it [00:06, 8332.03it/s]
41299it [00:06, 8451.47it/s]
42176it [00:06, 8529.32it/s]
43136it [00:06, 8735.39it/s]
44032it [00:06, 8735.76it/s]
44928it [00:06, 8793.63it/s]
45824it [00:06, 8728.93it/s]
46784it [00:07, 8946.81it/s]
47681it [00:07, 4799.96it/s]
48576it [00:07, 5525.75it/s]
49536it [00:07, 6308.49it/s]
50460it [00:07, 6972.72it/s]
51296it [00:07, 7233.90it/s]
52160it [00:07, 7551.80it/s]
52992it [00:08, 7749.96it/s]
53823it [00:08, 7719.47it/s]
54634it [00:08, 7457.53it/s]
55408it [00:08, 7467.47it/s]
56192it [00:08, 7542.48it/s]
56961it [00:08, 7565.64it/s]
57920it [00:08, 8094.80it/s]
58816it [00:08, 8309.62it/s]
59776it [00:08, 8616.67it/s]
60736it [00:09, 8883.67it/s]
61629it [00:09, 6009.77it/s]
62369it [00:09, 6313.22it/s]
63296it [00:09, 6944.78it/s]
64231it [00:09, 7553.86it/s]
65094it [00:09, 7839.39it/s]
65997it [00:09, 8166.72it/s]
66910it [00:09, 8437.79it/s]
67783it [00:09, 8477.34it/s]
68672it [00:10, 8582.12it/s]
69568it [00:10, 8649.29it/s]
70459it [00:10, 8725.30it/s]
71339it [00:10, 8651.75it/s]
72210it [00:10, 8516.04it/s]
73088it [00:10, 8516.78it/s]
73943it [00:10, 8494.51it/s]
74816it [00:10, 8489.27it/s]
75712it [00:10, 8585.46it/s]
76572it [00:11, 7848.99it/s]
77440it [00:11, 7962.16it/s]
78336it [00:11, 8180.59it/s]
79291it [00:11, 8570.40it/s]
80183it [00:11, 8670.96it/s]
81056it [00:11, 8630.19it/s]
81984it [00:11, 8746.80it/s]
82894it [00:11, 8850.06it/s]
83840it [00:11, 8899.45it/s]
84768it [00:11, 9010.84it/s]
85671it [00:12, 8938.37it/s]
86566it [00:12, 8881.29it/s]
87455it [00:12, 8797.97it/s]
88367it [00:12, 8892.13it/s]
89257it [00:12, 8756.79it/s]
90176it [00:12, 8769.37it/s]
91054it [00:12, 6825.68it/s]
91901it [00:12, 7229.56it/s]
92736it [00:12, 7513.70it/s]
93530it [00:13, 7495.11it/s]
94310it [00:13, 7534.86it/s]
95085it [00:13, 7539.40it/s]
95872it [00:13, 7584.84it/s]
96641it [00:13, 7557.12it/s]
97536it [00:13, 7893.41it/s]
98496it [00:13, 8290.21it/s]
99392it [00:13, 8366.50it/s]
100000it [00:13, 7214.61it/s]
Upload time: 14.255124974995852
Total import time: 44.28154864674434
Experiment stage: Search

0it [00:00, ?it/s]
4it [00:00,  5.29it/s]
14it [00:00, 19.74it/s]
21it [00:00, 28.64it/s]
79it [00:01, 140.85it/s]
156it [00:01, 282.27it/s]
231it [00:01, 395.24it/s]
307it [00:01, 487.77it/s]
398it [00:01, 600.26it/s]
484it [00:01, 670.71it/s]
569it [00:01, 720.02it/s]
653it [00:01, 753.12it/s]
733it [00:01, 695.55it/s]
807it [00:02, 700.12it/s]
887it [00:02, 726.48it/s]
976it [00:02, 771.56it/s]
1064it [00:02, 802.73it/s]
1164it [00:02, 858.66it/s]
1257it [00:02, 879.18it/s]
1350it [00:02, 893.69it/s]
1451it [00:02, 926.83it/s]
1555it [00:02, 958.52it/s]
1652it [00:02, 939.38it/s]
1747it [00:03, 899.90it/s]
1838it [00:03, 899.68it/s]
1929it [00:03, 882.72it/s]
2021it [00:03, 889.45it/s]
2111it [00:03, 889.37it/s]
2201it [00:03, 885.47it/s]
2294it [00:03, 892.39it/s]
2392it [00:03, 918.04it/s]
2493it [00:03, 944.57it/s]
2588it [00:03, 894.76it/s]
2679it [00:04, 874.56it/s]
2768it [00:04, 875.22it/s]
2858it [00:04, 881.69it/s]
2947it [00:04, 862.86it/s]
3034it [00:04, 851.29it/s]
3125it [00:04, 866.51it/s]
3212it [00:04, 861.54it/s]
3299it [00:04, 862.10it/s]
3386it [00:04, 859.93it/s]
3478it [00:05, 874.83it/s]
3569it [00:05, 883.98it/s]
3658it [00:05, 868.66it/s]
3745it [00:05, 866.56it/s]
3832it [00:05, 822.15it/s]
3915it [00:05, 783.69it/s]
3994it [00:05, 770.31it/s]
4079it [00:05, 792.63it/s]
4170it [00:05, 825.78it/s]
4254it [00:06, 763.57it/s]
4332it [00:06, 734.38it/s]
4407it [00:06, 672.82it/s]
4504it [00:06, 750.77it/s]
4582it [00:06, 749.10it/s]
4678it [00:06, 807.11it/s]
4770it [00:06, 837.83it/s]
4855it [00:06, 835.87it/s]
4940it [00:06, 823.11it/s]
5030it [00:06, 842.90it/s]
5116it [00:07, 847.49it/s]
5202it [00:07, 833.08it/s]
5289it [00:07, 841.58it/s]
5374it [00:07, 835.96it/s]
5463it [00:07, 851.13it/s]
5549it [00:07, 829.12it/s]
5633it [00:07, 812.18it/s]
5717it [00:07, 818.41it/s]
5804it [00:07, 829.34it/s]
5892it [00:08, 843.65it/s]
5977it [00:08, 835.04it/s]
6070it [00:08, 858.07it/s]
6160it [00:08, 869.97it/s]
6252it [00:08, 883.10it/s]
6341it [00:08, 868.84it/s]
6428it [00:08, 865.79it/s]
6515it [00:08, 833.90it/s]
6599it [00:08, 822.67it/s]
6682it [00:08, 822.30it/s]
6765it [00:09, 797.20it/s]
6858it [00:09, 826.71it/s]
6955it [00:09, 867.13it/s]
7048it [00:09, 878.82it/s]
7138it [00:09, 883.97it/s]
7233it [00:09, 902.17it/s]
7324it [00:09, 895.43it/s]
7414it [00:09, 886.03it/s]
7503it [00:09, 886.90it/s]
7605it [00:09, 924.49it/s]
7698it [00:10, 918.28it/s]
7790it [00:10, 914.05it/s]
7882it [00:10, 843.61it/s]
7976it [00:10, 868.29it/s]
8064it [00:10, 866.69it/s]
8155it [00:10, 869.14it/s]
8243it [00:10, 849.93it/s]
8338it [00:10, 875.03it/s]
8430it [00:10, 885.33it/s]
8523it [00:11, 895.39it/s]
8619it [00:11, 913.65it/s]
8711it [00:11, 908.41it/s]
8802it [00:11, 886.48it/s]
8891it [00:11, 881.67it/s]
8980it [00:11, 875.51it/s]
9068it [00:11, 866.05it/s]
9156it [00:11, 867.39it/s]
9243it [00:11, 864.31it/s]
9330it [00:11, 860.11it/s]
9420it [00:12, 869.52it/s]
9507it [00:12, 834.82it/s]
9594it [00:12, 844.32it/s]
9680it [00:12, 847.89it/s]
9768it [00:12, 857.06it/s]
9854it [00:12, 843.15it/s]
9939it [00:12, 833.17it/s]
10000it [00:12, 783.98it/s]
Experiment stage: Done
Results saved to:  /home/dzh/project/vdtuner/vector-db-benchmark-master/results
>>> [Step 5] 收尾工作...
    监控日志已保存。
📊 测试结果摘要:
0.99971
776.3349336460196
0.005733089591376483
line1:  0.005733089591376483
line1:  776.3349336460196
line1:  0.99971
numeric_values:  [0.005733089591376483, 776.3349336460196, 0.99971]
[80] 7075 0.99971 0.005733089591376483 90
/bin/sh: 1: Syntax error: "(" unexpected
/data/dzh/venv/lib/python3.10/site-packages/botorch/acquisition/multi_objective/monte_carlo.py:110: NumericsWarning: qExpectedHypervolumeImprovement has known numerical issues that lead to suboptimal optimization performance. It is strongly recommended to simply replace

	 qExpectedHypervolumeImprovement 	 --> 	 qLogExpectedHypervolumeImprovement 

instead, which fixes the issues and has the same API. See https://arxiv.org/abs/2310.20708 for details.
  legacy_ei_numerics_warning(legacy_name=type(self).__name__)
--- DEBUG: Starting command:---
=======================================
🛠️  开始测试流程
Engine: milvus-p10 | Dataset: random-range-2048-angular-no-filters
=======================================
>>> [Step 1] 启动后台监控...
    监控进程 PID: 733299
>>> [Step 2] 重置 Milvus...
 Container milvus-standalone  Stopping
 Container milvus-standalone  Stopped
 Container milvus-standalone  Removing
 Container milvus-standalone  Removed
 Container milvus-etcd  Stopping
 Container milvus-minio  Stopping
 Container milvus-etcd  Stopped
 Container milvus-etcd  Removing
 Container milvus-etcd  Removed
 Container milvus-minio  Stopped
 Container milvus-minio  Removing
 Container milvus-minio  Removed
 Network milvus  Removing
 Network milvus  Removed
    🧹 清理宿主机数据目录: /home/dzh/project/vdtuner/vector-db-benchmark-master/engine/servers/milvus-single-node/volumes
 Network milvus  Creating
 Network milvus  Created
 Container milvus-etcd  Creating
 Container milvus-minio  Creating
 Container milvus-etcd  Created
 Container milvus-minio  Created
 Container milvus-standalone  Creating
 Container milvus-standalone  Created
 Container milvus-minio  Starting
 Container milvus-etcd  Starting
 Container milvus-etcd  Started
 Container milvus-minio  Started
 Container milvus-standalone  Starting
 Container milvus-standalone  Started
>>> [Step 3] 等待服务启动 (90s)...
    等待中... (10s/120s)
    ✅ Milvus 服务已就绪
>>> [Step 4] 运行 Benchmark...
Running experiment: milvus-p10 - random-range-2048-angular-no-filters
established connection
/home/dzh/project/vdtuner/vector-db-benchmark-master/datasets/random-range-2048-angular/random_float_100k_no_filters already exists
Experiment stage: Configure
Experiment stage: Upload

0it [00:00, ?it/s]
1it [00:00,  1.45it/s]
64it [00:00, 80.71it/s]
704it [00:01, 1035.17it/s]
980it [00:01, 1179.14it/s]
1275it [00:01, 1502.07it/s]
1536it [00:01, 1708.47it/s]
1792it [00:01, 1867.00it/s]
2038it [00:01, 1805.76it/s]
2560it [00:01, 2466.78it/s]
2843it [00:01, 2538.54it/s]
3648it [00:02, 3934.69it/s]
4544it [00:02, 5236.86it/s]
5376it [00:02, 6058.40it/s]
6400it [00:02, 7159.46it/s]
7424it [00:02, 7958.51it/s]
8448it [00:02, 8492.90it/s]
9472it [00:02, 8847.19it/s]
10473it [00:02, 9181.64it/s]
11456it [00:02, 9296.83it/s]
12480it [00:02, 9513.78it/s]
13504it [00:03, 9634.13it/s]
14528it [00:03, 9632.80it/s]
15501it [00:03, 9660.11it/s]
16470it [00:03, 9577.80it/s]
17430it [00:03, 7134.15it/s]
18368it [00:03, 7626.16it/s]
19328it [00:03, 8027.06it/s]
20224it [00:03, 8178.76it/s]
21120it [00:04, 8329.06it/s]
21985it [00:04, 8247.00it/s]
22955it [00:04, 8652.67it/s]
23839it [00:04, 8568.16it/s]
24832it [00:04, 8912.15it/s]
25826it [00:04, 9209.30it/s]
26816it [00:04, 9300.58it/s]
27776it [00:04, 9330.75it/s]
28736it [00:04, 9324.01it/s]
29760it [00:04, 9483.42it/s]
30759it [00:05, 9631.26it/s]
31724it [00:05, 9555.54it/s]
32681it [00:05, 6435.26it/s]
33600it [00:05, 6968.36it/s]
34560it [00:05, 7582.55it/s]
35456it [00:05, 7842.71it/s]
36387it [00:05, 8229.30it/s]
37312it [00:05, 8447.88it/s]
38208it [00:06, 8564.15it/s]
39104it [00:06, 8652.33it/s]
39990it [00:06, 8644.19it/s]
40909it [00:06, 8800.42it/s]
41800it [00:06, 8485.14it/s]
42688it [00:06, 8494.02it/s]
43552it [00:06, 8535.65it/s]
44476it [00:06, 8740.41it/s]
45376it [00:06, 8786.18it/s]
46258it [00:07, 6178.87it/s]
47104it [00:07, 6673.13it/s]
48000it [00:07, 7163.67it/s]
48960it [00:07, 7712.71it/s]
49856it [00:07, 8004.64it/s]
50816it [00:07, 8319.35it/s]
51712it [00:07, 8460.00it/s]
52621it [00:07, 8638.17it/s]
53503it [00:07, 8540.52it/s]
54370it [00:08, 8374.16it/s]
55217it [00:08, 8273.42it/s]
56051it [00:08, 7958.87it/s]
56853it [00:08, 7733.93it/s]
57685it [00:08, 7898.33it/s]
58480it [00:08, 7542.02it/s]
59240it [00:08, 7343.50it/s]
60032it [00:08, 7442.02it/s]
60780it [00:08, 6086.23it/s]
61568it [00:09, 6481.61it/s]
62337it [00:09, 6795.41it/s]
63232it [00:09, 7321.19it/s]
64128it [00:09, 7705.89it/s]
64918it [00:09, 7510.75it/s]
65856it [00:09, 7916.95it/s]
66688it [00:09, 7989.03it/s]
67592it [00:09, 8290.38it/s]
68428it [00:09, 8232.66it/s]
69312it [00:10, 8382.46it/s]
70208it [00:10, 8514.01it/s]
71104it [00:10, 8624.96it/s]
71969it [00:10, 8627.27it/s]
72896it [00:10, 8722.80it/s]
73824it [00:10, 8887.13it/s]
74714it [00:10, 5649.56it/s]
75428it [00:10, 5943.11it/s]
76352it [00:11, 6690.36it/s]
77124it [00:11, 6895.87it/s]
78080it [00:11, 7536.15it/s]
78965it [00:11, 7889.90it/s]
79894it [00:11, 8278.99it/s]
80768it [00:11, 8316.39it/s]
81728it [00:11, 8553.83it/s]
82602it [00:11, 8600.37it/s]
83482it [00:11, 8657.97it/s]
84357it [00:11, 8660.81it/s]
85230it [00:12, 8568.39it/s]
86092it [00:12, 8399.49it/s]
86976it [00:12, 8361.34it/s]
87815it [00:12, 8067.44it/s]
88690it [00:12, 8261.39it/s]
89570it [00:12, 8416.72it/s]
90415it [00:12, 5411.81it/s]
91264it [00:12, 6005.55it/s]
92160it [00:13, 6622.54it/s]
92922it [00:13, 6863.05it/s]
93760it [00:13, 7245.48it/s]
94656it [00:13, 7657.81it/s]
95616it [00:13, 8081.65it/s]
96512it [00:13, 8291.25it/s]
97408it [00:13, 8439.26it/s]
98304it [00:13, 8585.38it/s]
99176it [00:13, 8621.22it/s]
100000it [00:13, 7150.37it/s]
Upload time: 14.3670968930237
Total import time: 43.98878853302449
Experiment stage: Search

0it [00:00, ?it/s]
4it [00:00,  5.19it/s]
14it [00:00, 18.29it/s]
40it [00:01, 59.07it/s]
94it [00:01, 152.42it/s]
164it [00:01, 269.22it/s]
224it [00:01, 346.59it/s]
284it [00:01, 409.97it/s]
349it [00:01, 472.08it/s]
431it [00:01, 566.06it/s]
511it [00:01, 631.21it/s]
580it [00:01, 631.20it/s]
660it [00:01, 674.30it/s]
731it [00:02, 677.93it/s]
801it [00:02, 578.54it/s]
863it [00:02, 574.30it/s]
928it [00:02, 593.02it/s]
991it [00:02, 596.80it/s]
1053it [00:02, 572.01it/s]
1130it [00:02, 621.23it/s]
1203it [00:02, 651.20it/s]
1270it [00:02, 627.41it/s]
1334it [00:03, 570.82it/s]
1421it [00:03, 647.95it/s]
1488it [00:03, 606.62it/s]
1551it [00:03, 607.10it/s]
1618it [00:03, 622.55it/s]
1682it [00:03, 562.84it/s]
1740it [00:03, 555.38it/s]
1807it [00:03, 585.13it/s]
1885it [00:03, 638.57it/s]
1950it [00:04, 627.36it/s]
2022it [00:04, 653.46it/s]
2089it [00:04, 640.92it/s]
2154it [00:04, 595.44it/s]
2215it [00:04, 556.55it/s]
2279it [00:04, 555.81it/s]
2350it [00:04, 583.50it/s]
2409it [00:04, 553.81it/s]
2478it [00:05, 589.52it/s]
2542it [00:05, 603.12it/s]
2607it [00:05, 615.60it/s]
2687it [00:05, 666.75it/s]
2777it [00:05, 734.40it/s]
2852it [00:05, 705.13it/s]
2924it [00:05, 691.16it/s]
2994it [00:05, 678.29it/s]
3063it [00:05, 664.80it/s]
3130it [00:05, 654.02it/s]
3196it [00:06, 597.30it/s]
3270it [00:06, 633.68it/s]
3336it [00:06, 639.97it/s]
3410it [00:06, 663.22it/s]
3477it [00:06, 654.34it/s]
3543it [00:06, 640.49it/s]
3608it [00:06, 626.60it/s]
3681it [00:06, 655.94it/s]
3747it [00:06, 652.18it/s]
3822it [00:07, 680.08it/s]
3900it [00:07, 707.30it/s]
4002it [00:07, 798.39it/s]
4102it [00:07, 857.32it/s]
4195it [00:07, 876.89it/s]
4283it [00:07, 809.37it/s]
4366it [00:07, 729.25it/s]
4442it [00:07, 723.33it/s]
4516it [00:07, 696.32it/s]
4589it [00:08, 703.74it/s]
4661it [00:08, 698.71it/s]
4732it [00:08, 699.88it/s]
4803it [00:08, 610.15it/s]
4867it [00:08, 609.13it/s]
4930it [00:08, 609.81it/s]
4993it [00:08, 566.64it/s]
5054it [00:08, 576.63it/s]
5116it [00:08, 587.11it/s]
5187it [00:09, 620.32it/s]
5254it [00:09, 633.05it/s]
5318it [00:09, 577.87it/s]
5383it [00:09, 597.28it/s]
5453it [00:09, 613.06it/s]
5526it [00:09, 645.59it/s]
5592it [00:09, 625.44it/s]
5656it [00:09, 587.53it/s]
5716it [00:09, 588.33it/s]
5776it [00:10, 580.55it/s]
5846it [00:10, 612.97it/s]
5911it [00:10, 619.69it/s]
5979it [00:10, 624.78it/s]
6050it [00:10, 644.75it/s]
6117it [00:10, 649.90it/s]
6187it [00:10, 663.74it/s]
6255it [00:10, 667.08it/s]
6322it [00:10, 654.30it/s]
6397it [00:10, 670.24it/s]
6477it [00:11, 707.80it/s]
6548it [00:11, 678.62it/s]
6629it [00:11, 714.96it/s]
6702it [00:11, 714.63it/s]
6774it [00:11, 676.54it/s]
6843it [00:11, 668.87it/s]
6911it [00:11, 650.84it/s]
6977it [00:11, 643.86it/s]
7044it [00:11, 647.17it/s]
7112it [00:12, 655.88it/s]
7178it [00:12, 639.64it/s]
7251it [00:12, 665.21it/s]
7326it [00:12, 688.74it/s]
7396it [00:12, 595.29it/s]
7474it [00:12, 639.41it/s]
7541it [00:12, 610.61it/s]
7611it [00:12, 629.02it/s]
7693it [00:12, 680.00it/s]
7763it [00:13, 644.69it/s]
7835it [00:13, 663.99it/s]
7903it [00:13, 663.43it/s]
7971it [00:13, 622.26it/s]
8035it [00:13, 576.42it/s]
8094it [00:13, 559.38it/s]
8156it [00:13, 567.69it/s]
8232it [00:13, 618.84it/s]
8311it [00:13, 665.16it/s]
8383it [00:14, 678.83it/s]
8465it [00:14, 717.63it/s]
8538it [00:14, 623.68it/s]
8605it [00:14, 634.37it/s]
8680it [00:14, 632.54it/s]
8750it [00:14, 646.26it/s]
8834it [00:14, 699.80it/s]
8906it [00:14, 694.54it/s]
8986it [00:14, 723.87it/s]
9060it [00:15, 710.05it/s]
9132it [00:15, 700.01it/s]
9203it [00:15, 701.59it/s]
9277it [00:15, 709.93it/s]
9355it [00:15, 729.91it/s]
9433it [00:15, 742.82it/s]
9508it [00:15, 717.96it/s]
9581it [00:15, 656.95it/s]
9648it [00:15, 632.56it/s]
9724it [00:15, 664.03it/s]
9809it [00:16, 714.43it/s]
9882it [00:16, 689.84it/s]
9952it [00:16, 664.97it/s]
10000it [00:16, 610.38it/s]
Experiment stage: Done
Results saved to:  /home/dzh/project/vdtuner/vector-db-benchmark-master/results
>>> [Step 5] 收尾工作...
    监控日志已保存。
📊 测试结果摘要:
0.99976
604.9943063077592
0.006969474116340279
line1:  0.006969474116340279
line1:  604.9943063077592
line1:  0.99976
numeric_values:  [0.006969474116340279, 604.9943063077592, 0.99976]
[81] 7169 0.99976 0.006969474116340279 93
/bin/sh: 1: Syntax error: "(" unexpected
/data/dzh/venv/lib/python3.10/site-packages/botorch/acquisition/multi_objective/monte_carlo.py:110: NumericsWarning: qExpectedHypervolumeImprovement has known numerical issues that lead to suboptimal optimization performance. It is strongly recommended to simply replace

	 qExpectedHypervolumeImprovement 	 --> 	 qLogExpectedHypervolumeImprovement 

instead, which fixes the issues and has the same API. See https://arxiv.org/abs/2310.20708 for details.
  legacy_ei_numerics_warning(legacy_name=type(self).__name__)
--- DEBUG: Starting command:---
=======================================
🛠️  开始测试流程
Engine: milvus-p10 | Dataset: random-range-2048-angular-no-filters
=======================================
>>> [Step 1] 启动后台监控...
    监控进程 PID: 748957
>>> [Step 2] 重置 Milvus...
 Container milvus-standalone  Stopping
 Container milvus-standalone  Stopped
 Container milvus-standalone  Removing
 Container milvus-standalone  Removed
 Container milvus-etcd  Stopping
 Container milvus-minio  Stopping
 Container milvus-etcd  Stopped
 Container milvus-etcd  Removing
 Container milvus-etcd  Removed
 Container milvus-minio  Stopped
 Container milvus-minio  Removing
 Container milvus-minio  Removed
 Network milvus  Removing
 Network milvus  Removed
    🧹 清理宿主机数据目录: /home/dzh/project/vdtuner/vector-db-benchmark-master/engine/servers/milvus-single-node/volumes
 Network milvus  Creating
 Network milvus  Created
 Container milvus-minio  Creating
 Container milvus-etcd  Creating
 Container milvus-etcd  Created
 Container milvus-minio  Created
 Container milvus-standalone  Creating
 Container milvus-standalone  Created
 Container milvus-minio  Starting
 Container milvus-etcd  Starting
 Container milvus-etcd  Started
 Container milvus-minio  Started
 Container milvus-standalone  Starting
 Container milvus-standalone  Started
>>> [Step 3] 等待服务启动 (90s)...
    等待中... (10s/120s)
    ✅ Milvus 服务已就绪
>>> [Step 4] 运行 Benchmark...
Running experiment: milvus-p10 - random-range-2048-angular-no-filters
established connection
/home/dzh/project/vdtuner/vector-db-benchmark-master/datasets/random-range-2048-angular/random_float_100k_no_filters already exists
Experiment stage: Configure
Experiment stage: Upload

0it [00:00, ?it/s]
1it [00:01,  1.31s/it]
640it [00:01, 627.29it/s]
1005it [00:01, 952.22it/s]
1323it [00:01, 1234.40it/s]
1619it [00:01, 1419.87it/s]
2112it [00:01, 1941.26it/s]
2413it [00:02, 1861.65it/s]
2816it [00:02, 2250.97it/s]
3748it [00:02, 3775.08it/s]
4750it [00:02, 5245.47it/s]
5824it [00:02, 6595.20it/s]
6848it [00:02, 7468.97it/s]
7872it [00:02, 8211.44it/s]
8896it [00:02, 8694.95it/s]
9920it [00:02, 9067.41it/s]
10880it [00:03, 9139.07it/s]
11828it [00:03, 9237.33it/s]
12800it [00:03, 9238.07it/s]
13760it [00:03, 9333.96it/s]
14720it [00:03, 9329.67it/s]
15744it [00:03, 9512.89it/s]
16768it [00:03, 9641.11it/s]
17736it [00:03, 6313.93it/s]
18664it [00:04, 6952.37it/s]
19648it [00:04, 7568.13it/s]
20638it [00:04, 8150.93it/s]
21539it [00:04, 8362.31it/s]
22464it [00:04, 8599.83it/s]
23371it [00:04, 8675.85it/s]
24272it [00:04, 8648.60it/s]
25216it [00:04, 8756.07it/s]
26176it [00:04, 8968.37it/s]
27180it [00:04, 9279.35it/s]
28118it [00:05, 9264.68it/s]
29056it [00:05, 9194.27it/s]
29981it [00:05, 9205.69it/s]
30912it [00:05, 9206.81it/s]
31872it [00:05, 9308.99it/s]
32805it [00:05, 5686.40it/s]
33792it [00:05, 6498.04it/s]
34752it [00:05, 7183.64it/s]
35712it [00:06, 7753.19it/s]
36672it [00:06, 8118.92it/s]
37642it [00:06, 8539.58it/s]
38556it [00:06, 8680.44it/s]
39488it [00:06, 8850.46it/s]
40404it [00:06, 8835.56it/s]
41344it [00:06, 8900.03it/s]
42304it [00:06, 9008.99it/s]
43264it [00:06, 9070.25it/s]
44216it [00:07, 9200.65it/s]
45142it [00:07, 9152.34it/s]
46080it [00:07, 9215.37it/s]
47005it [00:07, 6625.74it/s]
47934it [00:07, 7245.08it/s]
48832it [00:07, 7602.61it/s]
49792it [00:07, 8037.93it/s]
50688it [00:07, 8192.91it/s]
51547it [00:07, 8287.40it/s]
52480it [00:08, 8534.37it/s]
53407it [00:08, 8744.63it/s]
54298it [00:08, 8719.59it/s]
55232it [00:08, 8828.09it/s]
56123it [00:08, 8739.60it/s]
57003it [00:08, 8582.43it/s]
57920it [00:08, 8672.73it/s]
58880it [00:08, 8875.30it/s]
59828it [00:08, 9051.58it/s]
60736it [00:08, 9039.34it/s]
61696it [00:09, 9089.60it/s]
62606it [00:09, 6795.98it/s]
63488it [00:09, 7224.39it/s]
64384it [00:09, 7582.08it/s]
65280it [00:09, 7907.36it/s]
66235it [00:09, 8353.37it/s]
67104it [00:09, 8424.49it/s]
67971it [00:09, 8374.56it/s]
68920it [00:10, 8693.80it/s]
69803it [00:10, 8681.40it/s]
70720it [00:10, 8703.27it/s]
71616it [00:10, 8775.50it/s]
72512it [00:10, 8826.53it/s]
73413it [00:10, 8878.62it/s]
74368it [00:10, 8944.77it/s]
75328it [00:10, 9071.40it/s]
76261it [00:10, 9147.44it/s]
77184it [00:10, 9104.38it/s]
78096it [00:11, 6267.26it/s]
78976it [00:11, 6806.42it/s]
79872it [00:11, 7290.85it/s]
80832it [00:11, 7811.63it/s]
81677it [00:11, 7966.62it/s]
82560it [00:11, 8166.81it/s]
83457it [00:11, 8391.85it/s]
84416it [00:11, 8583.93it/s]
85293it [00:12, 8466.35it/s]
86153it [00:12, 8424.41it/s]
87087it [00:12, 8688.46it/s]
88000it [00:12, 8815.34it/s]
88896it [00:12, 8856.12it/s]
89850it [00:12, 9058.29it/s]
90759it [00:12, 8847.66it/s]
91648it [00:12, 8824.73it/s]
92553it [00:12, 8890.76it/s]
93444it [00:13, 6831.64it/s]
94400it [00:13, 7397.18it/s]
95296it [00:13, 7728.08it/s]
96192it [00:13, 8006.96it/s]
97029it [00:13, 8039.80it/s]
97859it [00:13, 8010.51it/s]
98816it [00:13, 8292.93it/s]
99715it [00:13, 8490.64it/s]
100000it [00:13, 7252.35it/s]
Upload time: 14.215760921128094
Total import time: 44.040639765094966
Experiment stage: Search

0it [00:00, ?it/s]
4it [00:00,  5.21it/s]
14it [00:00, 18.95it/s]
37it [00:01, 55.77it/s]
115it [00:01, 200.27it/s]
200it [00:01, 343.99it/s]
275it [00:01, 439.67it/s]
345it [00:01, 505.86it/s]
428it [00:01, 592.16it/s]
508it [00:01, 647.52it/s]
588it [00:01, 689.17it/s]
663it [00:01, 693.69it/s]
737it [00:01, 706.42it/s]
811it [00:02, 711.82it/s]
891it [00:02, 736.11it/s]
978it [00:02, 775.02it/s]
1076it [00:02, 834.75it/s]
1168it [00:02, 858.46it/s]
1265it [00:02, 890.33it/s]
1355it [00:02, 855.12it/s]
1442it [00:02, 852.64it/s]
1528it [00:02, 814.19it/s]
1613it [00:02, 807.37it/s]
1706it [00:03, 841.20it/s]
1791it [00:03, 812.06it/s]
1873it [00:03, 804.88it/s]
1970it [00:03, 851.32it/s]
2056it [00:03, 845.74it/s]
2141it [00:03, 835.07it/s]
2225it [00:03, 816.69it/s]
2312it [00:03, 831.22it/s]
2403it [00:03, 853.06it/s]
2489it [00:04, 837.08it/s]
2579it [00:04, 855.07it/s]
2670it [00:04, 871.10it/s]
2761it [00:04, 881.62it/s]
2850it [00:04, 860.33it/s]
2937it [00:04, 814.51it/s]
3020it [00:04, 816.65it/s]
3108it [00:04, 833.23it/s]
3193it [00:04, 835.30it/s]
3277it [00:04, 820.88it/s]
3364it [00:05, 834.76it/s]
3451it [00:05, 844.92it/s]
3536it [00:05, 831.83it/s]
3620it [00:05, 833.12it/s]
3717it [00:05, 872.77it/s]
3810it [00:05, 888.11it/s]
3899it [00:05, 850.09it/s]
3985it [00:05, 811.52it/s]
4067it [00:05, 779.53it/s]
4147it [00:06, 783.76it/s]
4231it [00:06, 797.41it/s]
4314it [00:06, 805.62it/s]
4395it [00:06, 798.50it/s]
4479it [00:06, 810.54it/s]
4561it [00:06, 810.39it/s]
4643it [00:06, 735.18it/s]
4718it [00:06, 692.78it/s]
4795it [00:06, 712.29it/s]
4868it [00:06, 705.38it/s]
4946it [00:07, 724.21it/s]
5040it [00:07, 784.46it/s]
5130it [00:07, 814.22it/s]
5212it [00:07, 811.27it/s]
5300it [00:07, 828.09it/s]
5384it [00:07, 797.42it/s]
5472it [00:07, 819.43it/s]
5566it [00:07, 853.51it/s]
5658it [00:07, 871.93it/s]
5746it [00:08, 854.73it/s]
5838it [00:08, 872.59it/s]
5926it [00:08, 828.90it/s]
6010it [00:08, 808.43it/s]
6092it [00:08, 767.96it/s]
6170it [00:08, 736.45it/s]
6250it [00:08, 749.95it/s]
6337it [00:08, 781.07it/s]
6416it [00:08, 775.20it/s]
6500it [00:08, 792.53it/s]
6580it [00:09, 763.10it/s]
6666it [00:09, 787.54it/s]
6746it [00:09, 775.03it/s]
6828it [00:09, 777.06it/s]
6906it [00:09, 772.45it/s]
6991it [00:09, 794.49it/s]
7071it [00:09, 746.17it/s]
7152it [00:09, 764.13it/s]
7242it [00:09, 800.85it/s]
7328it [00:10, 815.64it/s]
7419it [00:10, 842.50it/s]
7507it [00:10, 851.60it/s]
7593it [00:10, 805.01it/s]
7680it [00:10, 823.46it/s]
7775it [00:10, 859.25it/s]
7875it [00:10, 899.53it/s]
7966it [00:10, 860.65it/s]
8056it [00:10, 870.72it/s]
8147it [00:10, 880.33it/s]
8236it [00:11, 873.79it/s]
8324it [00:11, 774.61it/s]
8404it [00:11, 777.23it/s]
8484it [00:11, 776.09it/s]
8570it [00:11, 799.67it/s]
8668it [00:11, 850.67it/s]
8765it [00:11, 884.79it/s]
8865it [00:11, 918.10it/s]
8962it [00:11, 931.58it/s]
9056it [00:12, 891.44it/s]
9146it [00:12, 880.78it/s]
9235it [00:12, 880.78it/s]
9324it [00:12, 862.06it/s]
9411it [00:12, 841.69it/s]
9496it [00:12, 838.60it/s]
9588it [00:12, 860.27it/s]
9684it [00:12, 885.06it/s]
9773it [00:12, 871.79it/s]
9861it [00:13, 812.75it/s]
9944it [00:13, 776.10it/s]
10000it [00:13, 753.31it/s]
Experiment stage: Done
Results saved to:  /home/dzh/project/vdtuner/vector-db-benchmark-master/results
>>> [Step 5] 收尾工作...
    监控日志已保存。
📊 测试结果摘要:
0.9994700000000001
745.9798067029606
0.005970291141420603
line1:  0.005970291141420603
line1:  745.9798067029606
line1:  0.9994700000000001
numeric_values:  [0.005970291141420603, 745.9798067029606, 0.9994700000000001]
[82] 7259 0.9994700000000001 0.005970291141420603 90
/bin/sh: 1: Syntax error: "(" unexpected
/data/dzh/venv/lib/python3.10/site-packages/botorch/acquisition/multi_objective/monte_carlo.py:110: NumericsWarning: qExpectedHypervolumeImprovement has known numerical issues that lead to suboptimal optimization performance. It is strongly recommended to simply replace

	 qExpectedHypervolumeImprovement 	 --> 	 qLogExpectedHypervolumeImprovement 

instead, which fixes the issues and has the same API. See https://arxiv.org/abs/2310.20708 for details.
  legacy_ei_numerics_warning(legacy_name=type(self).__name__)
--- DEBUG: Starting command:---
=======================================
🛠️  开始测试流程
Engine: milvus-p10 | Dataset: random-range-2048-angular-no-filters
=======================================
>>> [Step 1] 启动后台监控...
    监控进程 PID: 765319
>>> [Step 2] 重置 Milvus...
 Container milvus-standalone  Stopping
 Container milvus-standalone  Stopped
 Container milvus-standalone  Removing
 Container milvus-standalone  Removed
 Container milvus-minio  Stopping
 Container milvus-etcd  Stopping
 Container milvus-etcd  Stopped
 Container milvus-etcd  Removing
 Container milvus-etcd  Removed
 Container milvus-minio  Stopped
 Container milvus-minio  Removing
 Container milvus-minio  Removed
 Network milvus  Removing
 Network milvus  Removed
    🧹 清理宿主机数据目录: /home/dzh/project/vdtuner/vector-db-benchmark-master/engine/servers/milvus-single-node/volumes
 Network milvus  Creating
 Network milvus  Created
 Container milvus-etcd  Creating
 Container milvus-minio  Creating
 Container milvus-minio  Created
 Container milvus-etcd  Created
 Container milvus-standalone  Creating
 Container milvus-standalone  Created
 Container milvus-etcd  Starting
 Container milvus-minio  Starting
 Container milvus-minio  Started
 Container milvus-etcd  Started
 Container milvus-standalone  Starting
 Container milvus-standalone  Started
>>> [Step 3] 等待服务启动 (90s)...
    等待中... (10s/120s)
    ✅ Milvus 服务已就绪
>>> [Step 4] 运行 Benchmark...
Running experiment: milvus-p10 - random-range-2048-angular-no-filters
established connection
/home/dzh/project/vdtuner/vector-db-benchmark-master/datasets/random-range-2048-angular/random_float_100k_no_filters already exists
Experiment stage: Configure
Experiment stage: Upload

0it [00:00, ?it/s]
1it [00:01,  1.10s/it]
768it [00:01, 881.71it/s]
1203it [00:01, 1257.63it/s]
1561it [00:01, 1560.95it/s]
1891it [00:01, 1600.84it/s]
2370it [00:01, 2167.97it/s]
2880it [00:01, 2650.58it/s]
3249it [00:02, 2860.92it/s]
4101it [00:02, 4196.20it/s]
4954it [00:02, 5288.29it/s]
5824it [00:02, 6159.39it/s]
6765it [00:02, 7047.94it/s]
7744it [00:02, 7716.65it/s]
8704it [00:02, 8131.15it/s]
9724it [00:02, 8721.03it/s]
10657it [00:02, 8897.15it/s]
11648it [00:02, 9075.29it/s]
12672it [00:03, 9289.48it/s]
13669it [00:03, 9487.36it/s]
14625it [00:03, 9302.22it/s]
15588it [00:03, 9397.22it/s]
16532it [00:03, 9350.38it/s]
17470it [00:03, 8415.25it/s]
18432it [00:03, 8712.61it/s]
19392it [00:03, 8875.20it/s]
20352it [00:03, 9068.67it/s]
21376it [00:03, 9308.07it/s]
22336it [00:04, 9363.79it/s]
23296it [00:04, 9362.27it/s]
24320it [00:04, 9513.02it/s]
25280it [00:04, 9449.94it/s]
26240it [00:04, 9361.80it/s]
27184it [00:04, 9383.71it/s]
28124it [00:04, 9075.51it/s]
29034it [00:04, 9066.06it/s]
29952it [00:04, 9006.93it/s]
30912it [00:05, 9105.39it/s]
31824it [00:05, 9101.15it/s]
32735it [00:05, 5902.57it/s]
33664it [00:05, 6620.13it/s]
34624it [00:05, 7293.89it/s]
35552it [00:05, 7790.36it/s]
36480it [00:05, 8107.20it/s]
37440it [00:05, 8413.45it/s]
38328it [00:06, 8528.53it/s]
39232it [00:06, 8582.43it/s]
40192it [00:06, 8827.51it/s]
41093it [00:06, 8861.04it/s]
41992it [00:06, 8803.01it/s]
42881it [00:06, 8121.08it/s]
43709it [00:06, 8075.79it/s]
44544it [00:06, 8110.43it/s]
45440it [00:06, 8344.03it/s]
46400it [00:06, 8681.76it/s]
47296it [00:07, 8683.90it/s]
48169it [00:07, 5340.93it/s]
49085it [00:07, 6120.41it/s]
49920it [00:07, 6620.20it/s]
50858it [00:07, 7292.70it/s]
51712it [00:07, 7595.13it/s]
52608it [00:07, 7867.70it/s]
53449it [00:07, 7953.10it/s]
54336it [00:08, 8124.38it/s]
55177it [00:08, 8068.39it/s]
56004it [00:08, 8086.89it/s]
56832it [00:08, 8019.32it/s]
57678it [00:08, 8146.03it/s]
58560it [00:08, 8258.51it/s]
59456it [00:08, 8381.41it/s]
60352it [00:08, 8491.10it/s]
61204it [00:08, 8403.31it/s]
62047it [00:09, 8294.45it/s]
62912it [00:09, 8320.47it/s]
63746it [00:09, 6469.99it/s]
64640it [00:09, 6988.26it/s]
65536it [00:09, 7429.85it/s]
66432it [00:09, 7814.97it/s]
67341it [00:09, 8165.48it/s]
68224it [00:09, 8314.36it/s]
69076it [00:09, 8346.97it/s]
69952it [00:10, 8392.00it/s]
70848it [00:10, 8448.72it/s]
71744it [00:10, 8487.98it/s]
72609it [00:10, 8534.08it/s]
73473it [00:10, 8564.39it/s]
74368it [00:10, 8628.05it/s]
75264it [00:10, 8653.42it/s]
76131it [00:10, 8503.02it/s]
76983it [00:10, 8444.93it/s]
77829it [00:10, 8419.60it/s]
78672it [00:11, 5871.38it/s]
79581it [00:11, 6601.29it/s]
80448it [00:11, 7071.91it/s]
81356it [00:11, 7589.91it/s]
82240it [00:11, 7838.49it/s]
83072it [00:11, 7947.90it/s]
83968it [00:11, 8172.70it/s]
84810it [00:11, 8204.74it/s]
85648it [00:12, 8185.49it/s]
86479it [00:12, 8068.15it/s]
87360it [00:12, 8263.49it/s]
88193it [00:12, 8249.17it/s]
89088it [00:12, 8338.92it/s]
89925it [00:12, 8100.50it/s]
90752it [00:12, 8081.00it/s]
91653it [00:12, 8350.18it/s]
92544it [00:12, 8380.76it/s]
93440it [00:12, 8451.77it/s]
94287it [00:13, 5241.47it/s]
95168it [00:13, 5947.93it/s]
96064it [00:13, 6602.79it/s]
96896it [00:13, 6956.94it/s]
97728it [00:13, 7249.45it/s]
98633it [00:13, 7728.63it/s]
99458it [00:13, 7821.54it/s]
100000it [00:13, 7171.39it/s]
Upload time: 14.357344830874354
Total import time: 43.97614626213908
Experiment stage: Search

0it [00:00, ?it/s]
4it [00:00,  5.08it/s]
14it [00:00, 18.81it/s]
44it [00:01, 67.58it/s]
82it [00:01, 129.32it/s]
153it [00:01, 256.75it/s]
244it [00:01, 412.77it/s]
330it [00:01, 526.01it/s]
398it [00:01, 564.61it/s]
471it [00:01, 609.19it/s]
540it [00:01, 625.12it/s]
625it [00:01, 688.34it/s]
704it [00:01, 717.61it/s]
788it [00:02, 752.30it/s]
866it [00:02, 759.76it/s]
945it [00:02, 766.49it/s]
1023it [00:02, 749.91it/s]
1103it [00:02, 749.76it/s]
1179it [00:02, 744.49it/s]
1274it [00:02, 803.68it/s]
1362it [00:02, 792.73it/s]
1442it [00:02, 783.81it/s]
1525it [00:02, 794.97it/s]
1605it [00:03, 744.78it/s]
1681it [00:03, 746.00it/s]
1767it [00:03, 777.74it/s]
1846it [00:03, 744.28it/s]
1922it [00:03, 742.91it/s]
2001it [00:03, 754.56it/s]
2085it [00:03, 778.51it/s]
2171it [00:03, 801.90it/s]
2252it [00:03, 782.39it/s]
2331it [00:04, 729.81it/s]
2413it [00:04, 753.06it/s]
2501it [00:04, 787.70it/s]
2581it [00:04, 770.45it/s]
2660it [00:04, 769.58it/s]
2743it [00:04, 784.04it/s]
2841it [00:04, 840.82it/s]
2939it [00:04, 880.77it/s]
3032it [00:04, 894.87it/s]
3123it [00:04, 897.66it/s]
3213it [00:05, 880.86it/s]
3302it [00:05, 865.80it/s]
3392it [00:05, 874.90it/s]
3485it [00:05, 888.77it/s]
3588it [00:05, 929.80it/s]
3685it [00:05, 941.01it/s]
3785it [00:05, 958.06it/s]
3881it [00:05, 950.95it/s]
3983it [00:05, 969.75it/s]
4081it [00:06, 877.51it/s]
4171it [00:06, 848.89it/s]
4258it [00:06, 831.99it/s]
4343it [00:06, 792.62it/s]
4432it [00:06, 817.36it/s]
4515it [00:06, 762.39it/s]
4615it [00:06, 824.63it/s]
4718it [00:06, 880.86it/s]
4808it [00:06, 854.74it/s]
4895it [00:07, 801.14it/s]
4982it [00:07, 816.02it/s]
5065it [00:07, 696.44it/s]
5139it [00:07, 667.95it/s]
5209it [00:07, 647.89it/s]
5276it [00:07, 637.21it/s]
5352it [00:07, 669.63it/s]
5433it [00:07, 708.06it/s]
5525it [00:07, 765.19it/s]
5603it [00:08, 765.44it/s]
5682it [00:08, 772.24it/s]
5760it [00:08, 771.52it/s]
5838it [00:08, 761.92it/s]
5919it [00:08, 774.88it/s]
5997it [00:08, 683.47it/s]
6080it [00:08, 722.46it/s]
6163it [00:08, 745.69it/s]
6246it [00:08, 768.93it/s]
6325it [00:09, 757.38it/s]
6402it [00:09, 701.48it/s]
6476it [00:09, 710.56it/s]
6552it [00:09, 722.90it/s]
6641it [00:09, 768.86it/s]
6719it [00:09, 736.14it/s]
6818it [00:09, 806.70it/s]
6915it [00:09, 851.53it/s]
7001it [00:09, 802.47it/s]
7083it [00:10, 767.49it/s]
7166it [00:10, 781.20it/s]
7245it [00:10, 705.15it/s]
7318it [00:10, 649.37it/s]
7386it [00:10, 656.43it/s]
7453it [00:10, 653.49it/s]
7528it [00:10, 678.15it/s]
7609it [00:10, 712.79it/s]
7682it [00:10, 713.65it/s]
7765it [00:11, 739.62it/s]
7841it [00:11, 744.37it/s]
7916it [00:11, 726.23it/s]
8000it [00:11, 758.85it/s]
8081it [00:11, 773.60it/s]
8168it [00:11, 800.87it/s]
8261it [00:11, 838.45it/s]
8346it [00:11, 771.60it/s]
8425it [00:11, 731.92it/s]
8503it [00:11, 740.17it/s]
8578it [00:12, 715.15it/s]
8665it [00:12, 756.54it/s]
8759it [00:12, 806.87it/s]
8855it [00:12, 849.93it/s]
8941it [00:12, 795.53it/s]
9022it [00:12, 781.39it/s]
9101it [00:12, 748.14it/s]
9183it [00:12, 767.82it/s]
9261it [00:12, 752.58it/s]
9337it [00:13, 715.15it/s]
9410it [00:13, 706.37it/s]
9481it [00:13, 700.44it/s]
9576it [00:13, 770.71it/s]
9674it [00:13, 829.11it/s]
9772it [00:13, 871.51it/s]
9872it [00:13, 908.24it/s]
9964it [00:13, 864.98it/s]
10000it [00:13, 722.96it/s]
Experiment stage: Done
Results saved to:  /home/dzh/project/vdtuner/vector-db-benchmark-master/results
>>> [Step 5] 收尾工作...
    监控日志已保存。
📊 测试结果摘要:
0.99961
716.6555777674171
0.006232377071864902
line1:  0.006232377071864902
line1:  716.6555777674171
line1:  0.99961
numeric_values:  [0.006232377071864902, 716.6555777674171, 0.99961]
[83] 7351 0.99961 0.006232377071864902 91
/bin/sh: 1: Syntax error: "(" unexpected
/data/dzh/venv/lib/python3.10/site-packages/botorch/acquisition/multi_objective/monte_carlo.py:110: NumericsWarning: qExpectedHypervolumeImprovement has known numerical issues that lead to suboptimal optimization performance. It is strongly recommended to simply replace

	 qExpectedHypervolumeImprovement 	 --> 	 qLogExpectedHypervolumeImprovement 

instead, which fixes the issues and has the same API. See https://arxiv.org/abs/2310.20708 for details.
  legacy_ei_numerics_warning(legacy_name=type(self).__name__)
--- DEBUG: Starting command:---
=======================================
🛠️  开始测试流程
Engine: milvus-p10 | Dataset: random-range-2048-angular-no-filters
=======================================
>>> [Step 1] 启动后台监控...
    监控进程 PID: 783766
>>> [Step 2] 重置 Milvus...
 Container milvus-standalone  Stopping
 Container milvus-standalone  Stopped
 Container milvus-standalone  Removing
 Container milvus-standalone  Removed
 Container milvus-etcd  Stopping
 Container milvus-minio  Stopping
 Container milvus-etcd  Stopped
 Container milvus-etcd  Removing
 Container milvus-etcd  Removed
 Container milvus-minio  Stopped
 Container milvus-minio  Removing
 Container milvus-minio  Removed
 Network milvus  Removing
 Network milvus  Removed
    🧹 清理宿主机数据目录: /home/dzh/project/vdtuner/vector-db-benchmark-master/engine/servers/milvus-single-node/volumes
 Network milvus  Creating
 Network milvus  Created
 Container milvus-minio  Creating
 Container milvus-etcd  Creating
 Container milvus-minio  Created
 Container milvus-etcd  Created
 Container milvus-standalone  Creating
 Container milvus-standalone  Created
 Container milvus-minio  Starting
 Container milvus-etcd  Starting
 Container milvus-minio  Started
 Container milvus-etcd  Started
 Container milvus-standalone  Starting
 Container milvus-standalone  Started
>>> [Step 3] 等待服务启动 (90s)...
    等待中... (10s/120s)
    ✅ Milvus 服务已就绪
>>> [Step 4] 运行 Benchmark...
Running experiment: milvus-p10 - random-range-2048-angular-no-filters
established connection
/home/dzh/project/vdtuner/vector-db-benchmark-master/datasets/random-range-2048-angular/random_float_100k_no_filters already exists
Experiment stage: Configure
Experiment stage: Upload

0it [00:00, ?it/s]
1it [00:00,  1.39it/s]
64it [00:01, 78.03it/s]
640it [00:01, 922.48it/s]
907it [00:01, 1227.53it/s]
1173it [00:01, 1468.60it/s]
1536it [00:01, 1892.86it/s]
1815it [00:01, 1747.41it/s]
2304it [00:01, 2418.08it/s]
2640it [00:01, 2636.60it/s]
3136it [00:01, 3184.38it/s]
3681it [00:02, 3777.77it/s]
4608it [00:02, 5234.91it/s]
5696it [00:02, 6749.40it/s]
6592it [00:02, 7366.94it/s]
7680it [00:02, 8256.18it/s]
8640it [00:02, 8630.05it/s]
9577it [00:02, 8840.03it/s]
10496it [00:02, 8791.29it/s]
11456it [00:02, 9023.64it/s]
12416it [00:02, 9083.56it/s]
13330it [00:03, 8960.39it/s]
14230it [00:03, 8942.21it/s]
15159it [00:03, 9043.79it/s]
16066it [00:03, 8818.27it/s]
16951it [00:03, 7885.51it/s]
17856it [00:03, 8135.42it/s]
18752it [00:03, 8331.33it/s]
19648it [00:03, 8497.31it/s]
20544it [00:03, 8599.42it/s]
21504it [00:04, 8866.47it/s]
22400it [00:04, 8846.80it/s]
23388it [00:04, 9150.09it/s]
24320it [00:04, 9173.32it/s]
25255it [00:04, 9225.19it/s]
26200it [00:04, 9290.99it/s]
27131it [00:04, 9266.11it/s]
28059it [00:04, 9176.37it/s]
28992it [00:04, 9172.92it/s]
29910it [00:04, 8991.93it/s]
30811it [00:05, 8879.88it/s]
31700it [00:05, 8876.76it/s]
32589it [00:05, 6451.77it/s]
33472it [00:05, 6999.86it/s]
34368it [00:05, 7465.98it/s]
35264it [00:05, 7816.07it/s]
36096it [00:05, 7929.45it/s]
37025it [00:05, 8292.47it/s]
37882it [00:05, 8323.65it/s]
38784it [00:06, 8385.18it/s]
39637it [00:06, 8387.60it/s]
40486it [00:06, 8283.16it/s]
41377it [00:06, 8455.41it/s]
42304it [00:06, 8670.45it/s]
43264it [00:06, 8846.05it/s]
44160it [00:06, 8817.19it/s]
45044it [00:06, 8746.32it/s]
45952it [00:06, 8793.87it/s]
46833it [00:07, 6911.86it/s]
47680it [00:07, 7288.81it/s]
48576it [00:07, 7619.18it/s]
49511it [00:07, 8084.80it/s]
50368it [00:07, 8116.21it/s]
51301it [00:07, 8457.60it/s]
52203it [00:07, 8618.55it/s]
53079it [00:07, 8646.70it/s]
53954it [00:07, 8571.95it/s]
54818it [00:08, 8556.14it/s]
55680it [00:08, 8520.88it/s]
56576it [00:08, 8546.04it/s]
57536it [00:08, 8733.50it/s]
58496it [00:08, 8921.89it/s]
59456it [00:08, 8989.97it/s]
60416it [00:08, 9060.02it/s]
61376it [00:08, 9107.46it/s]
62288it [00:08, 7572.83it/s]
63196it [00:09, 7960.17it/s]
64115it [00:09, 8290.39it/s]
65024it [00:09, 8357.52it/s]
65920it [00:09, 8446.80it/s]
66816it [00:09, 8487.65it/s]
67711it [00:09, 8619.30it/s]
68608it [00:09, 8617.18it/s]
69476it [00:09, 8623.23it/s]
70343it [00:09, 8524.79it/s]
71232it [00:09, 8566.14it/s]
72091it [00:10, 8572.89it/s]
72960it [00:10, 8513.85it/s]
73813it [00:10, 8473.50it/s]
74662it [00:10, 8459.98it/s]
75584it [00:10, 8623.68it/s]
76480it [00:10, 8707.78it/s]
77352it [00:10, 6185.01it/s]
78208it [00:10, 6708.30it/s]
79104it [00:11, 7186.50it/s]
80000it [00:11, 7548.94it/s]
80896it [00:11, 7891.20it/s]
81792it [00:11, 8065.32it/s]
82688it [00:11, 8271.44it/s]
83537it [00:11, 8266.97it/s]
84449it [00:11, 8511.83it/s]
85312it [00:11, 8298.49it/s]
86272it [00:11, 8617.81it/s]
87168it [00:11, 8621.86it/s]
88128it [00:12, 8855.23it/s]
89018it [00:12, 8776.97it/s]
89899it [00:12, 8768.73it/s]
90778it [00:12, 8759.29it/s]
91712it [00:12, 8819.54it/s]
92595it [00:12, 6935.74it/s]
93440it [00:12, 7229.16it/s]
94336it [00:12, 7669.14it/s]
95202it [00:12, 7936.64it/s]
96115it [00:13, 8268.91it/s]
96967it [00:13, 8216.39it/s]
97840it [00:13, 8362.77it/s]
98689it [00:13, 8236.77it/s]
99584it [00:13, 8373.31it/s]
100000it [00:13, 7398.79it/s]
Upload time: 14.110645660199225
Total import time: 43.73864683136344
Experiment stage: Search

0it [00:00, ?it/s]
4it [00:00,  5.25it/s]
14it [00:00, 19.52it/s]
32it [00:00, 48.19it/s]
76it [00:01, 127.76it/s]
159it [00:01, 285.55it/s]
246it [00:01, 427.49it/s]
319it [00:01, 505.28it/s]
404it [00:01, 595.26it/s]
491it [00:01, 670.53it/s]
571it [00:01, 705.13it/s]
661it [00:01, 760.77it/s]
750it [00:01, 795.79it/s]
838it [00:01, 810.52it/s]
922it [00:02, 766.92it/s]
1001it [00:02, 762.83it/s]
1083it [00:02, 778.46it/s]
1162it [00:02, 764.02it/s]
1256it [00:02, 814.04it/s]
1354it [00:02, 862.02it/s]
1443it [00:02, 868.08it/s]
1531it [00:02, 841.89it/s]
1621it [00:02, 857.23it/s]
1708it [00:03, 828.92it/s]
1792it [00:03, 805.16it/s]
1873it [00:03, 769.34it/s]
1951it [00:03, 637.11it/s]
2022it [00:03, 653.31it/s]
2112it [00:03, 717.10it/s]
2199it [00:03, 757.62it/s]
2286it [00:03, 788.57it/s]
2382it [00:03, 836.39it/s]
2476it [00:04, 865.60it/s]
2573it [00:04, 894.72it/s]
2664it [00:04, 857.84it/s]
2751it [00:04, 856.42it/s]
2842it [00:04, 871.63it/s]
2930it [00:04, 856.10it/s]
3024it [00:04, 879.70it/s]
3113it [00:04, 851.30it/s]
3199it [00:04, 822.23it/s]
3282it [00:05, 747.18it/s]
3367it [00:05, 772.56it/s]
3446it [00:05, 733.26it/s]
3526it [00:05, 751.06it/s]
3603it [00:05, 724.17it/s]
3677it [00:05, 704.75it/s]
3760it [00:05, 729.86it/s]
3843it [00:05, 757.46it/s]
3927it [00:05, 781.00it/s]
4013it [00:06, 797.02it/s]
4103it [00:06, 826.80it/s]
4187it [00:06, 819.09it/s]
4277it [00:06, 841.79it/s]
4362it [00:06, 830.70it/s]
4446it [00:06, 803.67it/s]
4551it [00:06, 872.63it/s]
4646it [00:06, 894.94it/s]
4748it [00:06, 928.63it/s]
4851it [00:06, 956.54it/s]
4947it [00:07, 925.05it/s]
5040it [00:07, 915.75it/s]
5133it [00:07, 919.24it/s]
5234it [00:07, 943.82it/s]
5329it [00:07, 928.80it/s]
5423it [00:07, 931.38it/s]
5527it [00:07, 963.16it/s]
5624it [00:07, 910.81it/s]
5716it [00:07, 851.20it/s]
5803it [00:08, 813.02it/s]
5886it [00:08, 807.66it/s]
5970it [00:08, 815.02it/s]
6052it [00:08, 807.07it/s]
6134it [00:08, 800.19it/s]
6215it [00:08, 714.25it/s]
6292it [00:08, 722.55it/s]
6369it [00:08, 735.00it/s]
6447it [00:08, 747.36it/s]
6535it [00:08, 782.52it/s]
6614it [00:09, 721.82it/s]
6688it [00:09, 705.11it/s]
6767it [00:09, 726.54it/s]
6843it [00:09, 735.13it/s]
6928it [00:09, 768.13it/s]
7009it [00:09, 779.89it/s]
7088it [00:09, 762.27it/s]
7179it [00:09, 804.88it/s]
7260it [00:09, 788.38it/s]
7352it [00:10, 825.46it/s]
7445it [00:10, 852.96it/s]
7538it [00:10, 871.66it/s]
7631it [00:10, 888.53it/s]
7721it [00:10, 879.54it/s]
7811it [00:10, 884.99it/s]
7915it [00:10, 930.77it/s]
8016it [00:10, 953.48it/s]
8119it [00:10, 975.71it/s]
8219it [00:10, 979.27it/s]
8317it [00:11, 860.42it/s]
8406it [00:11, 795.81it/s]
8489it [00:11, 768.41it/s]
8568it [00:11, 768.26it/s]
8647it [00:11, 751.83it/s]
8739it [00:11, 795.44it/s]
8828it [00:11, 821.42it/s]
8916it [00:11, 835.81it/s]
9004it [00:11, 842.55it/s]
9089it [00:12, 825.51it/s]
9175it [00:12, 833.62it/s]
9270it [00:12, 866.77it/s]
9357it [00:12, 817.89it/s]
9453it [00:12, 856.71it/s]
9545it [00:12, 874.61it/s]
9636it [00:12, 882.52it/s]
9725it [00:12, 856.78it/s]
9812it [00:12, 848.71it/s]
9899it [00:13, 854.28it/s]
9985it [00:13, 801.85it/s]
10000it [00:13, 759.05it/s]
Experiment stage: Done
Results saved to:  /home/dzh/project/vdtuner/vector-db-benchmark-master/results
>>> [Step 5] 收尾工作...
    监控日志已保存。
📊 测试结果摘要:
0.9688900000000001
753.8069515484054
0.0056777579011395565
line1:  0.0056777579011395565
line1:  753.8069515484054
line1:  0.9688900000000001
numeric_values:  [0.0056777579011395565, 753.8069515484054, 0.9688900000000001]
[84] 7442 0.9688900000000001 0.0056777579011395565 90
/bin/sh: 1: Syntax error: "(" unexpected
/data/dzh/venv/lib/python3.10/site-packages/botorch/acquisition/multi_objective/monte_carlo.py:110: NumericsWarning: qExpectedHypervolumeImprovement has known numerical issues that lead to suboptimal optimization performance. It is strongly recommended to simply replace

	 qExpectedHypervolumeImprovement 	 --> 	 qLogExpectedHypervolumeImprovement 

instead, which fixes the issues and has the same API. See https://arxiv.org/abs/2310.20708 for details.
  legacy_ei_numerics_warning(legacy_name=type(self).__name__)
--- DEBUG: Starting command:---
=======================================
🛠️  开始测试流程
Engine: milvus-p10 | Dataset: random-range-2048-angular-no-filters
=======================================
>>> [Step 1] 启动后台监控...
    监控进程 PID: 799636
>>> [Step 2] 重置 Milvus...
 Container milvus-standalone  Stopping
 Container milvus-standalone  Stopped
 Container milvus-standalone  Removing
 Container milvus-standalone  Removed
 Container milvus-minio  Stopping
 Container milvus-etcd  Stopping
 Container milvus-etcd  Stopped
 Container milvus-etcd  Removing
 Container milvus-etcd  Removed
 Container milvus-minio  Stopped
 Container milvus-minio  Removing
 Container milvus-minio  Removed
 Network milvus  Removing
 Network milvus  Removed
    🧹 清理宿主机数据目录: /home/dzh/project/vdtuner/vector-db-benchmark-master/engine/servers/milvus-single-node/volumes
 Network milvus  Creating
 Network milvus  Created
 Container milvus-minio  Creating
 Container milvus-etcd  Creating
 Container milvus-etcd  Created
 Container milvus-minio  Created
 Container milvus-standalone  Creating
 Container milvus-standalone  Created
 Container milvus-minio  Starting
 Container milvus-etcd  Starting
 Container milvus-etcd  Started
 Container milvus-minio  Started
 Container milvus-standalone  Starting
 Container milvus-standalone  Started
>>> [Step 3] 等待服务启动 (90s)...
    等待中... (10s/120s)
    ✅ Milvus 服务已就绪
>>> [Step 4] 运行 Benchmark...
Running experiment: milvus-p10 - random-range-2048-angular-no-filters
established connection
/home/dzh/project/vdtuner/vector-db-benchmark-master/datasets/random-range-2048-angular/random_float_100k_no_filters already exists
Experiment stage: Configure
Experiment stage: Upload

0it [00:00, ?it/s]
1it [00:00,  1.55it/s]
64it [00:00, 86.22it/s]
272it [00:01, 409.27it/s]
640it [00:01, 979.52it/s]
960it [00:01, 1403.80it/s]
1344it [00:01, 1886.12it/s]
1603it [00:01, 1913.06it/s]
1847it [00:01, 2038.78it/s]
2112it [00:01, 2172.93it/s]
2432it [00:01, 2423.11it/s]
2816it [00:01, 2753.18it/s]
3328it [00:02, 3384.83it/s]
3776it [00:02, 3668.77it/s]
4544it [00:02, 4806.85it/s]
5568it [00:02, 6347.98it/s]
6592it [00:02, 7436.85it/s]
7627it [00:02, 8289.02it/s]
8576it [00:02, 8580.28it/s]
9536it [00:02, 8816.03it/s]
10560it [00:02, 9086.84it/s]
11584it [00:02, 9372.41it/s]
12544it [00:03, 9414.26it/s]
13504it [00:03, 9441.22it/s]
14490it [00:03, 9564.94it/s]
15448it [00:03, 9547.31it/s]
16404it [00:03, 9417.07it/s]
17347it [00:03, 6327.46it/s]
18304it [00:03, 7011.40it/s]
19264it [00:03, 7589.70it/s]
20241it [00:04, 8141.98it/s]
21247it [00:04, 8651.57it/s]
22208it [00:04, 8845.83it/s]
23168it [00:04, 8955.02it/s]
24095it [00:04, 9032.38it/s]
25088it [00:04, 9178.99it/s]
26022it [00:04, 9181.13it/s]
26952it [00:04, 9092.37it/s]
27881it [00:04, 9149.54it/s]
28802it [00:04, 9017.70it/s]
29708it [00:05, 8467.06it/s]
30567it [00:05, 8501.41it/s]
31488it [00:05, 8685.52it/s]
32362it [00:05, 5766.35it/s]
33152it [00:05, 6158.09it/s]
34048it [00:05, 6748.49it/s]
35069it [00:05, 7607.73it/s]
36032it [00:05, 8080.61it/s]
36992it [00:06, 8419.06it/s]
37888it [00:06, 8526.04it/s]
38848it [00:06, 8820.20it/s]
39808it [00:06, 9014.47it/s]
40728it [00:06, 8824.47it/s]
41624it [00:06, 8858.63it/s]
42520it [00:06, 8858.25it/s]
43471it [00:06, 9048.53it/s]
44381it [00:06, 9006.09it/s]
45376it [00:06, 9161.49it/s]
46295it [00:07, 9123.36it/s]
47233it [00:07, 9197.93it/s]
48154it [00:07, 8443.94it/s]
49024it [00:07, 8510.94it/s]
49885it [00:07, 8315.51it/s]
50752it [00:07, 8304.41it/s]
51588it [00:07, 8161.11it/s]
52408it [00:07, 8100.34it/s]
53312it [00:07, 8259.10it/s]
54208it [00:08, 8365.75it/s]
55104it [00:08, 8462.75it/s]
56051it [00:08, 8755.42it/s]
56929it [00:08, 8724.26it/s]
57803it [00:08, 8593.79it/s]
58664it [00:08, 8538.16it/s]
59519it [00:08, 8475.19it/s]
60367it [00:08, 8225.38it/s]
61212it [00:08, 8289.77it/s]
62043it [00:09, 6124.62it/s]
62976it [00:09, 6824.32it/s]
63872it [00:09, 7346.81it/s]
64832it [00:09, 7845.44it/s]
65728it [00:09, 8040.29it/s]
66568it [00:09, 8128.74it/s]
67520it [00:09, 8463.73it/s]
68480it [00:09, 8673.17it/s]
69376it [00:09, 8654.06it/s]
70251it [00:10, 8641.72it/s]
71122it [00:10, 8582.45it/s]
71985it [00:10, 8574.85it/s]
72846it [00:10, 7920.53it/s]
73664it [00:10, 7892.21it/s]
74462it [00:10, 7877.36it/s]
75264it [00:10, 7826.48it/s]
76160it [00:10, 8068.87it/s]
76970it [00:10, 5986.38it/s]
77697it [00:11, 6286.99it/s]
78620it [00:11, 7025.14it/s]
79488it [00:11, 7419.46it/s]
80384it [00:11, 7767.11it/s]
81196it [00:11, 7794.85it/s]
82088it [00:11, 8112.41it/s]
82920it [00:11, 8171.57it/s]
83751it [00:11, 8163.21it/s]
84672it [00:11, 8353.89it/s]
85568it [00:12, 8429.09it/s]
86416it [00:12, 8386.27it/s]
87296it [00:12, 8472.08it/s]
88192it [00:12, 8587.85it/s]
89053it [00:12, 8412.98it/s]
89920it [00:12, 8389.61it/s]
90816it [00:12, 8457.42it/s]
91663it [00:12, 8328.77it/s]
92497it [00:12, 7965.28it/s]
93376it [00:12, 8188.51it/s]
94272it [00:13, 8372.62it/s]
95168it [00:13, 8448.02it/s]
96064it [00:13, 8502.11it/s]
96937it [00:13, 8568.46it/s]
97796it [00:13, 8502.00it/s]
98688it [00:13, 8518.04it/s]
99541it [00:13, 8463.31it/s]
100000it [00:13, 7285.05it/s]
Upload time: 14.12934659095481
Total import time: 43.95130979409441
Experiment stage: Search

0it [00:00, ?it/s]
4it [00:00,  5.24it/s]
14it [00:00, 19.58it/s]
22it [00:00, 30.28it/s]
108it [00:01, 198.80it/s]
195it [00:01, 348.98it/s]
279it [00:01, 467.72it/s]
365it [00:01, 567.43it/s]
448it [00:01, 636.97it/s]
524it [00:01, 663.84it/s]
607it [00:01, 706.37it/s]
684it [00:01, 714.01it/s]
764it [00:01, 737.14it/s]
862it [00:02, 807.20it/s]
946it [00:02, 772.47it/s]
1032it [00:02, 795.07it/s]
1114it [00:02, 766.93it/s]
1192it [00:02, 737.75it/s]
1278it [00:02, 770.96it/s]
1359it [00:02, 777.75it/s]
1452it [00:02, 821.36it/s]
1535it [00:02, 815.54it/s]
1625it [00:02, 839.95it/s]
1713it [00:03, 851.28it/s]
1799it [00:03, 849.45it/s]
1886it [00:03, 855.06it/s]
1972it [00:03, 837.08it/s]
2060it [00:03, 845.84it/s]
2145it [00:03, 820.89it/s]
2228it [00:03, 817.30it/s]
2318it [00:03, 841.31it/s]
2403it [00:03, 825.91it/s]
2499it [00:03, 864.67it/s]
2586it [00:04, 832.24it/s]
2675it [00:04, 848.44it/s]
2761it [00:04, 821.09it/s]
2846it [00:04, 828.95it/s]
2943it [00:04, 866.71it/s]
3030it [00:04, 864.92it/s]
3120it [00:04, 873.54it/s]
3213it [00:04, 889.44it/s]
3303it [00:04, 854.46it/s]
3399it [00:05, 883.95it/s]
3488it [00:05, 881.07it/s]
3578it [00:05, 885.82it/s]
3667it [00:05, 872.29it/s]
3757it [00:05, 878.42it/s]
3855it [00:05, 907.54it/s]
3946it [00:05, 899.16it/s]
4040it [00:05, 910.11it/s]
4132it [00:05, 881.25it/s]
4221it [00:05, 845.53it/s]
4316it [00:06, 873.54it/s]
4405it [00:06, 877.12it/s]
4494it [00:06, 864.00it/s]
4587it [00:06, 882.15it/s]
4676it [00:06, 855.18it/s]
4762it [00:06, 847.18it/s]
4852it [00:06, 860.77it/s]
4951it [00:06, 896.16it/s]
5052it [00:06, 929.44it/s]
5151it [00:07, 946.18it/s]
5248it [00:07, 950.28it/s]
5344it [00:07, 927.35it/s]
5437it [00:07, 925.99it/s]
5530it [00:07, 866.92it/s]
5619it [00:07, 866.63it/s]
5707it [00:07, 829.50it/s]
5795it [00:07, 789.40it/s]
5883it [00:07, 811.44it/s]
5974it [00:07, 838.08it/s]
6065it [00:08, 855.51it/s]
6152it [00:08, 854.34it/s]
6240it [00:08, 860.01it/s]
6330it [00:08, 871.39it/s]
6418it [00:08, 863.54it/s]
6519it [00:08, 906.36it/s]
6619it [00:08, 932.66it/s]
6721it [00:08, 955.92it/s]
6824it [00:08, 977.24it/s]
6922it [00:09, 680.84it/s]
7003it [00:09, 618.51it/s]
7075it [00:09, 473.13it/s]
7169it [00:09, 560.49it/s]
7265it [00:09, 640.95it/s]
7355it [00:09, 699.97it/s]
7444it [00:09, 744.93it/s]
7527it [00:10, 746.22it/s]
7608it [00:10, 563.07it/s]
7675it [00:10, 497.31it/s]
7733it [00:10, 449.33it/s]
7809it [00:10, 513.30it/s]
7897it [00:10, 596.21it/s]
7983it [00:10, 657.85it/s]
8074it [00:11, 722.33it/s]
8161it [00:11, 756.59it/s]
8246it [00:11, 782.01it/s]
8328it [00:11, 779.61it/s]
8409it [00:11, 783.38it/s]
8498it [00:11, 813.74it/s]
8581it [00:11, 816.78it/s]
8677it [00:11, 856.64it/s]
8769it [00:11, 874.89it/s]
8859it [00:11, 882.07it/s]
8952it [00:12, 891.26it/s]
9042it [00:12, 880.20it/s]
9131it [00:12, 878.97it/s]
9220it [00:12, 854.62it/s]
9306it [00:12, 822.96it/s]
9389it [00:12, 810.25it/s]
9471it [00:12, 799.34it/s]
9552it [00:12, 791.03it/s]
9632it [00:12, 746.68it/s]
9708it [00:13, 725.16it/s]
9781it [00:13, 551.89it/s]
9843it [00:13, 438.74it/s]
9898it [00:13, 442.83it/s]
9953it [00:13, 466.17it/s]
10000it [00:13, 725.00it/s]
Experiment stage: Done
Results saved to:  /home/dzh/project/vdtuner/vector-db-benchmark-master/results
>>> [Step 5] 收尾工作...
    监控日志已保存。
📊 测试结果摘要:
0.9633299999999999
719.9505331487916
0.005838104779832064
line1:  0.005838104779832064
line1:  719.9505331487916
line1:  0.9633299999999999
numeric_values:  [0.005838104779832064, 719.9505331487916, 0.9633299999999999]
[85] 7533 0.9633299999999999 0.005838104779832064 91
/bin/sh: 1: Syntax error: "(" unexpected
/data/dzh/venv/lib/python3.10/site-packages/botorch/acquisition/multi_objective/monte_carlo.py:110: NumericsWarning: qExpectedHypervolumeImprovement has known numerical issues that lead to suboptimal optimization performance. It is strongly recommended to simply replace

	 qExpectedHypervolumeImprovement 	 --> 	 qLogExpectedHypervolumeImprovement 

instead, which fixes the issues and has the same API. See https://arxiv.org/abs/2310.20708 for details.
  legacy_ei_numerics_warning(legacy_name=type(self).__name__)
--- DEBUG: Starting command:---
=======================================
🛠️  开始测试流程
Engine: milvus-p10 | Dataset: random-range-2048-angular-no-filters
=======================================
>>> [Step 1] 启动后台监控...
    监控进程 PID: 815574
>>> [Step 2] 重置 Milvus...
 Container milvus-standalone  Stopping
 Container milvus-standalone  Stopped
 Container milvus-standalone  Removing
 Container milvus-standalone  Removed
 Container milvus-minio  Stopping
 Container milvus-etcd  Stopping
 Container milvus-etcd  Stopped
 Container milvus-etcd  Removing
 Container milvus-etcd  Removed
 Container milvus-minio  Stopped
 Container milvus-minio  Removing
 Container milvus-minio  Removed
 Network milvus  Removing
 Network milvus  Removed
    🧹 清理宿主机数据目录: /home/dzh/project/vdtuner/vector-db-benchmark-master/engine/servers/milvus-single-node/volumes
 Network milvus  Creating
 Network milvus  Created
 Container milvus-minio  Creating
 Container milvus-etcd  Creating
 Container milvus-minio  Created
 Container milvus-etcd  Created
 Container milvus-standalone  Creating
 Container milvus-standalone  Created
 Container milvus-minio  Starting
 Container milvus-etcd  Starting
 Container milvus-etcd  Started
 Container milvus-minio  Started
 Container milvus-standalone  Starting
 Container milvus-standalone  Started
>>> [Step 3] 等待服务启动 (90s)...
    等待中... (10s/120s)
    ✅ Milvus 服务已就绪
>>> [Step 4] 运行 Benchmark...
Running experiment: milvus-p10 - random-range-2048-angular-no-filters
established connection
/home/dzh/project/vdtuner/vector-db-benchmark-master/datasets/random-range-2048-angular/random_float_100k_no_filters already exists
Experiment stage: Configure
Experiment stage: Upload

0it [00:00, ?it/s]
1it [00:01,  1.17s/it]
832it [00:01, 893.54it/s]
1272it [00:01, 1234.94it/s]
1625it [00:01, 1352.16it/s]
1905it [00:01, 1546.69it/s]
2175it [00:01, 1726.23it/s]
2438it [00:02, 1772.12it/s]
3072it [00:02, 2710.14it/s]
3776it [00:02, 3675.18it/s]
4736it [00:02, 5076.93it/s]
5760it [00:02, 6328.67it/s]
6684it [00:02, 7104.29it/s]
7706it [00:02, 7963.38it/s]
8704it [00:02, 8393.24it/s]
9728it [00:02, 8795.15it/s]
10688it [00:02, 8931.04it/s]
11648it [00:03, 9018.30it/s]
12608it [00:03, 9137.10it/s]
13533it [00:03, 8960.11it/s]
14464it [00:03, 8985.78it/s]
15424it [00:03, 9030.80it/s]
16331it [00:03, 8945.81it/s]
17229it [00:03, 7746.50it/s]
18215it [00:03, 8305.03it/s]
19136it [00:03, 8474.73it/s]
20160it [00:04, 8856.21it/s]
21120it [00:04, 8961.83it/s]
22034it [00:04, 9011.85it/s]
22976it [00:04, 9127.88it/s]
23895it [00:04, 9129.39it/s]
24832it [00:04, 9184.07it/s]
25792it [00:04, 9194.66it/s]
26752it [00:04, 9301.03it/s]
27684it [00:04, 9210.47it/s]
28608it [00:04, 9215.44it/s]
29568it [00:05, 9259.94it/s]
30495it [00:05, 9194.13it/s]
31415it [00:05, 7625.71it/s]
32384it [00:05, 8113.00it/s]
33318it [00:05, 8443.05it/s]
34304it [00:05, 8745.26it/s]
35202it [00:05, 8768.22it/s]
36149it [00:05, 8968.58it/s]
37058it [00:05, 8761.58it/s]
37952it [00:06, 8795.13it/s]
38912it [00:06, 8989.23it/s]
39816it [00:06, 8675.71it/s]
40689it [00:06, 8458.30it/s]
41539it [00:06, 8404.86it/s]
42438it [00:06, 8572.65it/s]
43328it [00:06, 8512.91it/s]
44224it [00:06, 8602.78it/s]
45181it [00:06, 8885.01it/s]
46072it [00:06, 8886.72it/s]
46962it [00:07, 7071.82it/s]
47808it [00:07, 7356.40it/s]
48748it [00:07, 7892.79it/s]
49577it [00:07, 7967.69it/s]
50432it [00:07, 8120.79it/s]
51328it [00:07, 8317.21it/s]
52224it [00:07, 8372.04it/s]
53183it [00:07, 8723.02it/s]
54080it [00:07, 8723.73it/s]
55040it [00:08, 8911.78it/s]
55951it [00:08, 8969.48it/s]
56852it [00:08, 8962.69it/s]
57751it [00:08, 8919.57it/s]
58645it [00:08, 8874.00it/s]
59584it [00:08, 8896.62it/s]
60480it [00:08, 8870.10it/s]
61368it [00:08, 5987.14it/s]
62238it [00:09, 6586.92it/s]
63128it [00:09, 7142.20it/s]
63937it [00:09, 7383.25it/s]
64896it [00:09, 7867.35it/s]
65792it [00:09, 8131.67it/s]
66688it [00:09, 8303.97it/s]
67584it [00:09, 8376.62it/s]
68448it [00:09, 8451.64it/s]
69307it [00:09, 8319.97it/s]
70149it [00:09, 8087.17it/s]
70966it [00:10, 7969.18it/s]
71769it [00:10, 7389.13it/s]
72640it [00:10, 7668.52it/s]
73536it [00:10, 7934.66it/s]
74432it [00:10, 8121.82it/s]
75328it [00:10, 8332.18it/s]
76167it [00:10, 5744.86it/s]
77090it [00:11, 6514.80it/s]
77952it [00:11, 6957.84it/s]
78878it [00:11, 7540.98it/s]
79744it [00:11, 7797.74it/s]
80664it [00:11, 8181.81it/s]
81536it [00:11, 8328.71it/s]
82455it [00:11, 8575.50it/s]
83361it [00:11, 8707.91it/s]
84247it [00:11, 8750.32it/s]
85133it [00:11, 8453.06it/s]
85988it [00:12, 8458.18it/s]
86912it [00:12, 8549.79it/s]
87808it [00:12, 8627.20it/s]
88675it [00:12, 8518.14it/s]
89600it [00:12, 8601.79it/s]
90462it [00:12, 5576.87it/s]
91313it [00:12, 6199.19it/s]
92112it [00:12, 6615.42it/s]
92992it [00:13, 7104.95it/s]
93824it [00:13, 7404.44it/s]
94720it [00:13, 7749.43it/s]
95616it [00:13, 8003.64it/s]
96535it [00:13, 8337.59it/s]
97393it [00:13, 8225.02it/s]
98240it [00:13, 8158.59it/s]
99136it [00:13, 8313.16it/s]
99976it [00:13, 8252.15it/s]
100000it [00:13, 7213.50it/s]
Upload time: 14.460583217442036
Total import time: 45.489991777110845
Experiment stage: Search

0it [00:00, ?it/s]
4it [00:00,  5.23it/s]
14it [00:00, 19.05it/s]
35it [00:01, 52.49it/s]
104it [00:01, 179.42it/s]
183it [00:01, 314.51it/s]
268it [00:01, 442.60it/s]
363it [00:01, 571.58it/s]
449it [00:01, 645.46it/s]
526it [00:01, 670.12it/s]
617it [00:01, 733.85it/s]
697it [00:01, 732.49it/s]
776it [00:01, 748.47it/s]
859it [00:02, 771.83it/s]
939it [00:02, 773.69it/s]
1021it [00:02, 784.74it/s]
1105it [00:02, 799.05it/s]
1192it [00:02, 819.61it/s]
1285it [00:02, 851.06it/s]
1380it [00:02, 879.58it/s]
1469it [00:02, 875.60it/s]
1562it [00:02, 887.94it/s]
1658it [00:02, 902.45it/s]
1749it [00:03, 882.35it/s]
1838it [00:03, 876.35it/s]
1927it [00:03, 879.11it/s]
2020it [00:03, 892.37it/s]
2110it [00:03, 846.60it/s]
2201it [00:03, 861.05it/s]
2288it [00:03, 807.37it/s]
2370it [00:03, 767.33it/s]
2450it [00:03, 775.37it/s]
2535it [00:04, 795.52it/s]
2616it [00:04, 785.27it/s]
2695it [00:04, 771.78it/s]
2775it [00:04, 778.09it/s]
2859it [00:04, 795.15it/s]
2962it [00:04, 863.63it/s]
3066it [00:04, 913.92it/s]
3162it [00:04, 927.45it/s]
3255it [00:04, 924.17it/s]
3350it [00:04, 925.61it/s]
3443it [00:05, 905.41it/s]
3534it [00:05, 906.13it/s]
3625it [00:05, 906.88it/s]
3716it [00:05, 904.60it/s]
3807it [00:05, 891.00it/s]
3899it [00:05, 898.94it/s]
3993it [00:05, 910.76it/s]
4085it [00:05, 903.94it/s]
4176it [00:05, 901.26it/s]
4267it [00:05, 892.76it/s]
4357it [00:06, 875.05it/s]
4445it [00:06, 837.45it/s]
4530it [00:06, 807.46it/s]
4612it [00:06, 803.58it/s]
4713it [00:06, 861.98it/s]
4800it [00:06, 829.31it/s]
4885it [00:06, 833.36it/s]
4972it [00:06, 841.80it/s]
5058it [00:06, 846.14it/s]
5147it [00:07, 857.38it/s]
5233it [00:07, 855.54it/s]
5319it [00:07, 819.17it/s]
5402it [00:07, 787.38it/s]
5482it [00:07, 770.40it/s]
5565it [00:07, 787.00it/s]
5655it [00:07, 815.72it/s]
5742it [00:07, 830.22it/s]
5827it [00:07, 834.26it/s]
5919it [00:07, 857.30it/s]
6015it [00:08, 885.76it/s]
6104it [00:08, 855.85it/s]
6190it [00:08, 835.60it/s]
6283it [00:08, 861.54it/s]
6378it [00:08, 881.87it/s]
6469it [00:08, 889.87it/s]
6563it [00:08, 901.57it/s]
6654it [00:08, 883.67it/s]
6747it [00:08, 896.78it/s]
6837it [00:09, 847.70it/s]
6924it [00:09, 853.60it/s]
7014it [00:09, 865.67it/s]
7101it [00:09, 839.31it/s]
7186it [00:09, 807.01it/s]
7268it [00:09, 809.90it/s]
7350it [00:09, 783.95it/s]
7429it [00:09, 721.64it/s]
7516it [00:09, 760.84it/s]
7594it [00:09, 764.00it/s]
7672it [00:10, 757.36it/s]
7755it [00:10, 778.06it/s]
7834it [00:10, 769.48it/s]
7915it [00:10, 780.50it/s]
8003it [00:10, 807.04it/s]
8084it [00:10, 805.35it/s]
8165it [00:10, 798.61it/s]
8245it [00:10, 767.86it/s]
8323it [00:10, 695.20it/s]
8407it [00:11, 733.48it/s]
8491it [00:11, 762.32it/s]
8585it [00:11, 811.33it/s]
8671it [00:11, 822.64it/s]
8755it [00:11, 809.79it/s]
8837it [00:11, 801.61it/s]
8923it [00:11, 816.97it/s]
9007it [00:11, 822.98it/s]
9090it [00:11, 812.78it/s]
9173it [00:11, 817.09it/s]
9255it [00:12, 748.20it/s]
9331it [00:12, 745.79it/s]
9410it [00:12, 757.66it/s]
9494it [00:12, 779.80it/s]
9573it [00:12, 766.19it/s]
9651it [00:12, 739.08it/s]
9726it [00:12, 735.65it/s]
9800it [00:12, 697.03it/s]
9882it [00:12, 729.37it/s]
9964it [00:13, 752.62it/s]
10000it [00:13, 761.33it/s]
Experiment stage: Done
Results saved to:  /home/dzh/project/vdtuner/vector-db-benchmark-master/results
>>> [Step 5] 收尾工作...
    监控日志已保存。
📊 测试结果摘要:
0.97405
753.9785001594767
0.005568139161914586
line1:  0.005568139161914586
line1:  753.9785001594767
line1:  0.97405
numeric_values:  [0.005568139161914586, 753.9785001594767, 0.97405]
[86] 7625 0.97405 0.005568139161914586 92
/bin/sh: 1: Syntax error: "(" unexpected
/data/dzh/venv/lib/python3.10/site-packages/botorch/acquisition/multi_objective/monte_carlo.py:110: NumericsWarning: qExpectedHypervolumeImprovement has known numerical issues that lead to suboptimal optimization performance. It is strongly recommended to simply replace

	 qExpectedHypervolumeImprovement 	 --> 	 qLogExpectedHypervolumeImprovement 

instead, which fixes the issues and has the same API. See https://arxiv.org/abs/2310.20708 for details.
  legacy_ei_numerics_warning(legacy_name=type(self).__name__)
--- DEBUG: Starting command:---
=======================================
🛠️  开始测试流程
Engine: milvus-p10 | Dataset: random-range-2048-angular-no-filters
=======================================
>>> [Step 1] 启动后台监控...
    监控进程 PID: 832477
>>> [Step 2] 重置 Milvus...
 Container milvus-standalone  Stopping
 Container milvus-standalone  Stopped
 Container milvus-standalone  Removing
 Container milvus-standalone  Removed
 Container milvus-minio  Stopping
 Container milvus-etcd  Stopping
 Container milvus-etcd  Stopped
 Container milvus-etcd  Removing
 Container milvus-etcd  Removed
 Container milvus-minio  Stopped
 Container milvus-minio  Removing
 Container milvus-minio  Removed
 Network milvus  Removing
 Network milvus  Removed
    🧹 清理宿主机数据目录: /home/dzh/project/vdtuner/vector-db-benchmark-master/engine/servers/milvus-single-node/volumes
 Network milvus  Creating
 Network milvus  Created
 Container milvus-minio  Creating
 Container milvus-etcd  Creating
 Container milvus-etcd  Created
 Container milvus-minio  Created
 Container milvus-standalone  Creating
 Container milvus-standalone  Created
 Container milvus-minio  Starting
 Container milvus-etcd  Starting
 Container milvus-etcd  Started
 Container milvus-minio  Started
 Container milvus-standalone  Starting
 Container milvus-standalone  Started
>>> [Step 3] 等待服务启动 (90s)...
    等待中... (10s/120s)
    ✅ Milvus 服务已就绪
>>> [Step 4] 运行 Benchmark...
Running experiment: milvus-p10 - random-range-2048-angular-no-filters
established connection
/home/dzh/project/vdtuner/vector-db-benchmark-master/datasets/random-range-2048-angular/random_float_100k_no_filters already exists
Experiment stage: Configure
Experiment stage: Upload

0it [00:00, ?it/s]
1it [00:00,  1.49it/s]
64it [00:00, 84.64it/s]
256it [00:01, 376.51it/s]
832it [00:01, 1340.39it/s]
1090it [00:01, 1504.44it/s]
1344it [00:01, 1631.78it/s]
1568it [00:01, 1714.11it/s]
1920it [00:01, 2127.48it/s]
2368it [00:01, 2668.96it/s]
2688it [00:01, 2574.90it/s]
3392it [00:01, 3685.04it/s]
3799it [00:02, 3652.26it/s]
4800it [00:02, 5306.80it/s]
5569it [00:02, 5961.55it/s]
6567it [00:02, 7094.26it/s]
7424it [00:02, 7510.72it/s]
8320it [00:02, 7912.86it/s]
9216it [00:02, 8198.54it/s]
10176it [00:02, 8507.95it/s]
11036it [00:02, 8516.85it/s]
11968it [00:03, 8717.72it/s]
12992it [00:03, 9094.47it/s]
13983it [00:03, 9334.94it/s]
14976it [00:03, 9467.60it/s]
15936it [00:03, 9439.43it/s]
16882it [00:03, 8138.40it/s]
17812it [00:03, 8448.25it/s]
18752it [00:03, 8654.76it/s]
19710it [00:03, 8913.98it/s]
20639it [00:03, 9021.53it/s]
21587it [00:04, 9154.23it/s]
22528it [00:04, 9173.00it/s]
23524it [00:04, 9404.32it/s]
24469it [00:04, 9391.16it/s]
25462it [00:04, 9550.64it/s]
26420it [00:04, 9261.79it/s]
27350it [00:04, 9160.09it/s]
28288it [00:04, 9214.27it/s]
29289it [00:04, 9447.91it/s]
30272it [00:05, 9428.46it/s]
31296it [00:05, 5941.86it/s]
32109it [00:05, 6390.65it/s]
32993it [00:05, 6945.68it/s]
33984it [00:05, 7587.73it/s]
34944it [00:05, 8081.24it/s]
35904it [00:05, 8425.25it/s]
36864it [00:05, 8636.35it/s]
37767it [00:06, 8384.81it/s]
38656it [00:06, 8521.66it/s]
39616it [00:06, 8741.67it/s]
40512it [00:06, 8731.14it/s]
41408it [00:06, 8621.64it/s]
42304it [00:06, 8603.15it/s]
43200it [00:06, 8607.22it/s]
44131it [00:06, 8810.13it/s]
45016it [00:06, 8788.56it/s]
45898it [00:06, 8309.97it/s]
46848it [00:07, 8509.87it/s]
47744it [00:07, 8595.83it/s]
48704it [00:07, 8803.66it/s]
49600it [00:07, 8824.00it/s]
50496it [00:07, 8779.77it/s]
51376it [00:07, 8706.49it/s]
52288it [00:07, 8809.26it/s]
53185it [00:07, 8856.21it/s]
54139it [00:07, 9058.23it/s]
55046it [00:08, 8826.49it/s]
56000it [00:08, 8892.63it/s]
56891it [00:08, 8853.43it/s]
57778it [00:08, 8621.96it/s]
58642it [00:08, 8596.01it/s]
59503it [00:08, 8553.03it/s]
60359it [00:08, 8366.68it/s]
61197it [00:08, 7984.38it/s]
62006it [00:08, 8013.63it/s]
62848it [00:08, 8119.34it/s]
63680it [00:09, 8131.88it/s]
64512it [00:09, 8091.17it/s]
65406it [00:09, 8339.22it/s]
66242it [00:09, 8324.16it/s]
67136it [00:09, 8409.41it/s]
68022it [00:09, 8541.72it/s]
68877it [00:09, 8507.90it/s]
69824it [00:09, 8681.98it/s]
70693it [00:09, 8660.04it/s]
71559it [00:09, 8460.87it/s]
72406it [00:10, 8227.93it/s]
73284it [00:10, 8386.68it/s]
74125it [00:10, 8383.82it/s]
75009it [00:10, 8517.26it/s]
75862it [00:10, 7625.92it/s]
76736it [00:10, 7835.12it/s]
77632it [00:10, 8126.46it/s]
78529it [00:10, 8364.60it/s]
79424it [00:10, 8442.89it/s]
80337it [00:11, 8641.67it/s]
81216it [00:11, 8678.97it/s]
82112it [00:11, 8619.97it/s]
83024it [00:11, 8765.72it/s]
83904it [00:11, 8642.98it/s]
84800it [00:11, 8691.84it/s]
85672it [00:11, 8699.41it/s]
86543it [00:11, 8563.99it/s]
87484it [00:11, 8811.94it/s]
88367it [00:11, 8807.17it/s]
89280it [00:12, 8890.40it/s]
90186it [00:12, 8940.72it/s]
91081it [00:12, 6634.33it/s]
91968it [00:12, 7154.36it/s]
92864it [00:12, 7533.69it/s]
93760it [00:12, 7892.76it/s]
94656it [00:12, 8150.86it/s]
95505it [00:12, 8148.67it/s]
96384it [00:12, 8320.90it/s]
97234it [00:13, 8321.69it/s]
98112it [00:13, 8255.44it/s]
98989it [00:13, 8403.50it/s]
99840it [00:13, 8379.92it/s]
100000it [00:13, 7450.09it/s]
Upload time: 13.836739969905466
Total import time: 43.8559517711401
Experiment stage: Search

0it [00:00, ?it/s]
4it [00:00,  5.28it/s]
14it [00:00, 19.02it/s]
32it [00:01, 46.92it/s]
107it [00:01, 186.62it/s]
186it [00:01, 320.00it/s]
264it [00:01, 430.07it/s]
355it [00:01, 551.73it/s]
433it [00:01, 611.77it/s]
517it [00:01, 674.52it/s]
603it [00:01, 724.88it/s]
690it [00:01, 766.46it/s]
775it [00:01, 790.30it/s]
861it [00:02, 806.05it/s]
944it [00:02, 793.97it/s]
1031it [00:02, 815.77it/s]
1119it [00:02, 834.26it/s]
1204it [00:02, 825.42it/s]
1288it [00:02, 827.23it/s]
1375it [00:02, 839.14it/s]
1473it [00:02, 878.66it/s]
1562it [00:02, 858.44it/s]
1649it [00:02, 841.37it/s]
1734it [00:03, 817.83it/s]
1826it [00:03, 844.47it/s]
1914it [00:03, 852.17it/s]
2003it [00:03, 860.72it/s]
2099it [00:03, 889.27it/s]
2189it [00:03, 882.74it/s]
2281it [00:03, 893.36it/s]
2371it [00:03, 883.20it/s]
2460it [00:03, 837.34it/s]
2549it [00:03, 851.62it/s]
2637it [00:04, 830.05it/s]
2730it [00:04, 858.32it/s]
2824it [00:04, 880.39it/s]
2919it [00:04, 894.74it/s]
3009it [00:04, 880.04it/s]
3098it [00:04, 849.71it/s]
3185it [00:04, 853.64it/s]
3271it [00:04, 846.78it/s]
3370it [00:04, 883.75it/s]
3462it [00:05, 893.76it/s]
3565it [00:05, 932.01it/s]
3665it [00:05, 950.39it/s]
3766it [00:05, 965.87it/s]
3863it [00:05, 957.12it/s]
3962it [00:05, 966.76it/s]
4063it [00:05, 978.48it/s]
4161it [00:05, 961.73it/s]
4258it [00:05, 944.07it/s]
4353it [00:05, 893.60it/s]
4443it [00:06, 853.74it/s]
4529it [00:06, 836.29it/s]
4618it [00:06, 849.44it/s]
4709it [00:06, 865.13it/s]
4796it [00:06, 818.60it/s]
4879it [00:06, 718.23it/s]
4965it [00:06, 752.79it/s]
5051it [00:06, 780.64it/s]
5132it [00:06, 787.79it/s]
5222it [00:07, 817.88it/s]
5305it [00:07, 803.46it/s]
5387it [00:07, 806.79it/s]
5481it [00:07, 844.14it/s]
5574it [00:07, 868.63it/s]
5662it [00:07, 833.27it/s]
5746it [00:07, 814.32it/s]
5830it [00:07, 820.42it/s]
5913it [00:07, 816.94it/s]
5995it [00:08, 814.94it/s]
6077it [00:08, 784.33it/s]
6156it [00:08, 755.14it/s]
6240it [00:08, 777.74it/s]
6322it [00:08, 787.90it/s]
6402it [00:08, 767.08it/s]
6480it [00:08, 764.66it/s]
6562it [00:08, 779.40it/s]
6641it [00:08, 778.77it/s]
6729it [00:08, 805.76it/s]
6811it [00:09, 806.95it/s]
6892it [00:09, 771.34it/s]
6985it [00:09, 815.23it/s]
7084it [00:09, 864.00it/s]
7177it [00:09, 882.56it/s]
7268it [00:09, 889.03it/s]
7358it [00:09, 890.03it/s]
7448it [00:09, 892.87it/s]
7538it [00:09, 887.53it/s]
7627it [00:09, 836.01it/s]
7712it [00:10, 818.94it/s]
7795it [00:10, 814.58it/s]
7877it [00:10, 788.17it/s]
7958it [00:10, 792.82it/s]
8038it [00:10, 785.41it/s]
8124it [00:10, 805.58it/s]
8208it [00:10, 813.47it/s]
8295it [00:10, 825.56it/s]
8378it [00:10, 748.43it/s]
8458it [00:11, 758.41it/s]
8546it [00:11, 791.18it/s]
8640it [00:11, 832.84it/s]
8737it [00:11, 870.93it/s]
8835it [00:11, 902.79it/s]
8926it [00:11, 902.96it/s]
9017it [00:11, 897.83it/s]
9108it [00:11, 866.60it/s]
9196it [00:11, 845.07it/s]
9281it [00:12, 818.49it/s]
9364it [00:12, 752.31it/s]
9448it [00:12, 775.66it/s]
9527it [00:12, 732.82it/s]
9604it [00:12, 741.81it/s]
9681it [00:12, 749.02it/s]
9773it [00:12, 796.97it/s]
9856it [00:12, 804.82it/s]
9941it [00:12, 815.86it/s]
10000it [00:12, 773.13it/s]
Experiment stage: Done
Results saved to:  /home/dzh/project/vdtuner/vector-db-benchmark-master/results
>>> [Step 5] 收尾工作...
    监控日志已保存。
📊 测试结果摘要:
0.95916
767.8214998954356
0.0056218831334263085
line1:  0.0056218831334263085
line1:  767.8214998954356
line1:  0.95916
numeric_values:  [0.0056218831334263085, 767.8214998954356, 0.95916]
[87] 7715 0.95916 0.0056218831334263085 90
/bin/sh: 1: Syntax error: "(" unexpected
/data/dzh/venv/lib/python3.10/site-packages/botorch/acquisition/multi_objective/monte_carlo.py:110: NumericsWarning: qExpectedHypervolumeImprovement has known numerical issues that lead to suboptimal optimization performance. It is strongly recommended to simply replace

	 qExpectedHypervolumeImprovement 	 --> 	 qLogExpectedHypervolumeImprovement 

instead, which fixes the issues and has the same API. See https://arxiv.org/abs/2310.20708 for details.
  legacy_ei_numerics_warning(legacy_name=type(self).__name__)
--- DEBUG: Starting command:---
=======================================
🛠️  开始测试流程
Engine: milvus-p10 | Dataset: random-range-2048-angular-no-filters
=======================================
>>> [Step 1] 启动后台监控...
    监控进程 PID: 849620
>>> [Step 2] 重置 Milvus...
 Container milvus-standalone  Stopping
 Container milvus-standalone  Stopped
 Container milvus-standalone  Removing
 Container milvus-standalone  Removed
 Container milvus-etcd  Stopping
 Container milvus-minio  Stopping
 Container milvus-etcd  Stopped
 Container milvus-etcd  Removing
 Container milvus-etcd  Removed
 Container milvus-minio  Stopped
 Container milvus-minio  Removing
 Container milvus-minio  Removed
 Network milvus  Removing
 Network milvus  Removed
    🧹 清理宿主机数据目录: /home/dzh/project/vdtuner/vector-db-benchmark-master/engine/servers/milvus-single-node/volumes
 Network milvus  Creating
 Network milvus  Created
 Container milvus-etcd  Creating
 Container milvus-minio  Creating
 Container milvus-etcd  Created
 Container milvus-minio  Created
 Container milvus-standalone  Creating
 Container milvus-standalone  Created
 Container milvus-minio  Starting
 Container milvus-etcd  Starting
 Container milvus-etcd  Started
 Container milvus-minio  Started
 Container milvus-standalone  Starting
 Container milvus-standalone  Started
>>> [Step 3] 等待服务启动 (90s)...
    等待中... (10s/120s)
    ✅ Milvus 服务已就绪
>>> [Step 4] 运行 Benchmark...
Running experiment: milvus-p10 - random-range-2048-angular-no-filters
established connection
/home/dzh/project/vdtuner/vector-db-benchmark-master/datasets/random-range-2048-angular/random_float_100k_no_filters already exists
Experiment stage: Configure
Experiment stage: Upload

0it [00:00, ?it/s]
1it [00:00,  1.79it/s]
64it [00:00, 76.99it/s]
704it [00:01, 997.29it/s]
982it [00:01, 1246.13it/s]
1472it [00:01, 1893.38it/s]
1792it [00:01, 2098.40it/s]
2097it [00:01, 1863.54it/s]
2350it [00:01, 1897.73it/s]
2984it [00:01, 2865.55it/s]
3423it [00:01, 3227.28it/s]
4032it [00:02, 3919.63it/s]
5056it [00:02, 5567.18it/s]
6080it [00:02, 6793.46it/s]
7104it [00:02, 7719.22it/s]
8128it [00:02, 8320.42it/s]
9152it [00:02, 8766.56it/s]
10053it [00:02, 8812.59it/s]
10951it [00:02, 8335.74it/s]
11968it [00:02, 8770.49it/s]
12959it [00:03, 9094.30it/s]
13952it [00:03, 9255.35it/s]
14886it [00:03, 9207.57it/s]
15833it [00:03, 9283.76it/s]
16832it [00:03, 9348.31it/s]
17770it [00:03, 8866.69it/s]
18752it [00:03, 9044.33it/s]
19840it [00:03, 9438.56it/s]
20801it [00:03, 9486.54it/s]
21824it [00:03, 9632.86it/s]
22848it [00:04, 9687.48it/s]
23872it [00:04, 9698.65it/s]
24896it [00:04, 9752.73it/s]
25873it [00:04, 9662.76it/s]
26880it [00:04, 9656.61it/s]
27847it [00:04, 9614.56it/s]
28851it [00:04, 9738.62it/s]
29826it [00:04, 9388.97it/s]
30784it [00:04, 9324.29it/s]
31744it [00:05, 9365.45it/s]
32682it [00:05, 7710.86it/s]
33554it [00:05, 7968.37it/s]
34444it [00:05, 8217.12it/s]
35434it [00:05, 8681.95it/s]
36416it [00:05, 8893.49it/s]
37440it [00:05, 9178.42it/s]
38400it [00:05, 9273.93it/s]
39413it [00:05, 9522.02it/s]
40373it [00:06, 9540.74it/s]
41333it [00:06, 9352.28it/s]
42273it [00:06, 9077.87it/s]
43186it [00:06, 8814.92it/s]
44072it [00:06, 8765.84it/s]
44952it [00:06, 8567.81it/s]
45888it [00:06, 8793.75it/s]
46848it [00:06, 9003.31it/s]
47751it [00:06, 7202.94it/s]
48640it [00:07, 7572.44it/s]
49600it [00:07, 8047.61it/s]
50560it [00:07, 8375.54it/s]
51456it [00:07, 8516.48it/s]
52352it [00:07, 8596.47it/s]
53316it [00:07, 8894.12it/s]
54328it [00:07, 9250.15it/s]
55263it [00:07, 9197.90it/s]
56190it [00:07, 9139.39it/s]
57109it [00:07, 8819.61it/s]
57997it [00:08, 8439.70it/s]
58848it [00:08, 8137.31it/s]
59667it [00:08, 8139.92it/s]
60485it [00:08, 8090.43it/s]
61312it [00:08, 8021.15it/s]
62144it [00:08, 8089.37it/s]
62973it [00:08, 8147.53it/s]
63862it [00:08, 8365.26it/s]
64768it [00:08, 8467.54it/s]
65664it [00:09, 8567.07it/s]
66560it [00:09, 8602.46it/s]
67520it [00:09, 8809.08it/s]
68402it [00:09, 8691.51it/s]
69272it [00:09, 8560.79it/s]
70129it [00:09, 8514.43it/s]
70981it [00:09, 8214.86it/s]
71805it [00:09, 8097.57it/s]
72616it [00:09, 7683.70it/s]
73472it [00:09, 7918.30it/s]
74343it [00:10, 8143.99it/s]
75176it [00:10, 8197.83it/s]
76032it [00:10, 8205.96it/s]
76864it [00:10, 8230.79it/s]
77760it [00:10, 5830.64it/s]
78444it [00:10, 6036.38it/s]
79383it [00:10, 6849.95it/s]
80320it [00:10, 7465.48it/s]
81216it [00:11, 7813.51it/s]
82165it [00:11, 8275.23it/s]
83118it [00:11, 8629.35it/s]
84032it [00:11, 8622.01it/s]
84928it [00:11, 8593.09it/s]
85825it [00:11, 8700.82it/s]
86784it [00:11, 8876.56it/s]
87744it [00:11, 9055.46it/s]
88704it [00:11, 9138.35it/s]
89664it [00:11, 9198.55it/s]
90587it [00:12, 9171.85it/s]
91520it [00:12, 9149.81it/s]
92437it [00:12, 5573.84it/s]
93354it [00:12, 6307.40it/s]
94208it [00:12, 6758.14it/s]
95040it [00:12, 7096.47it/s]
95936it [00:12, 7565.77it/s]
96896it [00:12, 8074.45it/s]
97831it [00:13, 8425.86it/s]
98716it [00:13, 8477.79it/s]
99648it [00:13, 8589.23it/s]
100000it [00:13, 7505.33it/s]
Upload time: 13.71469009667635
Total import time: 44.74266760982573
Experiment stage: Search

0it [00:00, ?it/s]
4it [00:00,  5.25it/s]
12it [00:00, 16.30it/s]
24it [00:01, 34.11it/s]
49it [00:01, 76.99it/s]
127it [00:01, 232.34it/s]
207it [00:01, 368.09it/s]
293it [00:01, 492.36it/s]
377it [00:01, 584.44it/s]
447it [00:01, 611.14it/s]
522it [00:01, 646.91it/s]
595it [00:01, 670.39it/s]
681it [00:01, 725.09it/s]
770it [00:02, 772.84it/s]
852it [00:02, 785.72it/s]
937it [00:02, 801.43it/s]
1019it [00:02, 797.55it/s]
1115it [00:02, 845.39it/s]
1214it [00:02, 885.58it/s]
1306it [00:02, 894.31it/s]
1396it [00:02, 833.28it/s]
1481it [00:02, 782.17it/s]
1569it [00:02, 804.23it/s]
1659it [00:03, 829.65it/s]
1753it [00:03, 859.89it/s]
1847it [00:03, 879.30it/s]
1939it [00:03, 890.41it/s]
2035it [00:03, 910.55it/s]
2141it [00:03, 954.69it/s]
2237it [00:03, 900.54it/s]
2328it [00:03, 806.92it/s]
2411it [00:03, 788.76it/s]
2497it [00:04, 805.44it/s]
2580it [00:04, 809.74it/s]
2665it [00:04, 821.07it/s]
2756it [00:04, 844.82it/s]
2842it [00:04, 831.09it/s]
2926it [00:04, 817.07it/s]
3009it [00:04, 779.86it/s]
3097it [00:04, 805.74it/s]
3180it [00:04, 798.50it/s]
3261it [00:05, 773.11it/s]
3340it [00:05, 775.08it/s]
3418it [00:05, 767.35it/s]
3500it [00:05, 779.86it/s]
3599it [00:05, 838.66it/s]
3700it [00:05, 888.40it/s]
3790it [00:05, 870.57it/s]
3878it [00:05, 827.00it/s]
3962it [00:05, 810.95it/s]
4047it [00:05, 821.83it/s]
4130it [00:06, 807.64it/s]
4214it [00:06, 816.85it/s]
4306it [00:06, 846.75it/s]
4403it [00:06, 881.59it/s]
4492it [00:06, 864.43it/s]
4588it [00:06, 890.80it/s]
4678it [00:06, 889.56it/s]
4768it [00:06, 890.53it/s]
4858it [00:06, 887.33it/s]
4947it [00:06, 883.07it/s]
5036it [00:07, 837.60it/s]
5121it [00:07, 829.14it/s]
5205it [00:07, 766.91it/s]
5283it [00:07, 738.14it/s]
5362it [00:07, 750.73it/s]
5439it [00:07, 755.55it/s]
5516it [00:07, 737.04it/s]
5591it [00:07, 717.78it/s]
5664it [00:07, 692.66it/s]
5734it [00:08, 674.06it/s]
5821it [00:08, 726.74it/s]
5897it [00:08, 735.96it/s]
5972it [00:08, 733.62it/s]
6054it [00:08, 756.56it/s]
6138it [00:08, 780.65it/s]
6223it [00:08, 794.05it/s]
6323it [00:08, 850.09it/s]
6409it [00:08, 833.30it/s]
6493it [00:09, 800.10it/s]
6574it [00:09, 778.33it/s]
6653it [00:09, 781.34it/s]
6747it [00:09, 824.20it/s]
6831it [00:09, 825.26it/s]
6917it [00:09, 832.94it/s]
7001it [00:09, 822.30it/s]
7084it [00:09, 823.51it/s]
7167it [00:09, 824.94it/s]
7252it [00:09, 830.06it/s]
7343it [00:10, 852.20it/s]
7429it [00:10, 846.90it/s]
7514it [00:10, 832.88it/s]
7600it [00:10, 839.51it/s]
7686it [00:10, 843.24it/s]
7774it [00:10, 852.58it/s]
7860it [00:10, 799.29it/s]
7949it [00:10, 823.09it/s]
8034it [00:10, 828.50it/s]
8118it [00:10, 812.39it/s]
8200it [00:11, 794.77it/s]
8281it [00:11, 796.75it/s]
8361it [00:11, 737.01it/s]
8449it [00:11, 773.37it/s]
8550it [00:11, 840.18it/s]
8643it [00:11, 863.78it/s]
8731it [00:11, 861.24it/s]
8822it [00:11, 866.60it/s]
8910it [00:11, 844.73it/s]
8995it [00:12, 779.83it/s]
9077it [00:12, 790.75it/s]
9165it [00:12, 814.60it/s]
9256it [00:12, 839.87it/s]
9347it [00:12, 857.86it/s]
9436it [00:12, 866.82it/s]
9524it [00:12, 843.00it/s]
9609it [00:12, 786.78it/s]
9689it [00:12, 759.81it/s]
9773it [00:13, 781.57it/s]
9852it [00:13, 776.70it/s]
9931it [00:13, 754.06it/s]
10000it [00:13, 749.66it/s]
Experiment stage: Done
Results saved to:  /home/dzh/project/vdtuner/vector-db-benchmark-master/results
>>> [Step 5] 收尾工作...
    监控日志已保存。
📊 测试结果摘要:
0.9357900000000001
743.6735266252887
0.005701632774434983
line1:  0.005701632774434983
line1:  743.6735266252887
line1:  0.9357900000000001
numeric_values:  [0.005701632774434983, 743.6735266252887, 0.9357900000000001]
[88] 7807 0.9357900000000001 0.005701632774434983 91
/bin/sh: 1: Syntax error: "(" unexpected
/data/dzh/venv/lib/python3.10/site-packages/botorch/acquisition/multi_objective/monte_carlo.py:110: NumericsWarning: qExpectedHypervolumeImprovement has known numerical issues that lead to suboptimal optimization performance. It is strongly recommended to simply replace

	 qExpectedHypervolumeImprovement 	 --> 	 qLogExpectedHypervolumeImprovement 

instead, which fixes the issues and has the same API. See https://arxiv.org/abs/2310.20708 for details.
  legacy_ei_numerics_warning(legacy_name=type(self).__name__)
--- DEBUG: Starting command:---
=======================================
🛠️  开始测试流程
Engine: milvus-p10 | Dataset: random-range-2048-angular-no-filters
=======================================
>>> [Step 1] 启动后台监控...
    监控进程 PID: 865325
>>> [Step 2] 重置 Milvus...
 Container milvus-standalone  Stopping
 Container milvus-standalone  Stopped
 Container milvus-standalone  Removing
 Container milvus-standalone  Removed
 Container milvus-minio  Stopping
 Container milvus-etcd  Stopping
 Container milvus-etcd  Stopped
 Container milvus-etcd  Removing
 Container milvus-etcd  Removed
 Container milvus-minio  Stopped
 Container milvus-minio  Removing
 Container milvus-minio  Removed
 Network milvus  Removing
 Network milvus  Removed
    🧹 清理宿主机数据目录: /home/dzh/project/vdtuner/vector-db-benchmark-master/engine/servers/milvus-single-node/volumes
 Network milvus  Creating
 Network milvus  Created
 Container milvus-minio  Creating
 Container milvus-etcd  Creating
 Container milvus-etcd  Created
 Container milvus-minio  Created
 Container milvus-standalone  Creating
 Container milvus-standalone  Created
 Container milvus-minio  Starting
 Container milvus-etcd  Starting
 Container milvus-minio  Started
 Container milvus-etcd  Started
 Container milvus-standalone  Starting
 Container milvus-standalone  Started
>>> [Step 3] 等待服务启动 (90s)...
    等待中... (10s/120s)
    ✅ Milvus 服务已就绪
>>> [Step 4] 运行 Benchmark...
Running experiment: milvus-p10 - random-range-2048-angular-no-filters
established connection
/home/dzh/project/vdtuner/vector-db-benchmark-master/datasets/random-range-2048-angular/random_float_100k_no_filters already exists
Experiment stage: Configure
Experiment stage: Upload

0it [00:00, ?it/s]
1it [00:01,  1.32s/it]
704it [00:01, 683.65it/s]
1089it [00:01, 1009.83it/s]
1417it [00:01, 1245.42it/s]
1703it [00:01, 1455.53it/s]
1972it [00:01, 1589.03it/s]
2219it [00:02, 1569.70it/s]
2688it [00:02, 2116.69it/s]
3072it [00:02, 2483.12it/s]
4096it [00:02, 4306.99it/s]
5120it [00:02, 5761.08it/s]
6144it [00:02, 6863.07it/s]
7168it [00:02, 7681.07it/s]
8216it [00:02, 8454.67it/s]
9216it [00:02, 8836.79it/s]
10137it [00:03, 8920.59it/s]
11072it [00:03, 8917.71it/s]
11983it [00:03, 8900.82it/s]
12886it [00:03, 8845.13it/s]
13780it [00:03, 8712.75it/s]
14658it [00:03, 8566.58it/s]
15630it [00:03, 8899.79it/s]
16704it [00:03, 6479.21it/s]
17536it [00:04, 6873.33it/s]
18368it [00:04, 7205.64it/s]
19450it [00:04, 8129.79it/s]
20352it [00:04, 8303.38it/s]
21312it [00:04, 8644.99it/s]
22317it [00:04, 9040.19it/s]
23290it [00:04, 9237.81it/s]
24234it [00:04, 9249.34it/s]
25216it [00:04, 9366.51it/s]
26240it [00:04, 9476.92it/s]
27201it [00:05, 9514.60it/s]
28160it [00:05, 9404.87it/s]
29161it [00:05, 9582.22it/s]
30123it [00:05, 9542.29it/s]
31080it [00:05, 9245.54it/s]
32048it [00:05, 9371.02it/s]
32988it [00:05, 5982.40it/s]
33919it [00:05, 6683.03it/s]
34816it [00:06, 7186.51it/s]
35776it [00:06, 7751.72it/s]
36736it [00:06, 8186.02it/s]
37632it [00:06, 8307.50it/s]
38592it [00:06, 8659.59it/s]
39552it [00:06, 8873.51it/s]
40512it [00:06, 9023.46it/s]
41434it [00:06, 9026.56it/s]
42351it [00:06, 8875.09it/s]
43264it [00:07, 8854.04it/s]
44224it [00:07, 8956.45it/s]
45164it [00:07, 9084.83it/s]
46080it [00:07, 5835.70it/s]
46813it [00:07, 5949.79it/s]
47616it [00:07, 6363.41it/s]
48512it [00:07, 6979.41it/s]
49425it [00:07, 7531.76it/s]
50367it [00:08, 8038.12it/s]
51220it [00:08, 7956.43it/s]
52050it [00:08, 7892.23it/s]
52864it [00:08, 7820.13it/s]
53663it [00:08, 7867.26it/s]
54464it [00:08, 7831.22it/s]
55296it [00:08, 7912.36it/s]
56128it [00:08, 7941.72it/s]
57024it [00:08, 8121.33it/s]
57856it [00:08, 8166.03it/s]
58675it [00:09, 8100.10it/s]
59487it [00:09, 8051.39it/s]
60294it [00:09, 7716.07it/s]
61069it [00:09, 7692.92it/s]
61902it [00:09, 7877.04it/s]
62784it [00:09, 8015.49it/s]
63681it [00:09, 8292.54it/s]
64540it [00:09, 8379.54it/s]
65476it [00:09, 8668.98it/s]
66432it [00:09, 8817.11it/s]
67392it [00:10, 8979.97it/s]
68291it [00:10, 8949.27it/s]
69187it [00:10, 8845.44it/s]
70072it [00:10, 8762.50it/s]
70949it [00:10, 8417.41it/s]
71794it [00:10, 8318.47it/s]
72628it [00:10, 8184.00it/s]
73483it [00:10, 8289.05it/s]
74368it [00:10, 8406.78it/s]
75328it [00:11, 8672.96it/s]
76197it [00:11, 6743.76it/s]
77056it [00:11, 7190.12it/s]
77952it [00:11, 7522.02it/s]
78851it [00:11, 7913.62it/s]
79744it [00:11, 8182.30it/s]
80640it [00:11, 8294.46it/s]
81571it [00:11, 8583.44it/s]
82496it [00:11, 8739.64it/s]
83392it [00:12, 8791.58it/s]
84352it [00:12, 8930.00it/s]
85312it [00:12, 9047.29it/s]
86221it [00:12, 8889.53it/s]
87113it [00:12, 8787.05it/s]
88033it [00:12, 8907.18it/s]
88960it [00:12, 8992.65it/s]
89920it [00:12, 9143.07it/s]
90836it [00:13, 6057.11it/s]
91672it [00:13, 6560.53it/s]
92608it [00:13, 7166.84it/s]
93500it [00:13, 7607.93it/s]
94335it [00:13, 7726.82it/s]
95161it [00:13, 7862.23it/s]
96000it [00:13, 7986.71it/s]
96896it [00:13, 8172.59it/s]
97734it [00:13, 8026.20it/s]
98624it [00:13, 8239.98it/s]
99504it [00:14, 8401.41it/s]
100000it [00:14, 7081.36it/s]
Upload time: 14.485373218078166
Total import time: 45.32388476096094
Experiment stage: Search

0it [00:00, ?it/s]
4it [00:00,  5.21it/s]
11it [00:00, 15.37it/s]
28it [00:00, 43.48it/s]
50it [00:01, 79.78it/s]
100it [00:01, 175.04it/s]
173it [00:01, 310.37it/s]
254it [00:01, 438.66it/s]
347it [00:01, 570.25it/s]
444it [00:01, 680.43it/s]
527it [00:01, 721.80it/s]
613it [00:01, 760.74it/s]
695it [00:01, 777.11it/s]
776it [00:01, 761.26it/s]
855it [00:02, 758.83it/s]
933it [00:02, 758.75it/s]
1017it [00:02, 781.56it/s]
1105it [00:02, 808.29it/s]
1198it [00:02, 843.09it/s]
1291it [00:02, 867.34it/s]
1382it [00:02, 878.07it/s]
1471it [00:02, 832.65it/s]
1555it [00:02, 828.20it/s]
1639it [00:03, 809.05it/s]
1721it [00:03, 810.78it/s]
1803it [00:03, 802.34it/s]
1894it [00:03, 829.73it/s]
1978it [00:03, 831.39it/s]
2074it [00:03, 867.03it/s]
2162it [00:03, 869.40it/s]
2253it [00:03, 878.63it/s]
2345it [00:03, 890.71it/s]
2438it [00:03, 900.68it/s]
2529it [00:04, 885.08it/s]
2618it [00:04, 880.84it/s]
2707it [00:04, 868.67it/s]
2805it [00:04, 895.46it/s]
2895it [00:04, 848.30it/s]
2981it [00:04, 821.06it/s]
3064it [00:04, 792.43it/s]
3144it [00:04, 790.45it/s]
3230it [00:04, 807.49it/s]
3319it [00:05, 830.51it/s]
3409it [00:05, 850.65it/s]
3506it [00:05, 884.64it/s]
3595it [00:05, 881.52it/s]
3684it [00:05, 822.87it/s]
3768it [00:05, 706.18it/s]
3857it [00:05, 752.39it/s]
3942it [00:05, 777.39it/s]
4035it [00:05, 817.21it/s]
4121it [00:05, 827.41it/s]
4206it [00:06, 768.90it/s]
4311it [00:06, 845.19it/s]
4412it [00:06, 889.66it/s]
4503it [00:06, 838.96it/s]
4589it [00:06, 808.20it/s]
4672it [00:06, 814.12it/s]
4755it [00:06, 803.05it/s]
4840it [00:06, 814.62it/s]
4934it [00:06, 848.90it/s]
5027it [00:07, 872.31it/s]
5119it [00:07, 881.22it/s]
5212it [00:07, 891.99it/s]
5303it [00:07, 890.27it/s]
5393it [00:07, 874.27it/s]
5481it [00:07, 865.35it/s]
5568it [00:07, 857.72it/s]
5654it [00:07, 844.46it/s]
5744it [00:07, 859.79it/s]
5831it [00:08, 841.94it/s]
5927it [00:08, 871.68it/s]
6019it [00:08, 882.64it/s]
6113it [00:08, 898.43it/s]
6208it [00:08, 913.06it/s]
6306it [00:08, 931.95it/s]
6400it [00:08, 913.18it/s]
6492it [00:08, 905.84it/s]
6583it [00:08, 861.43it/s]
6675it [00:08, 876.41it/s]
6764it [00:09, 872.84it/s]
6853it [00:09, 876.65it/s]
6945it [00:09, 889.14it/s]
7037it [00:09, 897.09it/s]
7135it [00:09, 921.03it/s]
7229it [00:09, 926.36it/s]
7322it [00:09, 920.59it/s]
7415it [00:09, 920.88it/s]
7508it [00:09, 909.99it/s]
7600it [00:09, 909.02it/s]
7691it [00:10, 872.50it/s]
7779it [00:10, 863.20it/s]
7877it [00:10, 894.50it/s]
7971it [00:10, 906.12it/s]
8062it [00:10, 906.89it/s]
8153it [00:10, 895.52it/s]
8243it [00:10, 887.29it/s]
8332it [00:10, 851.57it/s]
8422it [00:10, 864.11it/s]
8521it [00:11, 900.22it/s]
8620it [00:11, 924.89it/s]
8723it [00:11, 953.92it/s]
8819it [00:11, 954.48it/s]
8915it [00:11, 906.64it/s]
9007it [00:11, 877.32it/s]
9098it [00:11, 884.87it/s]
9187it [00:11, 880.07it/s]
9276it [00:11, 874.51it/s]
9364it [00:11, 874.47it/s]
9461it [00:12, 900.29it/s]
9554it [00:12, 907.72it/s]
9645it [00:12, 907.83it/s]
9736it [00:12, 895.43it/s]
9836it [00:12, 924.24it/s]
9929it [00:12, 912.90it/s]
10000it [00:12, 791.49it/s]
Experiment stage: Done
Results saved to:  /home/dzh/project/vdtuner/vector-db-benchmark-master/results
>>> [Step 5] 收尾工作...
    监控日志已保存。
📊 测试结果摘要:
0.95376
785.863009232104
0.005366410338319832
line1:  0.005366410338319832
line1:  785.863009232104
line1:  0.95376
numeric_values:  [0.005366410338319832, 785.863009232104, 0.95376]
[89] 7898 0.95376 0.005366410338319832 90
/bin/sh: 1: Syntax error: "(" unexpected
/data/dzh/venv/lib/python3.10/site-packages/botorch/acquisition/multi_objective/monte_carlo.py:110: NumericsWarning: qExpectedHypervolumeImprovement has known numerical issues that lead to suboptimal optimization performance. It is strongly recommended to simply replace

	 qExpectedHypervolumeImprovement 	 --> 	 qLogExpectedHypervolumeImprovement 

instead, which fixes the issues and has the same API. See https://arxiv.org/abs/2310.20708 for details.
  legacy_ei_numerics_warning(legacy_name=type(self).__name__)
--- DEBUG: Starting command:---
=======================================
🛠️  开始测试流程
Engine: milvus-p10 | Dataset: random-range-2048-angular-no-filters
=======================================
>>> [Step 1] 启动后台监控...
    监控进程 PID: 879988
>>> [Step 2] 重置 Milvus...
 Container milvus-standalone  Stopping
 Container milvus-standalone  Stopped
 Container milvus-standalone  Removing
 Container milvus-standalone  Removed
 Container milvus-minio  Stopping
 Container milvus-etcd  Stopping
 Container milvus-etcd  Stopped
 Container milvus-etcd  Removing
 Container milvus-etcd  Removed
 Container milvus-minio  Stopped
 Container milvus-minio  Removing
 Container milvus-minio  Removed
 Network milvus  Removing
 Network milvus  Removed
    🧹 清理宿主机数据目录: /home/dzh/project/vdtuner/vector-db-benchmark-master/engine/servers/milvus-single-node/volumes
 Network milvus  Creating
 Network milvus  Created
 Container milvus-etcd  Creating
 Container milvus-minio  Creating
 Container milvus-etcd  Created
 Container milvus-minio  Created
 Container milvus-standalone  Creating
 Container milvus-standalone  Created
 Container milvus-etcd  Starting
 Container milvus-minio  Starting
 Container milvus-etcd  Started
 Container milvus-minio  Started
 Container milvus-standalone  Starting
 Container milvus-standalone  Started
>>> [Step 3] 等待服务启动 (90s)...
    等待中... (10s/120s)
    ✅ Milvus 服务已就绪
>>> [Step 4] 运行 Benchmark...
Running experiment: milvus-p10 - random-range-2048-angular-no-filters
established connection
/home/dzh/project/vdtuner/vector-db-benchmark-master/datasets/random-range-2048-angular/random_float_100k_no_filters already exists
Experiment stage: Configure
Experiment stage: Upload

0it [00:00, ?it/s]
1it [00:01,  1.01s/it]
768it [00:01, 915.46it/s]
1118it [00:01, 1272.47it/s]
1453it [00:01, 1625.13it/s]
1788it [00:01, 1929.30it/s]
2114it [00:01, 1889.64it/s]
2391it [00:01, 2041.57it/s]
2880it [00:01, 2662.55it/s]
3452it [00:01, 3404.36it/s]
4224it [00:02, 4507.61it/s]
5184it [00:02, 5865.09it/s]
6144it [00:02, 6877.43it/s]
7110it [00:02, 7664.05it/s]
8017it [00:02, 8068.18it/s]
8960it [00:02, 8366.97it/s]
9856it [00:02, 8462.02it/s]
10752it [00:02, 8565.89it/s]
11753it [00:02, 8989.47it/s]
12672it [00:02, 8982.68it/s]
13696it [00:03, 9298.37it/s]
14745it [00:03, 9650.06it/s]
15744it [00:03, 9695.22it/s]
16717it [00:03, 5876.21it/s]
17664it [00:03, 6598.77it/s]
18624it [00:03, 7223.39it/s]
19648it [00:03, 7939.82it/s]
20672it [00:03, 8458.93it/s]
21632it [00:04, 8706.35it/s]
22656it [00:04, 9060.87it/s]
23608it [00:04, 9122.83it/s]
24576it [00:04, 9256.60it/s]
25589it [00:04, 9506.43it/s]
26560it [00:04, 9486.56it/s]
27584it [00:04, 9497.55it/s]
28557it [00:04, 9564.59it/s]
29520it [00:04, 9448.47it/s]
30470it [00:05, 9362.76it/s]
31410it [00:05, 7270.30it/s]
32378it [00:05, 7859.53it/s]
33280it [00:05, 8114.48it/s]
34240it [00:05, 8435.22it/s]
35264it [00:05, 8835.60it/s]
36224it [00:05, 8967.74it/s]
37141it [00:05, 9021.51it/s]
38080it [00:05, 9018.81it/s]
38992it [00:06, 8943.79it/s]
39894it [00:06, 8847.69it/s]
40806it [00:06, 8926.18it/s]
41703it [00:06, 8866.27it/s]
42688it [00:06, 9019.92it/s]
43592it [00:06, 8792.08it/s]
44535it [00:06, 8976.24it/s]
45435it [00:06, 8973.21it/s]
46334it [00:06, 7100.08it/s]
47108it [00:07, 7259.39it/s]
48000it [00:07, 7643.45it/s]
48960it [00:07, 8113.86it/s]
49856it [00:07, 8319.98it/s]
50880it [00:07, 8768.89it/s]
51776it [00:07, 8783.66it/s]
52667it [00:07, 8654.82it/s]
53541it [00:07, 8668.01it/s]
54414it [00:07, 8614.38it/s]
55345it [00:07, 8816.87it/s]
56256it [00:08, 8718.51it/s]
57216it [00:08, 8833.30it/s]
58130it [00:08, 8921.85it/s]
59024it [00:08, 8876.45it/s]
59913it [00:08, 8842.58it/s]
60798it [00:08, 7028.90it/s]
61632it [00:08, 7282.43it/s]
62528it [00:08, 7683.57it/s]
63424it [00:08, 8022.55it/s]
64256it [00:09, 8062.04it/s]
65088it [00:09, 8079.08it/s]
65920it [00:09, 8054.57it/s]
66736it [00:09, 8026.85it/s]
67546it [00:09, 7855.42it/s]
68337it [00:09, 7465.11it/s]
69184it [00:09, 7721.26it/s]
70080it [00:09, 8023.86it/s]
70976it [00:09, 8193.61it/s]
71872it [00:10, 8278.62it/s]
72768it [00:10, 8379.12it/s]
73664it [00:10, 8412.80it/s]
74507it [00:10, 8413.25it/s]
75456it [00:10, 8677.98it/s]
76325it [00:10, 5392.99it/s]
77231it [00:10, 6150.40it/s]
78137it [00:10, 6813.27it/s]
78976it [00:11, 7166.43it/s]
79936it [00:11, 7730.39it/s]
80832it [00:11, 8053.62it/s]
81728it [00:11, 8186.69it/s]
82624it [00:11, 8287.61it/s]
83520it [00:11, 8460.09it/s]
84416it [00:11, 8545.61it/s]
85340it [00:11, 8746.33it/s]
86226it [00:11, 8682.73it/s]
87102it [00:11, 8653.60it/s]
87973it [00:12, 8503.25it/s]
88828it [00:12, 8457.73it/s]
89677it [00:12, 8399.77it/s]
90560it [00:12, 8432.98it/s]
91405it [00:12, 7419.90it/s]
92288it [00:12, 7714.88it/s]
93078it [00:12, 7722.67it/s]
94016it [00:12, 8054.38it/s]
94912it [00:12, 8237.52it/s]
95744it [00:13, 8098.99it/s]
96621it [00:13, 8290.43it/s]
97536it [00:13, 8471.49it/s]
98432it [00:13, 8538.62it/s]
99328it [00:13, 8651.02it/s]
100000it [00:13, 7372.94it/s]
Upload time: 13.944650998339057
Total import time: 43.96757958224043
Experiment stage: Search

0it [00:00, ?it/s]
4it [00:00,  5.49it/s]
15it [00:00, 22.39it/s]
28it [00:00, 42.44it/s]
64it [00:01, 108.54it/s]
142it [00:01, 262.70it/s]
216it [00:01, 379.90it/s]
288it [00:01, 466.03it/s]
371it [00:01, 563.91it/s]
445it [00:01, 611.64it/s]
529it [00:01, 674.47it/s]
615it [00:01, 727.49it/s]
706it [00:01, 778.95it/s]
787it [00:01, 773.28it/s]
877it [00:02, 808.06it/s]
965it [00:02, 800.83it/s]
1047it [00:02, 703.20it/s]
1146it [00:02, 778.76it/s]
1245it [00:02, 835.38it/s]
1343it [00:02, 875.28it/s]
1447it [00:02, 920.89it/s]
1546it [00:02, 940.57it/s]
1642it [00:02, 938.45it/s]
1739it [00:03, 946.94it/s]
1835it [00:03, 915.66it/s]
1928it [00:03, 895.20it/s]
2019it [00:03, 862.70it/s]
2106it [00:03, 852.26it/s]
2197it [00:03, 868.35it/s]
2290it [00:03, 881.88it/s]
2382it [00:03, 892.51it/s]
2472it [00:03, 890.33it/s]
2562it [00:03, 865.39it/s]
2655it [00:04, 882.41it/s]
2744it [00:04, 879.96it/s]
2833it [00:04, 879.90it/s]
2922it [00:04, 873.96it/s]
3010it [00:04, 868.76it/s]
3097it [00:04, 821.24it/s]
3180it [00:04, 797.84it/s]
3271it [00:04, 829.32it/s]
3363it [00:04, 853.12it/s]
3453it [00:05, 864.33it/s]
3549it [00:05, 891.53it/s]
3651it [00:05, 926.37it/s]
3744it [00:05, 903.75it/s]
3835it [00:05, 890.09it/s]
3925it [00:05, 858.63it/s]
4012it [00:05, 854.95it/s]
4098it [00:05, 739.68it/s]
4188it [00:05, 781.59it/s]
4272it [00:06, 795.90it/s]
4354it [00:06, 780.49it/s]
4436it [00:06, 789.93it/s]
4530it [00:06, 832.19it/s]
4626it [00:06, 867.37it/s]
4714it [00:06, 861.99it/s]
4812it [00:06, 894.67it/s]
4904it [00:06, 898.89it/s]
4995it [00:06, 893.94it/s]
5085it [00:06, 875.81it/s]
5173it [00:07, 847.71it/s]
5259it [00:07, 810.63it/s]
5362it [00:07, 869.20it/s]
5453it [00:07, 880.65it/s]
5542it [00:07, 852.74it/s]
5632it [00:07, 865.95it/s]
5720it [00:07, 856.15it/s]
5809it [00:07, 865.52it/s]
5896it [00:07, 834.97it/s]
5980it [00:08, 791.77it/s]
6068it [00:08, 815.46it/s]
6158it [00:08, 839.40it/s]
6247it [00:08, 853.89it/s]
6334it [00:08, 858.32it/s]
6421it [00:08, 856.32it/s]
6513it [00:08, 874.32it/s]
6604it [00:08, 881.63it/s]
6700it [00:08, 902.65it/s]
6793it [00:08, 907.73it/s]
6884it [00:09, 875.27it/s]
6972it [00:09, 873.23it/s]
7070it [00:09, 903.83it/s]
7167it [00:09, 918.19it/s]
7265it [00:09, 935.41it/s]
7359it [00:09, 936.15it/s]
7453it [00:09, 803.61it/s]
7539it [00:09, 816.71it/s]
7635it [00:09, 851.17it/s]
7723it [00:10, 852.55it/s]
7810it [00:10, 850.77it/s]
7904it [00:10, 875.28it/s]
7993it [00:10, 870.68it/s]
8084it [00:10, 879.76it/s]
8180it [00:10, 901.99it/s]
8272it [00:10, 906.31it/s]
8363it [00:10, 837.97it/s]
8457it [00:10, 865.53it/s]
8554it [00:10, 894.91it/s]
8645it [00:11, 826.33it/s]
8730it [00:11, 827.05it/s]
8816it [00:11, 835.76it/s]
8901it [00:11, 826.77it/s]
8985it [00:11, 784.87it/s]
9065it [00:11, 769.86it/s]
9144it [00:11, 774.37it/s]
9222it [00:11, 765.42it/s]
9304it [00:11, 778.85it/s]
9395it [00:12, 816.63it/s]
9489it [00:12, 852.49it/s]
9581it [00:12, 870.97it/s]
9669it [00:12, 855.12it/s]
9755it [00:12, 844.44it/s]
9841it [00:12, 848.91it/s]
9937it [00:12, 881.58it/s]
10000it [00:12, 787.10it/s]
Experiment stage: Done
Results saved to:  /home/dzh/project/vdtuner/vector-db-benchmark-master/results
>>> [Step 5] 收尾工作...
    监控日志已保存。
📊 测试结果摘要:
0.92976
781.0574380230158
0.005348799051716924
line1:  0.005348799051716924
line1:  781.0574380230158
line1:  0.92976
numeric_values:  [0.005348799051716924, 781.0574380230158, 0.92976]
[90] 7987 0.92976 0.005348799051716924 89
/bin/sh: 1: Syntax error: "(" unexpected
/data/dzh/venv/lib/python3.10/site-packages/botorch/acquisition/multi_objective/monte_carlo.py:110: NumericsWarning: qExpectedHypervolumeImprovement has known numerical issues that lead to suboptimal optimization performance. It is strongly recommended to simply replace

	 qExpectedHypervolumeImprovement 	 --> 	 qLogExpectedHypervolumeImprovement 

instead, which fixes the issues and has the same API. See https://arxiv.org/abs/2310.20708 for details.
  legacy_ei_numerics_warning(legacy_name=type(self).__name__)
--- DEBUG: Starting command:---
=======================================
🛠️  开始测试流程
Engine: milvus-p10 | Dataset: random-range-2048-angular-no-filters
=======================================
>>> [Step 1] 启动后台监控...
    监控进程 PID: 895473
>>> [Step 2] 重置 Milvus...
 Container milvus-standalone  Stopping
 Container milvus-standalone  Stopped
 Container milvus-standalone  Removing
 Container milvus-standalone  Removed
 Container milvus-minio  Stopping
 Container milvus-etcd  Stopping
 Container milvus-etcd  Stopped
 Container milvus-etcd  Removing
 Container milvus-etcd  Removed
 Container milvus-minio  Stopped
 Container milvus-minio  Removing
 Container milvus-minio  Removed
 Network milvus  Removing
 Network milvus  Removed
    🧹 清理宿主机数据目录: /home/dzh/project/vdtuner/vector-db-benchmark-master/engine/servers/milvus-single-node/volumes
 Network milvus  Creating
 Network milvus  Created
 Container milvus-minio  Creating
 Container milvus-etcd  Creating
 Container milvus-minio  Created
 Container milvus-etcd  Created
 Container milvus-standalone  Creating
 Container milvus-standalone  Created
 Container milvus-minio  Starting
 Container milvus-etcd  Starting
 Container milvus-etcd  Started
 Container milvus-minio  Started
 Container milvus-standalone  Starting
 Container milvus-standalone  Started
>>> [Step 3] 等待服务启动 (90s)...
    等待中... (10s/120s)
    ✅ Milvus 服务已就绪
>>> [Step 4] 运行 Benchmark...
Running experiment: milvus-p10 - random-range-2048-angular-no-filters
established connection
/home/dzh/project/vdtuner/vector-db-benchmark-master/datasets/random-range-2048-angular/random_float_100k_no_filters already exists
Experiment stage: Configure
Experiment stage: Upload

0it [00:00, ?it/s]
1it [00:00,  1.93it/s]
64it [00:00, 87.54it/s]
191it [00:00, 281.55it/s]
704it [00:01, 1195.07it/s]
960it [00:01, 1471.10it/s]
1216it [00:01, 1694.94it/s]
1472it [00:01, 1754.96it/s]
1792it [00:01, 2073.80it/s]
2048it [00:01, 2124.03it/s]
2432it [00:01, 2435.42it/s]
2816it [00:01, 2744.56it/s]
3840it [00:01, 4716.82it/s]
4672it [00:02, 5555.62it/s]
5255it [00:02, 5477.58it/s]
6275it [00:02, 6788.66it/s]
7360it [00:02, 7898.92it/s]
8384it [00:02, 8541.93it/s]
9363it [00:02, 8904.18it/s]
10304it [00:02, 8980.08it/s]
11328it [00:02, 9323.57it/s]
12288it [00:02, 9289.15it/s]
13312it [00:03, 9457.68it/s]
14283it [00:03, 9530.41it/s]
15296it [00:03, 9610.92it/s]
16259it [00:03, 5858.87it/s]
17137it [00:03, 6454.65it/s]
18112it [00:03, 7129.54it/s]
19008it [00:03, 7548.72it/s]
20032it [00:03, 8205.37it/s]
20932it [00:04, 8309.28it/s]
21888it [00:04, 8592.49it/s]
22912it [00:04, 8995.41it/s]
23843it [00:04, 9037.09it/s]
24769it [00:04, 8836.48it/s]
25728it [00:04, 8983.03it/s]
26638it [00:04, 8808.43it/s]
27584it [00:04, 8970.87it/s]
28488it [00:04, 8763.86it/s]
29440it [00:04, 8952.47it/s]
30340it [00:05, 8915.03it/s]
31235it [00:05, 7933.69it/s]
32161it [00:05, 8292.48it/s]
33101it [00:05, 8600.73it/s]
34048it [00:05, 8800.16it/s]
35008it [00:05, 8971.31it/s]
36032it [00:05, 9229.26it/s]
36961it [00:05, 9219.84it/s]
37888it [00:05, 9139.03it/s]
38805it [00:06, 9108.60it/s]
39753it [00:06, 9217.05it/s]
40677it [00:06, 9193.25it/s]
41647it [00:06, 9343.27it/s]
42583it [00:06, 9190.98it/s]
43504it [00:06, 9168.42it/s]
44422it [00:06, 8870.61it/s]
45312it [00:06, 6576.98it/s]
46208it [00:06, 7076.19it/s]
47168it [00:07, 7608.51it/s]
48128it [00:07, 8035.93it/s]
49024it [00:07, 8256.50it/s]
49984it [00:07, 8519.71it/s]
50880it [00:07, 8551.69it/s]
51776it [00:07, 8643.82it/s]
52736it [00:07, 8785.97it/s]
53760it [00:07, 9072.21it/s]
54720it [00:07, 9092.37it/s]
55634it [00:08, 9070.82it/s]
56576it [00:08, 9096.87it/s]
57488it [00:08, 8991.31it/s]
58389it [00:08, 8975.46it/s]
59288it [00:08, 8873.56it/s]
60177it [00:08, 5970.02it/s]
60992it [00:08, 6414.90it/s]
61824it [00:08, 6844.43it/s]
62721it [00:09, 7380.74it/s]
63630it [00:09, 7834.27it/s]
64467it [00:09, 7657.50it/s]
65344it [00:09, 7869.36it/s]
66240it [00:09, 8055.16it/s]
67072it [00:09, 8110.51it/s]
67898it [00:09, 7988.42it/s]
68800it [00:09, 8279.61it/s]
69637it [00:09, 8285.70it/s]
70472it [00:09, 8302.87it/s]
71424it [00:10, 8536.22it/s]
72320it [00:10, 8595.94it/s]
73216it [00:10, 8693.19it/s]
74207it [00:10, 9052.03it/s]
75114it [00:10, 5847.05it/s]
76014it [00:10, 6524.09it/s]
76928it [00:10, 7054.13it/s]
77824it [00:10, 7497.74it/s]
78720it [00:11, 7829.50it/s]
79646it [00:11, 8216.29it/s]
80545it [00:11, 8431.18it/s]
81423it [00:11, 8442.80it/s]
82304it [00:11, 8509.88it/s]
83210it [00:11, 8669.09it/s]
84160it [00:11, 8866.73it/s]
85056it [00:11, 8830.31it/s]
86037it [00:11, 9118.11it/s]
86976it [00:11, 9023.89it/s]
87936it [00:12, 9118.57it/s]
88896it [00:12, 9160.35it/s]
89814it [00:12, 5592.44it/s]
90688it [00:12, 6219.53it/s]
91648it [00:12, 6944.61it/s]
92523it [00:12, 7381.50it/s]
93440it [00:12, 7812.86it/s]
94336it [00:13, 8025.38it/s]
95316it [00:13, 8511.76it/s]
96256it [00:13, 8663.70it/s]
97216it [00:13, 8823.89it/s]
98141it [00:13, 8945.64it/s]
99052it [00:13, 8712.77it/s]
99936it [00:13, 8747.39it/s]
100000it [00:13, 7336.07it/s]
Upload time: 14.023171809036285
Total import time: 44.045417834073305
Experiment stage: Search

0it [00:00, ?it/s]
4it [00:00,  5.22it/s]
13it [00:00, 18.14it/s]
28it [00:00, 41.84it/s]
58it [00:01, 94.00it/s]
106it [00:01, 180.72it/s]
195it [00:01, 352.96it/s]
288it [00:01, 500.69it/s]
379it [00:01, 610.24it/s]
467it [00:01, 684.68it/s]
553it [00:01, 733.34it/s]
645it [00:01, 784.29it/s]
733it [00:01, 809.69it/s]
826it [00:01, 844.78it/s]
921it [00:02, 874.19it/s]
1011it [00:02, 880.84it/s]
1105it [00:02, 896.21it/s]
1196it [00:02, 873.09it/s]
1293it [00:02, 897.09it/s]
1388it [00:02, 910.48it/s]
1482it [00:02, 917.24it/s]
1575it [00:02, 899.68it/s]
1667it [00:02, 902.37it/s]
1758it [00:03, 879.27it/s]
1848it [00:03, 879.64it/s]
1937it [00:03, 840.47it/s]
2031it [00:03, 867.46it/s]
2128it [00:03, 895.82it/s]
2227it [00:03, 922.87it/s]
2321it [00:03, 924.63it/s]
2414it [00:03, 874.78it/s]
2512it [00:03, 902.73it/s]
2603it [00:03, 896.53it/s]
2699it [00:04, 914.43it/s]
2792it [00:04, 917.06it/s]
2884it [00:04, 899.75it/s]
2982it [00:04, 920.82it/s]
3085it [00:04, 952.27it/s]
3183it [00:04, 958.84it/s]
3280it [00:04, 929.30it/s]
3374it [00:04, 854.95it/s]
3461it [00:04, 816.67it/s]
3544it [00:05, 789.74it/s]
3624it [00:05, 786.33it/s]
3711it [00:05, 809.15it/s]
3796it [00:05, 817.75it/s]
3879it [00:05, 814.26it/s]
3965it [00:05, 826.45it/s]
4051it [00:05, 836.00it/s]
4139it [00:05, 846.76it/s]
4229it [00:05, 859.65it/s]
4316it [00:05, 852.61it/s]
4402it [00:06, 852.73it/s]
4488it [00:06, 834.28it/s]
4574it [00:06, 839.94it/s]
4670it [00:06, 872.76it/s]
4763it [00:06, 886.98it/s]
4852it [00:06, 874.52it/s]
4940it [00:06, 871.64it/s]
5032it [00:06, 885.76it/s]
5126it [00:06, 897.04it/s]
5216it [00:06, 894.42it/s]
5306it [00:07, 894.05it/s]
5396it [00:07, 881.06it/s]
5490it [00:07, 895.82it/s]
5580it [00:07, 895.93it/s]
5676it [00:07, 913.46it/s]
5769it [00:07, 916.19it/s]
5861it [00:07, 912.60it/s]
5954it [00:07, 916.81it/s]
6046it [00:07, 917.15it/s]
6138it [00:08, 896.97it/s]
6228it [00:08, 890.26it/s]
6326it [00:08, 915.46it/s]
6418it [00:08, 900.20it/s]
6509it [00:08, 871.94it/s]
6600it [00:08, 880.31it/s]
6693it [00:08, 893.15it/s]
6785it [00:08, 897.51it/s]
6875it [00:08, 888.94it/s]
6964it [00:08, 869.52it/s]
7052it [00:09, 855.24it/s]
7138it [00:09, 827.50it/s]
7221it [00:09, 815.38it/s]
7304it [00:09, 817.30it/s]
7386it [00:09, 799.31it/s]
7476it [00:09, 827.41it/s]
7560it [00:09, 830.21it/s]
7648it [00:09, 834.71it/s]
7743it [00:09, 867.00it/s]
7830it [00:09, 866.18it/s]
7922it [00:10, 881.95it/s]
8011it [00:10, 857.37it/s]
8104it [00:10, 877.13it/s]
8193it [00:10, 879.39it/s]
8290it [00:10, 901.26it/s]
8381it [00:10, 833.93it/s]
8466it [00:10, 813.02it/s]
8551it [00:10, 823.06it/s]
8635it [00:10, 826.29it/s]
8719it [00:11, 819.24it/s]
8806it [00:11, 832.79it/s]
8897it [00:11, 855.13it/s]
8991it [00:11, 879.36it/s]
9083it [00:11, 891.32it/s]
9173it [00:11, 887.92it/s]
9264it [00:11, 892.60it/s]
9354it [00:11, 837.05it/s]
9439it [00:11, 817.53it/s]
9522it [00:11, 820.87it/s]
9616it [00:12, 854.45it/s]
9715it [00:12, 892.08it/s]
9815it [00:12, 922.26it/s]
9916it [00:12, 947.99it/s]
10000it [00:12, 800.84it/s]
Experiment stage: Done
Results saved to:  /home/dzh/project/vdtuner/vector-db-benchmark-master/results
>>> [Step 5] 收尾工作...
    监控日志已保存。
📊 测试结果摘要:
0.93445
792.6278078428558
0.005320569220930337
line1:  0.005320569220930337
line1:  792.6278078428558
line1:  0.93445
numeric_values:  [0.005320569220930337, 792.6278078428558, 0.93445]
[91] 8077 0.93445 0.005320569220930337 89
/bin/sh: 1: Syntax error: "(" unexpected
/data/dzh/venv/lib/python3.10/site-packages/botorch/acquisition/multi_objective/monte_carlo.py:110: NumericsWarning: qExpectedHypervolumeImprovement has known numerical issues that lead to suboptimal optimization performance. It is strongly recommended to simply replace

	 qExpectedHypervolumeImprovement 	 --> 	 qLogExpectedHypervolumeImprovement 

instead, which fixes the issues and has the same API. See https://arxiv.org/abs/2310.20708 for details.
  legacy_ei_numerics_warning(legacy_name=type(self).__name__)
--- DEBUG: Starting command:---
=======================================
🛠️  开始测试流程
Engine: milvus-p10 | Dataset: random-range-2048-angular-no-filters
=======================================
>>> [Step 1] 启动后台监控...
    监控进程 PID: 910071
>>> [Step 2] 重置 Milvus...
 Container milvus-standalone  Stopping
 Container milvus-standalone  Stopped
 Container milvus-standalone  Removing
 Container milvus-standalone  Removed
 Container milvus-minio  Stopping
 Container milvus-etcd  Stopping
 Container milvus-etcd  Stopped
 Container milvus-etcd  Removing
 Container milvus-etcd  Removed
 Container milvus-minio  Stopped
 Container milvus-minio  Removing
 Container milvus-minio  Removed
 Network milvus  Removing
 Network milvus  Removed
    🧹 清理宿主机数据目录: /home/dzh/project/vdtuner/vector-db-benchmark-master/engine/servers/milvus-single-node/volumes
 Network milvus  Creating
 Network milvus  Created
 Container milvus-minio  Creating
 Container milvus-etcd  Creating
 Container milvus-etcd  Created
 Container milvus-minio  Created
 Container milvus-standalone  Creating
 Container milvus-standalone  Created
 Container milvus-minio  Starting
 Container milvus-etcd  Starting
 Container milvus-minio  Started
 Container milvus-etcd  Started
 Container milvus-standalone  Starting
 Container milvus-standalone  Started
>>> [Step 3] 等待服务启动 (90s)...
    等待中... (10s/120s)
    ✅ Milvus 服务已就绪
>>> [Step 4] 运行 Benchmark...
Running experiment: milvus-p10 - random-range-2048-angular-no-filters
established connection
/home/dzh/project/vdtuner/vector-db-benchmark-master/datasets/random-range-2048-angular/random_float_100k_no_filters already exists
Experiment stage: Configure
Experiment stage: Upload

0it [00:00, ?it/s]
1it [00:00,  2.90it/s]
64it [00:00, 72.74it/s]
600it [00:01, 814.21it/s]
848it [00:01, 1058.83it/s]
1216it [00:01, 1533.02it/s]
1490it [00:01, 1750.24it/s]
1756it [00:01, 1678.75it/s]
1985it [00:01, 1709.22it/s]
2368it [00:01, 2165.11it/s]
2726it [00:01, 2508.21it/s]
3136it [00:02, 2912.42it/s]
3968it [00:02, 4335.51it/s]
4992it [00:02, 5951.82it/s]
6016it [00:02, 7113.44it/s]
7102it [00:02, 8184.31it/s]
8000it [00:02, 8383.82it/s]
8960it [00:02, 8729.25it/s]
9984it [00:02, 9098.85it/s]
11008it [00:02, 9331.36it/s]
12032it [00:02, 9539.78it/s]
12992it [00:03, 9523.26it/s]
13952it [00:03, 9492.44it/s]
14976it [00:03, 9627.22it/s]
16000it [00:03, 9757.76it/s]
16978it [00:03, 9643.81it/s]
17944it [00:03, 8577.85it/s]
18880it [00:03, 8748.12it/s]
19843it [00:03, 8993.76it/s]
20864it [00:03, 9203.16it/s]
21888it [00:04, 9405.60it/s]
22947it [00:04, 9746.43it/s]
23936it [00:04, 9677.30it/s]
24909it [00:04, 9657.80it/s]
25878it [00:04, 9464.29it/s]
26880it [00:04, 9526.29it/s]
27840it [00:04, 9513.85it/s]
28800it [00:04, 9488.07it/s]
29824it [00:04, 9624.67it/s]
30848it [00:04, 9798.78it/s]
31829it [00:05, 9734.16it/s]
32803it [00:05, 7231.36it/s]
33664it [00:05, 7547.52it/s]
34560it [00:05, 7784.17it/s]
35393it [00:05, 7815.18it/s]
36416it [00:05, 8367.60it/s]
37376it [00:05, 8669.38it/s]
38336it [00:05, 8805.09it/s]
39234it [00:05, 8686.16it/s]
40128it [00:06, 8723.63it/s]
41049it [00:06, 8863.53it/s]
41984it [00:06, 8891.69it/s]
42913it [00:06, 9006.52it/s]
43840it [00:06, 9023.75it/s]
44745it [00:06, 8691.86it/s]
45760it [00:06, 9000.82it/s]
46664it [00:06, 7099.66it/s]
47488it [00:06, 7362.43it/s]
48384it [00:07, 7756.26it/s]
49344it [00:07, 8197.68it/s]
50240it [00:07, 8315.90it/s]
51187it [00:07, 8639.82it/s]
52105it [00:07, 8794.01it/s]
52999it [00:07, 8833.78it/s]
53902it [00:07, 8891.08it/s]
54848it [00:07, 8916.83it/s]
55745it [00:07, 8618.09it/s]
56704it [00:08, 8868.81it/s]
57600it [00:08, 8809.76it/s]
58555it [00:08, 9025.11it/s]
59461it [00:08, 8725.05it/s]
60416it [00:08, 8852.28it/s]
61312it [00:08, 8834.24it/s]
62198it [00:08, 6297.34it/s]
63104it [00:08, 6856.38it/s]
63936it [00:08, 7165.37it/s]
64888it [00:09, 7770.94it/s]
65722it [00:09, 7895.23it/s]
66560it [00:09, 7967.14it/s]
67520it [00:09, 8365.08it/s]
68480it [00:09, 8611.34it/s]
69376it [00:09, 8508.15it/s]
70272it [00:09, 8511.03it/s]
71168it [00:09, 8568.37it/s]
72059it [00:09, 8666.59it/s]
72931it [00:10, 8439.65it/s]
73779it [00:10, 8422.83it/s]
74624it [00:10, 8174.52it/s]
75456it [00:10, 8163.35it/s]
76275it [00:10, 7869.37it/s]
77065it [00:10, 7767.18it/s]
77952it [00:10, 8011.00it/s]
78848it [00:10, 8263.19it/s]
79744it [00:10, 8357.88it/s]
80640it [00:10, 8435.45it/s]
81536it [00:11, 8418.59it/s]
82394it [00:11, 8464.68it/s]
83264it [00:11, 8514.37it/s]
84160it [00:11, 8596.62it/s]
85056it [00:11, 8690.01it/s]
86001it [00:11, 8914.44it/s]
86894it [00:11, 8881.21it/s]
87783it [00:11, 8770.15it/s]
88692it [00:11, 8864.21it/s]
89579it [00:11, 8770.65it/s]
90457it [00:12, 8762.61it/s]
91334it [00:12, 8202.56it/s]
92162it [00:12, 7818.75it/s]
93078it [00:12, 8191.56it/s]
93952it [00:12, 8335.42it/s]
94848it [00:12, 8487.26it/s]
95808it [00:12, 8684.89it/s]
96704it [00:12, 8675.04it/s]
97591it [00:12, 8731.42it/s]
98466it [00:13, 8707.62it/s]
99338it [00:13, 8680.23it/s]
100000it [00:13, 7563.11it/s]
Upload time: 13.604651155881584
Total import time: 43.42723613791168
Experiment stage: Search

0it [00:00, ?it/s]
4it [00:00,  5.58it/s]
14it [00:00, 20.85it/s]
20it [00:00, 27.27it/s]
56it [00:01, 94.64it/s]
141it [00:01, 264.36it/s]
227it [00:01, 408.58it/s]
302it [00:01, 496.48it/s]
393it [00:01, 607.59it/s]
479it [00:01, 676.51it/s]
564it [00:01, 725.02it/s]
643it [00:01, 740.99it/s]
733it [00:01, 787.16it/s]
815it [00:01, 785.65it/s]
899it [00:02, 797.74it/s]
990it [00:02, 829.39it/s]
1076it [00:02, 837.70it/s]
1163it [00:02, 844.65it/s]
1250it [00:02, 847.01it/s]
1336it [00:02, 807.94it/s]
1422it [00:02, 821.00it/s]
1511it [00:02, 838.29it/s]
1596it [00:02, 819.55it/s]
1680it [00:02, 822.57it/s]
1773it [00:03, 852.57it/s]
1865it [00:03, 870.59it/s]
1953it [00:03, 847.09it/s]
2039it [00:03, 846.40it/s]
2125it [00:03, 849.95it/s]
2211it [00:03, 848.17it/s]
2296it [00:03, 842.56it/s]
2381it [00:03, 841.40it/s]
2466it [00:03, 837.54it/s]
2550it [00:04, 832.14it/s]
2637it [00:04, 841.71it/s]
2722it [00:04, 819.29it/s]
2805it [00:04, 810.35it/s]
2890it [00:04, 819.72it/s]
2979it [00:04, 840.03it/s]
3066it [00:04, 843.66it/s]
3154it [00:04, 853.74it/s]
3240it [00:04, 838.34it/s]
3324it [00:04, 817.09it/s]
3414it [00:05, 837.90it/s]
3498it [00:05, 837.29it/s]
3582it [00:05, 837.81it/s]
3666it [00:05, 836.80it/s]
3762it [00:05, 871.01it/s]
3850it [00:05, 869.52it/s]
3937it [00:05, 795.31it/s]
4018it [00:05, 778.57it/s]
4097it [00:05, 751.05it/s]
4182it [00:06, 778.33it/s]
4261it [00:06, 741.86it/s]
4336it [00:06, 678.31it/s]
4406it [00:06, 674.12it/s]
4480it [00:06, 691.30it/s]
4550it [00:06, 628.26it/s]
4615it [00:06, 632.67it/s]
4696it [00:06, 680.08it/s]
4782it [00:06, 729.82it/s]
4861it [00:07, 744.89it/s]
4962it [00:07, 819.84it/s]
5045it [00:07, 820.39it/s]
5131it [00:07, 831.32it/s]
5216it [00:07, 835.42it/s]
5309it [00:07, 862.76it/s]
5396it [00:07, 851.89it/s]
5482it [00:07, 831.52it/s]
5566it [00:07, 823.95it/s]
5651it [00:07, 831.12it/s]
5735it [00:08, 807.02it/s]
5817it [00:08, 810.54it/s]
5902it [00:08, 820.86it/s]
5996it [00:08, 853.37it/s]
6095it [00:08, 888.31it/s]
6184it [00:08, 873.20it/s]
6272it [00:08, 858.41it/s]
6366it [00:08, 881.08it/s]
6455it [00:08, 848.84it/s]
6549it [00:08, 873.09it/s]
6637it [00:09, 868.65it/s]
6731it [00:09, 886.98it/s]
6829it [00:09, 911.92it/s]
6927it [00:09, 930.64it/s]
7021it [00:09, 911.72it/s]
7117it [00:09, 925.36it/s]
7210it [00:09, 924.71it/s]
7307it [00:09, 935.70it/s]
7401it [00:09, 920.16it/s]
7494it [00:10, 897.93it/s]
7584it [00:10, 886.86it/s]
7673it [00:10, 867.83it/s]
7760it [00:10, 841.33it/s]
7845it [00:10, 827.98it/s]
7929it [00:10, 831.04it/s]
8013it [00:10, 799.48it/s]
8094it [00:10, 788.06it/s]
8173it [00:10, 788.11it/s]
8257it [00:10, 801.63it/s]
8338it [00:11, 761.07it/s]
8415it [00:11, 744.72it/s]
8496it [00:11, 762.54it/s]
8573it [00:11, 742.06it/s]
8648it [00:11, 701.04it/s]
8726it [00:11, 722.54it/s]
8804it [00:11, 738.29it/s]
8879it [00:11, 708.90it/s]
8966it [00:11, 754.32it/s]
9051it [00:12, 780.12it/s]
9141it [00:12, 812.98it/s]
9235it [00:12, 847.85it/s]
9325it [00:12, 859.55it/s]
9418it [00:12, 878.30it/s]
9507it [00:12, 879.61it/s]
9596it [00:12, 878.00it/s]
9684it [00:12, 857.81it/s]
9774it [00:12, 868.87it/s]
9866it [00:12, 883.16it/s]
9955it [00:13, 877.43it/s]
10000it [00:13, 762.52it/s]
Experiment stage: Done
Results saved to:  /home/dzh/project/vdtuner/vector-db-benchmark-master/results
>>> [Step 5] 收尾工作...
    监控日志已保存。
📊 测试结果摘要:
0.9172600000000001
757.2988505624775
0.005052301427349448
line1:  0.005052301427349448
line1:  757.2988505624775
line1:  0.9172600000000001
numeric_values:  [0.005052301427349448, 757.2988505624775, 0.9172600000000001]
[92] 8167 0.9172600000000001 0.005052301427349448 89
/bin/sh: 1: Syntax error: "(" unexpected
/data/dzh/venv/lib/python3.10/site-packages/botorch/acquisition/multi_objective/monte_carlo.py:110: NumericsWarning: qExpectedHypervolumeImprovement has known numerical issues that lead to suboptimal optimization performance. It is strongly recommended to simply replace

	 qExpectedHypervolumeImprovement 	 --> 	 qLogExpectedHypervolumeImprovement 

instead, which fixes the issues and has the same API. See https://arxiv.org/abs/2310.20708 for details.
  legacy_ei_numerics_warning(legacy_name=type(self).__name__)
--- DEBUG: Starting command:---
=======================================
🛠️  开始测试流程
Engine: milvus-p10 | Dataset: random-range-2048-angular-no-filters
=======================================
>>> [Step 1] 启动后台监控...
    监控进程 PID: 924642
>>> [Step 2] 重置 Milvus...
 Container milvus-standalone  Stopping
 Container milvus-standalone  Stopped
 Container milvus-standalone  Removing
 Container milvus-standalone  Removed
 Container milvus-minio  Stopping
 Container milvus-etcd  Stopping
 Container milvus-etcd  Stopped
 Container milvus-etcd  Removing
 Container milvus-etcd  Removed
 Container milvus-minio  Stopped
 Container milvus-minio  Removing
 Container milvus-minio  Removed
 Network milvus  Removing
 Network milvus  Removed
    🧹 清理宿主机数据目录: /home/dzh/project/vdtuner/vector-db-benchmark-master/engine/servers/milvus-single-node/volumes
 Network milvus  Creating
 Network milvus  Created
 Container milvus-minio  Creating
 Container milvus-etcd  Creating
 Container milvus-minio  Created
 Container milvus-etcd  Created
 Container milvus-standalone  Creating
 Container milvus-standalone  Created
 Container milvus-minio  Starting
 Container milvus-etcd  Starting
 Container milvus-minio  Started
 Container milvus-etcd  Started
 Container milvus-standalone  Starting
 Container milvus-standalone  Started
>>> [Step 3] 等待服务启动 (90s)...
    等待中... (10s/120s)
    ✅ Milvus 服务已就绪
>>> [Step 4] 运行 Benchmark...
Running experiment: milvus-p10 - random-range-2048-angular-no-filters
established connection
/home/dzh/project/vdtuner/vector-db-benchmark-master/datasets/random-range-2048-angular/random_float_100k_no_filters already exists
Experiment stage: Configure
Experiment stage: Upload

0it [00:00, ?it/s]
1it [00:00,  1.46it/s]
64it [00:00, 84.97it/s]
768it [00:01, 1197.11it/s]
1096it [00:01, 1372.89it/s]
1365it [00:01, 1497.09it/s]
1664it [00:01, 1689.83it/s]
2048it [00:01, 2067.35it/s]
2432it [00:01, 2359.57it/s]
2752it [00:01, 2525.95it/s]
3200it [00:01, 2946.59it/s]
3843it [00:02, 3846.01it/s]
4807it [00:02, 5407.15it/s]
5696it [00:02, 6302.91it/s]
6656it [00:02, 7199.96it/s]
7586it [00:02, 7800.76it/s]
8542it [00:02, 8310.87it/s]
9472it [00:02, 8544.52it/s]
10496it [00:02, 9037.20it/s]
11456it [00:02, 9171.39it/s]
12445it [00:02, 9383.72it/s]
13390it [00:03, 9293.57it/s]
14400it [00:03, 9472.78it/s]
15424it [00:03, 9626.38it/s]
16389it [00:03, 9511.79it/s]
17342it [00:03, 6560.55it/s]
18285it [00:03, 7204.75it/s]
19200it [00:03, 7665.65it/s]
20160it [00:03, 8052.12it/s]
21120it [00:04, 8378.29it/s]
22016it [00:04, 8409.83it/s]
22892it [00:04, 8442.56it/s]
23808it [00:04, 8560.99it/s]
24832it [00:04, 9036.23it/s]
25792it [00:04, 9187.84it/s]
26752it [00:04, 9215.87it/s]
27682it [00:04, 9175.73it/s]
28612it [00:04, 9211.68it/s]
29537it [00:04, 9182.92it/s]
30458it [00:05, 9004.48it/s]
31361it [00:05, 8933.54it/s]
32256it [00:05, 6165.81it/s]
33024it [00:05, 6476.33it/s]
33984it [00:05, 7190.14it/s]
34944it [00:05, 7756.80it/s]
35904it [00:05, 8198.77it/s]
36840it [00:05, 8516.24it/s]
37733it [00:06, 8632.30it/s]
38656it [00:06, 8751.48it/s]
39638it [00:06, 9060.07it/s]
40559it [00:06, 8973.18it/s]
41472it [00:06, 8986.81it/s]
42432it [00:06, 9069.86it/s]
43345it [00:06, 9067.58it/s]
44256it [00:06, 8817.70it/s]
45142it [00:06, 8558.19it/s]
46080it [00:06, 8681.57it/s]
46951it [00:07, 6091.50it/s]
47872it [00:07, 6763.16it/s]
48704it [00:07, 7113.74it/s]
49600it [00:07, 7577.23it/s]
50560it [00:07, 8098.79it/s]
51515it [00:07, 8498.99it/s]
52416it [00:07, 8545.41it/s]
53312it [00:07, 8661.26it/s]
54198it [00:08, 8654.39it/s]
55104it [00:08, 8690.85it/s]
56000it [00:08, 8764.52it/s]
56954it [00:08, 8991.91it/s]
57859it [00:08, 8882.17it/s]
58790it [00:08, 9007.70it/s]
59712it [00:08, 8952.10it/s]
60610it [00:08, 8945.19it/s]
61507it [00:08, 8756.77it/s]
62385it [00:09, 7317.77it/s]
63360it [00:09, 7834.25it/s]
64214it [00:09, 8022.13it/s]
65088it [00:09, 8190.37it/s]
65990it [00:09, 8423.57it/s]
66848it [00:09, 8343.29it/s]
67776it [00:09, 8463.48it/s]
68680it [00:09, 8628.80it/s]
69593it [00:09, 8774.30it/s]
70528it [00:09, 8879.63it/s]
71488it [00:10, 8980.08it/s]
72389it [00:10, 8623.53it/s]
73332it [00:10, 8854.38it/s]
74222it [00:10, 8854.90it/s]
75111it [00:10, 8763.09it/s]
76032it [00:10, 8817.29it/s]
76916it [00:10, 5367.57it/s]
77696it [00:10, 5844.67it/s]
78592it [00:11, 6531.18it/s]
79552it [00:11, 7199.34it/s]
80512it [00:11, 7741.71it/s]
81448it [00:11, 8170.73it/s]
82368it [00:11, 8410.72it/s]
83264it [00:11, 8551.43it/s]
84160it [00:11, 8630.63it/s]
85045it [00:11, 8674.11it/s]
85928it [00:11, 8616.54it/s]
86801it [00:12, 8369.16it/s]
87693it [00:12, 8526.72it/s]
88575it [00:12, 8610.76it/s]
89442it [00:12, 8576.35it/s]
90368it [00:12, 8617.17it/s]
91233it [00:12, 5857.13it/s]
92096it [00:12, 6459.10it/s]
92992it [00:12, 7045.27it/s]
93888it [00:13, 7442.52it/s]
94784it [00:13, 7793.48it/s]
95677it [00:13, 8103.02it/s]
96555it [00:13, 8292.44it/s]
97472it [00:13, 8410.32it/s]
98368it [00:13, 8550.10it/s]
99264it [00:13, 8544.87it/s]
100000it [00:13, 7296.96it/s]
Upload time: 14.289359186775982
Total import time: 44.310645467136055
Experiment stage: Search

0it [00:00, ?it/s]
4it [00:00,  5.24it/s]
14it [00:00, 19.30it/s]
26it [00:00, 37.08it/s]
79it [00:01, 136.37it/s]
166it [00:01, 299.88it/s]
249it [00:01, 426.76it/s]
316it [00:01, 488.22it/s]
396it [00:01, 568.05it/s]
483it [00:01, 641.38it/s]
569it [00:01, 701.69it/s]
646it [00:01, 720.75it/s]
723it [00:01, 678.47it/s]
795it [00:02, 585.95it/s]
862it [00:02, 603.04it/s]
931it [00:02, 624.79it/s]
999it [00:02, 634.40it/s]
1078it [00:02, 676.97it/s]
1171it [00:02, 747.00it/s]
1249it [00:02, 755.93it/s]
1329it [00:02, 763.70it/s]
1407it [00:02, 756.32it/s]
1484it [00:03, 751.49it/s]
1560it [00:03, 709.64it/s]
1632it [00:03, 685.60it/s]
1705it [00:03, 691.11it/s]
1775it [00:03, 660.12it/s]
1842it [00:03, 650.83it/s]
1940it [00:03, 741.68it/s]
2034it [00:03, 795.58it/s]
2125it [00:03, 826.20it/s]
2220it [00:03, 858.36it/s]
2307it [00:04, 858.32it/s]
2395it [00:04, 863.90it/s]
2482it [00:04, 827.54it/s]
2571it [00:04, 841.30it/s]
2656it [00:04, 794.56it/s]
2739it [00:04, 803.05it/s]
2821it [00:04, 805.62it/s]
2911it [00:04, 830.33it/s]
2995it [00:04, 744.67it/s]
3072it [00:05, 745.11it/s]
3148it [00:05, 744.75it/s]
3224it [00:05, 740.98it/s]
3304it [00:05, 756.53it/s]
3381it [00:05, 716.61it/s]
3463it [00:05, 744.54it/s]
3539it [00:05, 697.40it/s]
3610it [00:05, 675.46it/s]
3685it [00:05, 695.43it/s]
3756it [00:06, 697.33it/s]
3839it [00:06, 733.98it/s]
3920it [00:06, 755.09it/s]
3996it [00:06, 679.24it/s]
4066it [00:06, 654.83it/s]
4146it [00:06, 693.11it/s]
4219it [00:06, 701.56it/s]
4297it [00:06, 712.37it/s]
4370it [00:06, 712.41it/s]
4442it [00:07, 645.37it/s]
4508it [00:07, 631.67it/s]
4573it [00:07, 576.18it/s]
4645it [00:07, 612.91it/s]
4734it [00:07, 687.75it/s]
4811it [00:07, 707.43it/s]
4884it [00:07, 703.08it/s]
4956it [00:07, 696.49it/s]
5042it [00:07, 740.97it/s]
5117it [00:08, 714.25it/s]
5190it [00:08, 671.34it/s]
5258it [00:08, 649.91it/s]
5324it [00:08, 608.27it/s]
5386it [00:08, 600.73it/s]
5447it [00:08, 601.63it/s]
5508it [00:08, 584.23it/s]
5567it [00:08, 573.54it/s]
5631it [00:08, 590.79it/s]
5719it [00:09, 672.75it/s]
5797it [00:09, 701.81it/s]
5868it [00:09, 665.64it/s]
5949it [00:09, 706.41it/s]
6038it [00:09, 758.76it/s]
6129it [00:09, 802.39it/s]
6222it [00:09, 838.63it/s]
6315it [00:09, 863.05it/s]
6403it [00:09, 866.38it/s]
6502it [00:09, 902.89it/s]
6593it [00:10, 862.86it/s]
6680it [00:10, 840.69it/s]
6765it [00:10, 836.62it/s]
6856it [00:10, 855.71it/s]
6949it [00:10, 876.50it/s]
7051it [00:10, 917.05it/s]
7149it [00:10, 934.51it/s]
7243it [00:10, 875.50it/s]
7345it [00:10, 916.38it/s]
7438it [00:11, 862.03it/s]
7526it [00:11, 816.06it/s]
7617it [00:11, 840.76it/s]
7703it [00:11, 811.54it/s]
7797it [00:11, 844.91it/s]
7899it [00:11, 893.50it/s]
7999it [00:11, 921.65it/s]
8100it [00:11, 943.61it/s]
8195it [00:11, 821.91it/s]
8281it [00:12, 823.71it/s]
8366it [00:12, 760.10it/s]
8457it [00:12, 798.57it/s]
8549it [00:12, 830.32it/s]
8643it [00:12, 860.72it/s]
8740it [00:12, 891.61it/s]
8834it [00:12, 905.09it/s]
8926it [00:12, 899.38it/s]
9017it [00:12, 891.39it/s]
9107it [00:12, 856.32it/s]
9194it [00:13, 820.11it/s]
9281it [00:13, 833.26it/s]
9381it [00:13, 880.42it/s]
9482it [00:13, 917.22it/s]
9575it [00:13, 857.98it/s]
9662it [00:13, 824.03it/s]
9747it [00:13, 829.63it/s]
9831it [00:13, 784.84it/s]
9911it [00:13, 747.64it/s]
9987it [00:14, 726.63it/s]
10000it [00:14, 709.00it/s]
Experiment stage: Done
Results saved to:  /home/dzh/project/vdtuner/vector-db-benchmark-master/results
>>> [Step 5] 收尾工作...
    监控日志已保存。
📊 测试结果摘要:
0.9165400000000001
704.683731950742
0.005924685089848933
line1:  0.005924685089848933
line1:  704.683731950742
line1:  0.9165400000000001
numeric_values:  [0.005924685089848933, 704.683731950742, 0.9165400000000001]
[93] 8258 0.9165400000000001 0.005924685089848933 91
/bin/sh: 1: Syntax error: "(" unexpected
/data/dzh/venv/lib/python3.10/site-packages/botorch/acquisition/multi_objective/monte_carlo.py:110: NumericsWarning: qExpectedHypervolumeImprovement has known numerical issues that lead to suboptimal optimization performance. It is strongly recommended to simply replace

	 qExpectedHypervolumeImprovement 	 --> 	 qLogExpectedHypervolumeImprovement 

instead, which fixes the issues and has the same API. See https://arxiv.org/abs/2310.20708 for details.
  legacy_ei_numerics_warning(legacy_name=type(self).__name__)
--- DEBUG: Starting command:---
=======================================
🛠️  开始测试流程
Engine: milvus-p10 | Dataset: random-range-2048-angular-no-filters
=======================================
>>> [Step 1] 启动后台监控...
    监控进程 PID: 939354
>>> [Step 2] 重置 Milvus...
 Container milvus-standalone  Stopping
 Container milvus-standalone  Stopped
 Container milvus-standalone  Removing
 Container milvus-standalone  Removed
 Container milvus-minio  Stopping
 Container milvus-etcd  Stopping
 Container milvus-etcd  Stopped
 Container milvus-etcd  Removing
 Container milvus-etcd  Removed
 Container milvus-minio  Stopped
 Container milvus-minio  Removing
 Container milvus-minio  Removed
 Network milvus  Removing
 Network milvus  Removed
    🧹 清理宿主机数据目录: /home/dzh/project/vdtuner/vector-db-benchmark-master/engine/servers/milvus-single-node/volumes
 Network milvus  Creating
 Network milvus  Created
 Container milvus-etcd  Creating
 Container milvus-minio  Creating
 Container milvus-minio  Created
 Container milvus-etcd  Created
 Container milvus-standalone  Creating
 Container milvus-standalone  Created
 Container milvus-minio  Starting
 Container milvus-etcd  Starting
 Container milvus-etcd  Started
 Container milvus-minio  Started
 Container milvus-standalone  Starting
 Container milvus-standalone  Started
>>> [Step 3] 等待服务启动 (90s)...
    等待中... (10s/120s)
    ✅ Milvus 服务已就绪
>>> [Step 4] 运行 Benchmark...
Running experiment: milvus-p10 - random-range-2048-angular-no-filters
established connection
/home/dzh/project/vdtuner/vector-db-benchmark-master/datasets/random-range-2048-angular/random_float_100k_no_filters already exists
Experiment stage: Configure
Experiment stage: Upload

0it [00:00, ?it/s]
1it [00:00,  1.54it/s]
64it [00:00, 91.76it/s]
384it [00:01, 609.46it/s]
704it [00:01, 1104.26it/s]
1088it [00:01, 1667.55it/s]
1408it [00:01, 1934.54it/s]
1769it [00:01, 2338.04it/s]
2112it [00:01, 2583.14it/s]
2418it [00:01, 2459.55it/s]
2944it [00:01, 3139.92it/s]
3584it [00:01, 3968.18it/s]
4160it [00:01, 4409.58it/s]
5056it [00:02, 5601.94it/s]
5902it [00:02, 6407.19it/s]
6804it [00:02, 7156.84it/s]
7872it [00:02, 8079.16it/s]
8922it [00:02, 8783.22it/s]
9920it [00:02, 9110.30it/s]
10880it [00:02, 9248.62it/s]
11904it [00:02, 9491.41it/s]
12928it [00:02, 9646.63it/s]
13896it [00:03, 9468.94it/s]
14912it [00:03, 9597.34it/s]
15874it [00:03, 9599.86it/s]
16836it [00:03, 7429.32it/s]
17792it [00:03, 7881.67it/s]
18752it [00:03, 8267.25it/s]
19749it [00:03, 8723.40it/s]
20672it [00:03, 8768.07it/s]
21600it [00:03, 8911.42it/s]
22576it [00:04, 9154.24it/s]
23507it [00:04, 9077.27it/s]
24448it [00:04, 9135.39it/s]
25370it [00:04, 9145.38it/s]
26304it [00:04, 9127.64it/s]
27264it [00:04, 9258.50it/s]
28224it [00:04, 9224.14it/s]
29149it [00:04, 9214.08it/s]
30080it [00:04, 9182.93it/s]
31000it [00:04, 8894.10it/s]
31905it [00:05, 8927.63it/s]
32860it [00:05, 9109.66it/s]
33839it [00:05, 9309.69it/s]
34772it [00:05, 9046.56it/s]
35797it [00:05, 9396.99it/s]
36800it [00:05, 9504.21it/s]
37760it [00:05, 9531.16it/s]
38720it [00:05, 9509.34it/s]
39715it [00:05, 9639.10it/s]
40680it [00:05, 9483.39it/s]
41630it [00:06, 9420.05it/s]
42573it [00:06, 8779.01it/s]
43520it [00:06, 8898.36it/s]
44480it [00:06, 9056.00it/s]
45391it [00:06, 8942.79it/s]
46464it [00:06, 9330.81it/s]
47400it [00:06, 5637.64it/s]
48192it [00:07, 6039.13it/s]
49131it [00:07, 6777.48it/s]
50034it [00:07, 7316.47it/s]
50868it [00:07, 7540.14it/s]
51697it [00:07, 7721.90it/s]
52657it [00:07, 8237.85it/s]
53594it [00:07, 8556.44it/s]
54482it [00:07, 8513.56it/s]
55424it [00:07, 8724.13it/s]
56384it [00:07, 8870.71it/s]
57283it [00:08, 8768.50it/s]
58168it [00:08, 8723.35it/s]
59046it [00:08, 8136.91it/s]
59871it [00:08, 7816.88it/s]
60672it [00:08, 7839.03it/s]
61463it [00:08, 6373.93it/s]
62324it [00:08, 6924.52it/s]
63104it [00:08, 7061.90it/s]
64000it [00:08, 7499.82it/s]
64960it [00:09, 8065.75it/s]
65856it [00:09, 8289.14it/s]
66816it [00:09, 8625.43it/s]
67693it [00:09, 8455.93it/s]
68608it [00:09, 8577.38it/s]
69504it [00:09, 8645.82it/s]
70464it [00:09, 8804.80it/s]
71360it [00:09, 8749.45it/s]
72256it [00:09, 8787.43it/s]
73152it [00:10, 8751.16it/s]
74104it [00:10, 8975.83it/s]
75003it [00:10, 6027.52it/s]
75761it [00:10, 6369.95it/s]
76672it [00:10, 6948.57it/s]
77571it [00:10, 7464.12it/s]
78518it [00:10, 7996.10it/s]
79428it [00:10, 8298.92it/s]
80322it [00:10, 8479.15it/s]
81280it [00:11, 8793.59it/s]
82240it [00:11, 8945.44it/s]
83200it [00:11, 9126.67it/s]
84125it [00:11, 8948.88it/s]
85041it [00:11, 9009.82it/s]
85949it [00:11, 9022.46it/s]
86856it [00:11, 8965.28it/s]
87756it [00:11, 8904.97it/s]
88649it [00:11, 8844.17it/s]
89600it [00:12, 9011.06it/s]
90503it [00:12, 7456.32it/s]
91353it [00:12, 7726.08it/s]
92162it [00:12, 7572.41it/s]
93116it [00:12, 8106.44it/s]
93952it [00:12, 8153.79it/s]
94912it [00:12, 8471.79it/s]
95872it [00:12, 8693.87it/s]
96799it [00:12, 8859.30it/s]
97728it [00:13, 8946.34it/s]
98630it [00:13, 8967.08it/s]
99584it [00:13, 8997.91it/s]
100000it [00:13, 7538.94it/s]
Upload time: 13.671188353095204
Total import time: 43.28863309742883
Experiment stage: Search

0it [00:00, ?it/s]
4it [00:00,  5.27it/s]
14it [00:00, 19.21it/s]
32it [00:01, 46.92it/s]
90it [00:01, 152.78it/s]
175it [00:01, 306.87it/s]
254it [00:01, 422.78it/s]
329it [00:01, 504.52it/s]
424it [00:01, 622.90it/s]
525it [00:01, 725.13it/s]
613it [00:01, 763.68it/s]
704it [00:01, 803.16it/s]
790it [00:01, 720.51it/s]
867it [00:02, 589.83it/s]
947it [00:02, 638.24it/s]
1017it [00:02, 619.86it/s]
1084it [00:02, 630.54it/s]
1151it [00:02, 608.97it/s]
1216it [00:02, 617.36it/s]
1287it [00:02, 642.64it/s]
1367it [00:02, 686.59it/s]
1456it [00:02, 743.83it/s]
1536it [00:03, 759.03it/s]
1617it [00:03, 771.01it/s]
1701it [00:03, 790.44it/s]
1803it [00:03, 857.34it/s]
1902it [00:03, 894.44it/s]
1999it [00:03, 916.03it/s]
2102it [00:03, 949.53it/s]
2198it [00:03, 939.77it/s]
2293it [00:03, 857.14it/s]
2381it [00:04, 821.11it/s]
2465it [00:04, 705.35it/s]
2539it [00:04, 692.12it/s]
2611it [00:04, 689.62it/s]
2682it [00:04, 691.53it/s]
2753it [00:04, 682.21it/s]
2827it [00:04, 696.97it/s]
2898it [00:04, 696.86it/s]
2977it [00:04, 723.33it/s]
3063it [00:05, 755.51it/s]
3149it [00:05, 766.65it/s]
3232it [00:05, 769.24it/s]
3310it [00:05, 719.55it/s]
3390it [00:05, 738.00it/s]
3471it [00:05, 757.50it/s]
3548it [00:05, 719.41it/s]
3621it [00:05, 709.80it/s]
3693it [00:05, 708.62it/s]
3771it [00:06, 729.00it/s]
3845it [00:06, 653.45it/s]
3912it [00:06, 657.46it/s]
3981it [00:06, 665.67it/s]
4060it [00:06, 700.54it/s]
4139it [00:06, 725.63it/s]
4226it [00:06, 765.94it/s]
4316it [00:06, 802.89it/s]
4418it [00:06, 866.00it/s]
4505it [00:06, 865.38it/s]
4592it [00:07, 854.95it/s]
4681it [00:07, 864.43it/s]
4773it [00:07, 876.42it/s]
4862it [00:07, 877.84it/s]
4950it [00:07, 861.34it/s]
5045it [00:07, 885.10it/s]
5134it [00:07, 886.09it/s]
5227it [00:07, 896.40it/s]
5328it [00:07, 927.94it/s]
5421it [00:08, 827.62it/s]
5506it [00:08, 830.04it/s]
5591it [00:08, 747.67it/s]
5669it [00:08, 563.64it/s]
5734it [00:08, 576.32it/s]
5798it [00:08, 584.85it/s]
5875it [00:08, 630.99it/s]
5976it [00:08, 730.45it/s]
6070it [00:09, 785.49it/s]
6156it [00:09, 805.07it/s]
6239it [00:09, 769.04it/s]
6318it [00:09, 734.84it/s]
6394it [00:09, 724.16it/s]
6468it [00:09, 704.60it/s]
6551it [00:09, 738.53it/s]
6626it [00:09, 720.55it/s]
6715it [00:09, 767.48it/s]
6808it [00:09, 812.91it/s]
6890it [00:10, 810.47it/s]
6981it [00:10, 837.27it/s]
7080it [00:10, 879.86it/s]
7173it [00:10, 890.21it/s]
7263it [00:10, 841.53it/s]
7348it [00:10, 830.16it/s]
7432it [00:10, 832.07it/s]
7533it [00:10, 882.20it/s]
7638it [00:10, 930.10it/s]
7732it [00:11, 914.56it/s]
7824it [00:11, 894.83it/s]
7914it [00:11, 879.85it/s]
8003it [00:11, 860.89it/s]
8090it [00:11, 841.44it/s]
8176it [00:11, 844.96it/s]
8264it [00:11, 852.17it/s]
8350it [00:11, 781.88it/s]
8430it [00:11, 644.27it/s]
8516it [00:12, 695.47it/s]
8598it [00:12, 725.86it/s]
8690it [00:12, 777.15it/s]
8780it [00:12, 809.34it/s]
8864it [00:12, 816.28it/s]
8954it [00:12, 839.86it/s]
9048it [00:12, 867.33it/s]
9136it [00:12, 835.58it/s]
9221it [00:12, 795.14it/s]
9302it [00:13, 785.40it/s]
9382it [00:13, 762.74it/s]
9466it [00:13, 783.57it/s]
9557it [00:13, 814.82it/s]
9644it [00:13, 827.35it/s]
9728it [00:13, 793.39it/s]
9809it [00:13, 797.83it/s]
9891it [00:13, 799.42it/s]
9982it [00:13, 831.32it/s]
10000it [00:13, 720.87it/s]
Experiment stage: Done
Results saved to:  /home/dzh/project/vdtuner/vector-db-benchmark-master/results
>>> [Step 5] 收尾工作...
    监控日志已保存。
📊 测试结果摘要:
0.99974
714.0979402977943
0.006413484923541543
line1:  0.006413484923541543
line1:  714.0979402977943
line1:  0.99974
numeric_values:  [0.006413484923541543, 714.0979402977943, 0.99974]
[94] 8348 0.99974 0.006413484923541543 90
/bin/sh: 1: Syntax error: "(" unexpected
/data/dzh/venv/lib/python3.10/site-packages/botorch/acquisition/multi_objective/monte_carlo.py:110: NumericsWarning: qExpectedHypervolumeImprovement has known numerical issues that lead to suboptimal optimization performance. It is strongly recommended to simply replace

	 qExpectedHypervolumeImprovement 	 --> 	 qLogExpectedHypervolumeImprovement 

instead, which fixes the issues and has the same API. See https://arxiv.org/abs/2310.20708 for details.
  legacy_ei_numerics_warning(legacy_name=type(self).__name__)
--- DEBUG: Starting command:---
=======================================
🛠️  开始测试流程
Engine: milvus-p10 | Dataset: random-range-2048-angular-no-filters
=======================================
>>> [Step 1] 启动后台监控...
    监控进程 PID: 954940
>>> [Step 2] 重置 Milvus...
 Container milvus-standalone  Stopping
 Container milvus-standalone  Stopped
 Container milvus-standalone  Removing
 Container milvus-standalone  Removed
 Container milvus-etcd  Stopping
 Container milvus-minio  Stopping
 Container milvus-etcd  Stopped
 Container milvus-etcd  Removing
 Container milvus-etcd  Removed
 Container milvus-minio  Stopped
 Container milvus-minio  Removing
 Container milvus-minio  Removed
 Network milvus  Removing
 Network milvus  Removed
    🧹 清理宿主机数据目录: /home/dzh/project/vdtuner/vector-db-benchmark-master/engine/servers/milvus-single-node/volumes
 Network milvus  Creating
 Network milvus  Created
 Container milvus-minio  Creating
 Container milvus-etcd  Creating
 Container milvus-etcd  Created
 Container milvus-minio  Created
 Container milvus-standalone  Creating
 Container milvus-standalone  Created
 Container milvus-minio  Starting
 Container milvus-etcd  Starting
 Container milvus-etcd  Started
 Container milvus-minio  Started
 Container milvus-standalone  Starting
 Container milvus-standalone  Started
>>> [Step 3] 等待服务启动 (90s)...
    等待中... (10s/120s)
    ✅ Milvus 服务已就绪
>>> [Step 4] 运行 Benchmark...
Running experiment: milvus-p10 - random-range-2048-angular-no-filters
established connection
/home/dzh/project/vdtuner/vector-db-benchmark-master/datasets/random-range-2048-angular/random_float_100k_no_filters already exists
Experiment stage: Configure
Experiment stage: Upload

0it [00:00, ?it/s]
1it [00:00,  1.05it/s]
448it [00:01, 582.76it/s]
742it [00:01, 947.42it/s]
1088it [00:01, 1316.91it/s]
1408it [00:01, 1662.14it/s]
1685it [00:01, 1899.47it/s]
1962it [00:01, 2089.64it/s]
2236it [00:01, 2250.61it/s]
2624it [00:01, 2640.06it/s]
3200it [00:01, 3425.59it/s]
3648it [00:02, 3587.89it/s]
4288it [00:02, 4321.45it/s]
5184it [00:02, 5544.29it/s]
6080it [00:02, 6482.43it/s]
7168it [00:02, 7664.90it/s]
8192it [00:02, 8302.65it/s]
9216it [00:02, 8747.89it/s]
10256it [00:02, 9226.13it/s]
11264it [00:02, 9390.88it/s]
12209it [00:02, 9375.80it/s]
13151it [00:03, 9292.42it/s]
14145it [00:03, 9480.95it/s]
15104it [00:03, 9499.26it/s]
16128it [00:03, 9678.31it/s]
17098it [00:03, 7276.30it/s]
18026it [00:03, 7759.55it/s]
18944it [00:03, 8056.40it/s]
19840it [00:03, 8284.24it/s]
20763it [00:03, 8544.34it/s]
21693it [00:04, 8756.49it/s]
22593it [00:04, 8675.49it/s]
23488it [00:04, 8684.57it/s]
24384it [00:04, 8664.54it/s]
25267it [00:04, 8712.20it/s]
26144it [00:04, 8699.99it/s]
27072it [00:04, 8813.69it/s]
28096it [00:04, 9120.88it/s]
29120it [00:04, 9387.47it/s]
30080it [00:05, 9356.54it/s]
31096it [00:05, 9592.19it/s]
32057it [00:05, 6234.80it/s]
33024it [00:05, 6919.83it/s]
33984it [00:05, 7474.23it/s]
34880it [00:05, 7784.00it/s]
35840it [00:05, 8212.09it/s]
36858it [00:05, 8743.44it/s]
37781it [00:06, 8796.76it/s]
38776it [00:06, 9122.49it/s]
39715it [00:06, 8942.69it/s]
40684it [00:06, 9155.71it/s]
41614it [00:06, 8604.80it/s]
42560it [00:06, 8824.13it/s]
43458it [00:06, 8868.16it/s]
44480it [00:06, 9206.57it/s]
45440it [00:06, 9209.10it/s]
46366it [00:07, 5742.81it/s]
47168it [00:07, 6187.19it/s]
48142it [00:07, 6991.52it/s]
49088it [00:07, 7555.79it/s]
50048it [00:07, 8034.47it/s]
50926it [00:07, 8155.12it/s]
51840it [00:07, 8349.99it/s]
52714it [00:07, 8145.16it/s]
53556it [00:07, 8119.37it/s]
54387it [00:08, 8095.51it/s]
55232it [00:08, 8156.56it/s]
56064it [00:08, 8175.13it/s]
56896it [00:08, 8107.10it/s]
57712it [00:08, 7966.40it/s]
58513it [00:08, 7958.50it/s]
59392it [00:08, 8167.59it/s]
60320it [00:08, 8493.75it/s]
61248it [00:08, 8607.88it/s]
62111it [00:09, 5909.21it/s]
63040it [00:09, 6648.64it/s]
63936it [00:09, 7105.36it/s]
64768it [00:09, 7390.60it/s]
65705it [00:09, 7916.08it/s]
66560it [00:09, 8087.31it/s]
67456it [00:09, 8323.07it/s]
68352it [00:09, 8434.72it/s]
69248it [00:09, 8570.17it/s]
70203it [00:10, 8855.56it/s]
71104it [00:10, 8852.30it/s]
72000it [00:10, 8848.59it/s]
72896it [00:10, 8810.64it/s]
73792it [00:10, 8796.65it/s]
74675it [00:10, 8790.25it/s]
75584it [00:10, 8810.96it/s]
76544it [00:10, 8939.00it/s]
77439it [00:11, 6061.05it/s]
78272it [00:11, 6538.00it/s]
79040it [00:11, 6765.43it/s]
79966it [00:11, 7398.92it/s]
80920it [00:11, 7968.76it/s]
81856it [00:11, 8317.18it/s]
82752it [00:11, 8421.65it/s]
83648it [00:11, 8562.09it/s]
84608it [00:11, 8746.06it/s]
85497it [00:11, 8785.03it/s]
86388it [00:12, 8821.45it/s]
87278it [00:12, 8844.45it/s]
88192it [00:12, 8855.43it/s]
89088it [00:12, 8774.52it/s]
89984it [00:12, 8798.81it/s]
90944it [00:12, 8970.72it/s]
91843it [00:12, 5888.65it/s]
92750it [00:12, 6577.40it/s]
93632it [00:13, 7024.26it/s]
94569it [00:13, 7609.26it/s]
95488it [00:13, 7998.36it/s]
96384it [00:13, 8253.00it/s]
97280it [00:13, 8444.08it/s]
98240it [00:13, 8728.60it/s]
99137it [00:13, 8777.20it/s]
100000it [00:13, 7262.62it/s]
Upload time: 14.166639216709882
Total import time: 43.796817175578326
Experiment stage: Search

0it [00:00, ?it/s]
4it [00:00,  5.26it/s]
14it [00:00, 19.66it/s]
27it [00:00, 39.45it/s]
92it [00:01, 162.65it/s]
176it [00:01, 314.09it/s]
254it [00:01, 426.66it/s]
345it [00:01, 541.30it/s]
435it [00:01, 635.58it/s]
525it [00:01, 706.96it/s]
605it [00:01, 714.46it/s]
683it [00:01, 659.47it/s]
756it [00:01, 676.01it/s]
828it [00:02, 629.05it/s]
897it [00:02, 641.17it/s]
964it [00:02, 617.16it/s]
1028it [00:02, 616.69it/s]
1091it [00:02, 556.75it/s]
1149it [00:02, 556.28it/s]
1211it [00:02, 572.57it/s]
1275it [00:02, 577.33it/s]
1334it [00:02, 537.74it/s]
1408it [00:03, 591.58it/s]
1485it [00:03, 636.52it/s]
1561it [00:03, 670.61it/s]
1630it [00:03, 662.02it/s]
1709it [00:03, 698.28it/s]
1787it [00:03, 719.88it/s]
1881it [00:03, 782.16it/s]
1960it [00:03, 763.68it/s]
2037it [00:03, 683.73it/s]
2108it [00:04, 687.54it/s]
2179it [00:04, 671.43it/s]
2248it [00:04, 675.67it/s]
2347it [00:04, 764.24it/s]
2430it [00:04, 777.95it/s]
2509it [00:04, 755.93it/s]
2586it [00:04, 736.24it/s]
2661it [00:04, 713.00it/s]
2734it [00:04, 717.27it/s]
2807it [00:05, 702.68it/s]
2878it [00:05, 646.90it/s]
2946it [00:05, 654.64it/s]
3013it [00:05, 638.99it/s]
3078it [00:05, 598.55it/s]
3139it [00:05, 583.18it/s]
3230it [00:05, 671.45it/s]
3315it [00:05, 712.75it/s]
3388it [00:05, 700.26it/s]
3459it [00:06, 664.58it/s]
3527it [00:06, 618.92it/s]
3600it [00:06, 646.08it/s]
3666it [00:06, 630.02it/s]
3743it [00:06, 664.83it/s]
3813it [00:06, 673.37it/s]
3881it [00:06, 669.00it/s]
3952it [00:06, 679.88it/s]
4037it [00:06, 728.75it/s]
4111it [00:06, 730.44it/s]
4185it [00:07, 707.64it/s]
4258it [00:07, 712.74it/s]
4356it [00:07, 786.29it/s]
4435it [00:07, 762.02it/s]
4512it [00:07, 703.87it/s]
4587it [00:07, 716.41it/s]
4660it [00:07, 704.97it/s]
4732it [00:07, 677.46it/s]
4801it [00:07, 625.87it/s]
4865it [00:08, 592.96it/s]
4926it [00:08, 594.13it/s]
4986it [00:08, 544.01it/s]
5043it [00:08, 550.78it/s]
5114it [00:08, 593.82it/s]
5175it [00:08, 561.54it/s]
5233it [00:08, 555.75it/s]
5308it [00:08, 605.60it/s]
5381it [00:08, 631.21it/s]
5445it [00:09, 614.55it/s]
5540it [00:09, 707.61it/s]
5643it [00:09, 799.50it/s]
5724it [00:09, 755.72it/s]
5808it [00:09, 778.06it/s]
5896it [00:09, 805.44it/s]
5978it [00:09, 776.87it/s]
6057it [00:09, 726.71it/s]
6131it [00:09, 707.35it/s]
6203it [00:10, 652.15it/s]
6270it [00:10, 639.51it/s]
6335it [00:10, 622.11it/s]
6398it [00:10, 591.90it/s]
6460it [00:10, 597.75it/s]
6521it [00:10, 573.00it/s]
6595it [00:10, 617.42it/s]
6658it [00:10, 599.96it/s]
6719it [00:10, 601.58it/s]
6780it [00:11, 597.86it/s]
6871it [00:11, 686.11it/s]
6942it [00:11, 688.04it/s]
7016it [00:11, 703.07it/s]
7087it [00:11, 663.55it/s]
7154it [00:11, 646.01it/s]
7233it [00:11, 685.49it/s]
7312it [00:11, 714.99it/s]
7394it [00:11, 741.39it/s]
7471it [00:12, 747.47it/s]
7547it [00:12, 649.24it/s]
7615it [00:12, 622.11it/s]
7681it [00:12, 631.54it/s]
7750it [00:12, 646.68it/s]
7816it [00:12, 527.49it/s]
7885it [00:12, 566.94it/s]
7953it [00:12, 595.00it/s]
8017it [00:12, 605.25it/s]
8080it [00:13, 587.38it/s]
8150it [00:13, 618.41it/s]
8232it [00:13, 673.67it/s]
8307it [00:13, 695.26it/s]
8380it [00:13, 704.27it/s]
8463it [00:13, 739.57it/s]
8540it [00:13, 748.41it/s]
8625it [00:13, 777.90it/s]
8704it [00:13, 688.29it/s]
8775it [00:14, 673.72it/s]
8844it [00:14, 659.32it/s]
8911it [00:14, 634.76it/s]
8976it [00:14, 593.23it/s]
9039it [00:14, 599.22it/s]
9100it [00:14, 595.12it/s]
9170it [00:14, 624.00it/s]
9241it [00:14, 643.81it/s]
9309it [00:14, 640.23it/s]
9374it [00:15, 633.67it/s]
9442it [00:15, 645.19it/s]
9522it [00:15, 689.66it/s]
9593it [00:15, 692.38it/s]
9663it [00:15, 655.36it/s]
9740it [00:15, 686.40it/s]
9810it [00:15, 628.64it/s]
9875it [00:15, 409.18it/s]
9937it [00:16, 447.52it/s]
9991it [00:16, 443.47it/s]
10000it [00:16, 615.61it/s]
Experiment stage: Done
Results saved to:  /home/dzh/project/vdtuner/vector-db-benchmark-master/results
>>> [Step 5] 收尾工作...
    监控日志已保存。
📊 测试结果摘要:
0.8546600000000002
610.4853744129404
0.005791956558823582
line1:  0.005791956558823582
line1:  610.4853744129404
line1:  0.8546600000000002
numeric_values:  [0.005791956558823582, 610.4853744129404, 0.8546600000000002]
[95] 8442 0.8546600000000002 0.005791956558823582 93
/bin/sh: 1: Syntax error: "(" unexpected
/data/dzh/venv/lib/python3.10/site-packages/botorch/acquisition/multi_objective/monte_carlo.py:110: NumericsWarning: qExpectedHypervolumeImprovement has known numerical issues that lead to suboptimal optimization performance. It is strongly recommended to simply replace

	 qExpectedHypervolumeImprovement 	 --> 	 qLogExpectedHypervolumeImprovement 

instead, which fixes the issues and has the same API. See https://arxiv.org/abs/2310.20708 for details.
  legacy_ei_numerics_warning(legacy_name=type(self).__name__)
--- DEBUG: Starting command:---
=======================================
🛠️  开始测试流程
Engine: milvus-p10 | Dataset: random-range-2048-angular-no-filters
=======================================
>>> [Step 1] 启动后台监控...
    监控进程 PID: 969152
>>> [Step 2] 重置 Milvus...
 Container milvus-standalone  Stopping
 Container milvus-standalone  Stopped
 Container milvus-standalone  Removing
 Container milvus-standalone  Removed
 Container milvus-minio  Stopping
 Container milvus-etcd  Stopping
 Container milvus-etcd  Stopped
 Container milvus-etcd  Removing
 Container milvus-etcd  Removed
 Container milvus-minio  Stopped
 Container milvus-minio  Removing
 Container milvus-minio  Removed
 Network milvus  Removing
 Network milvus  Removed
    🧹 清理宿主机数据目录: /home/dzh/project/vdtuner/vector-db-benchmark-master/engine/servers/milvus-single-node/volumes
 Network milvus  Creating
 Network milvus  Created
 Container milvus-minio  Creating
 Container milvus-etcd  Creating
 Container milvus-minio  Created
 Container milvus-etcd  Created
 Container milvus-standalone  Creating
 Container milvus-standalone  Created
 Container milvus-minio  Starting
 Container milvus-etcd  Starting
 Container milvus-etcd  Started
 Container milvus-minio  Started
 Container milvus-standalone  Starting
 Container milvus-standalone  Started
>>> [Step 3] 等待服务启动 (90s)...
    等待中... (10s/120s)
    ✅ Milvus 服务已就绪
>>> [Step 4] 运行 Benchmark...
Running experiment: milvus-p10 - random-range-2048-angular-no-filters
established connection
/home/dzh/project/vdtuner/vector-db-benchmark-master/datasets/random-range-2048-angular/random_float_100k_no_filters already exists
Experiment stage: Configure
Experiment stage: Upload

0it [00:00, ?it/s]
1it [00:00,  1.93it/s]
64it [00:00, 75.68it/s]
640it [00:01, 884.57it/s]
896it [00:01, 1127.17it/s]
1344it [00:01, 1699.55it/s]
1664it [00:01, 2008.86it/s]
1958it [00:01, 2108.04it/s]
2234it [00:01, 2189.36it/s]
2560it [00:01, 2403.90it/s]
3136it [00:01, 3212.93it/s]
3495it [00:02, 3297.66it/s]
4361it [00:02, 4764.63it/s]
5440it [00:02, 6448.76it/s]
6400it [00:02, 7291.20it/s]
7420it [00:02, 8129.57it/s]
8384it [00:02, 8537.18it/s]
9344it [00:02, 8844.68it/s]
10304it [00:02, 9024.42it/s]
11303it [00:02, 9309.09it/s]
12241it [00:02, 9167.40it/s]
13163it [00:03, 9181.38it/s]
14085it [00:03, 9139.05it/s]
15040it [00:03, 9148.36it/s]
16064it [00:03, 9400.82it/s]
17006it [00:03, 5904.66it/s]
17984it [00:03, 6700.57it/s]
19008it [00:03, 7445.74it/s]
19968it [00:03, 7962.06it/s]
20928it [00:04, 8333.28it/s]
21952it [00:04, 8742.93it/s]
22976it [00:04, 9053.35it/s]
24000it [00:04, 9269.08it/s]
24960it [00:04, 9322.89it/s]
25984it [00:04, 9471.36it/s]
26946it [00:04, 9381.30it/s]
27904it [00:04, 9330.95it/s]
28845it [00:04, 9309.59it/s]
29824it [00:04, 9323.29it/s]
30760it [00:05, 6971.95it/s]
31680it [00:05, 7436.74it/s]
32640it [00:05, 7945.50it/s]
33536it [00:05, 8164.07it/s]
34560it [00:05, 8615.53it/s]
35520it [00:05, 8776.38it/s]
36423it [00:05, 8767.01it/s]
37376it [00:05, 8901.02it/s]
38279it [00:06, 8896.51it/s]
39232it [00:06, 8991.36it/s]
40138it [00:06, 8945.81it/s]
41088it [00:06, 9098.22it/s]
42048it [00:06, 9141.64it/s]
43008it [00:06, 9147.50it/s]
43925it [00:06, 9119.82it/s]
44839it [00:06, 6261.23it/s]
45696it [00:06, 6775.80it/s]
46581it [00:07, 7277.68it/s]
47488it [00:07, 7613.92it/s]
48320it [00:07, 7720.07it/s]
49216it [00:07, 7997.53it/s]
50089it [00:07, 8200.95it/s]
50934it [00:07, 8247.38it/s]
51777it [00:07, 7959.64it/s]
52672it [00:07, 8212.42it/s]
53505it [00:07, 8188.22it/s]
54336it [00:08, 8221.11it/s]
55285it [00:08, 8591.87it/s]
56149it [00:08, 8049.35it/s]
56964it [00:08, 7310.74it/s]
57856it [00:08, 7732.60it/s]
58816it [00:08, 8157.27it/s]
59723it [00:08, 8413.09it/s]
60577it [00:08, 5999.48it/s]
61498it [00:09, 6717.42it/s]
62336it [00:09, 7078.01it/s]
63296it [00:09, 7646.33it/s]
64206it [00:09, 8032.89it/s]
65152it [00:09, 8378.60it/s]
66112it [00:09, 8699.70it/s]
67072it [00:09, 8894.41it/s]
68020it [00:09, 9062.71it/s]
68941it [00:09, 9034.06it/s]
69855it [00:09, 8910.26it/s]
70754it [00:10, 8893.27it/s]
71680it [00:10, 8958.58it/s]
72585it [00:10, 8984.97it/s]
73536it [00:10, 9020.69it/s]
74440it [00:10, 7927.60it/s]
75258it [00:10, 7413.40it/s]
76032it [00:10, 7443.33it/s]
76928it [00:10, 7775.44it/s]
77888it [00:10, 8192.13it/s]
78848it [00:11, 8498.34it/s]
79744it [00:11, 8610.24it/s]
80675it [00:11, 8811.90it/s]
81600it [00:11, 8894.97it/s]
82496it [00:11, 8809.26it/s]
83443it [00:11, 9002.09it/s]
84346it [00:11, 8814.16it/s]
85230it [00:11, 8748.26it/s]
86144it [00:11, 8767.75it/s]
87104it [00:11, 8966.16it/s]
88002it [00:12, 8923.07it/s]
88895it [00:12, 5896.60it/s]
89728it [00:12, 6418.00it/s]
90560it [00:12, 6855.02it/s]
91456it [00:12, 7383.07it/s]
92352it [00:12, 7798.10it/s]
93312it [00:12, 8194.99it/s]
94208it [00:12, 8302.61it/s]
95141it [00:13, 8592.60it/s]
96023it [00:13, 8592.67it/s]
96899it [00:13, 8557.26it/s]
97792it [00:13, 8546.49it/s]
98688it [00:13, 8570.85it/s]
99584it [00:13, 8611.59it/s]
100000it [00:13, 7345.53it/s]
Upload time: 14.015261393040419
Total import time: 44.231102955993265
Experiment stage: Search

0it [00:00, ?it/s]
4it [00:00,  5.17it/s]
14it [00:00, 19.51it/s]
29it [00:00, 42.68it/s]
87it [00:01, 151.25it/s]
149it [00:01, 256.02it/s]
207it [00:01, 333.21it/s]
254it [00:01, 363.68it/s]
330it [00:01, 468.40it/s]
393it [00:01, 511.63it/s]
460it [00:01, 552.78it/s]
526it [00:01, 581.06it/s]
596it [00:01, 612.78it/s]
674it [00:02, 659.44it/s]
742it [00:02, 640.92it/s]
808it [00:02, 645.05it/s]
885it [00:02, 680.78it/s]
954it [00:02, 676.57it/s]
1032it [00:02, 704.53it/s]
1109it [00:02, 723.02it/s]
1193it [00:02, 750.75it/s]
1269it [00:02, 660.12it/s]
1338it [00:03, 611.50it/s]
1406it [00:03, 624.85it/s]
1471it [00:03, 559.67it/s]
1530it [00:03, 561.86it/s]
1606it [00:03, 604.63it/s]
1681it [00:03, 643.72it/s]
1749it [00:03, 653.81it/s]
1817it [00:03, 661.05it/s]
1884it [00:03, 660.86it/s]
1951it [00:03, 644.02it/s]
2016it [00:04, 564.20it/s]
2075it [00:04, 540.78it/s]
2156it [00:04, 610.28it/s]
2232it [00:04, 650.60it/s]
2303it [00:04, 664.87it/s]
2371it [00:04, 660.75it/s]
2442it [00:04, 673.05it/s]
2513it [00:04, 683.14it/s]
2582it [00:04, 683.23it/s]
2661it [00:05, 712.71it/s]
2745it [00:05, 748.71it/s]
2821it [00:05, 750.56it/s]
2897it [00:05, 753.29it/s]
2981it [00:05, 777.74it/s]
3059it [00:05, 737.61it/s]
3137it [00:05, 748.32it/s]
3213it [00:05, 740.67it/s]
3288it [00:05, 718.70it/s]
3365it [00:06, 732.72it/s]
3439it [00:06, 663.66it/s]
3532it [00:06, 733.18it/s]
3612it [00:06, 750.89it/s]
3691it [00:06, 760.83it/s]
3769it [00:06, 765.58it/s]
3869it [00:06, 831.51it/s]
3960it [00:06, 852.79it/s]
4048it [00:06, 860.62it/s]
4135it [00:06, 843.80it/s]
4225it [00:07, 857.95it/s]
4313it [00:07, 847.70it/s]
4398it [00:07, 711.51it/s]
4491it [00:07, 765.57it/s]
4571it [00:07, 760.64it/s]
4650it [00:07, 748.39it/s]
4731it [00:07, 763.74it/s]
4809it [00:07, 766.34it/s]
4898it [00:07, 800.17it/s]
4979it [00:08, 753.71it/s]
5056it [00:08, 741.41it/s]
5131it [00:08, 743.28it/s]
5213it [00:08, 764.94it/s]
5290it [00:08, 729.15it/s]
5364it [00:08, 647.80it/s]
5447it [00:08, 695.64it/s]
5541it [00:08, 760.83it/s]
5620it [00:08, 766.71it/s]
5699it [00:09, 689.98it/s]
5771it [00:09, 684.96it/s]
5842it [00:09, 684.13it/s]
5931it [00:09, 740.77it/s]
6007it [00:09, 714.81it/s]
6080it [00:09, 713.54it/s]
6153it [00:09, 662.82it/s]
6237it [00:09, 709.60it/s]
6324it [00:09, 753.28it/s]
6414it [00:10, 794.22it/s]
6495it [00:10, 783.12it/s]
6579it [00:10, 798.63it/s]
6660it [00:10, 733.43it/s]
6735it [00:10, 725.18it/s]
6819it [00:10, 756.53it/s]
6908it [00:10, 791.32it/s]
6989it [00:10, 795.65it/s]
7070it [00:10, 776.82it/s]
7149it [00:11, 767.45it/s]
7227it [00:11, 769.26it/s]
7305it [00:11, 755.13it/s]
7384it [00:11, 764.82it/s]
7461it [00:11, 755.44it/s]
7537it [00:11, 751.78it/s]
7613it [00:11, 734.99it/s]
7688it [00:11, 738.16it/s]
7766it [00:11, 748.35it/s]
7841it [00:11, 723.85it/s]
7914it [00:12, 665.69it/s]
7993it [00:12, 696.84it/s]
8087it [00:12, 763.48it/s]
8177it [00:12, 800.41it/s]
8269it [00:12, 828.29it/s]
8353it [00:12, 770.98it/s]
8453it [00:12, 831.93it/s]
8538it [00:12, 829.60it/s]
8623it [00:12, 835.09it/s]
8708it [00:13, 772.58it/s]
8787it [00:13, 483.15it/s]
8850it [00:13, 486.11it/s]
8934it [00:13, 559.83it/s]
9009it [00:13, 602.85it/s]
9090it [00:13, 653.76it/s]
9170it [00:13, 689.93it/s]
9256it [00:13, 734.94it/s]
9334it [00:14, 735.94it/s]
9412it [00:14, 746.77it/s]
9490it [00:14, 754.83it/s]
9567it [00:14, 749.74it/s]
9653it [00:14, 780.79it/s]
9743it [00:14, 813.28it/s]
9839it [00:14, 854.05it/s]
9931it [00:14, 872.74it/s]
10000it [00:14, 670.11it/s]
Experiment stage: Done
Results saved to:  /home/dzh/project/vdtuner/vector-db-benchmark-master/results
>>> [Step 5] 收尾工作...
    监控日志已保存。
📊 测试结果摘要:
0.9995799999999999
665.7592542506097
0.006379312393255531
line1:  0.006379312393255531
line1:  665.7592542506097
line1:  0.9995799999999999
numeric_values:  [0.006379312393255531, 665.7592542506097, 0.9995799999999999]
[96] 8534 0.9995799999999999 0.006379312393255531 92
/bin/sh: 1: Syntax error: "(" unexpected
/data/dzh/venv/lib/python3.10/site-packages/botorch/acquisition/multi_objective/monte_carlo.py:110: NumericsWarning: qExpectedHypervolumeImprovement has known numerical issues that lead to suboptimal optimization performance. It is strongly recommended to simply replace

	 qExpectedHypervolumeImprovement 	 --> 	 qLogExpectedHypervolumeImprovement 

instead, which fixes the issues and has the same API. See https://arxiv.org/abs/2310.20708 for details.
  legacy_ei_numerics_warning(legacy_name=type(self).__name__)
--- DEBUG: Starting command:---
=======================================
🛠️  开始测试流程
Engine: milvus-p10 | Dataset: random-range-2048-angular-no-filters
=======================================
>>> [Step 1] 启动后台监控...
    监控进程 PID: 983710
>>> [Step 2] 重置 Milvus...
 Container milvus-standalone  Stopping
 Container milvus-standalone  Stopped
 Container milvus-standalone  Removing
 Container milvus-standalone  Removed
 Container milvus-minio  Stopping
 Container milvus-etcd  Stopping
 Container milvus-etcd  Stopped
 Container milvus-etcd  Removing
 Container milvus-etcd  Removed
 Container milvus-minio  Stopped
 Container milvus-minio  Removing
 Container milvus-minio  Removed
 Network milvus  Removing
 Network milvus  Removed
    🧹 清理宿主机数据目录: /home/dzh/project/vdtuner/vector-db-benchmark-master/engine/servers/milvus-single-node/volumes
 Network milvus  Creating
 Network milvus  Created
 Container milvus-minio  Creating
 Container milvus-etcd  Creating
 Container milvus-etcd  Created
 Container milvus-minio  Created
 Container milvus-standalone  Creating
 Container milvus-standalone  Created
 Container milvus-etcd  Starting
 Container milvus-minio  Starting
 Container milvus-etcd  Started
 Container milvus-minio  Started
 Container milvus-standalone  Starting
 Container milvus-standalone  Started
>>> [Step 3] 等待服务启动 (90s)...
    等待中... (10s/120s)
    ✅ Milvus 服务已就绪
>>> [Step 4] 运行 Benchmark...
Running experiment: milvus-p10 - random-range-2048-angular-no-filters
established connection
/home/dzh/project/vdtuner/vector-db-benchmark-master/datasets/random-range-2048-angular/random_float_100k_no_filters already exists
Experiment stage: Configure
Experiment stage: Upload

0it [00:00, ?it/s]
1it [00:01,  1.18s/it]
677it [00:01, 732.43it/s]
1075it [00:01, 979.15it/s]
1366it [00:01, 1144.37it/s]
1728it [00:01, 1490.37it/s]
1999it [00:01, 1602.03it/s]
2304it [00:02, 1753.47it/s]
2816it [00:02, 2404.83it/s]
3456it [00:02, 3243.82it/s]
4352it [00:02, 4592.89it/s]
5248it [00:02, 5684.54it/s]
6272it [00:02, 6817.77it/s]
7232it [00:02, 7537.88it/s]
8217it [00:02, 8183.35it/s]
9153it [00:02, 8518.46it/s]
10112it [00:03, 8666.75it/s]
11055it [00:03, 8886.48it/s]
11969it [00:03, 8960.29it/s]
12878it [00:03, 8571.65it/s]
13748it [00:03, 8539.92it/s]
14679it [00:03, 8761.72it/s]
15744it [00:03, 9241.37it/s]
16768it [00:03, 9517.33it/s]
17724it [00:03, 7007.80it/s]
18688it [00:04, 7611.60it/s]
19648it [00:04, 8108.49it/s]
20700it [00:04, 8745.88it/s]
21696it [00:04, 9023.97it/s]
22640it [00:04, 9028.56it/s]
23616it [00:04, 9233.11it/s]
24576it [00:04, 9234.19it/s]
25596it [00:04, 9512.35it/s]
26559it [00:04, 9526.23it/s]
27520it [00:04, 8625.78it/s]
28463it [00:05, 8846.83it/s]
29440it [00:05, 9067.93it/s]
30400it [00:05, 9201.74it/s]
31360it [00:05, 9251.15it/s]
32292it [00:05, 7238.16it/s]
33152it [00:05, 7530.78it/s]
34112it [00:05, 8034.58it/s]
35072it [00:05, 8370.46it/s]
35968it [00:06, 8530.49it/s]
36864it [00:06, 8529.75it/s]
37760it [00:06, 8603.37it/s]
38656it [00:06, 8597.19it/s]
39628it [00:06, 8921.31it/s]
40528it [00:06, 8937.00it/s]
41455it [00:06, 9034.13it/s]
42368it [00:06, 9018.45it/s]
43328it [00:06, 9140.52it/s]
44265it [00:06, 9208.37it/s]
45188it [00:07, 9034.84it/s]
46144it [00:07, 9108.50it/s]
47056it [00:07, 6290.02it/s]
47936it [00:07, 6845.87it/s]
48778it [00:07, 7227.53it/s]
49664it [00:07, 7589.96it/s]
50560it [00:07, 7881.24it/s]
51456it [00:07, 8136.44it/s]
52352it [00:07, 8244.13it/s]
53248it [00:08, 8381.77it/s]
54208it [00:08, 8647.17it/s]
55104it [00:08, 8697.34it/s]
56000it [00:08, 8730.95it/s]
56880it [00:08, 8635.49it/s]
57749it [00:08, 8516.66it/s]
58604it [00:08, 8394.44it/s]
59453it [00:08, 8421.78it/s]
60323it [00:08, 8502.88it/s]
61184it [00:09, 8487.77it/s]
62034it [00:09, 6864.16it/s]
62912it [00:09, 7286.34it/s]
63808it [00:09, 7710.07it/s]
64704it [00:09, 7961.80it/s]
65536it [00:09, 8048.15it/s]
66432it [00:09, 8298.40it/s]
67277it [00:09, 8316.59it/s]
68119it [00:09, 8270.95it/s]
68954it [00:10, 8050.91it/s]
69793it [00:10, 8146.29it/s]
70613it [00:10, 8135.89it/s]
71430it [00:10, 8102.61it/s]
72244it [00:10, 8113.48it/s]
73088it [00:10, 8203.73it/s]
73926it [00:10, 8255.98it/s]
74816it [00:10, 8359.91it/s]
75712it [00:10, 8197.18it/s]
76534it [00:10, 7628.20it/s]
77440it [00:11, 7870.80it/s]
78234it [00:11, 7597.85it/s]
79158it [00:11, 8053.98it/s]
80047it [00:11, 8291.16it/s]
80896it [00:11, 8213.73it/s]
81722it [00:11, 8223.36it/s]
82624it [00:11, 8432.17it/s]
83520it [00:11, 8487.15it/s]
84371it [00:11, 8238.98it/s]
85248it [00:12, 8330.68it/s]
86083it [00:12, 8312.31it/s]
86976it [00:12, 8445.74it/s]
87822it [00:12, 8383.99it/s]
88737it [00:12, 8585.27it/s]
89664it [00:12, 8696.73it/s]
90535it [00:12, 6231.57it/s]
91392it [00:12, 6706.53it/s]
92248it [00:12, 7163.19it/s]
93056it [00:13, 7324.58it/s]
94016it [00:13, 7837.80it/s]
94976it [00:13, 8263.33it/s]
95872it [00:13, 8366.24it/s]
96768it [00:13, 8526.53it/s]
97637it [00:13, 8429.65it/s]
98624it [00:13, 8698.48it/s]
99502it [00:13, 8688.34it/s]
100000it [00:13, 7216.78it/s]
Upload time: 14.272939363028854
Total import time: 43.90289828181267
Experiment stage: Search

0it [00:00, ?it/s]
4it [00:00,  5.07it/s]
14it [00:00, 18.84it/s]
33it [00:01, 47.70it/s]
106it [00:01, 181.01it/s]
199it [00:01, 344.23it/s]
275it [00:01, 442.32it/s]
365it [00:01, 554.16it/s]
446it [00:01, 619.54it/s]
525it [00:01, 665.84it/s]
601it [00:01, 681.26it/s]
690it [00:01, 736.72it/s]
769it [00:01, 706.80it/s]
844it [00:02, 679.06it/s]
915it [00:02, 666.96it/s]
984it [00:02, 652.66it/s]
1053it [00:02, 662.25it/s]
1135it [00:02, 706.06it/s]
1221it [00:02, 749.79it/s]
1297it [00:02, 750.98it/s]
1375it [00:02, 757.05it/s]
1452it [00:02, 716.66it/s]
1537it [00:03, 742.40it/s]
1612it [00:03, 743.16it/s]
1698it [00:03, 775.80it/s]
1776it [00:03, 748.89it/s]
1863it [00:03, 782.22it/s]
1957it [00:03, 827.89it/s]
2041it [00:03, 821.62it/s]
2127it [00:03, 830.73it/s]
2211it [00:03, 824.21it/s]
2295it [00:03, 828.67it/s]
2378it [00:04, 692.89it/s]
2452it [00:04, 701.73it/s]
2539it [00:04, 747.01it/s]
2626it [00:04, 781.23it/s]
2707it [00:04, 727.33it/s]
2782it [00:04, 712.42it/s]
2855it [00:04, 676.88it/s]
2939it [00:04, 718.39it/s]
3015it [00:04, 728.92it/s]
3105it [00:05, 775.57it/s]
3190it [00:05, 796.67it/s]
3276it [00:05, 814.07it/s]
3362it [00:05, 827.53it/s]
3447it [00:05, 832.17it/s]
3531it [00:05, 827.40it/s]
3614it [00:05, 815.16it/s]
3696it [00:05, 762.24it/s]
3773it [00:05, 728.91it/s]
3847it [00:06, 709.50it/s]
3937it [00:06, 761.46it/s]
4025it [00:06, 794.65it/s]
4106it [00:06, 797.05it/s]
4187it [00:06, 794.18it/s]
4267it [00:06, 714.91it/s]
4347it [00:06, 736.88it/s]
4441it [00:06, 793.14it/s]
4536it [00:06, 837.46it/s]
4621it [00:07, 796.17it/s]
4709it [00:07, 817.75it/s]
4792it [00:07, 809.43it/s]
4874it [00:07, 777.59it/s]
4958it [00:07, 794.78it/s]
5039it [00:07, 792.89it/s]
5126it [00:07, 814.44it/s]
5213it [00:07, 830.23it/s]
5308it [00:07, 862.83it/s]
5395it [00:07, 839.14it/s]
5480it [00:08, 821.88it/s]
5570it [00:08, 843.10it/s]
5655it [00:08, 784.20it/s]
5743it [00:08, 808.53it/s]
5836it [00:08, 841.12it/s]
5927it [00:08, 858.89it/s]
6021it [00:08, 881.73it/s]
6116it [00:08, 900.46it/s]
6207it [00:08, 871.58it/s]
6296it [00:09, 876.42it/s]
6384it [00:09, 857.50it/s]
6471it [00:09, 846.21it/s]
6556it [00:09, 839.94it/s]
6641it [00:09, 830.53it/s]
6727it [00:09, 837.13it/s]
6816it [00:09, 851.37it/s]
6902it [00:09, 844.06it/s]
7001it [00:09, 886.32it/s]
7090it [00:09, 841.84it/s]
7175it [00:10, 821.59it/s]
7258it [00:10, 807.61it/s]
7340it [00:10, 725.01it/s]
7415it [00:10, 707.50it/s]
7502it [00:10, 750.10it/s]
7586it [00:10, 773.99it/s]
7668it [00:10, 784.26it/s]
7750it [00:10, 790.11it/s]
7830it [00:10, 789.44it/s]
7919it [00:11, 818.30it/s]
8002it [00:11, 817.04it/s]
8090it [00:11, 834.64it/s]
8174it [00:11, 792.58it/s]
8261it [00:11, 812.50it/s]
8343it [00:11, 729.57it/s]
8418it [00:11, 717.86it/s]
8491it [00:11, 720.01it/s]
8576it [00:11, 754.88it/s]
8664it [00:12, 789.31it/s]
8754it [00:12, 820.18it/s]
8837it [00:12, 806.60it/s]
8925it [00:12, 823.47it/s]
9008it [00:12, 803.73it/s]
9096it [00:12, 825.61it/s]
9179it [00:12, 766.67it/s]
9267it [00:12, 797.43it/s]
9348it [00:12, 800.23it/s]
9429it [00:12, 746.37it/s]
9513it [00:13, 767.55it/s]
9591it [00:13, 761.27it/s]
9671it [00:13, 770.98it/s]
9749it [00:13, 762.64it/s]
9826it [00:13, 690.32it/s]
9897it [00:13, 667.17it/s]
9965it [00:13, 660.36it/s]
10000it [00:13, 725.31it/s]
Experiment stage: Done
Results saved to:  /home/dzh/project/vdtuner/vector-db-benchmark-master/results
>>> [Step 5] 收尾工作...
    监控日志已保存。
📊 测试结果摘要:
0.9995599999999999
718.848233455386
0.006278073415160177
line1:  0.006278073415160177
line1:  718.848233455386
line1:  0.9995599999999999
numeric_values:  [0.006278073415160177, 718.848233455386, 0.9995599999999999]
[97] 8626 0.9995599999999999 0.006278073415160177 92
/bin/sh: 1: Syntax error: "(" unexpected
/data/dzh/venv/lib/python3.10/site-packages/botorch/acquisition/multi_objective/monte_carlo.py:110: NumericsWarning: qExpectedHypervolumeImprovement has known numerical issues that lead to suboptimal optimization performance. It is strongly recommended to simply replace

	 qExpectedHypervolumeImprovement 	 --> 	 qLogExpectedHypervolumeImprovement 

instead, which fixes the issues and has the same API. See https://arxiv.org/abs/2310.20708 for details.
  legacy_ei_numerics_warning(legacy_name=type(self).__name__)
--- DEBUG: Starting command:---
=======================================
🛠️  开始测试流程
Engine: milvus-p10 | Dataset: random-range-2048-angular-no-filters
=======================================
>>> [Step 1] 启动后台监控...
    监控进程 PID: 997795
>>> [Step 2] 重置 Milvus...
 Container milvus-standalone  Stopping
 Container milvus-standalone  Stopped
 Container milvus-standalone  Removing
 Container milvus-standalone  Removed
 Container milvus-etcd  Stopping
 Container milvus-minio  Stopping
 Container milvus-etcd  Stopped
 Container milvus-etcd  Removing
 Container milvus-etcd  Removed
 Container milvus-minio  Stopped
 Container milvus-minio  Removing
 Container milvus-minio  Removed
 Network milvus  Removing
 Network milvus  Removed
    🧹 清理宿主机数据目录: /home/dzh/project/vdtuner/vector-db-benchmark-master/engine/servers/milvus-single-node/volumes
 Network milvus  Creating
 Network milvus  Created
 Container milvus-etcd  Creating
 Container milvus-minio  Creating
 Container milvus-etcd  Created
 Container milvus-minio  Created
 Container milvus-standalone  Creating
 Container milvus-standalone  Created
 Container milvus-minio  Starting
 Container milvus-etcd  Starting
 Container milvus-etcd  Started
 Container milvus-minio  Started
 Container milvus-standalone  Starting
 Container milvus-standalone  Started
>>> [Step 3] 等待服务启动 (90s)...
    等待中... (10s/120s)
    ✅ Milvus 服务已就绪
>>> [Step 4] 运行 Benchmark...
Running experiment: milvus-p10 - random-range-2048-angular-no-filters
established connection
/home/dzh/project/vdtuner/vector-db-benchmark-master/datasets/random-range-2048-angular/random_float_100k_no_filters already exists
Experiment stage: Configure
Experiment stage: Upload

0it [00:00, ?it/s]
1it [00:00,  1.55it/s]
64it [00:00, 81.25it/s]
640it [00:01, 929.84it/s]
1088it [00:01, 1552.18it/s]
1472it [00:01, 1971.22it/s]
1798it [00:01, 1716.91it/s]
2112it [00:01, 1972.21it/s]
2624it [00:01, 2629.32it/s]
3136it [00:01, 3206.15it/s]
3532it [00:01, 3294.18it/s]
4416it [00:02, 4703.18it/s]
5440it [00:02, 6136.05it/s]
6464it [00:02, 7224.72it/s]
7488it [00:02, 8034.57it/s]
8512it [00:02, 8553.90it/s]
9536it [00:02, 8971.37it/s]
10501it [00:02, 9167.03it/s]
11520it [00:02, 9448.48it/s]
12480it [00:02, 9437.67it/s]
13504it [00:02, 9667.61it/s]
14528it [00:03, 9768.45it/s]
15552it [00:03, 9882.04it/s]
16576it [00:03, 9876.29it/s]
17566it [00:03, 6489.82it/s]
18496it [00:03, 7053.71it/s]
19456it [00:03, 7621.64it/s]
20416it [00:03, 8112.77it/s]
21376it [00:03, 8499.47it/s]
22336it [00:04, 8776.64it/s]
23296it [00:04, 8925.50it/s]
24256it [00:04, 9072.54it/s]
25216it [00:04, 9085.72it/s]
26176it [00:04, 9231.06it/s]
27136it [00:04, 9275.93it/s]
28160it [00:04, 9469.52it/s]
29175it [00:04, 9668.14it/s]
30147it [00:04, 9581.45it/s]
31109it [00:05, 9545.77it/s]
32128it [00:05, 9636.48it/s]
33094it [00:05, 8939.23it/s]
34076it [00:05, 9186.04it/s]
35008it [00:05, 9135.52it/s]
35928it [00:05, 9119.19it/s]
36845it [00:05, 9095.28it/s]
37824it [00:05, 9162.12it/s]
38743it [00:05, 9095.14it/s]
39680it [00:05, 9082.91it/s]
40590it [00:06, 8884.65it/s]
41536it [00:06, 8999.02it/s]
42437it [00:06, 8786.21it/s]
43317it [00:06, 8297.08it/s]
44152it [00:06, 7935.06it/s]
44992it [00:06, 7993.73it/s]
45952it [00:06, 8359.11it/s]
46912it [00:06, 8626.75it/s]
47779it [00:07, 5339.46it/s]
48704it [00:07, 6103.02it/s]
49664it [00:07, 6863.05it/s]
50624it [00:07, 7464.38it/s]
51541it [00:07, 7898.77it/s]
52416it [00:07, 8092.22it/s]
53376it [00:07, 8415.08it/s]
54272it [00:07, 8459.57it/s]
55168it [00:07, 8601.11it/s]
56050it [00:08, 8558.26it/s]
56921it [00:08, 8473.43it/s]
57792it [00:08, 8370.32it/s]
58637it [00:08, 7917.11it/s]
59441it [00:08, 7951.29it/s]
60288it [00:08, 8031.41it/s]
61184it [00:08, 8247.31it/s]
62056it [00:08, 8384.08it/s]
62898it [00:09, 5615.22it/s]
63582it [00:09, 5687.68it/s]
64512it [00:09, 6479.70it/s]
65472it [00:09, 7172.69it/s]
66435it [00:09, 7809.03it/s]
67328it [00:09, 8031.77it/s]
68224it [00:09, 8277.90it/s]
69184it [00:09, 8552.33it/s]
70080it [00:09, 8563.71it/s]
71079it [00:09, 8972.58it/s]
71990it [00:10, 8922.97it/s]
72892it [00:10, 8595.53it/s]
73856it [00:10, 8766.22it/s]
74739it [00:10, 8597.51it/s]
75604it [00:10, 8495.19it/s]
76544it [00:10, 8642.83it/s]
77411it [00:10, 6126.19it/s]
78304it [00:10, 6759.20it/s]
79220it [00:11, 7344.30it/s]
80064it [00:11, 7584.18it/s]
80960it [00:11, 7949.20it/s]
81856it [00:11, 8218.60it/s]
82816it [00:11, 8590.27it/s]
83776it [00:11, 8792.39it/s]
84736it [00:11, 8924.23it/s]
85696it [00:11, 9031.99it/s]
86609it [00:11, 8995.38it/s]
87515it [00:11, 8962.11it/s]
88443it [00:12, 9054.74it/s]
89352it [00:12, 8846.69it/s]
90240it [00:12, 8746.84it/s]
91200it [00:12, 8897.50it/s]
92092it [00:12, 5581.63it/s]
92950it [00:12, 6202.54it/s]
93888it [00:12, 6910.32it/s]
94720it [00:13, 7240.96it/s]
95680it [00:13, 7759.27it/s]
96640it [00:13, 8156.96it/s]
97507it [00:13, 8100.40it/s]
98368it [00:13, 8202.01it/s]
99214it [00:13, 8267.84it/s]
100000it [00:13, 7334.33it/s]
Upload time: 14.00887483684346
Total import time: 44.232398711144924
Experiment stage: Search

0it [00:00, ?it/s]
4it [00:00,  5.06it/s]
14it [00:00, 18.51it/s]
47it [00:01, 71.79it/s]
134it [00:01, 228.30it/s]
218it [00:01, 361.43it/s]
312it [00:01, 498.69it/s]
405it [00:01, 606.53it/s]
485it [00:01, 656.92it/s]
572it [00:01, 712.84it/s]
653it [00:01, 719.83it/s]
741it [00:01, 763.92it/s]
828it [00:01, 791.88it/s]
919it [00:02, 825.91it/s]
1005it [00:02, 812.85it/s]
1089it [00:02, 795.46it/s]
1173it [00:02, 806.77it/s]
1255it [00:02, 809.34it/s]
1337it [00:02, 810.55it/s]
1419it [00:02, 808.32it/s]
1508it [00:02, 830.29it/s]
1592it [00:02, 805.92it/s]
1689it [00:02, 851.81it/s]
1778it [00:03, 857.94it/s]
1869it [00:03, 871.52it/s]
1957it [00:03, 856.85it/s]
2043it [00:03, 823.56it/s]
2126it [00:03, 820.71it/s]
2217it [00:03, 844.45it/s]
2310it [00:03, 866.79it/s]
2397it [00:03, 833.93it/s]
2481it [00:03, 809.26it/s]
2563it [00:04, 781.65it/s]
2650it [00:04, 805.10it/s]
2745it [00:04, 846.11it/s]
2838it [00:04, 869.36it/s]
2927it [00:04, 873.58it/s]
3015it [00:04, 870.04it/s]
3103it [00:04, 865.88it/s]
3190it [00:04, 861.61it/s]
3279it [00:04, 868.60it/s]
3374it [00:04, 892.10it/s]
3464it [00:05, 885.78it/s]
3553it [00:05, 855.31it/s]
3646it [00:05, 875.14it/s]
3734it [00:05, 862.82it/s]
3825it [00:05, 874.54it/s]
3917it [00:05, 887.83it/s]
4006it [00:05, 864.70it/s]
4093it [00:05, 793.79it/s]
4174it [00:05, 765.69it/s]
4263it [00:06, 798.76it/s]
4350it [00:06, 818.13it/s]
4433it [00:06, 810.78it/s]
4522it [00:06, 830.06it/s]
4613it [00:06, 850.43it/s]
4701it [00:06, 855.38it/s]
4787it [00:06, 839.47it/s]
4872it [00:06, 840.24it/s]
4957it [00:06, 815.81it/s]
5045it [00:06, 831.20it/s]
5131it [00:07, 839.16it/s]
5219it [00:07, 850.53it/s]
5314it [00:07, 878.12it/s]
5402it [00:07, 874.39it/s]
5490it [00:07, 875.54it/s]
5578it [00:07, 874.35it/s]
5668it [00:07, 880.13it/s]
5763it [00:07, 900.27it/s]
5854it [00:07, 889.10it/s]
5943it [00:07, 865.69it/s]
6030it [00:08, 858.83it/s]
6119it [00:08, 866.85it/s]
6213it [00:08, 888.07it/s]
6302it [00:08, 874.47it/s]
6390it [00:08, 865.97it/s]
6484it [00:08, 887.36it/s]
6573it [00:08, 887.26it/s]
6666it [00:08, 899.21it/s]
6756it [00:08, 898.46it/s]
6846it [00:09, 835.86it/s]
6931it [00:09, 819.76it/s]
7014it [00:09, 783.93it/s]
7102it [00:09, 809.69it/s]
7186it [00:09, 817.38it/s]
7274it [00:09, 833.25it/s]
7363it [00:09, 849.55it/s]
7455it [00:09, 869.20it/s]
7543it [00:09, 868.86it/s]
7636it [00:09, 885.02it/s]
7731it [00:10, 901.84it/s]
7822it [00:10, 831.40it/s]
7907it [00:10, 829.16it/s]
7992it [00:10, 833.33it/s]
8083it [00:10, 853.41it/s]
8169it [00:10, 851.52it/s]
8255it [00:10, 775.91it/s]
8335it [00:10, 692.00it/s]
8421it [00:10, 734.00it/s]
8519it [00:11, 800.16it/s]
8610it [00:11, 829.85it/s]
8705it [00:11, 861.63it/s]
8796it [00:11, 874.03it/s]
8888it [00:11, 886.05it/s]
8979it [00:11, 892.67it/s]
9069it [00:11, 891.69it/s]
9160it [00:11, 896.91it/s]
9250it [00:11, 889.80it/s]
9340it [00:11, 854.99it/s]
9426it [00:12, 850.28it/s]
9512it [00:12, 810.08it/s]
9594it [00:12, 810.11it/s]
9685it [00:12, 838.07it/s]
9775it [00:12, 854.32it/s]
9861it [00:12, 823.90it/s]
9957it [00:12, 857.68it/s]
10000it [00:12, 781.79it/s]
Experiment stage: Done
Results saved to:  /home/dzh/project/vdtuner/vector-db-benchmark-master/results
>>> [Step 5] 收尾工作...
    监控日志已保存。
📊 测试结果摘要:
0.9585800000000001
775.8758587650112
0.005679700640030204
line1:  0.005679700640030204
line1:  775.8758587650112
line1:  0.9585800000000001
numeric_values:  [0.005679700640030204, 775.8758587650112, 0.9585800000000001]
[98] 8716 0.9585800000000001 0.005679700640030204 90
/bin/sh: 1: Syntax error: "(" unexpected
/data/dzh/venv/lib/python3.10/site-packages/botorch/acquisition/multi_objective/monte_carlo.py:110: NumericsWarning: qExpectedHypervolumeImprovement has known numerical issues that lead to suboptimal optimization performance. It is strongly recommended to simply replace

	 qExpectedHypervolumeImprovement 	 --> 	 qLogExpectedHypervolumeImprovement 

instead, which fixes the issues and has the same API. See https://arxiv.org/abs/2310.20708 for details.
  legacy_ei_numerics_warning(legacy_name=type(self).__name__)
--- DEBUG: Starting command:---
=======================================
🛠️  开始测试流程
Engine: milvus-p10 | Dataset: random-range-2048-angular-no-filters
=======================================
>>> [Step 1] 启动后台监控...
    监控进程 PID: 1011711
>>> [Step 2] 重置 Milvus...
 Container milvus-standalone  Stopping
 Container milvus-standalone  Stopped
 Container milvus-standalone  Removing
 Container milvus-standalone  Removed
 Container milvus-etcd  Stopping
 Container milvus-minio  Stopping
 Container milvus-etcd  Stopped
 Container milvus-etcd  Removing
 Container milvus-etcd  Removed
 Container milvus-minio  Stopped
 Container milvus-minio  Removing
 Container milvus-minio  Removed
 Network milvus  Removing
 Network milvus  Removed
    🧹 清理宿主机数据目录: /home/dzh/project/vdtuner/vector-db-benchmark-master/engine/servers/milvus-single-node/volumes
 Network milvus  Creating
 Network milvus  Created
 Container milvus-etcd  Creating
 Container milvus-minio  Creating
 Container milvus-etcd  Created
 Container milvus-minio  Created
 Container milvus-standalone  Creating
 Container milvus-standalone  Created
 Container milvus-minio  Starting
 Container milvus-etcd  Starting
 Container milvus-minio  Started
 Container milvus-etcd  Started
 Container milvus-standalone  Starting
 Container milvus-standalone  Started
>>> [Step 3] 等待服务启动 (90s)...
    等待中... (10s/120s)
    ✅ Milvus 服务已就绪
>>> [Step 4] 运行 Benchmark...
Running experiment: milvus-p10 - random-range-2048-angular-no-filters
established connection
/home/dzh/project/vdtuner/vector-db-benchmark-master/datasets/random-range-2048-angular/random_float_100k_no_filters already exists
Experiment stage: Configure
Experiment stage: Upload

0it [00:00, ?it/s]
1it [00:00,  1.61it/s]
64it [00:00, 81.35it/s]
640it [00:01, 949.80it/s]
960it [00:01, 1337.48it/s]
1344it [00:01, 1803.03it/s]
1644it [00:01, 2010.95it/s]
1933it [00:01, 2132.91it/s]
2240it [00:01, 2287.56it/s]
2688it [00:01, 2823.61it/s]
3013it [00:01, 2911.60it/s]
3904it [00:01, 4477.63it/s]
4864it [00:02, 5802.12it/s]
5760it [00:02, 6627.42it/s]
6848it [00:02, 7776.18it/s]
7872it [00:02, 8407.66it/s]
8896it [00:02, 8820.51it/s]
9920it [00:02, 9120.87it/s]
10944it [00:02, 9361.99it/s]
11904it [00:02, 9387.94it/s]
12864it [00:02, 9409.76it/s]
13824it [00:02, 9439.90it/s]
14786it [00:03, 9492.88it/s]
15808it [00:03, 9598.30it/s]
16769it [00:03, 9495.66it/s]
17720it [00:03, 6160.78it/s]
18624it [00:03, 6756.98it/s]
19628it [00:03, 7524.30it/s]
20492it [00:03, 7711.30it/s]
21440it [00:03, 8066.39it/s]
22400it [00:04, 8429.46it/s]
23377it [00:04, 8799.87it/s]
24320it [00:04, 8955.42it/s]
25241it [00:04, 8891.27it/s]
26148it [00:04, 8739.75it/s]
27035it [00:04, 8652.55it/s]
27968it [00:04, 8814.12it/s]
28864it [00:04, 8674.42it/s]
29935it [00:04, 9262.27it/s]
30925it [00:05, 9448.41it/s]
31875it [00:05, 9200.20it/s]
32800it [00:05, 6030.01it/s]
33728it [00:05, 6659.01it/s]
34688it [00:05, 7328.53it/s]
35645it [00:05, 7885.20it/s]
36544it [00:05, 8104.46it/s]
37556it [00:05, 8649.57it/s]
38471it [00:06, 8757.20it/s]
39424it [00:06, 8973.32it/s]
40348it [00:06, 8957.75it/s]
41262it [00:06, 8913.71it/s]
42240it [00:06, 9051.82it/s]
43264it [00:06, 9288.52it/s]
44203it [00:06, 9317.80it/s]
45140it [00:06, 9302.15it/s]
46080it [00:06, 9210.58it/s]
47004it [00:07, 5889.66it/s]
47830it [00:07, 6390.40it/s]
48704it [00:07, 6905.84it/s]
49562it [00:07, 7320.87it/s]
50432it [00:07, 7612.50it/s]
51264it [00:07, 7753.05it/s]
52160it [00:07, 7975.83it/s]
53056it [00:07, 8129.34it/s]
53892it [00:07, 8125.45it/s]
54721it [00:08, 7531.71it/s]
55552it [00:08, 7609.85it/s]
56327it [00:08, 7452.57it/s]
57152it [00:08, 7630.91it/s]
57984it [00:08, 7786.65it/s]
58880it [00:08, 8063.09it/s]
59692it [00:08, 8021.45it/s]
60544it [00:08, 8143.96it/s]
61376it [00:08, 8137.27it/s]
62192it [00:09, 5677.20it/s]
63040it [00:09, 6302.67it/s]
63938it [00:09, 6955.33it/s]
64779it [00:09, 7330.66it/s]
65664it [00:09, 7687.80it/s]
66560it [00:09, 7957.74it/s]
67456it [00:09, 8205.79it/s]
68302it [00:09, 8217.32it/s]
69148it [00:09, 8287.15it/s]
70016it [00:10, 8274.07it/s]
70853it [00:10, 8167.46it/s]
71744it [00:10, 8337.40it/s]
72597it [00:10, 8393.01it/s]
73472it [00:10, 8481.39it/s]
74368it [00:10, 8512.00it/s]
75221it [00:10, 8495.46it/s]
76072it [00:10, 7898.16it/s]
76871it [00:10, 7885.53it/s]
77800it [00:11, 8286.67it/s]
78677it [00:11, 8426.09it/s]
79525it [00:11, 8373.73it/s]
80384it [00:11, 8415.62it/s]
81313it [00:11, 8664.25it/s]
82207it [00:11, 8745.29it/s]
83084it [00:11, 8509.04it/s]
83938it [00:11, 8486.77it/s]
84800it [00:11, 8483.90it/s]
85696it [00:11, 8540.77it/s]
86551it [00:12, 8137.71it/s]
87424it [00:12, 8267.63it/s]
88282it [00:12, 8357.46it/s]
89216it [00:12, 8569.81it/s]
90112it [00:12, 8628.82it/s]
90977it [00:12, 6393.21it/s]
91904it [00:12, 7005.08it/s]
92808it [00:12, 7515.67it/s]
93693it [00:12, 7867.35it/s]
94568it [00:13, 8108.39it/s]
95424it [00:13, 8194.46it/s]
96320it [00:13, 8330.27it/s]
97253it [00:13, 8617.69it/s]
98129it [00:13, 8540.05it/s]
98993it [00:13, 8436.81it/s]
99844it [00:13, 8100.01it/s]
100000it [00:13, 7283.40it/s]
Upload time: 14.299767937045544
Total import time: 44.72936831181869
Experiment stage: Search

0it [00:00, ?it/s]
4it [00:00,  5.26it/s]
14it [00:00, 19.08it/s]
23it [00:01, 31.32it/s]
97it [00:01, 172.42it/s]
177it [00:01, 310.72it/s]
246it [00:01, 401.17it/s]
312it [00:01, 466.11it/s]
386it [00:01, 538.14it/s]
458it [00:01, 587.29it/s]
541it [00:01, 654.78it/s]
623it [00:01, 700.39it/s]
724it [00:01, 789.97it/s]
807it [00:02, 790.49it/s]
896it [00:02, 818.29it/s]
980it [00:02, 811.24it/s]
1063it [00:02, 756.31it/s]
1143it [00:02, 767.66it/s]
1231it [00:02, 797.92it/s]
1330it [00:02, 850.57it/s]
1429it [00:02, 890.00it/s]
1524it [00:02, 904.71it/s]
1615it [00:02, 895.91it/s]
1708it [00:03, 905.42it/s]
1799it [00:03, 901.31it/s]
1893it [00:03, 908.51it/s]
1984it [00:03, 880.88it/s]
2073it [00:03, 882.03it/s]
2170it [00:03, 907.33it/s]
2263it [00:03, 912.34it/s]
2355it [00:03, 880.66it/s]
2444it [00:03, 879.55it/s]
2533it [00:03, 869.39it/s]
2621it [00:04, 870.96it/s]
2709it [00:04, 872.21it/s]
2797it [00:04, 826.88it/s]
2881it [00:04, 813.71it/s]
2968it [00:04, 828.36it/s]
3061it [00:04, 856.88it/s]
3150it [00:04, 864.77it/s]
3247it [00:04, 892.58it/s]
3337it [00:04, 870.69it/s]
3425it [00:05, 823.21it/s]
3511it [00:05, 832.36it/s]
3616it [00:05, 894.48it/s]
3707it [00:05, 861.04it/s]
3794it [00:05, 775.55it/s]
3890it [00:05, 824.83it/s]
3984it [00:05, 855.47it/s]
4072it [00:05, 860.62it/s]
4161it [00:05, 868.98it/s]
4249it [00:06, 872.04it/s]
4337it [00:06, 873.39it/s]
4427it [00:06, 878.52it/s]
4517it [00:06, 883.51it/s]
4606it [00:06, 870.23it/s]
4699it [00:06, 886.78it/s]
4788it [00:06, 873.17it/s]
4876it [00:06, 872.58it/s]
4975it [00:06, 901.04it/s]
5066it [00:06, 879.92it/s]
5155it [00:07, 853.03it/s]
5241it [00:07, 795.07it/s]
5332it [00:07, 826.52it/s]
5427it [00:07, 860.18it/s]
5514it [00:07, 810.60it/s]
5606it [00:07, 839.63it/s]
5696it [00:07, 855.15it/s]
5797it [00:07, 897.99it/s]
5894it [00:07, 918.85it/s]
5987it [00:08, 895.03it/s]
6085it [00:08, 917.27it/s]
6182it [00:08, 930.78it/s]
6276it [00:08, 835.91it/s]
6362it [00:08, 834.54it/s]
6447it [00:08, 805.34it/s]
6529it [00:08, 774.82it/s]
6608it [00:08, 740.18it/s]
6683it [00:08, 736.47it/s]
6758it [00:09, 738.73it/s]
6833it [00:09, 738.92it/s]
6908it [00:09, 725.68it/s]
6981it [00:09, 699.87it/s]
7052it [00:09, 679.00it/s]
7128it [00:09, 700.78it/s]
7199it [00:09, 701.96it/s]
7273it [00:09, 712.68it/s]
7359it [00:09, 752.73it/s]
7451it [00:09, 797.72it/s]
7540it [00:10, 823.01it/s]
7634it [00:10, 857.36it/s]
7720it [00:10, 855.84it/s]
7809it [00:10, 865.97it/s]
7896it [00:10, 864.82it/s]
7983it [00:10, 863.46it/s]
8070it [00:10, 863.43it/s]
8160it [00:10, 872.36it/s]
8248it [00:10, 859.59it/s]
8335it [00:10, 858.88it/s]
8421it [00:11, 846.83it/s]
8506it [00:11, 847.13it/s]
8596it [00:11, 861.44it/s]
8688it [00:11, 877.37it/s]
8780it [00:11, 888.50it/s]
8880it [00:11, 920.88it/s]
8978it [00:11, 936.14it/s]
9074it [00:11, 941.06it/s]
9169it [00:11, 917.93it/s]
9261it [00:12, 861.44it/s]
9356it [00:12, 883.99it/s]
9447it [00:12, 889.61it/s]
9537it [00:12, 883.40it/s]
9626it [00:12, 876.86it/s]
9715it [00:12, 880.44it/s]
9804it [00:12, 876.51it/s]
9892it [00:12, 849.11it/s]
9978it [00:12, 830.96it/s]
10000it [00:12, 778.02it/s]
Experiment stage: Done
Results saved to:  /home/dzh/project/vdtuner/vector-db-benchmark-master/results
>>> [Step 5] 收尾工作...
    监控日志已保存。
📊 测试结果摘要:
0.9637600000000001
769.1724954742829
0.0054377806140109885
line1:  0.0054377806140109885
line1:  769.1724954742829
line1:  0.9637600000000001
numeric_values:  [0.0054377806140109885, 769.1724954742829, 0.9637600000000001]
[99] 8806 0.9637600000000001 0.0054377806140109885 90
/bin/sh: 1: Syntax error: "(" unexpected
/data/dzh/venv/lib/python3.10/site-packages/botorch/acquisition/multi_objective/monte_carlo.py:110: NumericsWarning: qExpectedHypervolumeImprovement has known numerical issues that lead to suboptimal optimization performance. It is strongly recommended to simply replace

	 qExpectedHypervolumeImprovement 	 --> 	 qLogExpectedHypervolumeImprovement 

instead, which fixes the issues and has the same API. See https://arxiv.org/abs/2310.20708 for details.
  legacy_ei_numerics_warning(legacy_name=type(self).__name__)
--- DEBUG: Starting command:---
=======================================
🛠️  开始测试流程
Engine: milvus-p10 | Dataset: random-range-2048-angular-no-filters
=======================================
>>> [Step 1] 启动后台监控...
    监控进程 PID: 1025653
>>> [Step 2] 重置 Milvus...
 Container milvus-standalone  Stopping
 Container milvus-standalone  Stopped
 Container milvus-standalone  Removing
 Container milvus-standalone  Removed
 Container milvus-minio  Stopping
 Container milvus-etcd  Stopping
 Container milvus-etcd  Stopped
 Container milvus-etcd  Removing
 Container milvus-etcd  Removed
 Container milvus-minio  Stopped
 Container milvus-minio  Removing
 Container milvus-minio  Removed
 Network milvus  Removing
 Network milvus  Removed
    🧹 清理宿主机数据目录: /home/dzh/project/vdtuner/vector-db-benchmark-master/engine/servers/milvus-single-node/volumes
 Network milvus  Creating
 Network milvus  Created
 Container milvus-minio  Creating
 Container milvus-etcd  Creating
 Container milvus-etcd  Created
 Container milvus-minio  Created
 Container milvus-standalone  Creating
 Container milvus-standalone  Created
 Container milvus-etcd  Starting
 Container milvus-minio  Starting
 Container milvus-etcd  Started
 Container milvus-minio  Started
 Container milvus-standalone  Starting
 Container milvus-standalone  Started
>>> [Step 3] 等待服务启动 (90s)...
    等待中... (10s/120s)
    ✅ Milvus 服务已就绪
>>> [Step 4] 运行 Benchmark...
Running experiment: milvus-p10 - random-range-2048-angular-no-filters
established connection
/home/dzh/project/vdtuner/vector-db-benchmark-master/datasets/random-range-2048-angular/random_float_100k_no_filters already exists
Experiment stage: Configure
Experiment stage: Upload

0it [00:00, ?it/s]
1it [00:00,  1.51it/s]
64it [00:00, 87.92it/s]
512it [00:01, 808.60it/s]
832it [00:01, 1248.94it/s]
1152it [00:01, 1561.26it/s]
1398it [00:01, 1718.96it/s]
1861it [00:01, 2405.40it/s]
2368it [00:01, 3052.89it/s]
2752it [00:01, 3151.29it/s]
3112it [00:01, 2954.91it/s]
3712it [00:01, 3670.36it/s]
4608it [00:02, 5021.53it/s]
5396it [00:02, 5799.70it/s]
6400it [00:02, 6981.92it/s]
7424it [00:02, 7894.25it/s]
8417it [00:02, 8482.75it/s]
9344it [00:02, 8686.33it/s]
10330it [00:02, 9030.91it/s]
11264it [00:02, 9117.28it/s]
12288it [00:02, 9351.62it/s]
13248it [00:02, 9356.34it/s]
14208it [00:03, 9330.89it/s]
15190it [00:03, 9474.51it/s]
16140it [00:03, 9380.22it/s]
17080it [00:03, 9311.32it/s]
18013it [00:03, 6426.17it/s]
18944it [00:03, 7048.07it/s]
19923it [00:03, 7713.04it/s]
20928it [00:03, 8270.19it/s]
21826it [00:04, 8231.76it/s]
22790it [00:04, 8613.32it/s]
23808it [00:04, 8941.21it/s]
24739it [00:04, 9044.72it/s]
25664it [00:04, 9096.31it/s]
26624it [00:04, 9159.60it/s]
27553it [00:04, 9191.17it/s]
28480it [00:04, 9118.22it/s]
29412it [00:04, 9176.76it/s]
30377it [00:04, 9316.37it/s]
31312it [00:05, 8811.74it/s]
32201it [00:05, 8157.11it/s]
33152it [00:05, 8493.46it/s]
34176it [00:05, 8859.87it/s]
35136it [00:05, 9067.44it/s]
36096it [00:05, 9175.11it/s]
37120it [00:05, 9416.28it/s]
38080it [00:05, 9463.37it/s]
39104it [00:05, 9590.28it/s]
40066it [00:06, 9238.00it/s]
41024it [00:06, 9242.07it/s]
41984it [00:06, 9250.91it/s]
42911it [00:06, 9250.26it/s]
43838it [00:06, 9156.37it/s]
44755it [00:06, 9002.17it/s]
45657it [00:06, 8854.50it/s]
46592it [00:06, 5489.00it/s]
47388it [00:07, 5987.78it/s]
48256it [00:07, 6579.01it/s]
49216it [00:07, 7195.65it/s]
50121it [00:07, 7666.18it/s]
51072it [00:07, 8051.48it/s]
51981it [00:07, 8334.75it/s]
52864it [00:07, 8440.29it/s]
53760it [00:07, 8577.25it/s]
54678it [00:07, 8751.34it/s]
55569it [00:07, 8752.19it/s]
56509it [00:08, 8941.70it/s]
57412it [00:08, 8746.64it/s]
58304it [00:08, 8687.96it/s]
59200it [00:08, 8766.65it/s]
60096it [00:08, 8741.45it/s]
61056it [00:08, 8952.72it/s]
61954it [00:08, 5650.06it/s]
62673it [00:08, 5922.45it/s]
63552it [00:09, 6574.40it/s]
64504it [00:09, 7299.85it/s]
65408it [00:09, 7616.60it/s]
66368it [00:09, 8063.95it/s]
67264it [00:09, 8300.36it/s]
68198it [00:09, 8592.68it/s]
69085it [00:09, 8399.16it/s]
69945it [00:09, 8162.19it/s]
70844it [00:09, 8394.41it/s]
71696it [00:10, 8286.25it/s]
72533it [00:10, 8017.45it/s]
73344it [00:10, 7971.53it/s]
74176it [00:10, 8011.91it/s]
75072it [00:10, 8265.17it/s]
75968it [00:10, 8410.14it/s]
76812it [00:10, 6278.89it/s]
77696it [00:10, 6802.13it/s]
78592it [00:10, 7277.74it/s]
79488it [00:11, 7704.65it/s]
80384it [00:11, 8001.40it/s]
81320it [00:11, 8379.73it/s]
82240it [00:11, 8504.70it/s]
83136it [00:11, 8618.45it/s]
84096it [00:11, 8821.85it/s]
84992it [00:11, 8715.41it/s]
85888it [00:11, 8698.06it/s]
86763it [00:11, 8677.76it/s]
87635it [00:12, 8588.06it/s]
88497it [00:12, 8572.25it/s]
89356it [00:12, 8440.55it/s]
90240it [00:12, 8534.87it/s]
91136it [00:12, 8592.86it/s]
92096it [00:12, 8804.80it/s]
92977it [00:12, 7800.61it/s]
93862it [00:12, 8084.89it/s]
94720it [00:12, 8131.51it/s]
95616it [00:12, 8245.49it/s]
96576it [00:13, 8513.20it/s]
97435it [00:13, 8237.86it/s]
98265it [00:13, 7886.74it/s]
99060it [00:13, 7693.25it/s]
99904it [00:13, 7814.11it/s]
100000it [00:13, 7389.61it/s]
Upload time: 14.086106483824551
Total import time: 43.72126715583727
Experiment stage: Search

0it [00:00, ?it/s]
4it [00:00,  5.27it/s]
12it [00:00, 16.73it/s]
20it [00:00, 28.11it/s]
60it [00:01, 104.28it/s]
132it [00:01, 243.06it/s]
206it [00:01, 363.61it/s]
285it [00:01, 470.63it/s]
367it [00:01, 562.82it/s]
451it [00:01, 639.04it/s]
539it [00:01, 700.78it/s]
630it [00:01, 760.16it/s]
711it [00:01, 737.56it/s]
794it [00:02, 755.04it/s]
885it [00:02, 794.06it/s]
967it [00:02, 714.95it/s]
1058it [00:02, 766.55it/s]
1138it [00:02, 772.44it/s]
1223it [00:02, 793.39it/s]
1311it [00:02, 817.54it/s]
1396it [00:02, 825.76it/s]
1483it [00:02, 837.51it/s]
1568it [00:02, 827.81it/s]
1652it [00:03, 826.71it/s]
1738it [00:03, 831.35it/s]
1830it [00:03, 855.70it/s]
1923it [00:03, 876.88it/s]
2016it [00:03, 890.01it/s]
2106it [00:03, 865.11it/s]
2193it [00:03, 813.16it/s]
2276it [00:03, 809.00it/s]
2358it [00:03, 803.07it/s]
2439it [00:04, 803.50it/s]
2520it [00:04, 795.95it/s]
2600it [00:04, 774.26it/s]
2684it [00:04, 790.86it/s]
2771it [00:04, 809.40it/s]
2861it [00:04, 834.93it/s]
2945it [00:04, 823.10it/s]
3030it [00:04, 828.04it/s]
3113it [00:04, 740.90it/s]
3189it [00:04, 710.88it/s]
3262it [00:05, 713.20it/s]
3336it [00:05, 719.34it/s]
3410it [00:05, 721.63it/s]
3483it [00:05, 714.46it/s]
3575it [00:05, 772.83it/s]
3659it [00:05, 791.19it/s]
3742it [00:05, 802.57it/s]
3824it [00:05, 804.59it/s]
3911it [00:05, 823.78it/s]
3994it [00:06, 810.03it/s]
4077it [00:06, 815.37it/s]
4167it [00:06, 838.70it/s]
4255it [00:06, 841.40it/s]
4340it [00:06, 824.48it/s]
4423it [00:06, 822.36it/s]
4506it [00:06, 798.38it/s]
4587it [00:06, 780.14it/s]
4674it [00:06, 805.26it/s]
4755it [00:06, 788.80it/s]
4835it [00:07, 783.96it/s]
4916it [00:07, 789.69it/s]
4996it [00:07, 772.10it/s]
5074it [00:07, 733.35it/s]
5148it [00:07, 694.07it/s]
5218it [00:07, 670.36it/s]
5295it [00:07, 696.91it/s]
5377it [00:07, 730.55it/s]
5451it [00:07, 687.02it/s]
5535it [00:08, 729.33it/s]
5609it [00:08, 716.13it/s]
5690it [00:08, 742.10it/s]
5772it [00:08, 762.42it/s]
5856it [00:08, 784.19it/s]
5935it [00:08, 771.12it/s]
6014it [00:08, 775.85it/s]
6096it [00:08, 780.20it/s]
6175it [00:08, 776.73it/s]
6253it [00:08, 773.16it/s]
6334it [00:09, 783.70it/s]
6413it [00:09, 742.23it/s]
6494it [00:09, 756.80it/s]
6572it [00:09, 762.72it/s]
6649it [00:09, 720.43it/s]
6726it [00:09, 733.04it/s]
6800it [00:09, 713.49it/s]
6884it [00:09, 748.14it/s]
6968it [00:09, 774.53it/s]
7047it [00:10, 777.89it/s]
7133it [00:10, 800.34it/s]
7214it [00:10, 793.47it/s]
7294it [00:10, 768.21it/s]
7382it [00:10, 800.28it/s]
7466it [00:10, 807.42it/s]
7552it [00:10, 821.70it/s]
7636it [00:10, 825.38it/s]
7719it [00:10, 771.62it/s]
7806it [00:10, 794.88it/s]
7887it [00:11, 769.98it/s]
7965it [00:11, 742.78it/s]
8040it [00:11, 733.29it/s]
8114it [00:11, 725.54it/s]
8187it [00:11, 705.54it/s]
8258it [00:11, 699.87it/s]
8329it [00:11, 649.72it/s]
8404it [00:11, 673.19it/s]
8474it [00:11, 678.50it/s]
8546it [00:12, 687.90it/s]
8633it [00:12, 738.98it/s]
8718it [00:12, 770.02it/s]
8807it [00:12, 804.98it/s]
8900it [00:12, 840.78it/s]
8991it [00:12, 860.78it/s]
9078it [00:12, 859.15it/s]
9165it [00:12, 845.68it/s]
9250it [00:12, 834.43it/s]
9334it [00:12, 826.45it/s]
9417it [00:13, 821.38it/s]
9500it [00:13, 810.42it/s]
9585it [00:13, 819.90it/s]
9669it [00:13, 824.51it/s]
9752it [00:13, 797.14it/s]
9834it [00:13, 803.57it/s]
9915it [00:13, 799.57it/s]
9996it [00:13, 786.90it/s]
10000it [00:13, 724.11it/s]
Experiment stage: Done
Results saved to:  /home/dzh/project/vdtuner/vector-db-benchmark-master/results
>>> [Step 5] 收尾工作...
    监控日志已保存。
📊 测试结果摘要:
0.9661799999999999
719.4238492520356
0.005591321061365306
line1:  0.005591321061365306
line1:  719.4238492520356
line1:  0.9661799999999999
numeric_values:  [0.005591321061365306, 719.4238492520356, 0.9661799999999999]
[100] 8899 0.9661799999999999 0.005591321061365306 93
/bin/sh: 1: Syntax error: "(" unexpected
/data/dzh/venv/lib/python3.10/site-packages/botorch/acquisition/multi_objective/monte_carlo.py:110: NumericsWarning: qExpectedHypervolumeImprovement has known numerical issues that lead to suboptimal optimization performance. It is strongly recommended to simply replace

	 qExpectedHypervolumeImprovement 	 --> 	 qLogExpectedHypervolumeImprovement 

instead, which fixes the issues and has the same API. See https://arxiv.org/abs/2310.20708 for details.
  legacy_ei_numerics_warning(legacy_name=type(self).__name__)
--- DEBUG: Starting command:---
=======================================
🛠️  开始测试流程
Engine: milvus-p10 | Dataset: random-range-2048-angular-no-filters
=======================================
>>> [Step 1] 启动后台监控...
    监控进程 PID: 1039380
>>> [Step 2] 重置 Milvus...
 Container milvus-standalone  Stopping
 Container milvus-standalone  Stopped
 Container milvus-standalone  Removing
 Container milvus-standalone  Removed
 Container milvus-etcd  Stopping
 Container milvus-minio  Stopping
 Container milvus-etcd  Stopped
 Container milvus-etcd  Removing
 Container milvus-etcd  Removed
 Container milvus-minio  Stopped
 Container milvus-minio  Removing
 Container milvus-minio  Removed
 Network milvus  Removing
 Network milvus  Removed
    🧹 清理宿主机数据目录: /home/dzh/project/vdtuner/vector-db-benchmark-master/engine/servers/milvus-single-node/volumes
 Network milvus  Creating
 Network milvus  Created
 Container milvus-etcd  Creating
 Container milvus-minio  Creating
 Container milvus-etcd  Created
 Container milvus-minio  Created
 Container milvus-standalone  Creating
 Container milvus-standalone  Created
 Container milvus-minio  Starting
 Container milvus-etcd  Starting
 Container milvus-minio  Started
 Container milvus-etcd  Started
 Container milvus-standalone  Starting
 Container milvus-standalone  Started
>>> [Step 3] 等待服务启动 (90s)...
    等待中... (10s/120s)
    ✅ Milvus 服务已就绪
>>> [Step 4] 运行 Benchmark...
Running experiment: milvus-p10 - random-range-2048-angular-no-filters
established connection
/home/dzh/project/vdtuner/vector-db-benchmark-master/datasets/random-range-2048-angular/random_float_100k_no_filters already exists
Experiment stage: Configure
Experiment stage: Upload

0it [00:00, ?it/s]
1it [00:01,  1.26s/it]
704it [00:01, 716.78it/s]
1110it [00:01, 952.82it/s]
1472it [00:01, 1290.22it/s]
1782it [00:01, 1398.15it/s]
2043it [00:02, 1559.10it/s]
2292it [00:02, 1519.29it/s]
2816it [00:02, 2167.08it/s]
3520it [00:02, 3164.25it/s]
4544it [00:02, 4771.33it/s]
5557it [00:02, 6088.95it/s]
6592it [00:02, 7136.63it/s]
7552it [00:02, 7705.45it/s]
8576it [00:02, 8402.41it/s]
9600it [00:03, 8862.81it/s]
10657it [00:03, 9350.68it/s]
11625it [00:03, 9341.20it/s]
12582it [00:03, 9184.82it/s]
13568it [00:03, 9269.74it/s]
14528it [00:03, 9301.90it/s]
15488it [00:03, 9340.55it/s]
16428it [00:03, 8719.89it/s]
17427it [00:03, 9075.43it/s]
18375it [00:03, 9190.93it/s]
19392it [00:04, 9407.50it/s]
20339it [00:04, 9253.06it/s]
21310it [00:04, 9384.79it/s]
22336it [00:04, 9533.74it/s]
23360it [00:04, 9624.22it/s]
24325it [00:04, 9386.42it/s]
25344it [00:04, 9519.35it/s]
26304it [00:04, 9532.21it/s]
27264it [00:04, 9496.04it/s]
28224it [00:05, 9487.05it/s]
29248it [00:05, 9629.04it/s]
30212it [00:05, 9600.22it/s]
31173it [00:05, 9494.33it/s]
32123it [00:05, 6191.43it/s]
32969it [00:05, 6679.54it/s]
33984it [00:05, 7479.75it/s]
34944it [00:05, 7922.62it/s]
35963it [00:05, 8515.81it/s]
36881it [00:06, 8635.42it/s]
37860it [00:06, 8956.55it/s]
38814it [00:06, 9122.28it/s]
39752it [00:06, 9042.64it/s]
40704it [00:06, 9136.66it/s]
41694it [00:06, 9357.99it/s]
42640it [00:06, 8872.23it/s]
43584it [00:06, 8919.23it/s]
44544it [00:06, 9045.15it/s]
45504it [00:07, 9086.57it/s]
46464it [00:07, 9142.84it/s]
47382it [00:07, 5901.76it/s]
48256it [00:07, 6458.90it/s]
49205it [00:07, 7156.95it/s]
50049it [00:07, 7473.25it/s]
50944it [00:07, 7854.84it/s]
51840it [00:07, 8025.41it/s]
52736it [00:08, 8191.69it/s]
53632it [00:08, 8375.78it/s]
54528it [00:08, 8535.42it/s]
55454it [00:08, 8744.70it/s]
56384it [00:08, 8826.52it/s]
57328it [00:08, 9005.93it/s]
58236it [00:08, 8886.65it/s]
59130it [00:08, 8557.98it/s]
59992it [00:08, 8554.05it/s]
60852it [00:08, 8426.68it/s]
61760it [00:09, 8548.57it/s]
62618it [00:09, 7527.38it/s]
63488it [00:09, 7805.87it/s]
64448it [00:09, 8205.09it/s]
65344it [00:09, 8299.58it/s]
66240it [00:09, 8406.16it/s]
67136it [00:09, 8514.61it/s]
68032it [00:09, 8599.81it/s]
68982it [00:09, 8861.61it/s]
69888it [00:10, 8855.26it/s]
70784it [00:10, 8725.14it/s]
71670it [00:10, 8764.08it/s]
72549it [00:10, 8518.89it/s]
73408it [00:10, 8434.11it/s]
74257it [00:10, 8449.50it/s]
75104it [00:10, 8350.29it/s]
76032it [00:10, 8514.67it/s]
76884it [00:11, 5519.50it/s]
77729it [00:11, 6143.25it/s]
78592it [00:11, 6706.47it/s]
79510it [00:11, 7323.04it/s]
80448it [00:11, 7769.63it/s]
81394it [00:11, 8226.33it/s]
82265it [00:11, 8191.17it/s]
83118it [00:11, 8217.84it/s]
83968it [00:11, 8254.46it/s]
84891it [00:11, 8534.93it/s]
85824it [00:12, 8647.95it/s]
86751it [00:12, 8828.70it/s]
87680it [00:12, 8889.92it/s]
88574it [00:12, 8786.29it/s]
89457it [00:12, 8304.51it/s]
90304it [00:12, 8224.36it/s]
91262it [00:12, 8610.34it/s]
92129it [00:12, 7881.34it/s]
93016it [00:12, 8152.10it/s]
93844it [00:13, 7903.01it/s]
94784it [00:13, 8213.68it/s]
95685it [00:13, 8438.44it/s]
96547it [00:13, 8490.13it/s]
97408it [00:13, 8432.64it/s]
98330it [00:13, 8661.87it/s]
99264it [00:13, 8754.08it/s]
100000it [00:13, 7267.98it/s]
Upload time: 14.154208309948444
Total import time: 44.5797754409723
Experiment stage: Search

0it [00:00, ?it/s]
4it [00:00,  5.12it/s]
14it [00:00, 18.06it/s]
37it [00:01, 53.61it/s]
71it [00:01, 108.76it/s]
164it [00:01, 285.61it/s]
255it [00:01, 432.23it/s]
337it [00:01, 528.92it/s]
423it [00:01, 615.96it/s]
512it [00:01, 689.60it/s]
600it [00:01, 742.17it/s]
684it [00:01, 769.32it/s]
769it [00:01, 791.70it/s]
854it [00:02, 808.38it/s]
938it [00:02, 803.26it/s]
1021it [00:02, 809.43it/s]
1110it [00:02, 827.38it/s]
1194it [00:02, 830.02it/s]
1285it [00:02, 853.52it/s]
1374it [00:02, 863.32it/s]
1469it [00:02, 888.25it/s]
1563it [00:02, 901.96it/s]
1659it [00:02, 917.87it/s]
1751it [00:03, 812.65it/s]
1835it [00:03, 738.28it/s]
1929it [00:03, 789.30it/s]
2020it [00:03, 821.85it/s]
2110it [00:03, 841.47it/s]
2204it [00:03, 867.33it/s]
2293it [00:03, 845.37it/s]
2391it [00:03, 882.04it/s]
2486it [00:03, 900.87it/s]
2577it [00:04, 883.15it/s]
2666it [00:04, 833.40it/s]
2751it [00:04, 825.15it/s]
2835it [00:04, 828.36it/s]
2923it [00:04, 840.87it/s]
3008it [00:04, 838.57it/s]
3093it [00:04, 817.51it/s]
3178it [00:04, 823.92it/s]
3261it [00:04, 780.17it/s]
3342it [00:05, 778.25it/s]
3421it [00:05, 777.88it/s]
3504it [00:05, 789.94it/s]
3584it [00:05, 766.30it/s]
3670it [00:05, 792.51it/s]
3762it [00:05, 828.21it/s]
3846it [00:05, 826.96it/s]
3929it [00:05, 816.06it/s]
4011it [00:05, 808.71it/s]
4099it [00:05, 828.26it/s]
4182it [00:06, 763.27it/s]
4262it [00:06, 766.16it/s]
4348it [00:06, 791.88it/s]
4448it [00:06, 851.54it/s]
4547it [00:06, 891.84it/s]
4638it [00:06, 896.29it/s]
4729it [00:06, 847.89it/s]
4815it [00:06, 714.96it/s]
4891it [00:06, 698.51it/s]
4964it [00:07, 698.87it/s]
5048it [00:07, 735.18it/s]
5126it [00:07, 747.52it/s]
5203it [00:07, 625.51it/s]
5280it [00:07, 660.66it/s]
5356it [00:07, 686.76it/s]
5428it [00:07, 686.88it/s]
5505it [00:07, 703.33it/s]
5577it [00:07, 700.63it/s]
5650it [00:08, 708.45it/s]
5725it [00:08, 716.77it/s]
5810it [00:08, 749.37it/s]
5886it [00:08, 671.12it/s]
5955it [00:08, 650.21it/s]
6032it [00:08, 682.06it/s]
6112it [00:08, 714.19it/s]
6197it [00:08, 751.75it/s]
6274it [00:08, 692.28it/s]
6345it [00:09, 675.97it/s]
6416it [00:09, 673.61it/s]
6485it [00:09, 677.49it/s]
6565it [00:09, 704.71it/s]
6648it [00:09, 739.00it/s]
6723it [00:09, 732.03it/s]
6797it [00:09, 727.21it/s]
6894it [00:09, 795.75it/s]
6974it [00:09, 765.28it/s]
7060it [00:10, 791.94it/s]
7147it [00:10, 810.74it/s]
7230it [00:10, 815.41it/s]
7316it [00:10, 769.91it/s]
7396it [00:10, 773.67it/s]
7475it [00:10, 777.47it/s]
7554it [00:10, 720.18it/s]
7628it [00:10, 666.54it/s]
7696it [00:10, 603.34it/s]
7764it [00:11, 619.61it/s]
7853it [00:11, 688.43it/s]
7933it [00:11, 718.80it/s]
8013it [00:11, 740.55it/s]
8090it [00:11, 744.56it/s]
8178it [00:11, 773.27it/s]
8271it [00:11, 817.73it/s]
8354it [00:11, 773.00it/s]
8433it [00:11, 730.69it/s]
8508it [00:12, 711.59it/s]
8580it [00:12, 711.16it/s]
8662it [00:12, 740.26it/s]
8757it [00:12, 799.71it/s]
8855it [00:12, 850.50it/s]
8953it [00:12, 887.26it/s]
9045it [00:12, 894.77it/s]
9135it [00:12, 819.97it/s]
9219it [00:12, 747.68it/s]
9302it [00:13, 768.45it/s]
9381it [00:13, 772.04it/s]
9460it [00:13, 755.10it/s]
9537it [00:13, 694.60it/s]
9608it [00:13, 655.51it/s]
9675it [00:13, 632.08it/s]
9748it [00:13, 657.31it/s]
9815it [00:13, 658.37it/s]
9888it [00:13, 674.84it/s]
9975it [00:13, 726.30it/s]
10000it [00:14, 712.33it/s]
Experiment stage: Done
Results saved to:  /home/dzh/project/vdtuner/vector-db-benchmark-master/results
>>> [Step 5] 收尾工作...
    监控日志已保存。
📊 测试结果摘要:
0.9375
705.9238435459722
0.00557962916791439
line1:  0.00557962916791439
line1:  705.9238435459722
line1:  0.9375
numeric_values:  [0.00557962916791439, 705.9238435459722, 0.9375]
[101] 8991 0.9375 0.00557962916791439 91
/bin/sh: 1: Syntax error: "(" unexpected
/data/dzh/venv/lib/python3.10/site-packages/botorch/acquisition/multi_objective/monte_carlo.py:110: NumericsWarning: qExpectedHypervolumeImprovement has known numerical issues that lead to suboptimal optimization performance. It is strongly recommended to simply replace

	 qExpectedHypervolumeImprovement 	 --> 	 qLogExpectedHypervolumeImprovement 

instead, which fixes the issues and has the same API. See https://arxiv.org/abs/2310.20708 for details.
  legacy_ei_numerics_warning(legacy_name=type(self).__name__)
--- DEBUG: Starting command:---
=======================================
🛠️  开始测试流程
Engine: milvus-p10 | Dataset: random-range-2048-angular-no-filters
=======================================
>>> [Step 1] 启动后台监控...
    监控进程 PID: 1053108
>>> [Step 2] 重置 Milvus...
 Container milvus-standalone  Stopping
 Container milvus-standalone  Stopped
 Container milvus-standalone  Removing
 Container milvus-standalone  Removed
 Container milvus-etcd  Stopping
 Container milvus-minio  Stopping
 Container milvus-etcd  Stopped
 Container milvus-etcd  Removing
 Container milvus-etcd  Removed
 Container milvus-minio  Stopped
 Container milvus-minio  Removing
 Container milvus-minio  Removed
 Network milvus  Removing
 Network milvus  Removed
    🧹 清理宿主机数据目录: /home/dzh/project/vdtuner/vector-db-benchmark-master/engine/servers/milvus-single-node/volumes
 Network milvus  Creating
 Network milvus  Created
 Container milvus-etcd  Creating
 Container milvus-minio  Creating
 Container milvus-etcd  Created
 Container milvus-minio  Created
 Container milvus-standalone  Creating
 Container milvus-standalone  Created
 Container milvus-minio  Starting
 Container milvus-etcd  Starting
 Container milvus-minio  Started
 Container milvus-etcd  Started
 Container milvus-standalone  Starting
 Container milvus-standalone  Started
>>> [Step 3] 等待服务启动 (90s)...
    等待中... (10s/120s)
    ✅ Milvus 服务已就绪
>>> [Step 4] 运行 Benchmark...
Running experiment: milvus-p10 - random-range-2048-angular-no-filters
established connection
/home/dzh/project/vdtuner/vector-db-benchmark-master/datasets/random-range-2048-angular/random_float_100k_no_filters already exists
Experiment stage: Configure
Experiment stage: Upload

0it [00:00, ?it/s]
1it [00:00,  1.63it/s]
64it [00:00, 90.62it/s]
256it [00:01, 374.36it/s]
704it [00:01, 1121.74it/s]
1152it [00:01, 1734.35it/s]
1419it [00:01, 1600.39it/s]
1920it [00:01, 2294.33it/s]
2231it [00:01, 2249.74it/s]
2511it [00:01, 2228.52it/s]
3184it [00:01, 3270.67it/s]
3570it [00:02, 3370.95it/s]
4544it [00:02, 5015.49it/s]
5569it [00:02, 6431.09it/s]
6592it [00:02, 7462.47it/s]
7585it [00:02, 8161.34it/s]
8512it [00:02, 8476.23it/s]
9536it [00:02, 8913.03it/s]
10558it [00:02, 9295.04it/s]
11503it [00:02, 9307.14it/s]
12480it [00:02, 9371.65it/s]
13477it [00:03, 9547.88it/s]
14438it [00:03, 9470.53it/s]
15389it [00:03, 9435.91it/s]
16336it [00:03, 9190.35it/s]
17259it [00:03, 7340.17it/s]
18176it [00:03, 7719.71it/s]
19200it [00:03, 8288.75it/s]
20224it [00:03, 8738.54it/s]
21184it [00:03, 8889.13it/s]
22208it [00:04, 9228.04it/s]
23232it [00:04, 9451.95it/s]
24256it [00:04, 9553.95it/s]
25280it [00:04, 9636.32it/s]
26251it [00:04, 8967.17it/s]
27161it [00:04, 8942.90it/s]
28096it [00:04, 9057.06it/s]
29057it [00:04, 9215.46it/s]
30074it [00:04, 9492.27it/s]
31028it [00:05, 9450.41it/s]
31977it [00:05, 9411.69it/s]
32921it [00:05, 5773.23it/s]
33760it [00:05, 6309.95it/s]
34688it [00:05, 6945.96it/s]
35648it [00:05, 7527.06it/s]
36580it [00:05, 7986.05it/s]
37568it [00:05, 8417.31it/s]
38507it [00:06, 8684.68it/s]
39418it [00:06, 8757.28it/s]
40324it [00:06, 8617.90it/s]
41216it [00:06, 8684.60it/s]
42112it [00:06, 8665.24it/s]
43062it [00:06, 8906.97it/s]
43968it [00:06, 8907.89it/s]
44928it [00:06, 9009.43it/s]
45888it [00:06, 9047.02it/s]
46796it [00:07, 6309.72it/s]
47680it [00:07, 6872.99it/s]
48640it [00:07, 7443.13it/s]
49472it [00:07, 7590.87it/s]
50432it [00:07, 8040.00it/s]
51281it [00:07, 8145.58it/s]
52224it [00:07, 8458.15it/s]
53095it [00:07, 8376.41it/s]
53952it [00:07, 8402.86it/s]
54912it [00:08, 8665.43it/s]
55788it [00:08, 8659.02it/s]
56661it [00:08, 8561.51it/s]
57522it [00:08, 8524.31it/s]
58378it [00:08, 8423.00it/s]
59223it [00:08, 8314.26it/s]
60096it [00:08, 8290.60it/s]
60992it [00:08, 8386.02it/s]
61832it [00:08, 8365.73it/s]
62670it [00:09, 4987.56it/s]
63501it [00:09, 5650.55it/s]
64384it [00:09, 6355.90it/s]
65324it [00:09, 7088.30it/s]
66141it [00:09, 7363.42it/s]
67008it [00:09, 7619.50it/s]
67968it [00:09, 8064.97it/s]
68864it [00:09, 8248.52it/s]
69767it [00:10, 8469.28it/s]
70656it [00:10, 8542.32it/s]
71552it [00:10, 8616.64it/s]
72448it [00:10, 8686.90it/s]
73344it [00:10, 8733.51it/s]
74224it [00:10, 8540.48it/s]
75110it [00:10, 8633.25it/s]
76032it [00:10, 8667.44it/s]
76992it [00:10, 8827.13it/s]
77877it [00:11, 6386.30it/s]
78720it [00:11, 6788.12it/s]
79718it [00:11, 7575.37it/s]
80640it [00:11, 7999.79it/s]
81594it [00:11, 8417.04it/s]
82496it [00:11, 8474.56it/s]
83456it [00:11, 8708.43it/s]
84364it [00:11, 8814.34it/s]
85277it [00:11, 8905.59it/s]
86180it [00:11, 8826.12it/s]
87075it [00:12, 8861.78it/s]
87968it [00:12, 8847.92it/s]
88896it [00:12, 8849.39it/s]
89792it [00:12, 8738.22it/s]
90688it [00:12, 8700.55it/s]
91560it [00:12, 8658.34it/s]
92427it [00:12, 5834.48it/s]
93376it [00:12, 6562.50it/s]
94336it [00:13, 7203.17it/s]
95274it [00:13, 7749.35it/s]
96128it [00:13, 7933.14it/s]
96975it [00:13, 8056.86it/s]
97856it [00:13, 8146.16it/s]
98752it [00:13, 8328.83it/s]
99648it [00:13, 8452.05it/s]
100000it [00:13, 7288.05it/s]
Upload time: 14.111678543034941
Total import time: 44.33222706802189
Experiment stage: Search

0it [00:00, ?it/s]
4it [00:00,  5.60it/s]
15it [00:00, 22.83it/s]
30it [00:00, 44.94it/s]
57it [00:01, 91.19it/s]
123it [00:01, 220.53it/s]
211it [00:01, 381.38it/s]
302it [00:01, 517.92it/s]
385it [00:01, 601.29it/s]
478it [00:01, 692.50it/s]
559it [00:01, 719.72it/s]
639it [00:01, 741.31it/s]
721it [00:01, 761.93it/s]
801it [00:01, 727.09it/s]
879it [00:02, 740.69it/s]
955it [00:02, 686.49it/s]
1028it [00:02, 697.15it/s]
1107it [00:02, 720.94it/s]
1181it [00:02, 722.60it/s]
1255it [00:02, 722.90it/s]
1328it [00:02, 643.94it/s]
1412it [00:02, 695.52it/s]
1490it [00:02, 717.75it/s]
1574it [00:03, 751.24it/s]
1668it [00:03, 804.22it/s]
1755it [00:03, 821.46it/s]
1852it [00:03, 862.51it/s]
1950it [00:03, 895.69it/s]
2049it [00:03, 923.35it/s]
2148it [00:03, 942.01it/s]
2243it [00:03, 942.04it/s]
2338it [00:03, 915.91it/s]
2430it [00:03, 880.79it/s]
2519it [00:04, 842.90it/s]
2604it [00:04, 821.94it/s]
2688it [00:04, 825.35it/s]
2779it [00:04, 846.37it/s]
2868it [00:04, 856.46it/s]
2967it [00:04, 893.89it/s]
3063it [00:04, 911.67it/s]
3162it [00:04, 933.23it/s]
3256it [00:04, 867.72it/s]
3344it [00:05, 844.02it/s]
3433it [00:05, 856.26it/s]
3530it [00:05, 886.44it/s]
3622it [00:05, 894.02it/s]
3712it [00:05, 894.72it/s]
3802it [00:05, 888.50it/s]
3893it [00:05, 894.77it/s]
3983it [00:05, 883.25it/s]
4072it [00:05, 825.64it/s]
4156it [00:06, 781.36it/s]
4236it [00:06, 757.13it/s]
4313it [00:06, 722.64it/s]
4398it [00:06, 756.01it/s]
4479it [00:06, 766.46it/s]
4558it [00:06, 772.77it/s]
4636it [00:06, 770.71it/s]
4714it [00:06, 770.52it/s]
4795it [00:06, 779.88it/s]
4877it [00:06, 788.80it/s]
4958it [00:07, 792.88it/s]
5052it [00:07, 833.15it/s]
5136it [00:07, 832.85it/s]
5220it [00:07, 818.90it/s]
5312it [00:07, 845.03it/s]
5397it [00:07, 811.28it/s]
5479it [00:07, 789.24it/s]
5559it [00:07, 787.49it/s]
5653it [00:07, 827.23it/s]
5742it [00:07, 844.28it/s]
5827it [00:08, 809.42it/s]
5913it [00:08, 823.81it/s]
5997it [00:08, 826.34it/s]
6088it [00:08, 849.68it/s]
6182it [00:08, 874.61it/s]
6270it [00:08, 867.72it/s]
6357it [00:08, 847.01it/s]
6445it [00:08, 855.95it/s]
6532it [00:08, 859.01it/s]
6619it [00:09, 860.17it/s]
6707it [00:09, 864.59it/s]
6794it [00:09, 813.81it/s]
6879it [00:09, 823.28it/s]
6962it [00:09, 824.70it/s]
7046it [00:09, 828.96it/s]
7130it [00:09, 812.32it/s]
7216it [00:09, 825.27it/s]
7303it [00:09, 837.22it/s]
7392it [00:09, 849.76it/s]
7478it [00:10, 838.73it/s]
7562it [00:10, 796.82it/s]
7643it [00:10, 764.63it/s]
7724it [00:10, 775.27it/s]
7802it [00:10, 760.46it/s]
7899it [00:10, 819.24it/s]
7999it [00:10, 871.26it/s]
8087it [00:10, 823.61it/s]
8171it [00:10, 816.98it/s]
8254it [00:11, 784.75it/s]
8334it [00:11, 757.26it/s]
8415it [00:11, 749.78it/s]
8508it [00:11, 796.83it/s]
8608it [00:11, 852.02it/s]
8708it [00:11, 893.18it/s]
8810it [00:11, 927.77it/s]
8904it [00:11, 922.59it/s]
8997it [00:11, 874.22it/s]
9086it [00:12, 852.40it/s]
9172it [00:12, 853.21it/s]
9262it [00:12, 859.50it/s]
9360it [00:12, 893.69it/s]
9460it [00:12, 924.71it/s]
9558it [00:12, 938.72it/s]
9653it [00:12, 910.38it/s]
9745it [00:12, 909.01it/s]
9837it [00:12, 907.64it/s]
9928it [00:12, 883.42it/s]
10000it [00:13, 767.64it/s]
Experiment stage: Done
Results saved to:  /home/dzh/project/vdtuner/vector-db-benchmark-master/results
>>> [Step 5] 收尾工作...
    监控日志已保存。
📊 测试结果摘要:
0.9992700000000001
759.8048785495431
0.005889754253439603
line1:  0.005889754253439603
line1:  759.8048785495431
line1:  0.9992700000000001
numeric_values:  [0.005889754253439603, 759.8048785495431, 0.9992700000000001]
[102] 9080 0.9992700000000001 0.005889754253439603 89
/bin/sh: 1: Syntax error: "(" unexpected
/data/dzh/venv/lib/python3.10/site-packages/botorch/acquisition/multi_objective/monte_carlo.py:110: NumericsWarning: qExpectedHypervolumeImprovement has known numerical issues that lead to suboptimal optimization performance. It is strongly recommended to simply replace

	 qExpectedHypervolumeImprovement 	 --> 	 qLogExpectedHypervolumeImprovement 

instead, which fixes the issues and has the same API. See https://arxiv.org/abs/2310.20708 for details.
  legacy_ei_numerics_warning(legacy_name=type(self).__name__)
--- DEBUG: Starting command:---
=======================================
🛠️  开始测试流程
Engine: milvus-p10 | Dataset: random-range-2048-angular-no-filters
=======================================
>>> [Step 1] 启动后台监控...
    监控进程 PID: 1066815
>>> [Step 2] 重置 Milvus...
 Container milvus-standalone  Stopping
 Container milvus-standalone  Stopped
 Container milvus-standalone  Removing
 Container milvus-standalone  Removed
 Container milvus-etcd  Stopping
 Container milvus-minio  Stopping
 Container milvus-etcd  Stopped
 Container milvus-etcd  Removing
 Container milvus-etcd  Removed
 Container milvus-minio  Stopped
 Container milvus-minio  Removing
 Container milvus-minio  Removed
 Network milvus  Removing
 Network milvus  Removed
    🧹 清理宿主机数据目录: /home/dzh/project/vdtuner/vector-db-benchmark-master/engine/servers/milvus-single-node/volumes
 Network milvus  Creating
 Network milvus  Created
 Container milvus-etcd  Creating
 Container milvus-minio  Creating
 Container milvus-minio  Created
 Container milvus-etcd  Created
 Container milvus-standalone  Creating
 Container milvus-standalone  Created
 Container milvus-etcd  Starting
 Container milvus-minio  Starting
 Container milvus-minio  Started
 Container milvus-etcd  Started
 Container milvus-standalone  Starting
 Container milvus-standalone  Started
>>> [Step 3] 等待服务启动 (90s)...
    等待中... (10s/120s)
    ✅ Milvus 服务已就绪
>>> [Step 4] 运行 Benchmark...
Running experiment: milvus-p10 - random-range-2048-angular-no-filters
established connection
/home/dzh/project/vdtuner/vector-db-benchmark-master/datasets/random-range-2048-angular/random_float_100k_no_filters already exists
Experiment stage: Configure
Experiment stage: Upload

0it [00:00, ?it/s]
1it [00:00,  1.82it/s]
64it [00:00, 80.52it/s]
628it [00:01, 930.82it/s]
891it [00:01, 1083.67it/s]
1408it [00:01, 1764.02it/s]
1701it [00:01, 1827.80it/s]
2112it [00:01, 2298.66it/s]
2421it [00:01, 2293.43it/s]
2816it [00:01, 2563.66it/s]
3456it [00:01, 3449.10it/s]
4352it [00:02, 4822.17it/s]
5390it [00:02, 6295.73it/s]
6400it [00:02, 7327.29it/s]
7424it [00:02, 8124.05it/s]
8448it [00:02, 8701.22it/s]
9472it [00:02, 9048.23it/s]
10496it [00:02, 9334.58it/s]
11487it [00:02, 9502.25it/s]
12450it [00:02, 9515.03it/s]
13411it [00:02, 9487.89it/s]
14442it [00:03, 9713.51it/s]
15418it [00:03, 9614.50it/s]
16383it [00:03, 8048.63it/s]
17233it [00:03, 8148.76it/s]
18193it [00:03, 8541.72it/s]
19136it [00:03, 8773.34it/s]
20096it [00:03, 8953.59it/s]
21071it [00:03, 9182.48it/s]
22080it [00:03, 9334.73it/s]
23040it [00:04, 9326.97it/s]
24000it [00:04, 9302.52it/s]
24960it [00:04, 9244.37it/s]
25920it [00:04, 9272.66it/s]
26880it [00:04, 9242.61it/s]
27840it [00:04, 9212.32it/s]
28800it [00:04, 9297.94it/s]
29824it [00:04, 9548.24it/s]
30824it [00:04, 9680.59it/s]
31794it [00:05, 6050.33it/s]
32704it [00:05, 6674.70it/s]
33664it [00:05, 7345.37it/s]
34544it [00:05, 7701.80it/s]
35408it [00:05, 7862.40it/s]
36288it [00:05, 8026.61it/s]
37184it [00:05, 8222.83it/s]
38103it [00:05, 8483.90it/s]
39040it [00:05, 8717.09it/s]
40000it [00:06, 8889.78it/s]
40960it [00:06, 8974.15it/s]
41912it [00:06, 9132.52it/s]
42833it [00:06, 9134.02it/s]
43752it [00:06, 9069.31it/s]
44672it [00:06, 8994.98it/s]
45632it [00:06, 9110.53it/s]
46592it [00:06, 6992.09it/s]
47369it [00:07, 6737.83it/s]
48256it [00:07, 7238.54it/s]
49152it [00:07, 7664.06it/s]
50048it [00:07, 7881.98it/s]
50880it [00:07, 7994.26it/s]
51776it [00:07, 8247.30it/s]
52641it [00:07, 8361.84it/s]
53568it [00:07, 8527.42it/s]
54528it [00:07, 8803.60it/s]
55424it [00:07, 8848.22it/s]
56314it [00:08, 8856.12it/s]
57203it [00:08, 8837.47it/s]
58110it [00:08, 8906.04it/s]
59008it [00:08, 8814.71it/s]
59891it [00:08, 8798.89it/s]
60800it [00:08, 8757.84it/s]
61760it [00:08, 8903.48it/s]
62651it [00:08, 8326.24it/s]
63501it [00:08, 8373.90it/s]
64384it [00:09, 8495.60it/s]
65280it [00:09, 8625.24it/s]
66240it [00:09, 8781.91it/s]
67200it [00:09, 8961.84it/s]
68160it [00:09, 9069.50it/s]
69120it [00:09, 9164.10it/s]
70095it [00:09, 9336.06it/s]
71030it [00:09, 9304.57it/s]
71962it [00:09, 9184.67it/s]
72882it [00:09, 9048.30it/s]
73792it [00:10, 8954.57it/s]
74752it [00:10, 9034.32it/s]
75775it [00:10, 9382.98it/s]
76715it [00:10, 7772.99it/s]
77632it [00:10, 8099.49it/s]
78592it [00:10, 8471.63it/s]
79552it [00:10, 8695.67it/s]
80486it [00:10, 8876.19it/s]
81408it [00:10, 8933.28it/s]
82314it [00:11, 8756.20it/s]
83199it [00:11, 8782.49it/s]
84096it [00:11, 8743.63it/s]
84992it [00:11, 8720.73it/s]
85952it [00:11, 8939.14it/s]
86849it [00:11, 8799.70it/s]
87745it [00:11, 8845.73it/s]
88640it [00:11, 8828.19it/s]
89536it [00:11, 8856.60it/s]
90485it [00:11, 9043.46it/s]
91392it [00:12, 8981.19it/s]
92291it [00:12, 7587.72it/s]
93184it [00:12, 7914.38it/s]
94093it [00:12, 8234.77it/s]
94989it [00:12, 8437.95it/s]
95872it [00:12, 8508.64it/s]
96768it [00:12, 8626.23it/s]
97664it [00:12, 8689.90it/s]
98560it [00:12, 8768.35it/s]
99456it [00:13, 8811.05it/s]
100000it [00:13, 7648.74it/s]
Upload time: 13.452580489218235
Total import time: 43.70086655719206
Experiment stage: Search

0it [00:00, ?it/s]
4it [00:00,  5.45it/s]
13it [00:00, 19.14it/s]
19it [00:00, 26.65it/s]
51it [00:01, 88.34it/s]
122it [00:01, 230.59it/s]
196it [00:01, 353.86it/s]
248it [00:01, 395.48it/s]
297it [00:01, 369.08it/s]
387it [00:01, 502.21it/s]
453it [00:01, 543.54it/s]
530it [00:01, 594.71it/s]
608it [00:01, 646.10it/s]
689it [00:02, 691.94it/s]
763it [00:02, 703.09it/s]
836it [00:02, 692.48it/s]
907it [00:02, 689.21it/s]
982it [00:02, 701.20it/s]
1053it [00:02, 694.90it/s]
1123it [00:02, 566.60it/s]
1205it [00:02, 626.57it/s]
1285it [00:02, 671.44it/s]
1356it [00:03, 680.84it/s]
1427it [00:03, 656.82it/s]
1503it [00:03, 684.02it/s]
1573it [00:03, 682.13it/s]
1653it [00:03, 714.53it/s]
1731it [00:03, 731.18it/s]
1814it [00:03, 758.06it/s]
1891it [00:03, 745.34it/s]
1972it [00:03, 762.78it/s]
2055it [00:03, 777.88it/s]
2134it [00:04, 744.21it/s]
2209it [00:04, 701.63it/s]
2293it [00:04, 736.22it/s]
2368it [00:04, 720.29it/s]
2447it [00:04, 739.92it/s]
2539it [00:04, 790.44it/s]
2627it [00:04, 809.33it/s]
2709it [00:04, 811.49it/s]
2791it [00:04, 780.45it/s]
2870it [00:05, 732.79it/s]
2960it [00:05, 778.10it/s]
3041it [00:05, 785.94it/s]
3121it [00:05, 786.42it/s]
3201it [00:05, 778.15it/s]
3280it [00:05, 775.68it/s]
3358it [00:05, 755.65it/s]
3434it [00:05, 734.89it/s]
3520it [00:05, 768.84it/s]
3611it [00:05, 809.40it/s]
3707it [00:06, 850.88it/s]
3796it [00:06, 859.80it/s]
3892it [00:06, 889.23it/s]
3982it [00:06, 892.35it/s]
4072it [00:06, 718.69it/s]
4150it [00:06, 710.15it/s]
4245it [00:06, 771.47it/s]
4326it [00:06, 671.84it/s]
4398it [00:07, 677.43it/s]
4480it [00:07, 712.44it/s]
4562it [00:07, 737.94it/s]
4642it [00:07, 754.94it/s]
4725it [00:07, 773.81it/s]
4817it [00:07, 815.80it/s]
4900it [00:07, 780.82it/s]
4980it [00:07, 728.29it/s]
5055it [00:07, 675.19it/s]
5124it [00:08, 661.01it/s]
5194it [00:08, 668.39it/s]
5269it [00:08, 689.54it/s]
5341it [00:08, 697.04it/s]
5415it [00:08, 703.70it/s]
5495it [00:08, 731.04it/s]
5569it [00:08, 652.81it/s]
5645it [00:08, 681.42it/s]
5727it [00:08, 719.46it/s]
5809it [00:08, 746.48it/s]
5885it [00:09, 746.23it/s]
5961it [00:09, 719.92it/s]
6034it [00:09, 686.38it/s]
6104it [00:09, 602.08it/s]
6175it [00:09, 628.35it/s]
6253it [00:09, 667.08it/s]
6325it [00:09, 680.49it/s]
6411it [00:09, 730.33it/s]
6489it [00:09, 744.22it/s]
6576it [00:10, 780.04it/s]
6655it [00:10, 767.24it/s]
6733it [00:10, 672.09it/s]
6817it [00:10, 716.66it/s]
6924it [00:10, 812.49it/s]
7022it [00:10, 857.97it/s]
7128it [00:10, 914.70it/s]
7234it [00:10, 955.07it/s]
7338it [00:10, 977.68it/s]
7437it [00:11, 979.96it/s]
7536it [00:11, 937.32it/s]
7631it [00:11, 831.51it/s]
7717it [00:11, 775.64it/s]
7797it [00:11, 765.37it/s]
7877it [00:11, 774.12it/s]
7964it [00:11, 799.29it/s]
8058it [00:11, 837.93it/s]
8143it [00:11, 827.90it/s]
8227it [00:12, 782.98it/s]
8307it [00:12, 707.29it/s]
8384it [00:12, 722.74it/s]
8458it [00:12, 691.41it/s]
8530it [00:12, 698.90it/s]
8601it [00:12, 630.95it/s]
8675it [00:12, 655.69it/s]
8742it [00:12, 595.82it/s]
8807it [00:13, 607.90it/s]
8884it [00:13, 651.00it/s]
8962it [00:13, 685.70it/s]
9032it [00:13, 677.12it/s]
9101it [00:13, 675.22it/s]
9176it [00:13, 696.15it/s]
9255it [00:13, 722.73it/s]
9334it [00:13, 732.31it/s]
9408it [00:13, 717.46it/s]
9480it [00:13, 706.64it/s]
9551it [00:14, 680.37it/s]
9622it [00:14, 678.82it/s]
9704it [00:14, 717.85it/s]
9777it [00:14, 712.53it/s]
9860it [00:14, 745.76it/s]
9937it [00:14, 744.82it/s]
10000it [00:14, 683.24it/s]
Experiment stage: Done
Results saved to:  /home/dzh/project/vdtuner/vector-db-benchmark-master/results
>>> [Step 5] 收尾工作...
    监控日志已保存。
📊 测试结果摘要:
0.9994700000000001
679.3243928479212
0.006711038714274763
line1:  0.006711038714274763
line1:  679.3243928479212
line1:  0.9994700000000001
numeric_values:  [0.006711038714274763, 679.3243928479212, 0.9994700000000001]
[103] 9172 0.9994700000000001 0.006711038714274763 91
