nohup: ignoring input
--- DEBUG: Starting command:---
=======================================
🛠️  开始测试流程
Engine: milvus-p10 | Dataset: random-geo-radius-2048-angular-no-filters
=======================================
>>> [Step 1] 启动后台监控...
    监控进程 PID: 4188971
>>> [Step 2] 重置 Milvus...
 Container milvus-standalone  Stopping
 Container milvus-standalone  Stopped
 Container milvus-standalone  Removing
 Container milvus-standalone  Removed
 Container milvus-etcd  Stopping
 Container milvus-minio  Stopping
 Container milvus-etcd  Stopped
 Container milvus-etcd  Removing
 Container milvus-etcd  Removed
 Container milvus-minio  Stopped
 Container milvus-minio  Removing
 Container milvus-minio  Removed
 Network milvus  Removing
 Network milvus  Removed
    🧹 清理宿主机数据目录: /home/dzh/project/vdtuner/vector-db-benchmark-master/engine/servers/milvus-single-node/volumes
 Network milvus  Creating
 Network milvus  Created
 Container milvus-etcd  Creating
 Container milvus-minio  Creating
 Container milvus-etcd  Created
 Container milvus-minio  Created
 Container milvus-standalone  Creating
 Container milvus-standalone  Created
 Container milvus-etcd  Starting
 Container milvus-minio  Starting
 Container milvus-minio  Started
 Container milvus-etcd  Started
 Container milvus-standalone  Starting
 Container milvus-standalone  Started
>>> [Step 3] 等待服务启动 (90s)...
    等待中... (10s/120s)
    ✅ Milvus 服务已就绪
>>> [Step 4] 运行 Benchmark...
Running experiment: milvus-p10 - random-geo-radius-2048-angular-no-filters
established connection
/home/dzh/project/vdtuner/vector-db-benchmark-master/datasets/random-geo-radius-2048-angular/random_geo_100k_no_filters already exists
Experiment stage: Configure
Experiment stage: Upload

0it [00:00, ?it/s]
1it [00:01,  1.53s/it]
761it [00:01, 650.82it/s]
1208it [00:01, 931.87it/s]
1539it [00:02, 1119.95it/s]
1856it [00:02, 1381.05it/s]
2137it [00:02, 1607.63it/s]
2560it [00:02, 2010.39it/s]
2861it [00:02, 2134.30it/s]
3456it [00:02, 2965.70it/s]
4416it [00:02, 4502.53it/s]
5323it [00:02, 5653.23it/s]
6272it [00:02, 6627.32it/s]
7168it [00:02, 7209.31it/s]
8128it [00:03, 7820.37it/s]
9152it [00:03, 8503.27it/s]
10145it [00:03, 8884.88it/s]
11081it [00:03, 9022.68it/s]
12003it [00:03, 9049.49it/s]
12928it [00:03, 9106.84it/s]
13849it [00:03, 9124.96it/s]
14769it [00:03, 9083.88it/s]
15683it [00:03, 8631.34it/s]
16576it [00:04, 8566.90it/s]
17472it [00:04, 8629.32it/s]
18339it [00:04, 8375.00it/s]
19264it [00:04, 8603.91it/s]
20160it [00:04, 8660.09it/s]
21184it [00:04, 9019.41it/s]
22144it [00:04, 9082.16it/s]
23105it [00:04, 9234.90it/s]
24064it [00:04, 9244.04it/s]
24990it [00:04, 9152.82it/s]
25925it [00:05, 9209.80it/s]
26847it [00:05, 8896.50it/s]
27739it [00:05, 8486.12it/s]
28593it [00:05, 8430.60it/s]
29440it [00:05, 8244.09it/s]
30272it [00:05, 8247.81it/s]
31237it [00:05, 8652.89it/s]
32105it [00:05, 8599.30it/s]
32967it [00:06, 5701.49it/s]
33920it [00:06, 6509.90it/s]
34816it [00:06, 7067.25it/s]
35621it [00:06, 7308.86it/s]
36425it [00:06, 7224.77it/s]
37248it [00:06, 7414.80it/s]
38068it [00:06, 7629.15it/s]
38912it [00:06, 7853.95it/s]
39719it [00:06, 7533.45it/s]
40490it [00:07, 7576.47it/s]
41280it [00:07, 7581.30it/s]
42232it [00:07, 8138.49it/s]
43072it [00:07, 8137.19it/s]
43933it [00:07, 8274.51it/s]
44765it [00:07, 8094.74it/s]
45579it [00:07, 8036.10it/s]
46400it [00:07, 7934.76it/s]
47296it [00:07, 8113.97it/s]
48109it [00:07, 7452.29it/s]
48865it [00:08, 7464.68it/s]
49728it [00:08, 7698.25it/s]
50687it [00:08, 8235.84it/s]
51520it [00:08, 8241.96it/s]
52416it [00:08, 8351.28it/s]
53327it [00:08, 8571.98it/s]
54220it [00:08, 8677.07it/s]
55104it [00:08, 8693.86it/s]
55976it [00:08, 8559.33it/s]
56834it [00:08, 8504.24it/s]
57700it [00:09, 8549.55it/s]
58560it [00:09, 8451.59it/s]
59456it [00:09, 8524.03it/s]
60309it [00:09, 8297.05it/s]
61141it [00:09, 8207.86it/s]
62080it [00:09, 8471.45it/s]
62976it [00:09, 5701.29it/s]
63744it [00:09, 6080.44it/s]
64576it [00:10, 6594.34it/s]
65472it [00:10, 7170.40it/s]
66368it [00:10, 7588.57it/s]
67328it [00:10, 8031.12it/s]
68172it [00:10, 8075.77it/s]
69056it [00:10, 8267.29it/s]
69912it [00:10, 8350.88it/s]
70784it [00:10, 8311.92it/s]
71626it [00:10, 7869.96it/s]
72448it [00:11, 7954.42it/s]
73344it [00:11, 8118.65it/s]
74176it [00:11, 8086.84it/s]
75072it [00:11, 8240.85it/s]
75968it [00:11, 8347.75it/s]
76928it [00:11, 8600.06it/s]
77790it [00:11, 5385.71it/s]
78585it [00:11, 5913.99it/s]
79376it [00:12, 6367.77it/s]
80242it [00:12, 6929.33it/s]
81088it [00:12, 7252.01it/s]
81920it [00:12, 7429.43it/s]
82728it [00:12, 7607.57it/s]
83523it [00:12, 7687.69it/s]
84317it [00:12, 7646.67it/s]
85121it [00:12, 7757.64it/s]
85952it [00:12, 7890.46it/s]
86848it [00:12, 8121.40it/s]
87732it [00:13, 8331.46it/s]
88576it [00:13, 8226.24it/s]
89403it [00:13, 8144.43it/s]
90221it [00:13, 7982.93it/s]
91072it [00:13, 8120.55it/s]
91968it [00:13, 8291.87it/s]
92799it [00:13, 5526.66it/s]
93632it [00:13, 6063.27it/s]
94528it [00:14, 6707.29it/s]
95424it [00:14, 7185.01it/s]
96212it [00:14, 7292.69it/s]
97088it [00:14, 7650.27it/s]
97965it [00:14, 7960.17it/s]
98816it [00:14, 8090.20it/s]
99712it [00:14, 8282.22it/s]
100000it [00:14, 6786.14it/s]
Upload time: 15.118509185034782
Total import time: 22.088069459889084
Experiment stage: Search

0it [00:00, ?it/s]
4it [00:00,  4.97it/s]
9it [00:00, 10.84it/s]
37it [00:01, 55.33it/s]
70it [00:01, 107.16it/s]
104it [00:01, 156.82it/s]
180it [00:01, 297.43it/s]
252it [00:01, 402.28it/s]
345it [00:01, 539.64it/s]
410it [00:01, 432.93it/s]
464it [00:02, 328.75it/s]
508it [00:02, 330.10it/s]
549it [00:02, 307.04it/s]
585it [00:02, 310.36it/s]
620it [00:02, 265.62it/s]
650it [00:02, 259.52it/s]
688it [00:02, 277.90it/s]
718it [00:03, 267.71it/s]
749it [00:03, 241.77it/s]
775it [00:03, 229.73it/s]
799it [00:03, 202.04it/s]
820it [00:03, 178.26it/s]
854it [00:03, 200.75it/s]
904it [00:03, 259.24it/s]
989it [00:03, 399.62it/s]
1069it [00:04, 495.98it/s]
1134it [00:04, 535.89it/s]
1225it [00:04, 637.36it/s]
1295it [00:04, 650.41it/s]
1369it [00:04, 672.22it/s]
1454it [00:04, 720.49it/s]
1540it [00:04, 760.70it/s]
1620it [00:04, 770.78it/s]
1709it [00:04, 805.85it/s]
1795it [00:04, 819.89it/s]
1878it [00:05, 802.59it/s]
1959it [00:05, 765.42it/s]
2037it [00:05, 402.44it/s]
2097it [00:05, 385.03it/s]
2149it [00:06, 260.11it/s]
2190it [00:06, 256.66it/s]
2276it [00:06, 349.70it/s]
2350it [00:06, 419.62it/s]
2408it [00:06, 372.01it/s]
2457it [00:07, 301.31it/s]
2511it [00:07, 342.60it/s]
2585it [00:07, 415.74it/s]
2637it [00:07, 288.02it/s]
2678it [00:07, 258.35it/s]
2728it [00:07, 286.65it/s]
2764it [00:08, 299.72it/s]
2805it [00:08, 322.95it/s]
2843it [00:08, 295.40it/s]
2877it [00:08, 284.37it/s]
2910it [00:08, 292.80it/s]
2942it [00:08, 296.22it/s]
2987it [00:08, 332.44it/s]
3024it [00:08, 330.15it/s]
3059it [00:08, 328.91it/s]
3093it [00:09, 292.05it/s]
3132it [00:09, 316.64it/s]
3198it [00:09, 408.24it/s]
3270it [00:09, 494.03it/s]
3364it [00:09, 612.90it/s]
3428it [00:09, 437.46it/s]
3517it [00:09, 538.31it/s]
3603it [00:09, 615.52it/s]
3687it [00:10, 673.05it/s]
3771it [00:10, 717.58it/s]
3849it [00:10, 733.24it/s]
3927it [00:10, 731.35it/s]
4006it [00:10, 746.62it/s]
4092it [00:10, 778.26it/s]
4179it [00:10, 803.74it/s]
4272it [00:10, 840.65it/s]
4357it [00:10, 787.81it/s]
4438it [00:11, 736.20it/s]
4514it [00:11, 728.71it/s]
4588it [00:11, 681.74it/s]
4658it [00:11, 576.85it/s]
4732it [00:11, 616.08it/s]
4800it [00:11, 632.51it/s]
4866it [00:11, 634.44it/s]
4932it [00:11, 621.57it/s]
4996it [00:12, 480.43it/s]
5058it [00:12, 512.37it/s]
5116it [00:12, 529.07it/s]
5173it [00:12, 516.80it/s]
5228it [00:12, 515.74it/s]
5282it [00:12, 496.08it/s]
5333it [00:12, 442.00it/s]
5379it [00:12, 421.20it/s]
5423it [00:13, 400.55it/s]
5464it [00:13, 402.66it/s]
5505it [00:13, 378.81it/s]
5547it [00:13, 388.02it/s]
5587it [00:13, 383.37it/s]
5638it [00:13, 417.29it/s]
5700it [00:13, 454.13it/s]
5746it [00:13, 433.57it/s]
5790it [00:13, 423.54it/s]
5833it [00:14, 330.34it/s]
5870it [00:14, 321.98it/s]
5912it [00:14, 345.09it/s]
5955it [00:14, 366.27it/s]
5994it [00:14, 370.66it/s]
6071it [00:14, 480.07it/s]
6121it [00:14, 425.85it/s]
6185it [00:14, 480.69it/s]
6252it [00:14, 530.63it/s]
6324it [00:15, 583.27it/s]
6392it [00:15, 609.81it/s]
6470it [00:15, 656.97it/s]
6547it [00:15, 688.35it/s]
6624it [00:15, 709.51it/s]
6700it [00:15, 723.38it/s]
6773it [00:15, 682.07it/s]
6849it [00:15, 703.45it/s]
6921it [00:15, 673.39it/s]
6990it [00:16, 619.55it/s]
7060it [00:16, 641.01it/s]
7137it [00:16, 675.19it/s]
7206it [00:16, 674.14it/s]
7275it [00:16, 626.92it/s]
7339it [00:16, 510.32it/s]
7394it [00:16, 392.20it/s]
7442it [00:17, 398.21it/s]
7502it [00:17, 440.32it/s]
7551it [00:17, 398.91it/s]
7599it [00:17, 415.54it/s]
7644it [00:17, 387.55it/s]
7685it [00:17, 333.47it/s]
7723it [00:17, 342.57it/s]
7782it [00:17, 402.09it/s]
7825it [00:18, 403.83it/s]
7868it [00:18, 381.04it/s]
7916it [00:18, 406.37it/s]
7967it [00:18, 424.03it/s]
8011it [00:18, 367.75it/s]
8050it [00:18, 334.99it/s]
8092it [00:18, 324.59it/s]
8142it [00:18, 352.69it/s]
8180it [00:19, 351.15it/s]
8225it [00:19, 375.65it/s]
8264it [00:19, 339.00it/s]
8300it [00:19, 322.23it/s]
8362it [00:19, 397.23it/s]
8404it [00:19, 349.46it/s]
8473it [00:19, 433.46it/s]
8523it [00:19, 450.05it/s]
8571it [00:20, 261.64it/s]
8623it [00:20, 305.83it/s]
8664it [00:20, 325.90it/s]
8705it [00:20, 331.96it/s]
8744it [00:20, 316.03it/s]
8780it [00:20, 298.44it/s]
8832it [00:20, 350.47it/s]
8871it [00:21, 324.98it/s]
8907it [00:21, 285.23it/s]
8938it [00:21, 238.42it/s]
8974it [00:21, 236.21it/s]
9000it [00:21, 216.92it/s]
9023it [00:21, 211.24it/s]
9063it [00:21, 254.20it/s]
9099it [00:22, 267.77it/s]
9146it [00:22, 314.94it/s]
9190it [00:22, 327.35it/s]
9229it [00:22, 333.59it/s]
9264it [00:22, 274.64it/s]
9302it [00:22, 297.31it/s]
9334it [00:22, 282.89it/s]
9368it [00:22, 296.65it/s]
9407it [00:23, 313.32it/s]
9440it [00:23, 305.97it/s]
9472it [00:23, 284.53it/s]
9502it [00:23, 259.73it/s]
9537it [00:23, 282.13it/s]
9579it [00:23, 318.15it/s]
9612it [00:23, 253.14it/s]
9641it [00:23, 258.24it/s]
9669it [00:24, 254.25it/s]
9696it [00:24, 226.66it/s]
9728it [00:24, 244.47it/s]
9757it [00:24, 248.54it/s]
9790it [00:24, 261.39it/s]
9817it [00:24, 243.92it/s]
9865it [00:24, 294.82it/s]
9899it [00:24, 299.06it/s]
9932it [00:25, 305.99it/s]
9964it [00:25, 289.34it/s]
10000it [00:25, 396.46it/s]
Experiment stage: Done
Results saved to:  /home/dzh/project/vdtuner/vector-db-benchmark-master/results
>>> [Step 5] 收尾工作...
    监控日志已保存。
📊 测试结果摘要:
0.4201
394.8021370364892
0.006822723150253296
line1:  0.006822723150253296
line1:  394.8021370364892
line1:  0.4201
numeric_values:  [0.006822723150253296, 394.8021370364892, 0.4201]
[1] 79 0.4201 0.006822723150253296 79
--- DEBUG: Starting command:---
=======================================
🛠️  开始测试流程
Engine: milvus-p10 | Dataset: random-geo-radius-2048-angular-no-filters
=======================================
>>> [Step 1] 启动后台监控...
    监控进程 PID: 9860
>>> [Step 2] 重置 Milvus...
 Container milvus-standalone  Stopping
 Container milvus-standalone  Stopped
 Container milvus-standalone  Removing
 Container milvus-standalone  Removed
 Container milvus-minio  Stopping
 Container milvus-etcd  Stopping
 Container milvus-etcd  Stopped
 Container milvus-etcd  Removing
 Container milvus-etcd  Removed
 Container milvus-minio  Stopped
 Container milvus-minio  Removing
 Container milvus-minio  Removed
 Network milvus  Removing
 Network milvus  Removed
    🧹 清理宿主机数据目录: /home/dzh/project/vdtuner/vector-db-benchmark-master/engine/servers/milvus-single-node/volumes
 Network milvus  Creating
 Network milvus  Created
 Container milvus-minio  Creating
 Container milvus-etcd  Creating
 Container milvus-etcd  Created
 Container milvus-minio  Created
 Container milvus-standalone  Creating
 Container milvus-standalone  Created
 Container milvus-etcd  Starting
 Container milvus-minio  Starting
 Container milvus-minio  Started
 Container milvus-etcd  Started
 Container milvus-standalone  Starting
 Container milvus-standalone  Started
>>> [Step 3] 等待服务启动 (90s)...
    等待中... (10s/120s)
    ✅ Milvus 服务已就绪
>>> [Step 4] 运行 Benchmark...
Running experiment: milvus-p10 - random-geo-radius-2048-angular-no-filters
established connection
/home/dzh/project/vdtuner/vector-db-benchmark-master/datasets/random-geo-radius-2048-angular/random_geo_100k_no_filters already exists
Experiment stage: Configure
Experiment stage: Upload

0it [00:00, ?it/s]
1it [00:00,  1.61it/s]
64it [00:01, 77.55it/s]
448it [00:01, 628.84it/s]
896it [00:01, 1259.91it/s]
1151it [00:01, 1440.86it/s]
1408it [00:01, 1673.48it/s]
1651it [00:01, 1739.84it/s]
1920it [00:01, 1869.80it/s]
2304it [00:01, 2338.86it/s]
2577it [00:01, 2368.67it/s]
2880it [00:02, 2462.97it/s]
3392it [00:02, 3103.95it/s]
3919it [00:02, 3692.02it/s]
4864it [00:02, 5294.93it/s]
5824it [00:02, 6483.92it/s]
6784it [00:02, 7335.09it/s]
7744it [00:02, 7960.02it/s]
8768it [00:02, 8577.97it/s]
9792it [00:02, 9016.48it/s]
10866it [00:02, 9523.36it/s]
11904it [00:03, 9721.03it/s]
12928it [00:03, 9800.27it/s]
13952it [00:03, 9870.15it/s]
14942it [00:03, 9850.47it/s]
15936it [00:03, 9791.70it/s]
16960it [00:03, 7111.51it/s]
17778it [00:03, 7037.35it/s]
18752it [00:03, 7605.72it/s]
19648it [00:04, 7937.33it/s]
20544it [00:04, 8131.84it/s]
21504it [00:04, 8428.71it/s]
22464it [00:04, 8654.98it/s]
23528it [00:04, 9214.68it/s]
24512it [00:04, 9267.14it/s]
25452it [00:04, 9270.55it/s]
26432it [00:04, 9342.13it/s]
27456it [00:04, 9476.17it/s]
28416it [00:04, 9376.16it/s]
29376it [00:05, 9395.97it/s]
30318it [00:05, 9255.89it/s]
31246it [00:05, 9166.52it/s]
32164it [00:05, 7895.02it/s]
33117it [00:05, 8326.69it/s]
34048it [00:05, 8506.25it/s]
35008it [00:05, 8728.67it/s]
36032it [00:05, 9045.02it/s]
36988it [00:05, 9191.78it/s]
37916it [00:06, 9176.41it/s]
38840it [00:06, 9042.84it/s]
39749it [00:06, 8985.37it/s]
40704it [00:06, 9017.36it/s]
41608it [00:06, 8718.94it/s]
42483it [00:06, 8456.22it/s]
43406it [00:06, 8675.71it/s]
44288it [00:06, 8609.46it/s]
45248it [00:06, 8889.40it/s]
46208it [00:06, 9019.35it/s]
47112it [00:07, 6918.05it/s]
48000it [00:07, 7291.93it/s]
48896it [00:07, 7692.76it/s]
49713it [00:07, 7757.85it/s]
50523it [00:07, 7631.67it/s]
51329it [00:07, 7748.51it/s]
52224it [00:07, 8074.18it/s]
53120it [00:07, 8327.32it/s]
53964it [00:08, 8298.08it/s]
54848it [00:08, 8364.08it/s]
55731it [00:08, 8500.02it/s]
56586it [00:08, 8325.44it/s]
57472it [00:08, 8375.55it/s]
58312it [00:08, 8192.31it/s]
59134it [00:08, 8110.02it/s]
59947it [00:08, 7970.24it/s]
60800it [00:08, 8061.49it/s]
61760it [00:08, 8403.36it/s]
62602it [00:09, 5935.71it/s]
63488it [00:09, 6539.07it/s]
64448it [00:09, 7213.77it/s]
65386it [00:09, 7767.54it/s]
66304it [00:09, 8087.66it/s]
67159it [00:09, 8119.19it/s]
68004it [00:09, 8098.54it/s]
68928it [00:09, 8315.26it/s]
69776it [00:10, 8165.73it/s]
70654it [00:10, 8338.52it/s]
71552it [00:10, 8400.24it/s]
72502it [00:10, 8718.02it/s]
73380it [00:10, 8423.60it/s]
74304it [00:10, 8559.27it/s]
75200it [00:10, 8628.94it/s]
76096it [00:10, 8654.34it/s]
76992it [00:10, 6809.77it/s]
77736it [00:11, 6695.80it/s]
78592it [00:11, 7153.54it/s]
79529it [00:11, 7738.78it/s]
80384it [00:11, 7941.38it/s]
81326it [00:11, 8355.98it/s]
82240it [00:11, 8555.89it/s]
83112it [00:11, 8578.86it/s]
84032it [00:11, 8716.91it/s]
84916it [00:11, 8752.49it/s]
85797it [00:11, 8755.66it/s]
86677it [00:12, 8746.31it/s]
87616it [00:12, 8858.20it/s]
88512it [00:12, 8735.66it/s]
89419it [00:12, 8832.90it/s]
90361it [00:12, 9006.16it/s]
91263it [00:12, 5528.91it/s]
92100it [00:12, 6115.14it/s]
93056it [00:12, 6839.10it/s]
93907it [00:13, 7246.45it/s]
94848it [00:13, 7733.97it/s]
95744it [00:13, 8014.08it/s]
96647it [00:13, 8293.78it/s]
97536it [00:13, 8437.20it/s]
98424it [00:13, 8563.13it/s]
99301it [00:13, 8508.27it/s]
100000it [00:13, 7255.53it/s]
Upload time: 14.184506800957024
Total import time: 22.34176434390247
Experiment stage: Search

0it [00:00, ?it/s]
4it [00:00,  5.21it/s]
12it [00:00, 16.94it/s]
31it [00:00, 48.53it/s]
58it [00:01, 94.33it/s]
130it [00:01, 236.58it/s]
217it [00:01, 391.88it/s]
314it [00:01, 541.06it/s]
405it [00:01, 639.49it/s]
493it [00:01, 705.69it/s]
581it [00:01, 753.49it/s]
664it [00:01, 774.31it/s]
753it [00:01, 806.61it/s]
839it [00:01, 821.28it/s]
924it [00:02, 828.64it/s]
1009it [00:02, 771.28it/s]
1091it [00:02, 779.58it/s]
1182it [00:02, 814.00it/s]
1265it [00:02, 807.72it/s]
1354it [00:02, 831.05it/s]
1438it [00:02, 811.30it/s]
1525it [00:02, 826.60it/s]
1615it [00:02, 847.16it/s]
1712it [00:03, 880.41it/s]
1805it [00:03, 892.67it/s]
1899it [00:03, 906.38it/s]
2000it [00:03, 936.33it/s]
2095it [00:03, 937.26it/s]
2189it [00:03, 927.73it/s]
2282it [00:03, 925.94it/s]
2379it [00:03, 936.42it/s]
2479it [00:03, 952.92it/s]
2577it [00:03, 954.01it/s]
2673it [00:04, 929.42it/s]
2767it [00:04, 912.69it/s]
2859it [00:04, 889.57it/s]
2949it [00:04, 886.00it/s]
3038it [00:04, 856.51it/s]
3125it [00:04, 856.60it/s]
3212it [00:04, 859.39it/s]
3304it [00:04, 874.50it/s]
3399it [00:04, 894.02it/s]
3489it [00:05, 823.21it/s]
3573it [00:05, 799.78it/s]
3655it [00:05, 799.71it/s]
3740it [00:05, 813.75it/s]
3836it [00:05, 854.98it/s]
3930it [00:05, 875.88it/s]
4025it [00:05, 896.74it/s]
4115it [00:05, 895.82it/s]
4213it [00:05, 919.22it/s]
4311it [00:05, 934.74it/s]
4405it [00:06, 901.51it/s]
4496it [00:06, 872.24it/s]
4584it [00:06, 859.13it/s]
4675it [00:06, 872.42it/s]
4767it [00:06, 884.94it/s]
4856it [00:06, 877.41it/s]
4944it [00:06, 852.88it/s]
5032it [00:06, 856.96it/s]
5128it [00:06, 884.92it/s]
5223it [00:06, 903.13it/s]
5318it [00:07, 916.73it/s]
5410it [00:07, 875.49it/s]
5499it [00:07, 874.39it/s]
5592it [00:07, 889.12it/s]
5688it [00:07, 907.60it/s]
5790it [00:07, 939.86it/s]
5897it [00:07, 977.57it/s]
6000it [00:07, 990.77it/s]
6105it [00:07, 1005.62it/s]
6206it [00:08, 996.99it/s] 
6306it [00:08, 989.20it/s]
6407it [00:08, 993.26it/s]
6510it [00:08, 1002.21it/s]
6613it [00:08, 1007.45it/s]
6714it [00:08, 1005.34it/s]
6815it [00:08, 983.40it/s] 
6914it [00:08, 975.90it/s]
7012it [00:08, 960.38it/s]
7109it [00:08, 957.47it/s]
7205it [00:09, 944.35it/s]
7300it [00:09, 944.92it/s]
7395it [00:09, 944.19it/s]
7490it [00:09, 936.56it/s]
7587it [00:09, 946.18it/s]
7682it [00:09, 931.20it/s]
7776it [00:09, 868.32it/s]
7864it [00:09, 820.59it/s]
7947it [00:09, 804.45it/s]
8030it [00:10, 810.87it/s]
8115it [00:10, 819.87it/s]
8201it [00:10, 830.60it/s]
8285it [00:10, 831.54it/s]
8373it [00:10, 844.62it/s]
8458it [00:10, 827.12it/s]
8547it [00:10, 845.35it/s]
8640it [00:10, 869.37it/s]
8728it [00:10, 650.45it/s]
8802it [00:11, 666.07it/s]
8883it [00:11, 702.04it/s]
8964it [00:11, 730.56it/s]
9041it [00:11, 695.99it/s]
9129it [00:11, 743.94it/s]
9210it [00:11, 748.57it/s]
9287it [00:11, 717.87it/s]
9372it [00:11, 753.32it/s]
9464it [00:11, 800.28it/s]
9546it [00:11, 793.85it/s]
9627it [00:12, 766.78it/s]
9705it [00:12, 716.89it/s]
9780it [00:12, 725.03it/s]
9854it [00:12, 691.50it/s]
9928it [00:12, 704.14it/s]
10000it [00:12, 791.62it/s]
Experiment stage: Done
Results saved to:  /home/dzh/project/vdtuner/vector-db-benchmark-master/results
>>> [Step 5] 收尾工作...
    监控日志已保存。
📊 测试结果摘要:
0.01621
785.5366039061406
0.002727648150175809
line1:  0.002727648150175809
line1:  785.5366039061406
line1:  0.01621
numeric_values:  [0.002727648150175809, 785.5366039061406, 0.01621]
[2] 146 0.01621 0.002727648150175809 66
--- DEBUG: Starting command:---
=======================================
🛠️  开始测试流程
Engine: milvus-p10 | Dataset: random-geo-radius-2048-angular-no-filters
=======================================
>>> [Step 1] 启动后台监控...
    监控进程 PID: 23808
>>> [Step 2] 重置 Milvus...
 Container milvus-standalone  Stopping
 Container milvus-standalone  Stopped
 Container milvus-standalone  Removing
 Container milvus-standalone  Removed
 Container milvus-etcd  Stopping
 Container milvus-minio  Stopping
 Container milvus-etcd  Stopped
 Container milvus-etcd  Removing
 Container milvus-etcd  Removed
 Container milvus-minio  Stopped
 Container milvus-minio  Removing
 Container milvus-minio  Removed
 Network milvus  Removing
 Network milvus  Removed
    🧹 清理宿主机数据目录: /home/dzh/project/vdtuner/vector-db-benchmark-master/engine/servers/milvus-single-node/volumes
 Network milvus  Creating
 Network milvus  Created
 Container milvus-minio  Creating
 Container milvus-etcd  Creating
 Container milvus-etcd  Created
 Container milvus-minio  Created
 Container milvus-standalone  Creating
 Container milvus-standalone  Created
 Container milvus-etcd  Starting
 Container milvus-minio  Starting
 Container milvus-etcd  Started
 Container milvus-minio  Started
 Container milvus-standalone  Starting
 Container milvus-standalone  Started
>>> [Step 3] 等待服务启动 (90s)...
    等待中... (10s/120s)
    ✅ Milvus 服务已就绪
>>> [Step 4] 运行 Benchmark...
Running experiment: milvus-p10 - random-geo-radius-2048-angular-no-filters
established connection
/home/dzh/project/vdtuner/vector-db-benchmark-master/datasets/random-geo-radius-2048-angular/random_geo_100k_no_filters already exists
Experiment stage: Configure
Experiment stage: Upload

0it [00:00, ?it/s]
1it [00:00,  1.41it/s]
64it [00:00, 82.91it/s]
320it [00:01, 469.10it/s]
704it [00:01, 1069.72it/s]
1152it [00:01, 1721.34it/s]
1433it [00:01, 1663.83it/s]
1728it [00:01, 1920.90it/s]
2048it [00:01, 2181.19it/s]
2368it [00:01, 2353.01it/s]
2688it [00:01, 2471.23it/s]
3328it [00:02, 3402.51it/s]
4160it [00:02, 4648.29it/s]
5056it [00:02, 5766.60it/s]
6144it [00:02, 7120.99it/s]
7168it [00:02, 7985.93it/s]
8192it [00:02, 8535.79it/s]
9088it [00:02, 8604.00it/s]
10048it [00:02, 8796.14it/s]
10944it [00:02, 8812.32it/s]
11840it [00:02, 8726.51it/s]
12741it [00:03, 8809.13it/s]
13646it [00:03, 8879.43it/s]
14625it [00:03, 9148.82it/s]
15552it [00:03, 9092.60it/s]
16592it [00:03, 9479.01it/s]
17542it [00:03, 9477.84it/s]
18491it [00:03, 6655.35it/s]
19273it [00:03, 6868.04it/s]
20224it [00:04, 7458.57it/s]
21248it [00:04, 8098.90it/s]
22208it [00:04, 8477.21it/s]
23168it [00:04, 8681.10it/s]
24128it [00:04, 8895.35it/s]
25042it [00:04, 8803.38it/s]
25940it [00:04, 8792.23it/s]
26880it [00:04, 8894.48it/s]
27840it [00:04, 9007.17it/s]
28800it [00:04, 9179.22it/s]
29723it [00:05, 9039.37it/s]
30673it [00:05, 9172.83it/s]
31594it [00:05, 9166.45it/s]
32513it [00:05, 5460.97it/s]
33420it [00:05, 6185.89it/s]
34368it [00:05, 6847.58it/s]
35264it [00:05, 7305.52it/s]
36352it [00:05, 8176.21it/s]
37381it [00:06, 8736.32it/s]
38378it [00:06, 9074.84it/s]
39360it [00:06, 9172.57it/s]
40320it [00:06, 9261.43it/s]
41272it [00:06, 9280.78it/s]
42219it [00:06, 9263.48it/s]
43158it [00:06, 9051.58it/s]
44073it [00:06, 9043.86it/s]
44985it [00:06, 8977.17it/s]
45888it [00:07, 8878.23it/s]
46780it [00:07, 5859.92it/s]
47616it [00:07, 6381.55it/s]
48512it [00:07, 6907.03it/s]
49524it [00:07, 7706.77it/s]
50432it [00:07, 8011.50it/s]
51312it [00:07, 8225.19it/s]
52179it [00:07, 8222.75it/s]
53056it [00:08, 8289.63it/s]
54016it [00:08, 8592.75it/s]
54956it [00:08, 8824.91it/s]
55851it [00:08, 8840.26it/s]
56744it [00:08, 8674.12it/s]
57618it [00:08, 8681.91it/s]
58508it [00:08, 8745.24it/s]
59392it [00:08, 8714.30it/s]
60288it [00:08, 8760.06it/s]
61248it [00:08, 8911.37it/s]
62141it [00:09, 7209.93it/s]
63040it [00:09, 7644.73it/s]
63936it [00:09, 7913.91it/s]
64832it [00:09, 8195.14it/s]
65678it [00:09, 8236.58it/s]
66619it [00:09, 8570.99it/s]
67491it [00:09, 8558.37it/s]
68416it [00:09, 8687.20it/s]
69333it [00:09, 8828.11it/s]
70222it [00:10, 8841.17it/s]
71110it [00:10, 8631.66it/s]
71977it [00:10, 8612.05it/s]
72841it [00:10, 8427.41it/s]
73734it [00:10, 8572.89it/s]
74688it [00:10, 8774.20it/s]
75634it [00:10, 8974.96it/s]
76533it [00:10, 7152.21it/s]
77376it [00:10, 7452.06it/s]
78272it [00:11, 7848.16it/s]
79168it [00:11, 8084.88it/s]
80127it [00:11, 8504.73it/s]
81024it [00:11, 8518.94it/s]
81984it [00:11, 8721.23it/s]
82880it [00:11, 8692.13it/s]
83776it [00:11, 8755.55it/s]
84672it [00:11, 8729.77it/s]
85568it [00:11, 8746.60it/s]
86510it [00:11, 8943.59it/s]
87407it [00:12, 8893.74it/s]
88299it [00:12, 8590.06it/s]
89162it [00:12, 7808.11it/s]
90112it [00:12, 8173.35it/s]
90942it [00:12, 6387.39it/s]
91820it [00:12, 6952.32it/s]
92736it [00:12, 7437.94it/s]
93632it [00:12, 7769.37it/s]
94541it [00:13, 8127.22it/s]
95410it [00:13, 8281.50it/s]
96320it [00:13, 8447.75it/s]
97214it [00:13, 8589.10it/s]
98086it [00:13, 8626.80it/s]
98958it [00:13, 8633.20it/s]
99828it [00:13, 8461.66it/s]
100000it [00:13, 7324.69it/s]
Upload time: 14.256506201345474
Total import time: 45.07459384435788
Experiment stage: Search

0it [00:00, ?it/s]
4it [00:00,  5.29it/s]
14it [00:00, 20.11it/s]
25it [00:00, 35.74it/s]
58it [00:01, 95.54it/s]
131it [00:01, 236.33it/s]
194it [00:01, 330.17it/s]
267it [00:01, 431.21it/s]
361it [00:01, 565.71it/s]
453it [00:01, 662.36it/s]
545it [00:01, 733.88it/s]
634it [00:01, 776.13it/s]
717it [00:01, 772.88it/s]
798it [00:02, 753.26it/s]
876it [00:02, 748.15it/s]
953it [00:02, 738.52it/s]
1042it [00:02, 778.96it/s]
1130it [00:02, 807.51it/s]
1212it [00:02, 810.81it/s]
1294it [00:02, 797.85it/s]
1375it [00:02, 771.55it/s]
1461it [00:02, 796.17it/s]
1544it [00:02, 802.97it/s]
1625it [00:03, 798.11it/s]
1718it [00:03, 834.71it/s]
1810it [00:03, 858.60it/s]
1897it [00:03, 853.21it/s]
1987it [00:03, 866.12it/s]
2078it [00:03, 878.85it/s]
2166it [00:03, 863.66it/s]
2255it [00:03, 870.74it/s]
2345it [00:03, 878.52it/s]
2433it [00:03, 843.88it/s]
2523it [00:04, 860.10it/s]
2612it [00:04, 867.80it/s]
2706it [00:04, 884.63it/s]
2795it [00:04, 866.08it/s]
2882it [00:04, 835.76it/s]
2966it [00:04, 832.62it/s]
3050it [00:04, 824.26it/s]
3139it [00:04, 841.41it/s]
3224it [00:04, 746.27it/s]
3310it [00:05, 776.45it/s]
3390it [00:05, 752.53it/s]
3467it [00:05, 740.81it/s]
3542it [00:05, 659.16it/s]
3627it [00:05, 708.85it/s]
3707it [00:05, 731.50it/s]
3796it [00:05, 775.13it/s]
3882it [00:05, 797.74it/s]
3963it [00:05, 713.13it/s]
4041it [00:06, 730.80it/s]
4129it [00:06, 769.41it/s]
4209it [00:06, 776.65it/s]
4295it [00:06, 799.29it/s]
4376it [00:06, 790.31it/s]
4461it [00:06, 807.25it/s]
4547it [00:06, 818.71it/s]
4630it [00:06, 816.76it/s]
4712it [00:06, 816.13it/s]
4795it [00:06, 819.00it/s]
4878it [00:07, 797.19it/s]
4958it [00:07, 789.59it/s]
5047it [00:07, 818.27it/s]
5135it [00:07, 834.95it/s]
5220it [00:07, 837.72it/s]
5304it [00:07, 831.86it/s]
5402it [00:07, 873.84it/s]
5490it [00:07, 830.01it/s]
5585it [00:07, 861.09it/s]
5672it [00:08, 859.97it/s]
5762it [00:08, 870.18it/s]
5866it [00:08, 918.20it/s]
5959it [00:08, 914.13it/s]
6051it [00:08, 898.36it/s]
6142it [00:08, 869.69it/s]
6237it [00:08, 891.36it/s]
6330it [00:08, 901.83it/s]
6429it [00:08, 927.25it/s]
6524it [00:08, 931.51it/s]
6618it [00:09, 894.88it/s]
6708it [00:09, 885.70it/s]
6803it [00:09, 902.03it/s]
6894it [00:09, 903.41it/s]
6985it [00:09, 884.89it/s]
7074it [00:09, 878.03it/s]
7162it [00:09, 863.41it/s]
7260it [00:09, 896.36it/s]
7355it [00:09, 911.00it/s]
7448it [00:09, 916.46it/s]
7540it [00:10, 906.87it/s]
7631it [00:10, 870.96it/s]
7728it [00:10, 899.46it/s]
7819it [00:10, 865.82it/s]
7907it [00:10, 861.69it/s]
7994it [00:10, 847.34it/s]
8088it [00:10, 873.23it/s]
8188it [00:10, 907.55it/s]
8284it [00:10, 921.30it/s]
8377it [00:11, 890.61it/s]
8467it [00:11, 876.34it/s]
8555it [00:11, 857.99it/s]
8641it [00:11, 844.22it/s]
8728it [00:11, 850.50it/s]
8814it [00:11, 843.72it/s]
8905it [00:11, 860.21it/s]
8997it [00:11, 877.08it/s]
9088it [00:11, 885.30it/s]
9177it [00:11, 837.43it/s]
9271it [00:12, 863.84it/s]
9360it [00:12, 857.71it/s]
9452it [00:12, 874.00it/s]
9540it [00:12, 865.28it/s]
9630it [00:12, 874.19it/s]
9718it [00:12, 798.92it/s]
9800it [00:12, 794.86it/s]
9888it [00:12, 817.85it/s]
9973it [00:12, 826.21it/s]
10000it [00:12, 771.27it/s]
Experiment stage: Done
Results saved to:  /home/dzh/project/vdtuner/vector-db-benchmark-master/results
>>> [Step 5] 收尾工作...
    监控日志已保存。
📊 测试结果摘要:
0.41294
765.3149793822545
0.004086192953400313
line1:  0.004086192953400313
line1:  765.3149793822545
line1:  0.41294
numeric_values:  [0.004086192953400313, 765.3149793822545, 0.41294]
[3] 236 0.41294 0.004086192953400313 89
/data/dzh/venv/lib/python3.10/site-packages/botorch/models/utils/assorted.py:274: InputDataWarning: Data (outcome observations) is not standardized (std = tensor([3.4231e-11], dtype=torch.float64), mean = tensor([0.], dtype=torch.float64)).Please consider scaling the input to zero mean and unit variance.
  check_standardization(Y=train_Y, raise_on_fail=raise_on_fail)
/data/dzh/venv/lib/python3.10/site-packages/botorch/models/utils/assorted.py:274: InputDataWarning: Data (outcome observations) is not standardized (std = tensor([7.0509e-16], dtype=torch.float64), mean = tensor([3.7007e-17], dtype=torch.float64)).Please consider scaling the input to zero mean and unit variance.
  check_standardization(Y=train_Y, raise_on_fail=raise_on_fail)
/bin/sh: 1: Syntax error: "(" unexpected
/data/dzh/venv/lib/python3.10/site-packages/botorch/acquisition/multi_objective/monte_carlo.py:110: NumericsWarning: qExpectedHypervolumeImprovement has known numerical issues that lead to suboptimal optimization performance. It is strongly recommended to simply replace

	 qExpectedHypervolumeImprovement 	 --> 	 qLogExpectedHypervolumeImprovement 

instead, which fixes the issues and has the same API. See https://arxiv.org/abs/2310.20708 for details.
  legacy_ei_numerics_warning(legacy_name=type(self).__name__)
--- DEBUG: Starting command:---
=======================================
🛠️  开始测试流程
Engine: milvus-p10 | Dataset: random-geo-radius-2048-angular-no-filters
=======================================
>>> [Step 1] 启动后台监控...
    监控进程 PID: 39176
>>> [Step 2] 重置 Milvus...
 Container milvus-standalone  Stopping
 Container milvus-standalone  Stopped
 Container milvus-standalone  Removing
 Container milvus-standalone  Removed
 Container milvus-minio  Stopping
 Container milvus-etcd  Stopping
 Container milvus-etcd  Stopped
 Container milvus-etcd  Removing
 Container milvus-etcd  Removed
 Container milvus-minio  Stopped
 Container milvus-minio  Removing
 Container milvus-minio  Removed
 Network milvus  Removing
 Network milvus  Removed
    🧹 清理宿主机数据目录: /home/dzh/project/vdtuner/vector-db-benchmark-master/engine/servers/milvus-single-node/volumes
 Network milvus  Creating
 Network milvus  Created
 Container milvus-minio  Creating
 Container milvus-etcd  Creating
 Container milvus-etcd  Created
 Container milvus-minio  Created
 Container milvus-standalone  Creating
 Container milvus-standalone  Created
 Container milvus-minio  Starting
 Container milvus-etcd  Starting
 Container milvus-minio  Started
 Container milvus-etcd  Started
 Container milvus-standalone  Starting
 Container milvus-standalone  Started
>>> [Step 3] 等待服务启动 (90s)...
    等待中... (10s/120s)
    ✅ Milvus 服务已就绪
>>> [Step 4] 运行 Benchmark...
Running experiment: milvus-p10 - random-geo-radius-2048-angular-no-filters
established connection
/home/dzh/project/vdtuner/vector-db-benchmark-master/datasets/random-geo-radius-2048-angular/random_geo_100k_no_filters already exists
Experiment stage: Configure
Experiment stage: Upload

0it [00:00, ?it/s]
1it [00:01,  1.70s/it]
689it [00:01, 533.50it/s]
1094it [00:01, 837.75it/s]
1433it [00:02, 1106.06it/s]
1744it [00:02, 1301.71it/s]
2019it [00:02, 1493.53it/s]
2496it [00:02, 2053.66it/s]
2816it [00:02, 2179.27it/s]
3328it [00:02, 2809.39it/s]
4160it [00:02, 4100.24it/s]
4992it [00:02, 5131.00it/s]
6016it [00:02, 6434.21it/s]
6784it [00:03, 6644.72it/s]
7744it [00:03, 7401.04it/s]
8733it [00:03, 8100.65it/s]
9664it [00:03, 8418.98it/s]
10624it [00:03, 8737.69it/s]
11518it [00:03, 8695.02it/s]
12480it [00:03, 8948.00it/s]
13504it [00:03, 9217.26it/s]
14452it [00:03, 9292.60it/s]
15423it [00:04, 9415.64it/s]
16369it [00:04, 9329.41it/s]
17305it [00:04, 6360.31it/s]
18176it [00:04, 6868.10it/s]
19136it [00:04, 7475.00it/s]
20096it [00:04, 7948.82it/s]
21056it [00:04, 8288.88it/s]
22016it [00:04, 8619.24it/s]
23017it [00:04, 9007.73it/s]
23995it [00:05, 9227.40it/s]
24940it [00:05, 9205.80it/s]
25876it [00:05, 9198.28it/s]
26807it [00:05, 9215.25it/s]
27737it [00:05, 9163.62it/s]
28672it [00:05, 9160.81it/s]
29632it [00:05, 9244.02it/s]
30592it [00:05, 9295.18it/s]
31552it [00:05, 9338.32it/s]
32488it [00:06, 5712.76it/s]
33408it [00:06, 6407.54it/s]
34368it [00:06, 7101.43it/s]
35264it [00:06, 7528.16it/s]
36160it [00:06, 7887.49it/s]
37106it [00:06, 8309.38it/s]
38076it [00:06, 8694.70it/s]
38989it [00:06, 8623.09it/s]
39936it [00:07, 8861.71it/s]
40896it [00:07, 9074.33it/s]
41856it [00:07, 9147.78it/s]
42783it [00:07, 9076.12it/s]
43712it [00:07, 9099.50it/s]
44672it [00:07, 9211.41it/s]
45598it [00:07, 9147.99it/s]
46516it [00:07, 5595.03it/s]
47424it [00:08, 6302.41it/s]
48334it [00:08, 6934.20it/s]
49263it [00:08, 7508.67it/s]
50176it [00:08, 7829.23it/s]
51136it [00:08, 8301.11it/s]
52096it [00:08, 8536.32it/s]
53056it [00:08, 8718.57it/s]
53983it [00:08, 8874.12it/s]
54893it [00:08, 8847.16it/s]
55808it [00:08, 8934.17it/s]
56713it [00:09, 8779.20it/s]
57664it [00:09, 8894.08it/s]
58560it [00:09, 8803.74it/s]
59445it [00:09, 8721.06it/s]
60352it [00:09, 8700.48it/s]
61248it [00:09, 6687.49it/s]
61989it [00:09, 6671.87it/s]
62839it [00:09, 7129.58it/s]
63712it [00:10, 7550.26it/s]
64504it [00:10, 7434.28it/s]
65280it [00:10, 7494.56it/s]
66176it [00:10, 7868.13it/s]
67008it [00:10, 7940.71it/s]
67840it [00:10, 8000.14it/s]
68672it [00:10, 8044.39it/s]
69632it [00:10, 8376.52it/s]
70528it [00:10, 8458.37it/s]
71424it [00:10, 8496.07it/s]
72276it [00:11, 8435.68it/s]
73216it [00:11, 8605.46it/s]
74078it [00:11, 8310.82it/s]
74944it [00:11, 8351.87it/s]
75848it [00:11, 8550.28it/s]
76736it [00:11, 6399.11it/s]
77457it [00:11, 6459.19it/s]
78336it [00:11, 7009.70it/s]
79330it [00:12, 7774.49it/s]
80192it [00:12, 7895.39it/s]
81152it [00:12, 8297.57it/s]
82008it [00:12, 8344.70it/s]
82880it [00:12, 8414.87it/s]
83852it [00:12, 8792.26it/s]
84747it [00:12, 8836.07it/s]
85639it [00:12, 8666.96it/s]
86528it [00:12, 8516.82it/s]
87427it [00:12, 8652.87it/s]
88369it [00:13, 8876.55it/s]
89260it [00:13, 8807.61it/s]
90144it [00:13, 8676.57it/s]
91014it [00:13, 8625.83it/s]
91968it [00:13, 8811.00it/s]
92850it [00:13, 8234.82it/s]
93681it [00:13, 8212.77it/s]
94528it [00:13, 8236.36it/s]
95488it [00:13, 8515.21it/s]
96416it [00:13, 8735.80it/s]
97344it [00:14, 8878.93it/s]
98240it [00:14, 8841.34it/s]
99139it [00:14, 8884.51it/s]
100000it [00:14, 6956.33it/s]
Upload time: 14.781269246712327
Total import time: 22.132852375973016
Experiment stage: Search

0it [00:00, ?it/s]
4it [00:00,  5.01it/s]
11it [00:00, 13.82it/s]
43it [00:01, 65.00it/s]
76it [00:01, 115.83it/s]
101it [00:01, 144.74it/s]
164it [00:01, 258.47it/s]
262it [00:01, 438.82it/s]
357it [00:01, 571.28it/s]
434it [00:01, 624.20it/s]
512it [00:01, 667.14it/s]
611it [00:01, 756.20it/s]
705it [00:01, 809.00it/s]
795it [00:02, 835.44it/s]
891it [00:02, 868.57it/s]
981it [00:02, 876.66it/s]
1082it [00:02, 914.99it/s]
1175it [00:02, 895.80it/s]
1266it [00:02, 873.57it/s]
1354it [00:02, 849.38it/s]
1440it [00:02, 831.11it/s]
1525it [00:02, 835.94it/s]
1609it [00:03, 774.67it/s]
1693it [00:03, 791.59it/s]
1785it [00:03, 826.87it/s]
1869it [00:03, 827.69it/s]
1953it [00:03, 825.34it/s]
2040it [00:03, 837.45it/s]
2125it [00:03, 833.44it/s]
2213it [00:03, 842.60it/s]
2300it [00:03, 850.17it/s]
2389it [00:03, 857.92it/s]
2481it [00:04, 867.50it/s]
2568it [00:04, 740.64it/s]
2646it [00:04, 711.51it/s]
2726it [00:04, 732.54it/s]
2816it [00:04, 776.42it/s]
2903it [00:04, 801.43it/s]
2987it [00:04, 810.39it/s]
3077it [00:04, 833.24it/s]
3178it [00:04, 882.59it/s]
3276it [00:05, 910.26it/s]
3368it [00:05, 875.67it/s]
3457it [00:05, 857.19it/s]
3544it [00:05, 712.21it/s]
3620it [00:05, 529.01it/s]
3699it [00:05, 582.48it/s]
3775it [00:05, 622.05it/s]
3856it [00:05, 666.15it/s]
3945it [00:06, 722.24it/s]
4032it [00:06, 761.41it/s]
4125it [00:06, 806.94it/s]
4209it [00:06, 813.32it/s]
4295it [00:06, 824.28it/s]
4379it [00:06, 800.28it/s]
4467it [00:06, 818.49it/s]
4556it [00:06, 838.44it/s]
4641it [00:06, 830.91it/s]
4725it [00:06, 827.32it/s]
4810it [00:07, 833.25it/s]
4901it [00:07, 853.73it/s]
4987it [00:07, 508.39it/s]
5073it [00:07, 577.94it/s]
5164it [00:07, 651.10it/s]
5244it [00:07, 686.70it/s]
5329it [00:07, 727.15it/s]
5410it [00:08, 555.14it/s]
5490it [00:08, 608.32it/s]
5587it [00:08, 694.12it/s]
5670it [00:08, 727.58it/s]
5763it [00:08, 780.02it/s]
5847it [00:08, 789.55it/s]
5938it [00:08, 821.51it/s]
6035it [00:08, 863.25it/s]
6124it [00:08, 863.25it/s]
6212it [00:09, 804.96it/s]
6301it [00:09, 828.55it/s]
6386it [00:09, 831.72it/s]
6471it [00:09, 835.25it/s]
6556it [00:09, 833.21it/s]
6652it [00:09, 865.54it/s]
6739it [00:09, 861.63it/s]
6826it [00:09, 860.60it/s]
6913it [00:09, 841.06it/s]
7001it [00:10, 851.12it/s]
7089it [00:10, 858.06it/s]
7175it [00:10, 758.73it/s]
7253it [00:10, 758.52it/s]
7331it [00:10, 755.68it/s]
7424it [00:10, 804.08it/s]
7518it [00:10, 841.89it/s]
7608it [00:10, 850.63it/s]
7695it [00:10, 854.05it/s]
7793it [00:10, 888.55it/s]
7891it [00:11, 912.43it/s]
7983it [00:11, 765.39it/s]
8064it [00:11, 775.18it/s]
8150it [00:11, 795.05it/s]
8232it [00:11, 793.78it/s]
8313it [00:11, 794.61it/s]
8394it [00:11, 780.48it/s]
8486it [00:11, 817.99it/s]
8577it [00:11, 840.95it/s]
8667it [00:12, 857.03it/s]
8762it [00:12, 882.68it/s]
8851it [00:12, 880.92it/s]
8940it [00:12, 650.54it/s]
9014it [00:12, 463.27it/s]
9074it [00:12, 403.70it/s]
9143it [00:13, 455.76it/s]
9228it [00:13, 536.38it/s]
9311it [00:13, 603.11it/s]
9407it [00:13, 686.70it/s]
9496it [00:13, 738.23it/s]
9577it [00:13, 747.76it/s]
9668it [00:13, 791.53it/s]
9751it [00:13, 770.25it/s]
9831it [00:13, 767.68it/s]
9928it [00:14, 823.35it/s]
10000it [00:14, 709.38it/s]
Experiment stage: Done
Results saved to:  /home/dzh/project/vdtuner/vector-db-benchmark-master/results
>>> [Step 5] 收尾工作...
    监控日志已保存。
📊 测试结果摘要:
0.4191099999999999
702.8343231044935
0.005438410886563358
line1:  0.005438410886563358
line1:  702.8343231044935
line1:  0.4191099999999999
numeric_values:  [0.005438410886563358, 702.8343231044935, 0.4191099999999999]
[4] 305 0.4191099999999999 0.005438410886563358 68
/bin/sh: 1: Syntax error: "(" unexpected
/data/dzh/venv/lib/python3.10/site-packages/botorch/acquisition/multi_objective/monte_carlo.py:110: NumericsWarning: qExpectedHypervolumeImprovement has known numerical issues that lead to suboptimal optimization performance. It is strongly recommended to simply replace

	 qExpectedHypervolumeImprovement 	 --> 	 qLogExpectedHypervolumeImprovement 

instead, which fixes the issues and has the same API. See https://arxiv.org/abs/2310.20708 for details.
  legacy_ei_numerics_warning(legacy_name=type(self).__name__)
--- DEBUG: Starting command:---
=======================================
🛠️  开始测试流程
Engine: milvus-p10 | Dataset: random-geo-radius-2048-angular-no-filters
=======================================
>>> [Step 1] 启动后台监控...
    监控进程 PID: 53407
>>> [Step 2] 重置 Milvus...
 Container milvus-standalone  Stopping
 Container milvus-standalone  Stopped
 Container milvus-standalone  Removing
 Container milvus-standalone  Removed
 Container milvus-minio  Stopping
 Container milvus-etcd  Stopping
 Container milvus-etcd  Stopped
 Container milvus-etcd  Removing
 Container milvus-etcd  Removed
 Container milvus-minio  Stopped
 Container milvus-minio  Removing
 Container milvus-minio  Removed
 Network milvus  Removing
 Network milvus  Removed
    🧹 清理宿主机数据目录: /home/dzh/project/vdtuner/vector-db-benchmark-master/engine/servers/milvus-single-node/volumes
 Network milvus  Creating
 Network milvus  Created
 Container milvus-minio  Creating
 Container milvus-etcd  Creating
 Container milvus-minio  Created
 Container milvus-etcd  Created
 Container milvus-standalone  Creating
 Container milvus-standalone  Created
 Container milvus-etcd  Starting
 Container milvus-minio  Starting
 Container milvus-etcd  Started
 Container milvus-minio  Started
 Container milvus-standalone  Starting
 Container milvus-standalone  Started
>>> [Step 3] 等待服务启动 (90s)...
    等待中... (10s/120s)
    ✅ Milvus 服务已就绪
>>> [Step 4] 运行 Benchmark...
Running experiment: milvus-p10 - random-geo-radius-2048-angular-no-filters
established connection
/home/dzh/project/vdtuner/vector-db-benchmark-master/datasets/random-geo-radius-2048-angular/random_geo_100k_no_filters already exists
Experiment stage: Configure
Experiment stage: Upload

0it [00:00, ?it/s]
1it [00:00,  1.46it/s]
64it [00:00, 82.60it/s]
384it [00:01, 569.33it/s]
640it [00:01, 912.69it/s]
1024it [00:01, 1496.59it/s]
1344it [00:01, 1871.27it/s]
1617it [00:01, 2051.81it/s]
1885it [00:01, 2172.96it/s]
2240it [00:01, 2509.11it/s]
2528it [00:01, 2429.88it/s]
3008it [00:01, 3027.48it/s]
3766it [00:02, 4268.21it/s]
4225it [00:02, 4094.68it/s]
5312it [00:02, 5898.14it/s]
6272it [00:02, 6828.33it/s]
7360it [00:02, 7899.43it/s]
8384it [00:02, 8445.86it/s]
9377it [00:02, 8864.35it/s]
10368it [00:02, 9104.33it/s]
11392it [00:02, 9327.27it/s]
12416it [00:02, 9487.70it/s]
13376it [00:03, 9424.69it/s]
14336it [00:03, 9457.17it/s]
15296it [00:03, 9489.95it/s]
16256it [00:03, 9445.85it/s]
17236it [00:03, 9550.04it/s]
18193it [00:03, 6199.46it/s]
19200it [00:03, 6966.32it/s]
20160it [00:03, 7523.95it/s]
21153it [00:04, 8109.05it/s]
22080it [00:04, 8386.52it/s]
23040it [00:04, 8689.66it/s]
23957it [00:04, 8733.11it/s]
24884it [00:04, 8884.51it/s]
25797it [00:04, 8898.40it/s]
26816it [00:04, 9134.89it/s]
27776it [00:04, 9221.57it/s]
28737it [00:04, 9334.12it/s]
29677it [00:05, 9285.64it/s]
30610it [00:05, 9211.63it/s]
31552it [00:05, 9146.38it/s]
32469it [00:05, 8620.98it/s]
33426it [00:05, 8888.82it/s]
34368it [00:05, 8906.45it/s]
35328it [00:05, 9030.41it/s]
36288it [00:05, 9115.53it/s]
37248it [00:05, 9238.49it/s]
38233it [00:05, 9417.44it/s]
39232it [00:06, 9484.74it/s]
40192it [00:06, 9380.84it/s]
41152it [00:06, 9336.47it/s]
42112it [00:06, 9315.04it/s]
43072it [00:06, 9317.32it/s]
44032it [00:06, 9395.47it/s]
44992it [00:06, 9423.06it/s]
45952it [00:06, 9471.65it/s]
46900it [00:07, 5810.37it/s]
47808it [00:07, 6474.10it/s]
48704it [00:07, 6995.64it/s]
49664it [00:07, 7573.46it/s]
50560it [00:07, 7879.76it/s]
51456it [00:07, 8095.26it/s]
52352it [00:07, 8309.16it/s]
53222it [00:07, 8179.94it/s]
54067it [00:07, 8188.17it/s]
54905it [00:08, 8148.34it/s]
55733it [00:08, 7968.17it/s]
56540it [00:08, 7891.37it/s]
57336it [00:08, 7637.99it/s]
58112it [00:08, 7663.79it/s]
59072it [00:08, 8142.46it/s]
59968it [00:08, 8262.30it/s]
60864it [00:08, 8366.14it/s]
61703it [00:09, 5320.76it/s]
62528it [00:09, 5896.79it/s]
63387it [00:09, 6512.00it/s]
64280it [00:09, 7106.66it/s]
65171it [00:09, 7575.50it/s]
66050it [00:09, 7904.03it/s]
67008it [00:09, 8263.98it/s]
67904it [00:09, 8449.76it/s]
68800it [00:09, 8590.98it/s]
69760it [00:09, 8817.38it/s]
70656it [00:10, 8165.95it/s]
71492it [00:10, 8216.18it/s]
72426it [00:10, 8535.14it/s]
73291it [00:10, 8298.69it/s]
74176it [00:10, 8361.02it/s]
75019it [00:10, 8190.00it/s]
75968it [00:10, 8507.17it/s]
76823it [00:11, 5327.64it/s]
77672it [00:11, 5976.22it/s]
78464it [00:11, 6414.13it/s]
79360it [00:11, 7013.71it/s]
80213it [00:11, 7404.77it/s]
81152it [00:11, 7877.81it/s]
82048it [00:11, 8036.64it/s]
82889it [00:11, 8098.42it/s]
83726it [00:11, 8090.55it/s]
84608it [00:11, 8201.92it/s]
85554it [00:12, 8563.79it/s]
86422it [00:12, 8429.48it/s]
87296it [00:12, 8422.58it/s]
88192it [00:12, 8546.16it/s]
89088it [00:12, 8583.50it/s]
89984it [00:12, 8531.37it/s]
90880it [00:12, 7393.09it/s]
91649it [00:12, 7271.08it/s]
92509it [00:12, 7625.67it/s]
93312it [00:13, 7627.41it/s]
94174it [00:13, 7904.86it/s]
95040it [00:13, 8005.98it/s]
95936it [00:13, 8245.45it/s]
96780it [00:13, 8301.46it/s]
97615it [00:13, 8212.81it/s]
98560it [00:13, 8471.49it/s]
99520it [00:13, 8784.44it/s]
100000it [00:13, 7239.88it/s]
Upload time: 14.227382156066597
Total import time: 22.591159338131547
Experiment stage: Search

0it [00:00, ?it/s]
4it [00:00,  5.23it/s]
14it [00:00, 18.84it/s]
46it [00:01, 71.00it/s]
85it [00:01, 134.05it/s]
167it [00:01, 282.90it/s]
262it [00:01, 441.64it/s]
364it [00:01, 587.10it/s]
462it [00:01, 689.89it/s]
550it [00:01, 738.70it/s]
643it [00:01, 786.08it/s]
734it [00:01, 820.08it/s]
828it [00:01, 853.09it/s]
920it [00:02, 871.31it/s]
1015it [00:02, 894.34it/s]
1107it [00:02, 774.46it/s]
1189it [00:02, 784.56it/s]
1274it [00:02, 800.61it/s]
1368it [00:02, 828.08it/s]
1453it [00:02, 800.95it/s]
1552it [00:02, 853.20it/s]
1639it [00:02, 851.42it/s]
1726it [00:03, 841.98it/s]
1811it [00:03, 828.26it/s]
1900it [00:03, 844.91it/s]
1993it [00:03, 868.74it/s]
2084it [00:03, 878.89it/s]
2173it [00:03, 878.19it/s]
2261it [00:03, 868.55it/s]
2348it [00:03, 794.58it/s]
2431it [00:03, 803.94it/s]
2519it [00:03, 824.53it/s]
2607it [00:04, 839.47it/s]
2696it [00:04, 850.48it/s]
2782it [00:04, 837.42it/s]
2867it [00:04, 750.94it/s]
2955it [00:04, 785.00it/s]
3046it [00:04, 817.81it/s]
3136it [00:04, 839.55it/s]
3228it [00:04, 861.01it/s]
3320it [00:04, 876.41it/s]
3410it [00:05, 882.92it/s]
3499it [00:05, 861.24it/s]
3597it [00:05, 894.67it/s]
3692it [00:05, 908.59it/s]
3788it [00:05, 920.55it/s]
3884it [00:05, 930.12it/s]
3978it [00:05, 929.86it/s]
4072it [00:05, 930.95it/s]
4170it [00:05, 944.95it/s]
4265it [00:05, 930.42it/s]
4359it [00:06, 907.61it/s]
4455it [00:06, 922.61it/s]
4561it [00:06, 962.26it/s]
4666it [00:06, 987.60it/s]
4769it [00:06, 1000.12it/s]
4871it [00:06, 1002.84it/s]
4974it [00:06, 1006.28it/s]
5075it [00:06, 965.63it/s] 
5172it [00:06, 960.13it/s]
5269it [00:06, 948.37it/s]
5365it [00:07, 940.66it/s]
5460it [00:07, 938.04it/s]
5554it [00:07, 930.81it/s]
5648it [00:07, 917.33it/s]
5743it [00:07, 920.57it/s]
5840it [00:07, 933.18it/s]
5934it [00:07, 848.76it/s]
6032it [00:07, 884.80it/s]
6135it [00:07, 924.43it/s]
6229it [00:08, 919.16it/s]
6322it [00:08, 803.05it/s]
6420it [00:08, 847.44it/s]
6511it [00:08, 862.94it/s]
6604it [00:08, 881.00it/s]
6694it [00:08, 885.95it/s]
6784it [00:08, 886.95it/s]
6875it [00:08, 892.90it/s]
6966it [00:08, 897.59it/s]
7057it [00:09, 808.33it/s]
7141it [00:09, 811.92it/s]
7235it [00:09, 844.59it/s]
7329it [00:09, 870.35it/s]
7417it [00:09, 842.93it/s]
7503it [00:09, 836.72it/s]
7588it [00:09, 835.18it/s]
7672it [00:09, 827.64it/s]
7756it [00:09, 649.87it/s]
7848it [00:10, 714.86it/s]
7926it [00:10, 622.48it/s]
8008it [00:10, 668.67it/s]
8085it [00:10, 679.36it/s]
8157it [00:10, 657.84it/s]
8252it [00:10, 732.86it/s]
8329it [00:10, 722.33it/s]
8410it [00:10, 648.89it/s]
8478it [00:11, 513.33it/s]
8551it [00:11, 560.91it/s]
8613it [00:11, 441.07it/s]
8665it [00:11, 386.91it/s]
8710it [00:11, 345.78it/s]
8769it [00:11, 382.14it/s]
8812it [00:12, 388.41it/s]
8854it [00:12, 353.62it/s]
8892it [00:12, 246.59it/s]
8923it [00:12, 245.71it/s]
8952it [00:12, 240.47it/s]
8979it [00:12, 195.94it/s]
9002it [00:13, 147.22it/s]
9024it [00:13, 150.19it/s]
9054it [00:13, 171.00it/s]
9074it [00:13, 173.40it/s]
9117it [00:13, 227.59it/s]
9171it [00:13, 289.16it/s]
9203it [00:13, 259.25it/s]
9237it [00:14, 277.05it/s]
9267it [00:14, 281.78it/s]
9302it [00:14, 292.34it/s]
9333it [00:14, 204.39it/s]
9363it [00:14, 213.74it/s]
9404it [00:14, 252.41it/s]
9482it [00:14, 377.22it/s]
9560it [00:15, 474.49it/s]
9643it [00:15, 567.90it/s]
9725it [00:15, 634.90it/s]
9793it [00:15, 506.10it/s]
9854it [00:15, 519.69it/s]
9912it [00:15, 432.73it/s]
9964it [00:15, 446.48it/s]
10000it [00:15, 629.13it/s]
Experiment stage: Done
Results saved to:  /home/dzh/project/vdtuner/vector-db-benchmark-master/results
>>> [Step 5] 收尾工作...
    监控日志已保存。
📊 测试结果摘要:
0.00888
624.3014430104763
0.0035227009328082193
line1:  0.0035227009328082193
line1:  624.3014430104763
line1:  0.00888
numeric_values:  [0.0035227009328082193, 624.3014430104763, 0.00888]
[5] 376 0.00888 0.0035227009328082193 71
/bin/sh: 1: Syntax error: "(" unexpected
/data/dzh/venv/lib/python3.10/site-packages/botorch/acquisition/multi_objective/monte_carlo.py:110: NumericsWarning: qExpectedHypervolumeImprovement has known numerical issues that lead to suboptimal optimization performance. It is strongly recommended to simply replace

	 qExpectedHypervolumeImprovement 	 --> 	 qLogExpectedHypervolumeImprovement 

instead, which fixes the issues and has the same API. See https://arxiv.org/abs/2310.20708 for details.
  legacy_ei_numerics_warning(legacy_name=type(self).__name__)
--- DEBUG: Starting command:---
=======================================
🛠️  开始测试流程
Engine: milvus-p10 | Dataset: random-geo-radius-2048-angular-no-filters
=======================================
>>> [Step 1] 启动后台监控...
    监控进程 PID: 67643
>>> [Step 2] 重置 Milvus...
 Container milvus-standalone  Stopping
 Container milvus-standalone  Stopped
 Container milvus-standalone  Removing
 Container milvus-standalone  Removed
 Container milvus-minio  Stopping
 Container milvus-etcd  Stopping
 Container milvus-etcd  Stopped
 Container milvus-etcd  Removing
 Container milvus-etcd  Removed
 Container milvus-minio  Stopped
 Container milvus-minio  Removing
 Container milvus-minio  Removed
 Network milvus  Removing
 Network milvus  Removed
    🧹 清理宿主机数据目录: /home/dzh/project/vdtuner/vector-db-benchmark-master/engine/servers/milvus-single-node/volumes
 Network milvus  Creating
 Network milvus  Created
 Container milvus-minio  Creating
 Container milvus-etcd  Creating
 Container milvus-minio  Created
 Container milvus-etcd  Created
 Container milvus-standalone  Creating
 Container milvus-standalone  Created
 Container milvus-etcd  Starting
 Container milvus-minio  Starting
 Container milvus-minio  Started
 Container milvus-etcd  Started
 Container milvus-standalone  Starting
 Container milvus-standalone  Started
>>> [Step 3] 等待服务启动 (90s)...
    等待中... (10s/120s)
    ✅ Milvus 服务已就绪
>>> [Step 4] 运行 Benchmark...
Running experiment: milvus-p10 - random-geo-radius-2048-angular-no-filters
established connection
/home/dzh/project/vdtuner/vector-db-benchmark-master/datasets/random-geo-radius-2048-angular/random_geo_100k_no_filters already exists
Experiment stage: Configure
Experiment stage: Upload

0it [00:00, ?it/s]
1it [00:00,  1.64it/s]
64it [00:00, 88.68it/s]
192it [00:01, 281.05it/s]
704it [00:01, 1181.26it/s]
960it [00:01, 1464.30it/s]
1216it [00:01, 1707.84it/s]
1472it [00:01, 1904.01it/s]
1716it [00:01, 2007.33it/s]
2099it [00:01, 2493.28it/s]
2383it [00:01, 2558.43it/s]
3072it [00:01, 3528.98it/s]
3436it [00:01, 3424.22it/s]
3968it [00:02, 3857.13it/s]
4544it [00:02, 4339.76it/s]
5568it [00:02, 5919.93it/s]
6578it [00:02, 7105.21it/s]
7552it [00:02, 7845.28it/s]
8576it [00:02, 8434.14it/s]
9472it [00:02, 8576.34it/s]
10432it [00:02, 8864.74it/s]
11329it [00:02, 8895.43it/s]
12288it [00:02, 9086.50it/s]
13200it [00:03, 9067.16it/s]
14144it [00:03, 9147.52it/s]
15104it [00:03, 9246.60it/s]
16128it [00:03, 9412.66it/s]
17070it [00:03, 7516.22it/s]
17984it [00:03, 7842.22it/s]
18880it [00:03, 8119.37it/s]
19840it [00:03, 8492.89it/s]
20800it [00:04, 8698.78it/s]
21760it [00:04, 8856.85it/s]
22720it [00:04, 8990.99it/s]
23680it [00:04, 9087.20it/s]
24597it [00:04, 9104.76it/s]
25514it [00:04, 9000.83it/s]
26419it [00:04, 8966.13it/s]
27319it [00:04, 8959.91it/s]
28224it [00:04, 8971.29it/s]
29184it [00:04, 9108.98it/s]
30096it [00:05, 9091.46it/s]
31006it [00:05, 8965.96it/s]
31936it [00:05, 8940.76it/s]
32831it [00:05, 6996.29it/s]
33697it [00:05, 7394.96it/s]
34560it [00:05, 7690.32it/s]
35510it [00:05, 8166.28it/s]
36416it [00:05, 8332.87it/s]
37376it [00:05, 8612.32it/s]
38272it [00:06, 8669.73it/s]
39168it [00:06, 8706.08it/s]
40173it [00:06, 9096.46it/s]
41091it [00:06, 9078.57it/s]
42048it [00:06, 9214.64it/s]
43008it [00:06, 9301.90it/s]
43942it [00:06, 9187.71it/s]
44864it [00:06, 9051.28it/s]
45771it [00:06, 9051.84it/s]
46720it [00:06, 9108.98it/s]
47632it [00:07, 6387.34it/s]
48484it [00:07, 6850.66it/s]
49344it [00:07, 7212.51it/s]
50304it [00:07, 7746.94it/s]
51200it [00:07, 8009.17it/s]
52096it [00:07, 8179.57it/s]
52954it [00:07, 8290.72it/s]
53824it [00:07, 8317.33it/s]
54720it [00:08, 8487.87it/s]
55581it [00:08, 8496.87it/s]
56448it [00:08, 8506.73it/s]
57305it [00:08, 8354.52it/s]
58145it [00:08, 8348.56it/s]
59008it [00:08, 8409.46it/s]
59852it [00:08, 7960.43it/s]
60749it [00:08, 8247.44it/s]
61696it [00:08, 8506.82it/s]
62551it [00:08, 7739.47it/s]
63424it [00:09, 8002.87it/s]
64384it [00:09, 8348.31it/s]
65344it [00:09, 8600.06it/s]
66240it [00:09, 8633.68it/s]
67136it [00:09, 8671.01it/s]
68008it [00:09, 8179.92it/s]
68864it [00:09, 8177.97it/s]
69704it [00:09, 8240.64it/s]
70655it [00:09, 8606.58it/s]
71520it [00:10, 8475.42it/s]
72371it [00:10, 8443.57it/s]
73218it [00:10, 8324.38it/s]
74112it [00:10, 8414.48it/s]
74955it [00:10, 8372.64it/s]
75840it [00:10, 8464.07it/s]
76688it [00:10, 5667.83it/s]
77568it [00:10, 6294.94it/s]
78464it [00:11, 6884.72it/s]
79347it [00:11, 7374.17it/s]
80250it [00:11, 7811.94it/s]
81113it [00:11, 8035.78it/s]
82000it [00:11, 8270.08it/s]
82880it [00:11, 8355.85it/s]
83737it [00:11, 8141.03it/s]
84583it [00:11, 8231.81it/s]
85429it [00:11, 8297.56it/s]
86268it [00:11, 8298.43it/s]
87168it [00:12, 8371.56it/s]
88064it [00:12, 8446.05it/s]
88912it [00:12, 8325.08it/s]
89792it [00:12, 8434.96it/s]
90688it [00:12, 8544.40it/s]
91564it [00:12, 8607.62it/s]
92426it [00:12, 8026.54it/s]
93312it [00:12, 8220.70it/s]
94208it [00:12, 8427.67it/s]
95116it [00:12, 8616.94it/s]
95983it [00:13, 8631.09it/s]
96850it [00:13, 8556.93it/s]
97728it [00:13, 8606.42it/s]
98624it [00:13, 8688.49it/s]
99520it [00:13, 8714.23it/s]
100000it [00:13, 7377.02it/s]
Upload time: 13.940748368855566
Total import time: 44.77268481720239
Experiment stage: Search

0it [00:00, ?it/s]
4it [00:00,  5.23it/s]
14it [00:00, 18.62it/s]
40it [00:01, 60.10it/s]
115it [00:01, 195.94it/s]
205it [00:01, 349.19it/s]
289it [00:01, 465.61it/s]
368it [00:01, 547.46it/s]
452it [00:01, 624.12it/s]
541it [00:01, 696.08it/s]
636it [00:01, 766.64it/s]
728it [00:01, 809.27it/s]
832it [00:01, 873.12it/s]
924it [00:02, 874.07it/s]
1021it [00:02, 900.41it/s]
1113it [00:02, 872.11it/s]
1202it [00:02, 875.83it/s]
1291it [00:02, 814.59it/s]
1378it [00:02, 829.16it/s]
1463it [00:02, 752.67it/s]
1548it [00:02, 778.63it/s]
1635it [00:02, 801.60it/s]
1717it [00:03, 801.23it/s]
1809it [00:03, 834.77it/s]
1894it [00:03, 830.21it/s]
1993it [00:03, 874.84it/s]
2092it [00:03, 906.86it/s]
2187it [00:03, 918.55it/s]
2280it [00:03, 921.36it/s]
2373it [00:03, 881.99it/s]
2464it [00:03, 889.27it/s]
2554it [00:03, 881.29it/s]
2643it [00:04, 868.27it/s]
2731it [00:04, 840.63it/s]
2816it [00:04, 832.03it/s]
2900it [00:04, 783.81it/s]
2987it [00:04, 803.79it/s]
3068it [00:04, 764.89it/s]
3146it [00:04, 759.83it/s]
3229it [00:04, 779.49it/s]
3308it [00:04, 775.18it/s]
3395it [00:05, 800.80it/s]
3487it [00:05, 834.28it/s]
3575it [00:05, 845.71it/s]
3660it [00:05, 829.64it/s]
3752it [00:05, 854.56it/s]
3838it [00:05, 854.89it/s]
3928it [00:05, 866.23it/s]
4030it [00:05, 908.73it/s]
4128it [00:05, 926.08it/s]
4221it [00:05, 870.27it/s]
4309it [00:06, 856.55it/s]
4396it [00:06, 788.61it/s]
4477it [00:06, 731.11it/s]
4563it [00:06, 762.19it/s]
4641it [00:06, 760.82it/s]
4728it [00:06, 790.30it/s]
4816it [00:06, 813.46it/s]
4905it [00:06, 770.88it/s]
4984it [00:07, 688.63it/s]
5067it [00:07, 724.05it/s]
5158it [00:07, 773.03it/s]
5248it [00:07, 807.03it/s]
5344it [00:07, 848.18it/s]
5438it [00:07, 871.80it/s]
5536it [00:07, 902.25it/s]
5631it [00:07, 914.76it/s]
5724it [00:07, 854.52it/s]
5811it [00:07, 846.27it/s]
5897it [00:08, 822.21it/s]
5980it [00:08, 786.83it/s]
6060it [00:08, 787.17it/s]
6140it [00:08, 744.13it/s]
6216it [00:08, 746.05it/s]
6292it [00:08, 715.99it/s]
6377it [00:08, 752.14it/s]
6453it [00:08, 736.56it/s]
6528it [00:08, 712.71it/s]
6601it [00:09, 717.08it/s]
6681it [00:09, 739.68it/s]
6759it [00:09, 750.87it/s]
6847it [00:09, 787.41it/s]
6929it [00:09, 796.59it/s]
7009it [00:09, 757.46it/s]
7086it [00:09, 696.42it/s]
7157it [00:09, 679.02it/s]
7237it [00:09, 709.99it/s]
7321it [00:09, 746.30it/s]
7401it [00:10, 760.52it/s]
7484it [00:10, 779.00it/s]
7567it [00:10, 791.81it/s]
7648it [00:10, 795.92it/s]
7728it [00:10, 794.46it/s]
7809it [00:10, 796.86it/s]
7889it [00:10, 794.49it/s]
7969it [00:10, 767.05it/s]
8046it [00:10, 758.42it/s]
8129it [00:11, 777.38it/s]
8208it [00:11, 780.18it/s]
8288it [00:11, 783.90it/s]
8367it [00:11, 734.99it/s]
8445it [00:11, 746.07it/s]
8527it [00:11, 765.09it/s]
8608it [00:11, 776.79it/s]
8687it [00:11, 766.73it/s]
8772it [00:11, 783.02it/s]
8855it [00:11, 790.95it/s]
8938it [00:12, 800.52it/s]
9022it [00:12, 810.55it/s]
9104it [00:12, 797.82it/s]
9184it [00:12, 784.11it/s]
9263it [00:12, 774.41it/s]
9341it [00:12, 757.67it/s]
9423it [00:12, 774.95it/s]
9508it [00:12, 796.62it/s]
9589it [00:12, 798.08it/s]
9669it [00:12, 786.83it/s]
9751it [00:13, 795.55it/s]
9832it [00:13, 798.84it/s]
9912it [00:13, 789.46it/s]
9992it [00:13, 791.59it/s]
10000it [00:13, 745.57it/s]
Experiment stage: Done
Results saved to:  /home/dzh/project/vdtuner/vector-db-benchmark-master/results
>>> [Step 5] 收尾工作...
    监控日志已保存。
📊 测试结果摘要:
0.37965000000000004
740.5979175305695
0.004075279296375809
line1:  0.004075279296375809
line1:  740.5979175305695
line1:  0.37965000000000004
numeric_values:  [0.004075279296375809, 740.5979175305695, 0.37965000000000004]
[6] 470 0.37965000000000004 0.004075279296375809 94
/bin/sh: 1: Syntax error: "(" unexpected
/data/dzh/venv/lib/python3.10/site-packages/botorch/acquisition/multi_objective/monte_carlo.py:110: NumericsWarning: qExpectedHypervolumeImprovement has known numerical issues that lead to suboptimal optimization performance. It is strongly recommended to simply replace

	 qExpectedHypervolumeImprovement 	 --> 	 qLogExpectedHypervolumeImprovement 

instead, which fixes the issues and has the same API. See https://arxiv.org/abs/2310.20708 for details.
  legacy_ei_numerics_warning(legacy_name=type(self).__name__)
--- DEBUG: Starting command:---
=======================================
🛠️  开始测试流程
Engine: milvus-p10 | Dataset: random-geo-radius-2048-angular-no-filters
=======================================
>>> [Step 1] 启动后台监控...
    监控进程 PID: 83125
>>> [Step 2] 重置 Milvus...
 Container milvus-standalone  Stopping
 Container milvus-standalone  Stopped
 Container milvus-standalone  Removing
 Container milvus-standalone  Removed
 Container milvus-minio  Stopping
 Container milvus-etcd  Stopping
 Container milvus-etcd  Stopped
 Container milvus-etcd  Removing
 Container milvus-etcd  Removed
 Container milvus-minio  Stopped
 Container milvus-minio  Removing
 Container milvus-minio  Removed
 Network milvus  Removing
 Network milvus  Removed
    🧹 清理宿主机数据目录: /home/dzh/project/vdtuner/vector-db-benchmark-master/engine/servers/milvus-single-node/volumes
 Network milvus  Creating
 Network milvus  Created
 Container milvus-minio  Creating
 Container milvus-etcd  Creating
 Container milvus-etcd  Created
 Container milvus-minio  Created
 Container milvus-standalone  Creating
 Container milvus-standalone  Created
 Container milvus-minio  Starting
 Container milvus-etcd  Starting
 Container milvus-minio  Started
 Container milvus-etcd  Started
 Container milvus-standalone  Starting
 Container milvus-standalone  Started
>>> [Step 3] 等待服务启动 (90s)...
    等待中... (10s/120s)
    ✅ Milvus 服务已就绪
>>> [Step 4] 运行 Benchmark...
Running experiment: milvus-p10 - random-geo-radius-2048-angular-no-filters
established connection
/home/dzh/project/vdtuner/vector-db-benchmark-master/datasets/random-geo-radius-2048-angular/random_geo_100k_no_filters already exists
Experiment stage: Configure
Experiment stage: Upload

0it [00:00, ?it/s]
1it [00:01,  1.76s/it]
768it [00:01, 574.88it/s]
1195it [00:02, 880.08it/s]
1548it [00:02, 1126.33it/s]
1858it [00:02, 1376.63it/s]
2159it [00:02, 1495.28it/s]
2560it [00:02, 1833.92it/s]
3136it [00:02, 2554.71it/s]
3776it [00:02, 3297.98it/s]
4416it [00:02, 3959.97it/s]
5376it [00:02, 5274.91it/s]
6272it [00:03, 6201.38it/s]
7360it [00:03, 7432.33it/s]
8384it [00:03, 8205.79it/s]
9344it [00:03, 8594.75it/s]
10432it [00:03, 9160.52it/s]
11520it [00:03, 9573.07it/s]
12558it [00:03, 9806.81it/s]
13632it [00:03, 9997.01it/s]
14656it [00:03, 10068.08it/s]
15680it [00:04, 9972.76it/s] 
16684it [00:04, 8700.16it/s]
17600it [00:04, 8723.53it/s]
18614it [00:04, 9111.66it/s]
19584it [00:04, 9215.39it/s]
20544it [00:04, 9310.67it/s]
21566it [00:04, 9573.13it/s]
22532it [00:04, 9230.18it/s]
23616it [00:04, 9609.70it/s]
24584it [00:04, 9456.97it/s]
25600it [00:05, 9619.69it/s]
26566it [00:05, 9566.25it/s]
27526it [00:05, 9573.65it/s]
28486it [00:05, 9421.87it/s]
29504it [00:05, 9633.73it/s]
30469it [00:05, 9584.40it/s]
31488it [00:05, 8902.93it/s]
32390it [00:05, 8500.69it/s]
33280it [00:05, 8517.67it/s]
34304it [00:06, 8912.76it/s]
35264it [00:06, 9098.84it/s]
36224it [00:06, 9197.95it/s]
37184it [00:06, 9257.55it/s]
38144it [00:06, 9320.81it/s]
39104it [00:06, 9356.16it/s]
40050it [00:06, 9386.38it/s]
40990it [00:06, 8687.37it/s]
41870it [00:06, 8412.23it/s]
42720it [00:07, 8225.43it/s]
43548it [00:07, 8029.92it/s]
44355it [00:07, 7865.90it/s]
45184it [00:07, 7924.20it/s]
46132it [00:07, 8367.68it/s]
46973it [00:07, 6248.77it/s]
47872it [00:07, 6867.52it/s]
48832it [00:07, 7471.33it/s]
49728it [00:07, 7832.77it/s]
50624it [00:08, 8115.54it/s]
51471it [00:08, 8168.02it/s]
52313it [00:08, 8178.04it/s]
53246it [00:08, 8508.19it/s]
54114it [00:08, 8557.86it/s]
54991it [00:08, 8619.42it/s]
55936it [00:08, 8745.29it/s]
56816it [00:08, 8544.91it/s]
57675it [00:08, 8506.29it/s]
58560it [00:08, 8517.34it/s]
59520it [00:09, 8730.98it/s]
60416it [00:09, 8762.71it/s]
61376it [00:09, 8880.59it/s]
62265it [00:09, 5617.42it/s]
63168it [00:09, 6316.21it/s]
64064it [00:09, 6886.73it/s]
64863it [00:09, 7125.57it/s]
65728it [00:10, 7487.47it/s]
66624it [00:10, 7838.69it/s]
67515it [00:10, 8134.68it/s]
68365it [00:10, 8189.93it/s]
69247it [00:10, 8370.32it/s]
70144it [00:10, 8436.78it/s]
71040it [00:10, 8522.26it/s]
71913it [00:10, 8582.37it/s]
72778it [00:10, 8449.84it/s]
73728it [00:10, 8644.59it/s]
74624it [00:11, 8702.17it/s]
75520it [00:11, 8750.13it/s]
76416it [00:11, 8665.50it/s]
77284it [00:11, 6167.53it/s]
78080it [00:11, 6572.61it/s]
78936it [00:11, 7062.21it/s]
79872it [00:11, 7641.19it/s]
80768it [00:11, 7949.02it/s]
81664it [00:11, 8129.23it/s]
82560it [00:12, 8248.72it/s]
83456it [00:12, 8356.72it/s]
84352it [00:12, 8475.03it/s]
85211it [00:12, 8390.65it/s]
86098it [00:12, 8528.33it/s]
86964it [00:12, 8566.58it/s]
87825it [00:12, 8570.23it/s]
88686it [00:12, 8496.73it/s]
89538it [00:12, 8296.20it/s]
90370it [00:13, 8212.30it/s]
91200it [00:13, 8148.57it/s]
92016it [00:13, 8076.29it/s]
92825it [00:13, 7902.74it/s]
93617it [00:13, 7897.30it/s]
94408it [00:13, 7866.57it/s]
95196it [00:13, 7738.38it/s]
95976it [00:13, 7755.39it/s]
96768it [00:13, 7716.76it/s]
97664it [00:13, 7987.08it/s]
98496it [00:14, 8040.34it/s]
99447it [00:14, 8471.83it/s]
100000it [00:14, 7034.14it/s]
Upload time: 14.616795769426972
Total import time: 21.36317959241569
Experiment stage: Search

0it [00:00, ?it/s]
4it [00:00,  5.16it/s]
9it [00:00, 11.76it/s]
32it [00:00, 50.32it/s]
71it [00:01, 118.46it/s]
94it [00:01, 141.68it/s]
140it [00:01, 217.07it/s]
170it [00:01, 231.47it/s]
266it [00:01, 421.05it/s]
362it [00:01, 566.95it/s]
459it [00:01, 676.45it/s]
534it [00:01, 655.39it/s]
605it [00:02, 506.29it/s]
687it [00:02, 574.67it/s]
753it [00:02, 585.55it/s]
818it [00:02, 485.77it/s]
873it [00:02, 330.21it/s]
917it [00:03, 285.27it/s]
954it [00:03, 224.38it/s]
1008it [00:03, 273.03it/s]
1093it [00:03, 377.26it/s]
1156it [00:03, 424.77it/s]
1210it [00:03, 436.41it/s]
1262it [00:03, 362.02it/s]
1349it [00:04, 469.18it/s]
1430it [00:04, 546.09it/s]
1510it [00:04, 595.94it/s]
1577it [00:04, 558.68it/s]
1638it [00:04, 543.11it/s]
1696it [00:04, 423.48it/s]
1745it [00:04, 402.35it/s]
1790it [00:05, 380.60it/s]
1838it [00:05, 362.33it/s]
1878it [00:05, 349.61it/s]
1915it [00:05, 312.56it/s]
1948it [00:05, 293.07it/s]
2002it [00:05, 349.73it/s]
2052it [00:05, 352.70it/s]
2116it [00:05, 417.02it/s]
2182it [00:06, 445.70it/s]
2250it [00:06, 504.93it/s]
2303it [00:06, 331.80it/s]
2346it [00:06, 333.34it/s]
2386it [00:06, 316.10it/s]
2435it [00:06, 331.74it/s]
2480it [00:06, 358.14it/s]
2525it [00:07, 379.76it/s]
2567it [00:07, 354.19it/s]
2609it [00:07, 370.09it/s]
2648it [00:07, 363.28it/s]
2729it [00:07, 481.85it/s]
2820it [00:07, 599.68it/s]
2898it [00:07, 647.55it/s]
2965it [00:07, 513.70it/s]
3023it [00:08, 487.41it/s]
3115it [00:08, 590.75it/s]
3206it [00:08, 671.62it/s]
3296it [00:08, 730.31it/s]
3389it [00:08, 784.39it/s]
3473it [00:08, 788.09it/s]
3555it [00:08, 728.12it/s]
3633it [00:08, 740.81it/s]
3709it [00:08, 587.28it/s]
3774it [00:09, 594.34it/s]
3838it [00:09, 546.94it/s]
3929it [00:09, 631.73it/s]
4011it [00:09, 678.95it/s]
4083it [00:09, 574.79it/s]
4146it [00:09, 464.60it/s]
4199it [00:09, 434.10it/s]
4247it [00:10, 257.99it/s]
4284it [00:10, 228.15it/s]
4315it [00:10, 223.06it/s]
4343it [00:10, 223.53it/s]
4369it [00:11, 203.02it/s]
4392it [00:11, 171.73it/s]
4417it [00:11, 184.73it/s]
4463it [00:11, 241.28it/s]
4504it [00:11, 270.05it/s]
4535it [00:11, 210.15it/s]
4564it [00:11, 223.63it/s]
4592it [00:12, 220.54it/s]
4617it [00:12, 196.63it/s]
4675it [00:12, 280.24it/s]
4708it [00:12, 235.47it/s]
4736it [00:12, 239.19it/s]
4763it [00:12, 239.43it/s]
4797it [00:12, 246.01it/s]
4880it [00:13, 388.66it/s]
4967it [00:13, 512.74it/s]
5057it [00:13, 615.90it/s]
5149it [00:13, 691.66it/s]
5222it [00:13, 546.88it/s]
5284it [00:13, 481.45it/s]
5339it [00:13, 431.77it/s]
5400it [00:13, 465.16it/s]
5465it [00:14, 507.95it/s]
5520it [00:14, 512.43it/s]
5575it [00:14, 449.49it/s]
5624it [00:14, 393.88it/s]
5667it [00:14, 357.64it/s]
5707it [00:14, 359.56it/s]
5745it [00:14, 343.62it/s]
5781it [00:15, 248.88it/s]
5810it [00:15, 213.89it/s]
5835it [00:15, 218.66it/s]
5860it [00:15, 224.60it/s]
5909it [00:15, 283.07it/s]
5951it [00:15, 316.69it/s]
6034it [00:15, 450.22it/s]
6111it [00:15, 535.69it/s]
6191it [00:16, 608.03it/s]
6262it [00:16, 636.31it/s]
6328it [00:16, 398.76it/s]
6381it [00:16, 366.82it/s]
6427it [00:16, 365.25it/s]
6470it [00:16, 345.16it/s]
6518it [00:17, 368.64it/s]
6569it [00:17, 400.62it/s]
6623it [00:17, 434.93it/s]
6708it [00:17, 542.83it/s]
6766it [00:17, 529.59it/s]
6822it [00:17, 388.76it/s]
6868it [00:17, 387.75it/s]
6922it [00:17, 418.82it/s]
6972it [00:18, 438.07it/s]
7020it [00:18, 394.48it/s]
7063it [00:18, 395.27it/s]
7105it [00:18, 391.89it/s]
7147it [00:18, 398.71it/s]
7188it [00:18, 366.55it/s]
7226it [00:18, 245.10it/s]
7257it [00:19, 245.31it/s]
7286it [00:19, 225.33it/s]
7319it [00:19, 245.17it/s]
7347it [00:19, 225.88it/s]
7387it [00:19, 264.87it/s]
7417it [00:19, 209.00it/s]
7442it [00:19, 205.11it/s]
7465it [00:20, 186.81it/s]
7486it [00:20, 189.55it/s]
7509it [00:20, 192.15it/s]
7530it [00:20, 191.51it/s]
7550it [00:20, 193.56it/s]
7572it [00:20, 190.36it/s]
7595it [00:20, 196.70it/s]
7647it [00:20, 280.25it/s]
7695it [00:20, 328.52it/s]
7733it [00:21, 339.10it/s]
7768it [00:21, 284.40it/s]
7799it [00:21, 209.88it/s]
7828it [00:21, 221.13it/s]
7854it [00:21, 224.48it/s]
7888it [00:21, 251.57it/s]
7926it [00:21, 277.37it/s]
7956it [00:22, 241.46it/s]
7994it [00:22, 272.10it/s]
8024it [00:22, 277.98it/s]
8054it [00:22, 258.95it/s]
8091it [00:22, 285.44it/s]
8122it [00:22, 291.98it/s]
8153it [00:22, 264.25it/s]
8181it [00:22, 253.89it/s]
8227it [00:23, 303.11it/s]
8273it [00:23, 344.80it/s]
8331it [00:23, 408.87it/s]
8390it [00:23, 456.16it/s]
8438it [00:23, 462.33it/s]
8497it [00:23, 499.01it/s]
8555it [00:23, 521.45it/s]
8608it [00:23, 511.28it/s]
8660it [00:23, 423.40it/s]
8706it [00:24, 357.82it/s]
8746it [00:24, 356.73it/s]
8790it [00:24, 376.12it/s]
8835it [00:24, 394.37it/s]
8889it [00:24, 432.43it/s]
8934it [00:24, 354.12it/s]
8973it [00:24, 295.96it/s]
9014it [00:24, 320.69it/s]
9050it [00:25, 297.43it/s]
9095it [00:25, 326.00it/s]
9135it [00:25, 342.40it/s]
9185it [00:25, 382.28it/s]
9227it [00:25, 389.65it/s]
9268it [00:25, 322.85it/s]
9304it [00:25, 239.31it/s]
9355it [00:26, 293.18it/s]
9400it [00:26, 307.68it/s]
9447it [00:26, 341.04it/s]
9485it [00:26, 295.52it/s]
9519it [00:26, 262.95it/s]
9549it [00:26, 253.43it/s]
9591it [00:26, 284.81it/s]
9626it [00:26, 300.23it/s]
9658it [00:27, 251.34it/s]
9687it [00:27, 252.24it/s]
9714it [00:27, 230.19it/s]
9753it [00:27, 267.53it/s]
9787it [00:27, 285.12it/s]
9818it [00:27, 251.62it/s]
9845it [00:27, 253.00it/s]
9892it [00:28, 306.36it/s]
9925it [00:28, 240.31it/s]
9976it [00:28, 301.51it/s]
10000it [00:28, 352.62it/s]
Experiment stage: Done
Results saved to:  /home/dzh/project/vdtuner/vector-db-benchmark-master/results
>>> [Step 5] 收尾工作...
    监控日志已保存。
📊 测试结果摘要:
0.36757
350.93056707053444
0.006525337416678666
line1:  0.006525337416678666
line1:  350.93056707053444
line1:  0.36757
numeric_values:  [0.006525337416678666, 350.93056707053444, 0.36757]
[7] 553 0.36757 0.006525337416678666 82
/bin/sh: 1: Syntax error: "(" unexpected
/data/dzh/venv/lib/python3.10/site-packages/botorch/acquisition/multi_objective/monte_carlo.py:110: NumericsWarning: qExpectedHypervolumeImprovement has known numerical issues that lead to suboptimal optimization performance. It is strongly recommended to simply replace

	 qExpectedHypervolumeImprovement 	 --> 	 qLogExpectedHypervolumeImprovement 

instead, which fixes the issues and has the same API. See https://arxiv.org/abs/2310.20708 for details.
  legacy_ei_numerics_warning(legacy_name=type(self).__name__)
--- DEBUG: Starting command:---
=======================================
🛠️  开始测试流程
Engine: milvus-p10 | Dataset: random-geo-radius-2048-angular-no-filters
=======================================
>>> [Step 1] 启动后台监控...
    监控进程 PID: 96747
>>> [Step 2] 重置 Milvus...
 Container milvus-standalone  Stopping
 Container milvus-standalone  Stopped
 Container milvus-standalone  Removing
 Container milvus-standalone  Removed
 Container milvus-etcd  Stopping
 Container milvus-minio  Stopping
 Container milvus-etcd  Stopped
 Container milvus-etcd  Removing
 Container milvus-etcd  Removed
 Container milvus-minio  Stopped
 Container milvus-minio  Removing
 Container milvus-minio  Removed
 Network milvus  Removing
 Network milvus  Removed
    🧹 清理宿主机数据目录: /home/dzh/project/vdtuner/vector-db-benchmark-master/engine/servers/milvus-single-node/volumes
 Network milvus  Creating
 Network milvus  Created
 Container milvus-minio  Creating
 Container milvus-etcd  Creating
 Container milvus-etcd  Created
 Container milvus-minio  Created
 Container milvus-standalone  Creating
 Container milvus-standalone  Created
 Container milvus-etcd  Starting
 Container milvus-minio  Starting
 Container milvus-minio  Started
 Container milvus-etcd  Started
 Container milvus-standalone  Starting
 Container milvus-standalone  Started
>>> [Step 3] 等待服务启动 (90s)...
    等待中... (10s/120s)
    ✅ Milvus 服务已就绪
>>> [Step 4] 运行 Benchmark...
Running experiment: milvus-p10 - random-geo-radius-2048-angular-no-filters
established connection
/home/dzh/project/vdtuner/vector-db-benchmark-master/datasets/random-geo-radius-2048-angular/random_geo_100k_no_filters already exists
Experiment stage: Configure
Experiment stage: Upload

0it [00:00, ?it/s]
1it [00:01,  1.54s/it]
704it [00:01, 595.26it/s]
1110it [00:01, 902.07it/s]
1441it [00:01, 1153.83it/s]
1856it [00:02, 1564.71it/s]
2180it [00:02, 1751.82it/s]
2477it [00:02, 1914.98it/s]
2759it [00:02, 2051.10it/s]
3520it [00:02, 3244.42it/s]
4032it [00:02, 3668.64it/s]
5056it [00:02, 5289.34it/s]
6080it [00:02, 6529.86it/s]
7016it [00:02, 7299.05it/s]
8000it [00:03, 7998.43it/s]
9024it [00:03, 8509.17it/s]
9984it [00:03, 8679.83it/s]
11008it [00:03, 9029.68it/s]
12032it [00:03, 9294.98it/s]
12974it [00:03, 8959.27it/s]
13881it [00:03, 8886.64it/s]
14808it [00:03, 8996.03it/s]
15714it [00:03, 8838.67it/s]
16602it [00:04, 5985.17it/s]
17536it [00:04, 6714.74it/s]
18560it [00:04, 7484.59it/s]
19520it [00:04, 7944.39it/s]
20480it [00:04, 8348.48it/s]
21376it [00:04, 8462.26it/s]
22272it [00:04, 8511.29it/s]
23168it [00:04, 8594.47it/s]
24128it [00:04, 8835.27it/s]
25027it [00:05, 8847.60it/s]
25966it [00:05, 9005.56it/s]
26875it [00:05, 8746.72it/s]
27757it [00:05, 8580.18it/s]
28672it [00:05, 8644.42it/s]
29632it [00:05, 8836.33it/s]
30606it [00:05, 9098.27it/s]
31552it [00:05, 7017.14it/s]
32329it [00:06, 6887.18it/s]
33280it [00:06, 7532.95it/s]
34238it [00:06, 8068.86it/s]
35087it [00:06, 8163.53it/s]
35968it [00:06, 8310.08it/s]
36928it [00:06, 8511.38it/s]
37795it [00:06, 8544.92it/s]
38661it [00:06, 8087.24it/s]
39488it [00:06, 8122.17it/s]
40320it [00:06, 8110.87it/s]
41138it [00:07, 8048.56it/s]
41984it [00:07, 8066.14it/s]
42944it [00:07, 8486.19it/s]
43812it [00:07, 8542.62it/s]
44698it [00:07, 8635.22it/s]
45568it [00:07, 8636.43it/s]
46528it [00:07, 8861.02it/s]
47415it [00:08, 4602.84it/s]
48192it [00:08, 5161.86it/s]
49152it [00:08, 6002.78it/s]
50048it [00:08, 6577.86it/s]
51008it [00:08, 7229.68it/s]
51968it [00:08, 7763.42it/s]
52928it [00:08, 8146.34it/s]
53806it [00:08, 8175.82it/s]
54668it [00:08, 8212.54it/s]
55616it [00:09, 8465.13it/s]
56512it [00:09, 8531.32it/s]
57382it [00:09, 8509.93it/s]
58271it [00:09, 8618.88it/s]
59200it [00:09, 8729.71it/s]
60160it [00:09, 8884.90it/s]
61056it [00:09, 8841.61it/s]
61943it [00:09, 7447.33it/s]
62881it [00:09, 7949.29it/s]
63808it [00:10, 8262.62it/s]
64768it [00:10, 8536.36it/s]
65728it [00:10, 8750.59it/s]
66624it [00:10, 8764.71it/s]
67511it [00:10, 8759.97it/s]
68395it [00:10, 8751.54it/s]
69276it [00:10, 8479.57it/s]
70129it [00:10, 8228.29it/s]
70957it [00:10, 8037.43it/s]
71764it [00:10, 7989.74it/s]
72566it [00:11, 7716.93it/s]
73344it [00:11, 7703.24it/s]
74145it [00:11, 7780.88it/s]
74925it [00:11, 7587.79it/s]
75786it [00:11, 7882.33it/s]
76577it [00:11, 6230.38it/s]
77440it [00:11, 6789.13it/s]
78285it [00:11, 7221.29it/s]
79149it [00:11, 7605.00it/s]
79943it [00:12, 7692.12it/s]
80832it [00:12, 8000.16it/s]
81792it [00:12, 8396.96it/s]
82752it [00:12, 8571.00it/s]
83693it [00:12, 8812.96it/s]
84582it [00:12, 8832.66it/s]
85471it [00:12, 8819.90it/s]
86357it [00:12, 8826.11it/s]
87296it [00:12, 8881.99it/s]
88192it [00:12, 8844.28it/s]
89088it [00:13, 8696.74it/s]
89967it [00:13, 8723.73it/s]
90841it [00:13, 8658.42it/s]
91708it [00:13, 8629.23it/s]
92572it [00:13, 8134.50it/s]
93392it [00:13, 7723.16it/s]
94272it [00:13, 7990.63it/s]
95168it [00:13, 8188.22it/s]
96000it [00:13, 8222.91it/s]
96896it [00:14, 8392.20it/s]
97806it [00:14, 8598.31it/s]
98696it [00:14, 8686.62it/s]
99567it [00:14, 8635.96it/s]
100000it [00:14, 6945.03it/s]
Upload time: 14.799496570136398
Total import time: 23.16920815827325
Experiment stage: Search

0it [00:00, ?it/s]
4it [00:00,  5.20it/s]
11it [00:00, 14.21it/s]
43it [00:01, 66.62it/s]
87it [00:01, 140.03it/s]
119it [00:01, 179.50it/s]
195it [00:01, 317.36it/s]
274it [00:01, 436.73it/s]
337it [00:01, 488.00it/s]
407it [00:01, 541.43it/s]
489it [00:01, 618.54it/s]
568it [00:01, 666.99it/s]
639it [00:01, 672.40it/s]
710it [00:02, 673.81it/s]
780it [00:02, 658.66it/s]
848it [00:02, 640.44it/s]
914it [00:02, 636.70it/s]
979it [00:02, 633.36it/s]
1045it [00:02, 636.52it/s]
1116it [00:02, 656.77it/s]
1187it [00:02, 671.57it/s]
1260it [00:02, 686.70it/s]
1346it [00:02, 735.36it/s]
1426it [00:03, 746.96it/s]
1501it [00:03, 745.49it/s]
1576it [00:03, 710.72it/s]
1671it [00:03, 778.49it/s]
1750it [00:03, 701.57it/s]
1822it [00:03, 690.36it/s]
1909it [00:03, 727.26it/s]
1990it [00:03, 732.01it/s]
2064it [00:03, 697.27it/s]
2140it [00:04, 714.34it/s]
2225it [00:04, 751.07it/s]
2312it [00:04, 782.77it/s]
2391it [00:04, 748.53it/s]
2473it [00:04, 768.71it/s]
2551it [00:04, 719.13it/s]
2625it [00:04, 724.62it/s]
2704it [00:04, 742.00it/s]
2795it [00:04, 789.72it/s]
2879it [00:05, 802.76it/s]
2960it [00:05, 792.53it/s]
3054it [00:05, 833.99it/s]
3138it [00:05, 732.13it/s]
3219it [00:05, 749.11it/s]
3296it [00:05, 703.24it/s]
3368it [00:05, 671.58it/s]
3437it [00:05, 618.64it/s]
3513it [00:05, 647.53it/s]
3584it [00:06, 664.12it/s]
3669it [00:06, 714.62it/s]
3742it [00:06, 697.39it/s]
3817it [00:06, 711.39it/s]
3889it [00:06, 697.01it/s]
3960it [00:06, 683.33it/s]
4050it [00:06, 743.74it/s]
4137it [00:06, 779.48it/s]
4216it [00:06, 695.24it/s]
4319it [00:07, 784.95it/s]
4410it [00:07, 817.43it/s]
4506it [00:07, 857.30it/s]
4594it [00:07, 836.81it/s]
4689it [00:07, 867.77it/s]
4782it [00:07, 883.72it/s]
4872it [00:07, 683.43it/s]
4950it [00:07, 705.08it/s]
5027it [00:07, 702.17it/s]
5102it [00:08, 711.32it/s]
5180it [00:08, 728.63it/s]
5266it [00:08, 762.87it/s]
5345it [00:08, 759.71it/s]
5423it [00:08, 761.63it/s]
5501it [00:08, 659.56it/s]
5570it [00:08, 407.17it/s]
5625it [00:09, 339.71it/s]
5670it [00:09, 264.45it/s]
5706it [00:09, 217.64it/s]
5750it [00:09, 249.90it/s]
5784it [00:10, 261.84it/s]
5817it [00:10, 264.48it/s]
5849it [00:10, 228.78it/s]
5880it [00:10, 241.73it/s]
5908it [00:10, 213.33it/s]
5932it [00:10, 161.21it/s]
5952it [00:11, 134.04it/s]
5969it [00:11, 126.53it/s]
5984it [00:11, 120.27it/s]
5998it [00:11, 119.00it/s]
6011it [00:11, 113.97it/s]
6030it [00:11, 130.43it/s]
6044it [00:11, 130.64it/s]
6073it [00:12, 147.37it/s]
6112it [00:12, 191.33it/s]
6132it [00:12, 155.40it/s]
6149it [00:12, 143.85it/s]
6194it [00:12, 208.66it/s]
6218it [00:12, 196.25it/s]
6240it [00:13, 163.40it/s]
6259it [00:13, 155.64it/s]
6304it [00:13, 209.77it/s]
6327it [00:13, 185.65it/s]
6351it [00:13, 188.83it/s]
6378it [00:13, 197.73it/s]
6399it [00:13, 186.91it/s]
6430it [00:13, 186.37it/s]
6450it [00:14, 182.02it/s]
6484it [00:14, 215.98it/s]
6507it [00:14, 173.34it/s]
6529it [00:14, 163.83it/s]
6567it [00:14, 203.77it/s]
6594it [00:14, 217.29it/s]
6620it [00:14, 222.07it/s]
6645it [00:15, 177.45it/s]
6665it [00:15, 168.37it/s]
6685it [00:15, 174.97it/s]
6706it [00:15, 183.47it/s]
6729it [00:15, 181.16it/s]
6772it [00:15, 212.58it/s]
6794it [00:15, 169.28it/s]
6814it [00:16, 169.34it/s]
6840it [00:16, 160.14it/s]
6858it [00:16, 159.84it/s]
6881it [00:16, 172.76it/s]
6899it [00:16, 171.81it/s]
6917it [00:16, 162.57it/s]
6987it [00:16, 292.28it/s]
7018it [00:16, 240.88it/s]
7045it [00:17, 242.65it/s]
7071it [00:17, 189.81it/s]
7093it [00:17, 185.65it/s]
7120it [00:17, 197.71it/s]
7160it [00:17, 240.07it/s]
7186it [00:17, 227.36it/s]
7233it [00:17, 286.95it/s]
7294it [00:18, 369.86it/s]
7355it [00:18, 433.52it/s]
7401it [00:18, 379.95it/s]
7442it [00:18, 308.11it/s]
7477it [00:18, 285.09it/s]
7512it [00:18, 299.33it/s]
7545it [00:18, 305.51it/s]
7591it [00:18, 344.82it/s]
7628it [00:19, 249.20it/s]
7674it [00:19, 288.19it/s]
7708it [00:19, 257.77it/s]
7738it [00:19, 230.43it/s]
7764it [00:19, 191.19it/s]
7786it [00:20, 147.86it/s]
7806it [00:20, 151.49it/s]
7824it [00:20, 149.18it/s]
7841it [00:20, 130.17it/s]
7872it [00:20, 136.68it/s]
7913it [00:20, 185.64it/s]
7947it [00:20, 217.93it/s]
7973it [00:21, 199.27it/s]
7996it [00:21, 151.68it/s]
8015it [00:21, 141.94it/s]
8041it [00:21, 150.13it/s]
8059it [00:21, 152.61it/s]
8097it [00:21, 198.43it/s]
8147it [00:22, 254.67it/s]
8175it [00:22, 211.93it/s]
8199it [00:22, 216.83it/s]
8225it [00:22, 224.69it/s]
8265it [00:22, 262.29it/s]
8298it [00:22, 261.80it/s]
8326it [00:22, 258.16it/s]
8353it [00:22, 244.13it/s]
8378it [00:23, 160.85it/s]
8398it [00:23, 119.55it/s]
8420it [00:23, 135.85it/s]
8443it [00:23, 153.49it/s]
8473it [00:23, 183.54it/s]
8496it [00:23, 181.91it/s]
8519it [00:24, 187.24it/s]
8541it [00:24, 193.00it/s]
8563it [00:24, 199.47it/s]
8592it [00:24, 217.88it/s]
8615it [00:24, 212.40it/s]
8638it [00:24, 191.36it/s]
8676it [00:24, 235.26it/s]
8719it [00:24, 286.52it/s]
8785it [00:24, 385.88it/s]
8846it [00:25, 448.44it/s]
8893it [00:25, 411.47it/s]
8936it [00:25, 369.14it/s]
8975it [00:25, 262.43it/s]
9007it [00:25, 260.65it/s]
9037it [00:25, 225.18it/s]
9063it [00:26, 228.58it/s]
9089it [00:26, 203.20it/s]
9118it [00:26, 195.08it/s]
9141it [00:26, 173.00it/s]
9165it [00:26, 186.56it/s]
9197it [00:26, 207.06it/s]
9234it [00:26, 235.19it/s]
9259it [00:27, 221.65it/s]
9282it [00:27, 191.10it/s]
9315it [00:27, 218.22it/s]
9339it [00:27, 214.52it/s]
9368it [00:27, 233.05it/s]
9398it [00:27, 245.00it/s]
9424it [00:27, 236.96it/s]
9449it [00:27, 185.93it/s]
9484it [00:28, 223.21it/s]
9514it [00:28, 225.89it/s]
9569it [00:28, 303.19it/s]
9603it [00:28, 304.48it/s]
9658it [00:28, 369.33it/s]
9698it [00:28, 243.19it/s]
9745it [00:28, 263.77it/s]
9777it [00:29, 234.98it/s]
9805it [00:29, 239.05it/s]
9832it [00:29, 184.99it/s]
9854it [00:29, 155.53it/s]
9877it [00:29, 167.32it/s]
9912it [00:29, 203.55it/s]
9948it [00:30, 231.26it/s]
9975it [00:30, 225.72it/s]
10000it [00:30, 330.91it/s]
Experiment stage: Done
Results saved to:  /home/dzh/project/vdtuner/vector-db-benchmark-master/results
>>> [Step 5] 收尾工作...
    监控日志已保存。
📊 测试结果摘要:
0.01153
329.63662580377917
0.004231798416003583
line1:  0.004231798416003583
line1:  329.63662580377917
line1:  0.01153
numeric_values:  [0.004231798416003583, 329.63662580377917, 0.01153]
[8] 639 0.01153 0.004231798416003583 86
/bin/sh: 1: Syntax error: "(" unexpected
/data/dzh/venv/lib/python3.10/site-packages/botorch/acquisition/multi_objective/monte_carlo.py:110: NumericsWarning: qExpectedHypervolumeImprovement has known numerical issues that lead to suboptimal optimization performance. It is strongly recommended to simply replace

	 qExpectedHypervolumeImprovement 	 --> 	 qLogExpectedHypervolumeImprovement 

instead, which fixes the issues and has the same API. See https://arxiv.org/abs/2310.20708 for details.
  legacy_ei_numerics_warning(legacy_name=type(self).__name__)
--- DEBUG: Starting command:---
=======================================
🛠️  开始测试流程
Engine: milvus-p10 | Dataset: random-geo-radius-2048-angular-no-filters
=======================================
>>> [Step 1] 启动后台监控...
    监控进程 PID: 109021
>>> [Step 2] 重置 Milvus...
 Container milvus-standalone  Stopping
 Container milvus-standalone  Stopped
 Container milvus-standalone  Removing
 Container milvus-standalone  Removed
 Container milvus-minio  Stopping
 Container milvus-etcd  Stopping
 Container milvus-etcd  Stopped
 Container milvus-etcd  Removing
 Container milvus-etcd  Removed
 Container milvus-minio  Stopped
 Container milvus-minio  Removing
 Container milvus-minio  Removed
 Network milvus  Removing
 Network milvus  Removed
    🧹 清理宿主机数据目录: /home/dzh/project/vdtuner/vector-db-benchmark-master/engine/servers/milvus-single-node/volumes
 Network milvus  Creating
 Network milvus  Created
 Container milvus-etcd  Creating
 Container milvus-minio  Creating
 Container milvus-etcd  Created
 Container milvus-minio  Created
 Container milvus-standalone  Creating
 Container milvus-standalone  Created
 Container milvus-etcd  Starting
 Container milvus-minio  Starting
 Container milvus-etcd  Started
 Container milvus-minio  Started
 Container milvus-standalone  Starting
 Container milvus-standalone  Started
>>> [Step 3] 等待服务启动 (90s)...
    等待中... (10s/120s)
    ✅ Milvus 服务已就绪
>>> [Step 4] 运行 Benchmark...
Running experiment: milvus-p10 - random-geo-radius-2048-angular-no-filters
established connection
/home/dzh/project/vdtuner/vector-db-benchmark-master/datasets/random-geo-radius-2048-angular/random_geo_100k_no_filters already exists
Experiment stage: Configure
Experiment stage: Upload

0it [00:00, ?it/s]
1it [00:01,  1.44s/it]
751it [00:01, 677.26it/s]
1179it [00:01, 936.98it/s]
1493it [00:01, 1148.34it/s]
1770it [00:02, 1343.53it/s]
2048it [00:02, 1504.95it/s]
2368it [00:02, 1774.99it/s]
2626it [00:02, 1898.65it/s]
3456it [00:02, 3320.98it/s]
4352it [00:02, 4648.56it/s]
5376it [00:02, 6029.80it/s]
6434it [00:02, 7237.36it/s]
7488it [00:02, 8051.89it/s]
8512it [00:03, 8620.40it/s]
9536it [00:03, 8968.32it/s]
10552it [00:03, 9309.09it/s]
11520it [00:03, 9358.71it/s]
12500it [00:03, 9487.04it/s]
13504it [00:03, 9506.34it/s]
14464it [00:03, 9496.46it/s]
15477it [00:03, 9682.40it/s]
16451it [00:03, 9665.06it/s]
17421it [00:04, 7540.78it/s]
18368it [00:04, 7960.44it/s]
19392it [00:04, 8507.01it/s]
20355it [00:04, 8809.19it/s]
21376it [00:04, 9118.65it/s]
22316it [00:04, 9145.03it/s]
23294it [00:04, 9326.62it/s]
24256it [00:04, 9291.19it/s]
25196it [00:04, 9280.40it/s]
26176it [00:04, 9342.49it/s]
27116it [00:05, 8996.40it/s]
28022it [00:05, 8830.75it/s]
28928it [00:05, 8839.11it/s]
29888it [00:05, 8979.83it/s]
30848it [00:05, 9112.60it/s]
31762it [00:05, 7442.88it/s]
32704it [00:05, 7919.97it/s]
33657it [00:05, 8347.31it/s]
34560it [00:05, 8500.94it/s]
35456it [00:06, 8610.23it/s]
36416it [00:06, 8836.21it/s]
37368it [00:06, 9033.33it/s]
38282it [00:06, 8982.66it/s]
39214it [00:06, 9080.85it/s]
40128it [00:06, 9002.05it/s]
41033it [00:06, 8948.69it/s]
41984it [00:06, 9042.08it/s]
42944it [00:06, 9191.56it/s]
43865it [00:06, 9164.11it/s]
44800it [00:07, 9120.59it/s]
45760it [00:07, 9251.99it/s]
46686it [00:07, 5796.10it/s]
47488it [00:07, 6197.46it/s]
48256it [00:07, 6500.45it/s]
49216it [00:07, 7193.87it/s]
50176it [00:07, 7751.82it/s]
51133it [00:07, 8237.90it/s]
52009it [00:08, 8302.43it/s]
52928it [00:08, 8432.93it/s]
53824it [00:08, 8541.05it/s]
54697it [00:08, 8396.29it/s]
55550it [00:08, 8204.77it/s]
56381it [00:08, 8068.15it/s]
57195it [00:08, 8055.41it/s]
58006it [00:08, 7918.67it/s]
58802it [00:08, 7853.84it/s]
59590it [00:09, 7849.92it/s]
60416it [00:09, 7827.07it/s]
61200it [00:09, 6735.45it/s]
61988it [00:09, 7036.20it/s]
62720it [00:09, 7048.24it/s]
63680it [00:09, 7654.19it/s]
64576it [00:09, 7964.02it/s]
65461it [00:09, 8216.46it/s]
66304it [00:09, 8137.61it/s]
67136it [00:10, 8104.50it/s]
68012it [00:10, 8294.61it/s]
68846it [00:10, 8056.65it/s]
69656it [00:10, 7727.64it/s]
70434it [00:10, 7530.62it/s]
71209it [00:10, 7592.05it/s]
72013it [00:10, 7720.15it/s]
72832it [00:10, 7736.14it/s]
73664it [00:10, 7806.87it/s]
74496it [00:10, 7833.67it/s]
75456it [00:11, 8284.46it/s]
76286it [00:11, 6459.54it/s]
76994it [00:11, 6357.72it/s]
77916it [00:11, 7078.43it/s]
78835it [00:11, 7636.58it/s]
79680it [00:11, 7816.85it/s]
80640it [00:11, 8231.14it/s]
81485it [00:11, 8176.10it/s]
82390it [00:11, 8425.44it/s]
83264it [00:12, 8486.10it/s]
84121it [00:12, 8465.70it/s]
84992it [00:12, 8523.68it/s]
85888it [00:12, 8647.28it/s]
86784it [00:12, 8627.12it/s]
87731it [00:12, 8875.15it/s]
88621it [00:12, 8863.79it/s]
89536it [00:12, 8800.60it/s]
90432it [00:12, 8831.85it/s]
91317it [00:13, 6982.93it/s]
92142it [00:13, 7299.37it/s]
92992it [00:13, 7593.94it/s]
93884it [00:13, 7954.95it/s]
94720it [00:13, 7999.60it/s]
95616it [00:13, 8261.46it/s]
96459it [00:13, 8234.61it/s]
97344it [00:13, 8331.24it/s]
98240it [00:13, 8396.69it/s]
99139it [00:14, 8558.04it/s]
100000it [00:14, 7086.12it/s]
Upload time: 14.510698601137847
Total import time: 44.7229558872059
Experiment stage: Search

0it [00:00, ?it/s]
4it [00:00,  5.27it/s]
13it [00:00, 18.38it/s]
26it [00:00, 38.67it/s]
57it [00:01, 94.21it/s]
128it [00:01, 232.13it/s]
211it [00:01, 376.75it/s]
306it [00:01, 524.26it/s]
394it [00:01, 618.69it/s]
481it [00:01, 687.02it/s]
569it [00:01, 741.05it/s]
650it [00:01, 758.95it/s]
742it [00:01, 804.43it/s]
832it [00:01, 830.91it/s]
918it [00:02, 815.97it/s]
1008it [00:02, 836.81it/s]
1093it [00:02, 835.88it/s]
1182it [00:02, 849.66it/s]
1272it [00:02, 861.27it/s]
1359it [00:02, 835.58it/s]
1444it [00:02, 835.08it/s]
1536it [00:02, 857.32it/s]
1625it [00:02, 862.80it/s]
1713it [00:03, 864.94it/s]
1804it [00:03, 877.25it/s]
1898it [00:03, 893.33it/s]
1999it [00:03, 926.26it/s]
2101it [00:03, 951.73it/s]
2197it [00:03, 948.06it/s]
2292it [00:03, 947.60it/s]
2387it [00:03, 913.89it/s]
2479it [00:03, 902.40it/s]
2570it [00:03, 899.10it/s]
2661it [00:04, 884.12it/s]
2754it [00:04, 895.47it/s]
2853it [00:04, 923.06it/s]
2954it [00:04, 946.53it/s]
3053it [00:04, 955.86it/s]
3149it [00:04, 948.36it/s]
3245it [00:04, 951.75it/s]
3345it [00:04, 964.62it/s]
3442it [00:04, 959.20it/s]
3538it [00:04, 957.44it/s]
3634it [00:05, 937.07it/s]
3728it [00:05, 918.32it/s]
3820it [00:05, 918.18it/s]
3912it [00:05, 868.41it/s]
4000it [00:05, 855.54it/s]
4089it [00:05, 864.33it/s]
4176it [00:05, 857.56it/s]
4262it [00:05, 823.68it/s]
4349it [00:05, 836.21it/s]
4446it [00:06, 873.77it/s]
4543it [00:06, 901.26it/s]
4639it [00:06, 917.83it/s]
4737it [00:06, 935.38it/s]
4839it [00:06, 958.70it/s]
4936it [00:06, 946.44it/s]
5031it [00:06, 909.37it/s]
5123it [00:06, 884.63it/s]
5212it [00:06, 860.76it/s]
5299it [00:06, 850.03it/s]
5385it [00:07, 850.99it/s]
5471it [00:07, 852.54it/s]
5557it [00:07, 817.32it/s]
5640it [00:07, 767.06it/s]
5725it [00:07, 788.31it/s]
5815it [00:07, 817.70it/s]
5905it [00:07, 838.98it/s]
6001it [00:07, 872.13it/s]
6089it [00:07, 742.97it/s]
6187it [00:08, 804.17it/s]
6278it [00:08, 831.56it/s]
6364it [00:08, 833.07it/s]
6457it [00:08, 857.07it/s]
6547it [00:08, 867.20it/s]
6635it [00:08, 870.45it/s]
6732it [00:08, 898.43it/s]
6825it [00:08, 907.63it/s]
6917it [00:08, 880.29it/s]
7009it [00:08, 890.91it/s]
7099it [00:09, 847.19it/s]
7186it [00:09, 852.90it/s]
7283it [00:09, 885.09it/s]
7373it [00:09, 888.11it/s]
7468it [00:09, 905.93it/s]
7563it [00:09, 917.80it/s]
7656it [00:09, 919.60it/s]
7752it [00:09, 928.34it/s]
7845it [00:09, 866.27it/s]
7933it [00:10, 834.47it/s]
8022it [00:10, 849.26it/s]
8108it [00:10, 820.78it/s]
8202it [00:10, 851.55it/s]
8289it [00:10, 856.05it/s]
8376it [00:10, 799.97it/s]
8462it [00:10, 816.30it/s]
8552it [00:10, 838.29it/s]
8637it [00:10, 822.73it/s]
8720it [00:11, 810.29it/s]
8805it [00:11, 817.82it/s]
8891it [00:11, 829.33it/s]
8975it [00:11, 823.22it/s]
9073it [00:11, 868.30it/s]
9172it [00:11, 902.73it/s]
9270it [00:11, 922.20it/s]
9370it [00:11, 943.08it/s]
9465it [00:11, 924.45it/s]
9558it [00:11, 900.27it/s]
9649it [00:12, 880.29it/s]
9738it [00:12, 879.40it/s]
9841it [00:12, 920.19it/s]
9946it [00:12, 956.37it/s]
10000it [00:12, 806.64it/s]
Experiment stage: Done
Results saved to:  /home/dzh/project/vdtuner/vector-db-benchmark-master/results
>>> [Step 5] 收尾工作...
    监控日志已保存。
📊 测试结果摘要:
0.383
801.1008598387353
0.003818986960686742
line1:  0.003818986960686742
line1:  801.1008598387353
line1:  0.383
numeric_values:  [0.003818986960686742, 801.1008598387353, 0.383]
[9] 730 0.383 0.003818986960686742 90
/bin/sh: 1: Syntax error: "(" unexpected
/data/dzh/venv/lib/python3.10/site-packages/botorch/acquisition/multi_objective/monte_carlo.py:110: NumericsWarning: qExpectedHypervolumeImprovement has known numerical issues that lead to suboptimal optimization performance. It is strongly recommended to simply replace

	 qExpectedHypervolumeImprovement 	 --> 	 qLogExpectedHypervolumeImprovement 

instead, which fixes the issues and has the same API. See https://arxiv.org/abs/2310.20708 for details.
  legacy_ei_numerics_warning(legacy_name=type(self).__name__)
--- DEBUG: Starting command:---
=======================================
🛠️  开始测试流程
Engine: milvus-p10 | Dataset: random-geo-radius-2048-angular-no-filters
=======================================
>>> [Step 1] 启动后台监控...
    监控进程 PID: 121439
>>> [Step 2] 重置 Milvus...
 Container milvus-standalone  Stopping
 Container milvus-standalone  Stopped
 Container milvus-standalone  Removing
 Container milvus-standalone  Removed
 Container milvus-etcd  Stopping
 Container milvus-minio  Stopping
 Container milvus-etcd  Stopped
 Container milvus-etcd  Removing
 Container milvus-etcd  Removed
 Container milvus-minio  Stopped
 Container milvus-minio  Removing
 Container milvus-minio  Removed
 Network milvus  Removing
 Network milvus  Removed
    🧹 清理宿主机数据目录: /home/dzh/project/vdtuner/vector-db-benchmark-master/engine/servers/milvus-single-node/volumes
 Network milvus  Creating
 Network milvus  Created
 Container milvus-etcd  Creating
 Container milvus-minio  Creating
 Container milvus-etcd  Created
 Container milvus-minio  Created
 Container milvus-standalone  Creating
 Container milvus-standalone  Created
 Container milvus-etcd  Starting
 Container milvus-minio  Starting
 Container milvus-etcd  Started
 Container milvus-minio  Started
 Container milvus-standalone  Starting
 Container milvus-standalone  Started
>>> [Step 3] 等待服务启动 (90s)...
    等待中... (10s/120s)
    ✅ Milvus 服务已就绪
>>> [Step 4] 运行 Benchmark...
Running experiment: milvus-p10 - random-geo-radius-2048-angular-no-filters
established connection
/home/dzh/project/vdtuner/vector-db-benchmark-master/datasets/random-geo-radius-2048-angular/random_geo_100k_no_filters already exists
Experiment stage: Configure
Experiment stage: Upload

0it [00:00, ?it/s]
1it [00:00,  1.66it/s]
64it [00:00, 85.11it/s]
408it [00:01, 622.80it/s]
704it [00:01, 1029.34it/s]
960it [00:01, 1283.17it/s]
1276it [00:01, 1694.14it/s]
1518it [00:01, 1805.11it/s]
1750it [00:01, 1827.33it/s]
1968it [00:01, 1910.06it/s]
2304it [00:01, 2154.58it/s]
2816it [00:01, 2889.39it/s]
3128it [00:02, 2948.10it/s]
3840it [00:02, 4060.33it/s]
4735it [00:02, 5436.85it/s]
5760it [00:02, 6755.82it/s]
6656it [00:02, 7348.03it/s]
7680it [00:02, 8113.18it/s]
8576it [00:02, 8281.29it/s]
9600it [00:02, 8795.00it/s]
10624it [00:02, 9097.09it/s]
11584it [00:02, 9161.25it/s]
12544it [00:03, 9286.76it/s]
13503it [00:03, 9375.93it/s]
14464it [00:03, 9342.70it/s]
15424it [00:03, 9324.33it/s]
16448it [00:03, 9548.80it/s]
17404it [00:03, 6274.16it/s]
18192it [00:03, 6622.28it/s]
19172it [00:03, 7373.70it/s]
20160it [00:04, 7955.71it/s]
21120it [00:04, 8295.01it/s]
22080it [00:04, 8540.42it/s]
23044it [00:04, 8844.55it/s]
24000it [00:04, 8978.70it/s]
25024it [00:04, 9272.36it/s]
25984it [00:04, 9275.13it/s]
26924it [00:04, 9276.81it/s]
27861it [00:04, 8990.41it/s]
28800it [00:04, 8999.83it/s]
29760it [00:05, 9067.45it/s]
30720it [00:05, 9138.34it/s]
31637it [00:05, 7360.23it/s]
32576it [00:05, 7766.56it/s]
33408it [00:05, 7840.43it/s]
34431it [00:05, 8485.05it/s]
35328it [00:05, 8538.03it/s]
36204it [00:05, 8560.06it/s]
37120it [00:05, 8725.65it/s]
38004it [00:06, 8695.77it/s]
38882it [00:06, 8565.14it/s]
39745it [00:06, 8271.41it/s]
40640it [00:06, 8424.11it/s]
41550it [00:06, 8618.83it/s]
42430it [00:06, 8671.61it/s]
43319it [00:06, 8735.67it/s]
44195it [00:06, 8723.86it/s]
45069it [00:06, 8368.36it/s]
46016it [00:07, 8637.65it/s]
46884it [00:07, 7829.86it/s]
47683it [00:07, 6347.60it/s]
48640it [00:07, 7086.62it/s]
49536it [00:07, 7497.63it/s]
50432it [00:07, 7798.11it/s]
51304it [00:07, 8048.45it/s]
52160it [00:07, 8162.32it/s]
53114it [00:07, 8554.44it/s]
54016it [00:08, 8632.18it/s]
54912it [00:08, 8702.52it/s]
55808it [00:08, 8703.32it/s]
56704it [00:08, 8757.89it/s]
57600it [00:08, 8779.42it/s]
58496it [00:08, 8831.29it/s]
59382it [00:08, 8672.55it/s]
60252it [00:08, 8619.38it/s]
61116it [00:08, 8484.85it/s]
62080it [00:08, 8720.70it/s]
62953it [00:09, 5952.70it/s]
63808it [00:09, 6482.82it/s]
64733it [00:09, 7144.56it/s]
65664it [00:09, 7621.25it/s]
66560it [00:09, 7865.91it/s]
67510it [00:09, 8309.75it/s]
68380it [00:09, 8372.58it/s]
69312it [00:09, 8504.00it/s]
70208it [00:10, 8592.22it/s]
71137it [00:10, 8793.48it/s]
72029it [00:10, 8829.56it/s]
72920it [00:10, 8692.21it/s]
73795it [00:10, 8466.82it/s]
74661it [00:10, 8522.03it/s]
75520it [00:10, 8490.42it/s]
76416it [00:10, 8605.24it/s]
77312it [00:10, 8589.68it/s]
78173it [00:11, 7042.89it/s]
79104it [00:11, 7557.05it/s]
80000it [00:11, 7864.62it/s]
80832it [00:11, 7861.25it/s]
81756it [00:11, 8244.04it/s]
82667it [00:11, 8489.01it/s]
83530it [00:11, 8529.04it/s]
84480it [00:11, 8704.71it/s]
85376it [00:11, 8736.01it/s]
86272it [00:11, 8772.65it/s]
87168it [00:12, 8688.63it/s]
88049it [00:12, 8723.52it/s]
88952it [00:12, 8813.51it/s]
89835it [00:12, 8691.97it/s]
90752it [00:12, 8800.25it/s]
91648it [00:12, 5346.59it/s]
92471it [00:12, 5932.24it/s]
93312it [00:13, 6430.49it/s]
94208it [00:13, 7003.60it/s]
95104it [00:13, 7394.63it/s]
95936it [00:13, 7622.53it/s]
96768it [00:13, 7745.46it/s]
97664it [00:13, 8019.06it/s]
98560it [00:13, 8229.01it/s]
99446it [00:13, 8400.52it/s]
100000it [00:13, 7235.62it/s]
Upload time: 14.406156042125076
Total import time: 20.954983037896454
Experiment stage: Search

0it [00:00, ?it/s]
4it [00:00,  4.98it/s]
10it [00:00, 12.76it/s]
31it [00:01, 46.58it/s]
59it [00:01, 92.06it/s]
89it [00:01, 136.56it/s]
113it [00:01, 160.71it/s]
179it [00:01, 285.73it/s]
223it [00:01, 298.87it/s]
259it [00:01, 220.79it/s]
325it [00:01, 310.19it/s]
383it [00:02, 370.43it/s]
437it [00:02, 410.01it/s]
495it [00:02, 451.92it/s]
546it [00:02, 434.87it/s]
620it [00:02, 512.17it/s]
702it [00:02, 594.47it/s]
765it [00:02, 558.41it/s]
824it [00:02, 535.93it/s]
898it [00:02, 588.68it/s]
961it [00:03, 598.88it/s]
1027it [00:03, 615.52it/s]
1090it [00:03, 583.22it/s]
1154it [00:03, 598.68it/s]
1229it [00:03, 640.48it/s]
1304it [00:03, 671.07it/s]
1386it [00:03, 713.93it/s]
1469it [00:03, 747.40it/s]
1545it [00:03, 713.56it/s]
1618it [00:03, 695.59it/s]
1689it [00:04, 697.59it/s]
1760it [00:04, 566.33it/s]
1821it [00:04, 487.65it/s]
1875it [00:04, 416.38it/s]
1952it [00:04, 492.63it/s]
2033it [00:04, 567.26it/s]
2116it [00:04, 632.51it/s]
2191it [00:05, 655.69it/s]
2280it [00:05, 719.33it/s]
2356it [00:05, 537.61it/s]
2419it [00:05, 424.69it/s]
2471it [00:05, 407.49it/s]
2519it [00:06, 246.84it/s]
2556it [00:06, 229.17it/s]
2618it [00:06, 288.47it/s]
2688it [00:06, 361.92it/s]
2763it [00:06, 441.03it/s]
2834it [00:06, 500.70it/s]
2899it [00:06, 536.70it/s]
2968it [00:06, 575.90it/s]
3033it [00:07, 449.40it/s]
3087it [00:07, 441.40it/s]
3163it [00:07, 514.10it/s]
3226it [00:07, 540.60it/s]
3289it [00:07, 563.03it/s]
3350it [00:07, 574.05it/s]
3421it [00:07, 610.68it/s]
3490it [00:07, 632.85it/s]
3555it [00:08, 368.84it/s]
3606it [00:08, 354.11it/s]
3652it [00:08, 284.53it/s]
3689it [00:08, 280.53it/s]
3723it [00:09, 269.91it/s]
3767it [00:09, 303.65it/s]
3802it [00:09, 245.03it/s]
3831it [00:09, 227.93it/s]
3884it [00:09, 289.17it/s]
3918it [00:09, 279.04it/s]
3950it [00:09, 273.36it/s]
3991it [00:09, 287.23it/s]
4029it [00:10, 302.54it/s]
4068it [00:10, 301.69it/s]
4100it [00:10, 226.56it/s]
4126it [00:10, 190.33it/s]
4148it [00:10, 191.30it/s]
4180it [00:10, 214.09it/s]
4211it [00:11, 229.18it/s]
4237it [00:11, 225.82it/s]
4264it [00:11, 222.95it/s]
4288it [00:11, 215.21it/s]
4315it [00:11, 214.07it/s]
4337it [00:11, 215.34it/s]
4365it [00:11, 215.07it/s]
4401it [00:11, 251.93it/s]
4427it [00:11, 249.89it/s]
4458it [00:12, 265.81it/s]
4486it [00:12, 251.36it/s]
4512it [00:12, 231.84it/s]
4536it [00:12, 190.24it/s]
4589it [00:12, 266.04it/s]
4634it [00:12, 310.07it/s]
4678it [00:12, 329.91it/s]
4713it [00:12, 319.36it/s]
4747it [00:13, 308.84it/s]
4779it [00:13, 298.45it/s]
4810it [00:13, 296.31it/s]
4841it [00:13, 199.17it/s]
4866it [00:13, 197.65it/s]
4897it [00:13, 212.09it/s]
4928it [00:13, 234.28it/s]
4954it [00:14, 238.05it/s]
4980it [00:14, 224.83it/s]
5031it [00:14, 296.91it/s]
5080it [00:14, 282.48it/s]
5144it [00:14, 366.15it/s]
5185it [00:14, 367.87it/s]
5225it [00:14, 362.96it/s]
5264it [00:14, 323.52it/s]
5312it [00:15, 361.86it/s]
5351it [00:15, 352.47it/s]
5388it [00:15, 298.77it/s]
5421it [00:15, 247.75it/s]
5474it [00:15, 293.37it/s]
5506it [00:15, 291.96it/s]
5541it [00:15, 292.95it/s]
5577it [00:15, 309.39it/s]
5610it [00:16, 289.83it/s]
5651it [00:16, 317.95it/s]
5684it [00:16, 264.79it/s]
5718it [00:16, 262.38it/s]
5746it [00:16, 254.35it/s]
5785it [00:16, 276.23it/s]
5816it [00:16, 276.71it/s]
5845it [00:16, 272.39it/s]
5875it [00:17, 262.75it/s]
5918it [00:17, 295.42it/s]
5948it [00:17, 293.61it/s]
5978it [00:17, 267.67it/s]
6021it [00:17, 309.89it/s]
6053it [00:17, 277.49it/s]
6086it [00:17, 287.07it/s]
6123it [00:17, 292.65it/s]
6153it [00:18, 241.00it/s]
6179it [00:18, 221.67it/s]
6207it [00:18, 235.17it/s]
6240it [00:18, 250.30it/s]
6267it [00:18, 252.94it/s]
6300it [00:18, 223.38it/s]
6342it [00:18, 248.15it/s]
6374it [00:19, 246.97it/s]
6400it [00:19, 198.53it/s]
6429it [00:19, 214.26it/s]
6456it [00:19, 226.87it/s]
6486it [00:19, 234.29it/s]
6511it [00:19, 216.28it/s]
6548it [00:19, 251.52it/s]
6586it [00:19, 263.71it/s]
6628it [00:20, 295.94it/s]
6659it [00:20, 266.46it/s]
6690it [00:20, 275.77it/s]
6719it [00:20, 256.46it/s]
6746it [00:20, 202.53it/s]
6769it [00:20, 159.60it/s]
6789it [00:21, 155.76it/s]
6818it [00:21, 183.09it/s]
6843it [00:21, 197.92it/s]
6894it [00:21, 271.45it/s]
6939it [00:21, 316.49it/s]
6974it [00:21, 299.01it/s]
7020it [00:21, 338.97it/s]
7056it [00:21, 259.85it/s]
7089it [00:21, 274.87it/s]
7120it [00:22, 221.59it/s]
7146it [00:22, 172.39it/s]
7168it [00:22, 158.79it/s]
7190it [00:22, 170.11it/s]
7250it [00:22, 261.23it/s]
7315it [00:22, 351.20it/s]
7381it [00:23, 427.84it/s]
7446it [00:23, 485.43it/s]
7502it [00:23, 504.63it/s]
7557it [00:23, 512.45it/s]
7613it [00:23, 525.80it/s]
7675it [00:23, 552.35it/s]
7740it [00:23, 580.67it/s]
7800it [00:23, 569.02it/s]
7858it [00:24, 325.92it/s]
7904it [00:24, 234.84it/s]
7955it [00:24, 275.17it/s]
7995it [00:24, 246.76it/s]
8029it [00:24, 231.25it/s]
8058it [00:25, 189.71it/s]
8082it [00:25, 186.69it/s]
8110it [00:25, 203.12it/s]
8134it [00:25, 208.27it/s]
8169it [00:25, 239.85it/s]
8196it [00:25, 233.30it/s]
8222it [00:25, 206.30it/s]
8250it [00:26, 211.80it/s]
8273it [00:26, 211.96it/s]
8311it [00:26, 236.52it/s]
8344it [00:26, 259.65it/s]
8378it [00:26, 280.55it/s]
8407it [00:26, 281.33it/s]
8444it [00:26, 294.87it/s]
8474it [00:26, 279.44it/s]
8503it [00:27, 246.11it/s]
8533it [00:27, 259.42it/s]
8560it [00:27, 238.18it/s]
8585it [00:27, 225.44it/s]
8609it [00:27, 220.10it/s]
8632it [00:27, 213.64it/s]
8654it [00:27, 194.90it/s]
8683it [00:27, 214.47it/s]
8719it [00:27, 252.37it/s]
8746it [00:28, 187.29it/s]
8772it [00:28, 202.98it/s]
8801it [00:28, 221.99it/s]
8837it [00:28, 247.84it/s]
8865it [00:28, 246.15it/s]
8909it [00:28, 292.62it/s]
8941it [00:28, 295.81it/s]
8972it [00:29, 248.89it/s]
9008it [00:29, 267.64it/s]
9039it [00:29, 277.89it/s]
9085it [00:29, 310.69it/s]
9117it [00:29, 292.11it/s]
9150it [00:29, 297.10it/s]
9184it [00:29, 306.48it/s]
9225it [00:29, 328.91it/s]
9264it [00:29, 341.44it/s]
9299it [00:30, 292.81it/s]
9330it [00:30, 257.83it/s]
9358it [00:30, 232.68it/s]
9389it [00:30, 229.72it/s]
9434it [00:30, 277.35it/s]
9464it [00:30, 273.55it/s]
9493it [00:30, 228.93it/s]
9518it [00:31, 223.10it/s]
9542it [00:31, 198.71it/s]
9567it [00:31, 209.39it/s]
9591it [00:31, 215.23it/s]
9614it [00:31, 159.66it/s]
9656it [00:31, 214.11it/s]
9686it [00:31, 233.45it/s]
9713it [00:31, 224.32it/s]
9748it [00:32, 254.94it/s]
9780it [00:32, 269.60it/s]
9815it [00:32, 290.34it/s]
9846it [00:32, 287.54it/s]
9876it [00:32, 275.75it/s]
9932it [00:32, 351.52it/s]
9969it [00:32, 310.37it/s]
10000it [00:32, 304.51it/s]
Experiment stage: Done
Results saved to:  /home/dzh/project/vdtuner/vector-db-benchmark-master/results
>>> [Step 5] 收尾工作...
    监控日志已保存。
📊 测试结果摘要:
0.39281000000000005
303.63041268742916
0.006824025395326316
line1:  0.006824025395326316
line1:  303.63041268742916
line1:  0.39281000000000005
numeric_values:  [0.006824025395326316, 303.63041268742916, 0.39281000000000005]
[10] 816 0.39281000000000005 0.006824025395326316 86
/bin/sh: 1: Syntax error: "(" unexpected
/data/dzh/venv/lib/python3.10/site-packages/botorch/acquisition/multi_objective/monte_carlo.py:110: NumericsWarning: qExpectedHypervolumeImprovement has known numerical issues that lead to suboptimal optimization performance. It is strongly recommended to simply replace

	 qExpectedHypervolumeImprovement 	 --> 	 qLogExpectedHypervolumeImprovement 

instead, which fixes the issues and has the same API. See https://arxiv.org/abs/2310.20708 for details.
  legacy_ei_numerics_warning(legacy_name=type(self).__name__)
--- DEBUG: Starting command:---
=======================================
🛠️  开始测试流程
Engine: milvus-p10 | Dataset: random-geo-radius-2048-angular-no-filters
=======================================
>>> [Step 1] 启动后台监控...
    监控进程 PID: 133816
>>> [Step 2] 重置 Milvus...
 Container milvus-standalone  Stopping
 Container milvus-standalone  Stopped
 Container milvus-standalone  Removing
 Container milvus-standalone  Removed
 Container milvus-etcd  Stopping
 Container milvus-minio  Stopping
 Container milvus-etcd  Stopped
 Container milvus-etcd  Removing
 Container milvus-etcd  Removed
 Container milvus-minio  Stopped
 Container milvus-minio  Removing
 Container milvus-minio  Removed
 Network milvus  Removing
 Network milvus  Removed
    🧹 清理宿主机数据目录: /home/dzh/project/vdtuner/vector-db-benchmark-master/engine/servers/milvus-single-node/volumes
 Network milvus  Creating
 Network milvus  Created
 Container milvus-minio  Creating
 Container milvus-etcd  Creating
 Container milvus-etcd  Created
 Container milvus-minio  Created
 Container milvus-standalone  Creating
 Container milvus-standalone  Created
 Container milvus-etcd  Starting
 Container milvus-minio  Starting
 Container milvus-minio  Started
 Container milvus-etcd  Started
 Container milvus-standalone  Starting
 Container milvus-standalone  Started
>>> [Step 3] 等待服务启动 (90s)...
    等待中... (10s/120s)
    ✅ Milvus 服务已就绪
>>> [Step 4] 运行 Benchmark...
Running experiment: milvus-p10 - random-geo-radius-2048-angular-no-filters
established connection
/home/dzh/project/vdtuner/vector-db-benchmark-master/datasets/random-geo-radius-2048-angular/random_geo_100k_no_filters already exists
Experiment stage: Configure
Experiment stage: Upload

0it [00:00, ?it/s]
1it [00:02,  2.06s/it]
832it [00:02, 533.18it/s]
1239it [00:02, 772.51it/s]
1600it [00:02, 1041.95it/s]
1918it [00:02, 1280.06it/s]
2220it [00:02, 1422.81it/s]
2624it [00:02, 1850.14it/s]
3072it [00:02, 2333.50it/s]
3686it [00:03, 3139.49it/s]
4402it [00:03, 4073.18it/s]
5355it [00:03, 5432.52it/s]
6348it [00:03, 6612.71it/s]
7424it [00:03, 7738.74it/s]
8448it [00:03, 8395.24it/s]
9472it [00:03, 8844.88it/s]
10496it [00:03, 9161.97it/s]
11456it [00:03, 9185.25it/s]
12396it [00:03, 9136.75it/s]
13325it [00:04, 9169.86it/s]
14272it [00:04, 9207.61it/s]
15232it [00:04, 9318.15it/s]
16170it [00:04, 9055.17it/s]
17152it [00:04, 9226.74it/s]
18079it [00:04, 5773.41it/s]
18880it [00:04, 6209.90it/s]
19743it [00:04, 6760.03it/s]
20572it [00:05, 7134.67it/s]
21371it [00:05, 7345.24it/s]
22169it [00:05, 7435.93it/s]
23030it [00:05, 7760.00it/s]
23841it [00:05, 7801.78it/s]
24704it [00:05, 7933.15it/s]
25600it [00:05, 8150.32it/s]
26458it [00:05, 8274.38it/s]
27295it [00:05, 8139.78it/s]
28116it [00:06, 8056.12it/s]
28928it [00:06, 8005.50it/s]
29760it [00:06, 8079.02it/s]
30592it [00:06, 8044.02it/s]
31399it [00:06, 7991.50it/s]
32256it [00:06, 8108.18it/s]
33068it [00:06, 6537.08it/s]
33920it [00:06, 7017.89it/s]
34858it [00:06, 7614.79it/s]
35776it [00:07, 8010.68it/s]
36736it [00:07, 8394.43it/s]
37725it [00:07, 8819.02it/s]
38625it [00:07, 8777.20it/s]
39516it [00:07, 8767.38it/s]
40485it [00:07, 9036.11it/s]
41396it [00:07, 8931.36it/s]
42295it [00:07, 8527.74it/s]
43155it [00:07, 8133.94it/s]
44133it [00:07, 8593.54it/s]
45001it [00:08, 8553.55it/s]
45888it [00:08, 8614.31it/s]
46848it [00:08, 8834.63it/s]
47735it [00:08, 8634.26it/s]
48602it [00:08, 6076.61it/s]
49344it [00:08, 6312.33it/s]
50176it [00:08, 6762.42it/s]
51072it [00:08, 7248.52it/s]
51904it [00:09, 7460.48it/s]
52713it [00:09, 7631.55it/s]
53574it [00:09, 7905.51it/s]
54401it [00:09, 8009.38it/s]
55360it [00:09, 8439.59it/s]
56217it [00:09, 8292.69it/s]
57088it [00:09, 8219.82it/s]
57917it [00:09, 8144.39it/s]
58736it [00:09, 7953.26it/s]
59535it [00:09, 7598.43it/s]
60300it [00:10, 7528.17it/s]
61120it [00:10, 7681.99it/s]
62080it [00:10, 8152.59it/s]
63040it [00:10, 6033.02it/s]
63744it [00:10, 6212.96it/s]
64640it [00:10, 6811.85it/s]
65536it [00:10, 7351.44it/s]
66496it [00:10, 7921.60it/s]
67456it [00:11, 8268.31it/s]
68314it [00:11, 8130.90it/s]
69149it [00:11, 8082.85it/s]
69973it [00:11, 7976.93it/s]
70781it [00:11, 7971.67it/s]
71586it [00:11, 7914.41it/s]
72384it [00:11, 7791.42it/s]
73189it [00:11, 7865.85it/s]
73983it [00:11, 7887.16it/s]
74816it [00:11, 7902.32it/s]
75608it [00:12, 7836.32it/s]
76416it [00:12, 7876.05it/s]
77248it [00:12, 7895.52it/s]
78039it [00:12, 5022.59it/s]
78912it [00:12, 5760.64it/s]
79808it [00:12, 6477.62it/s]
80705it [00:12, 7090.57it/s]
81536it [00:13, 7324.69it/s]
82368it [00:13, 7549.12it/s]
83264it [00:13, 7867.21it/s]
84141it [00:13, 8120.41it/s]
84992it [00:13, 8164.31it/s]
85827it [00:13, 8089.72it/s]
86720it [00:13, 8278.99it/s]
87558it [00:13, 8220.03it/s]
88448it [00:13, 8321.74it/s]
89344it [00:13, 8402.07it/s]
90240it [00:14, 8424.64it/s]
91136it [00:14, 8487.98it/s]
91987it [00:14, 7260.33it/s]
92744it [00:14, 7060.94it/s]
93632it [00:14, 7468.70it/s]
94592it [00:14, 7985.23it/s]
95424it [00:14, 8061.17it/s]
96371it [00:14, 8461.41it/s]
97229it [00:14, 8470.44it/s]
98158it [00:15, 8708.84it/s]
99035it [00:15, 8643.32it/s]
99904it [00:15, 8583.37it/s]
100000it [00:15, 6558.72it/s]
Upload time: 15.66140393866226
Total import time: 24.22576154069975
Experiment stage: Search

0it [00:00, ?it/s]
4it [00:00,  5.01it/s]
11it [00:00, 14.54it/s]
33it [00:01, 50.01it/s]
90it [00:01, 152.47it/s]
129it [00:01, 204.53it/s]
178it [00:01, 272.13it/s]
256it [00:01, 400.62it/s]
340it [00:01, 516.88it/s]
419it [00:01, 591.29it/s]
510it [00:01, 679.30it/s]
596it [00:01, 728.98it/s]
690it [00:01, 787.34it/s]
779it [00:02, 816.15it/s]
876it [00:02, 859.50it/s]
969it [00:02, 880.17it/s]
1066it [00:02, 904.46it/s]
1165it [00:02, 922.77it/s]
1258it [00:02, 724.44it/s]
1351it [00:02, 774.88it/s]
1448it [00:02, 824.96it/s]
1544it [00:02, 858.86it/s]
1637it [00:03, 877.63it/s]
1728it [00:03, 878.93it/s]
1822it [00:03, 887.91it/s]
1918it [00:03, 907.14it/s]
2010it [00:03, 900.41it/s]
2101it [00:03, 892.24it/s]
2191it [00:03, 882.11it/s]
2290it [00:03, 912.15it/s]
2382it [00:03, 912.76it/s]
2474it [00:03, 891.68it/s]
2567it [00:04, 901.37it/s]
2660it [00:04, 909.35it/s]
2754it [00:04, 917.12it/s]
2851it [00:04, 931.39it/s]
2952it [00:04, 953.67it/s]
3048it [00:04, 950.53it/s]
3144it [00:04, 942.17it/s]
3244it [00:04, 958.96it/s]
3340it [00:04, 917.76it/s]
3433it [00:04, 908.18it/s]
3525it [00:05, 857.27it/s]
3612it [00:05, 848.97it/s]
3698it [00:05, 754.95it/s]
3786it [00:05, 786.13it/s]
3867it [00:05, 789.37it/s]
3948it [00:05, 782.81it/s]
4028it [00:05, 779.58it/s]
4114it [00:05, 799.10it/s]
4195it [00:05, 787.63it/s]
4276it [00:06, 794.01it/s]
4361it [00:06, 810.28it/s]
4454it [00:06, 844.94it/s]
4554it [00:06, 889.65it/s]
4651it [00:06, 909.34it/s]
4755it [00:06, 945.34it/s]
4853it [00:06, 954.51it/s]
4953it [00:06, 967.21it/s]
5054it [00:06, 979.09it/s]
5152it [00:06, 965.59it/s]
5249it [00:07, 962.90it/s]
5346it [00:07, 957.11it/s]
5446it [00:07, 967.25it/s]
5543it [00:07, 946.51it/s]
5638it [00:07, 785.33it/s]
5735it [00:07, 831.76it/s]
5823it [00:08, 362.06it/s]
5889it [00:08, 393.43it/s]
5985it [00:08, 486.10it/s]
6086it [00:08, 585.03it/s]
6184it [00:08, 668.66it/s]
6274it [00:08, 721.45it/s]
6364it [00:08, 762.80it/s]
6452it [00:08, 781.69it/s]
6546it [00:09, 824.04it/s]
6642it [00:09, 860.38it/s]
6746it [00:09, 909.11it/s]
6843it [00:09, 923.86it/s]
6938it [00:09, 929.68it/s]
7038it [00:09, 946.80it/s]
7134it [00:09, 940.95it/s]
7229it [00:09, 922.17it/s]
7324it [00:09, 928.14it/s]
7418it [00:10, 887.50it/s]
7518it [00:10, 918.63it/s]
7622it [00:10, 951.17it/s]
7725it [00:10, 971.71it/s]
7824it [00:10, 977.07it/s]
7923it [00:10, 976.57it/s]
8024it [00:10, 984.66it/s]
8123it [00:10, 959.50it/s]
8220it [00:10, 918.53it/s]
8313it [00:10, 880.29it/s]
8402it [00:11, 865.66it/s]
8489it [00:11, 587.38it/s]
8560it [00:11, 502.33it/s]
8620it [00:11, 397.39it/s]
8725it [00:11, 513.69it/s]
8791it [00:12, 400.68it/s]
8859it [00:12, 449.39it/s]
8917it [00:12, 391.90it/s]
8966it [00:12, 361.09it/s]
9009it [00:12, 342.85it/s]
9048it [00:13, 267.01it/s]
9080it [00:13, 250.74it/s]
9109it [00:13, 220.26it/s]
9139it [00:13, 234.05it/s]
9165it [00:13, 227.08it/s]
9226it [00:13, 302.54it/s]
9309it [00:13, 426.39it/s]
9399it [00:13, 544.85it/s]
9472it [00:14, 589.37it/s]
9536it [00:14, 471.45it/s]
9591it [00:14, 345.11it/s]
9635it [00:14, 345.92it/s]
9677it [00:14, 308.73it/s]
9713it [00:15, 294.12it/s]
9749it [00:15, 306.10it/s]
9783it [00:15, 269.70it/s]
9813it [00:15, 272.73it/s]
9842it [00:15, 246.09it/s]
9874it [00:15, 241.61it/s]
9900it [00:15, 244.22it/s]
9929it [00:15, 247.81it/s]
9964it [00:16, 259.36it/s]
10000it [00:16, 621.42it/s]
Experiment stage: Done
Results saved to:  /home/dzh/project/vdtuner/vector-db-benchmark-master/results
>>> [Step 5] 收尾工作...
    监控日志已保存。
📊 测试结果摘要:
0.017640000000000003
617.5657699071476
0.003663774044252932
line1:  0.003663774044252932
line1:  617.5657699071476
line1:  0.017640000000000003
numeric_values:  [0.003663774044252932, 617.5657699071476, 0.017640000000000003]
[11] 890 0.017640000000000003 0.003663774044252932 73
/bin/sh: 1: Syntax error: "(" unexpected
/data/dzh/venv/lib/python3.10/site-packages/botorch/acquisition/multi_objective/monte_carlo.py:110: NumericsWarning: qExpectedHypervolumeImprovement has known numerical issues that lead to suboptimal optimization performance. It is strongly recommended to simply replace

	 qExpectedHypervolumeImprovement 	 --> 	 qLogExpectedHypervolumeImprovement 

instead, which fixes the issues and has the same API. See https://arxiv.org/abs/2310.20708 for details.
  legacy_ei_numerics_warning(legacy_name=type(self).__name__)
--- DEBUG: Starting command:---
=======================================
🛠️  开始测试流程
Engine: milvus-p10 | Dataset: random-geo-radius-2048-angular-no-filters
=======================================
>>> [Step 1] 启动后台监控...
    监控进程 PID: 145865
>>> [Step 2] 重置 Milvus...
 Container milvus-standalone  Stopping
 Container milvus-standalone  Stopped
 Container milvus-standalone  Removing
 Container milvus-standalone  Removed
 Container milvus-minio  Stopping
 Container milvus-etcd  Stopping
 Container milvus-etcd  Stopped
 Container milvus-etcd  Removing
 Container milvus-etcd  Removed
 Container milvus-minio  Stopped
 Container milvus-minio  Removing
 Container milvus-minio  Removed
 Network milvus  Removing
 Network milvus  Removed
    🧹 清理宿主机数据目录: /home/dzh/project/vdtuner/vector-db-benchmark-master/engine/servers/milvus-single-node/volumes
 Network milvus  Creating
 Network milvus  Created
 Container milvus-etcd  Creating
 Container milvus-minio  Creating
 Container milvus-etcd  Created
 Container milvus-minio  Created
 Container milvus-standalone  Creating
 Container milvus-standalone  Created
 Container milvus-minio  Starting
 Container milvus-etcd  Starting
 Container milvus-minio  Started
 Container milvus-etcd  Started
 Container milvus-standalone  Starting
 Container milvus-standalone  Started
>>> [Step 3] 等待服务启动 (90s)...
    等待中... (10s/120s)
    ✅ Milvus 服务已就绪
>>> [Step 4] 运行 Benchmark...
Running experiment: milvus-p10 - random-geo-radius-2048-angular-no-filters
established connection
/home/dzh/project/vdtuner/vector-db-benchmark-master/datasets/random-geo-radius-2048-angular/random_geo_100k_no_filters already exists
Experiment stage: Configure
Experiment stage: Upload

0it [00:00, ?it/s]
1it [00:01,  1.94s/it]
768it [00:02, 520.70it/s]
1157it [00:02, 790.44it/s]
1496it [00:02, 1018.78it/s]
1791it [00:02, 1251.91it/s]
2112it [00:02, 1445.04it/s]
2496it [00:02, 1787.41it/s]
3011it [00:02, 2424.60it/s]
3840it [00:02, 3660.15it/s]
4864it [00:03, 5173.48it/s]
5888it [00:03, 6388.61it/s]
6929it [00:03, 7437.48it/s]
7936it [00:03, 8066.35it/s]
8999it [00:03, 8777.20it/s]
9984it [00:03, 8992.86it/s]
11008it [00:03, 9248.08it/s]
12032it [00:03, 9446.26it/s]
13056it [00:03, 9573.54it/s]
14029it [00:03, 9424.45it/s]
15021it [00:04, 9567.13it/s]
16000it [00:04, 9612.99it/s]
16968it [00:04, 7018.73it/s]
17984it [00:04, 7660.49it/s]
19008it [00:04, 8224.13it/s]
19934it [00:04, 8493.34it/s]
20864it [00:04, 8707.20it/s]
21775it [00:04, 8659.62it/s]
22720it [00:04, 8862.32it/s]
23744it [00:05, 9168.44it/s]
24756it [00:05, 9441.64it/s]
25712it [00:05, 9440.33it/s]
26688it [00:05, 9507.60it/s]
27712it [00:05, 9654.73it/s]
28682it [00:05, 9635.69it/s]
29649it [00:05, 9545.19it/s]
30607it [00:05, 9554.14it/s]
31564it [00:05, 7873.58it/s]
32576it [00:06, 8314.31it/s]
33536it [00:06, 8552.97it/s]
34421it [00:06, 8360.22it/s]
35278it [00:06, 8144.31it/s]
36107it [00:06, 8112.44it/s]
36928it [00:06, 8121.49it/s]
37760it [00:06, 8173.71it/s]
38632it [00:06, 8331.35it/s]
39470it [00:06, 8208.38it/s]
40294it [00:07, 8182.75it/s]
41115it [00:07, 8173.03it/s]
41986it [00:07, 8330.31it/s]
42944it [00:07, 8607.33it/s]
43904it [00:07, 8817.91it/s]
44864it [00:07, 8982.68it/s]
45786it [00:07, 9052.06it/s]
46692it [00:07, 6350.22it/s]
47587it [00:07, 6944.93it/s]
48571it [00:08, 7657.85it/s]
49420it [00:08, 7683.56it/s]
50304it [00:08, 7985.34it/s]
51264it [00:08, 8369.36it/s]
52224it [00:08, 8607.51it/s]
53178it [00:08, 8871.52it/s]
54084it [00:08, 8795.56it/s]
55005it [00:08, 8915.15it/s]
55907it [00:08, 8739.75it/s]
56789it [00:09, 8429.80it/s]
57639it [00:09, 8442.66it/s]
58488it [00:09, 8452.29it/s]
59337it [00:09, 8248.34it/s]
60288it [00:09, 8524.59it/s]
61143it [00:09, 6222.72it/s]
62016it [00:09, 6734.12it/s]
62912it [00:09, 7230.18it/s]
63872it [00:09, 7790.65it/s]
64832it [00:10, 8170.79it/s]
65748it [00:10, 8442.78it/s]
66628it [00:10, 8543.15it/s]
67520it [00:10, 8553.66it/s]
68460it [00:10, 8797.55it/s]
69376it [00:10, 8824.42it/s]
70267it [00:10, 8847.13it/s]
71158it [00:10, 8862.48it/s]
72049it [00:10, 8767.01it/s]
72929it [00:11, 8574.25it/s]
73792it [00:11, 8559.79it/s]
74746it [00:11, 8846.83it/s]
75648it [00:11, 8797.31it/s]
76530it [00:11, 8165.30it/s]
77376it [00:11, 8223.16it/s]
78333it [00:11, 8607.17it/s]
79201it [00:11, 8603.29it/s]
80076it [00:11, 8645.04it/s]
80987it [00:11, 8781.48it/s]
81868it [00:12, 8786.42it/s]
82765it [00:12, 8840.49it/s]
83651it [00:12, 8683.41it/s]
84544it [00:12, 8683.11it/s]
85504it [00:12, 8898.78it/s]
86412it [00:12, 8952.05it/s]
87308it [00:12, 8940.75it/s]
88203it [00:12, 8786.94it/s]
89083it [00:12, 8760.90it/s]
89984it [00:12, 8717.54it/s]
90857it [00:13, 6128.93it/s]
91712it [00:13, 6664.39it/s]
92608it [00:13, 7172.56it/s]
93568it [00:13, 7690.59it/s]
94400it [00:13, 7849.88it/s]
95296it [00:13, 8081.64it/s]
96192it [00:13, 8275.54it/s]
97088it [00:13, 8400.53it/s]
97984it [00:14, 8473.02it/s]
98843it [00:14, 8448.88it/s]
99712it [00:14, 8390.96it/s]
100000it [00:14, 7007.89it/s]
Upload time: 14.659678869880736
Total import time: 44.698055535089225
Experiment stage: Search

0it [00:00, ?it/s]
4it [00:00,  5.19it/s]
14it [00:00, 18.88it/s]
33it [00:01, 48.66it/s]
70it [00:01, 112.52it/s]
135it [00:01, 229.79it/s]
224it [00:01, 384.81it/s]
325it [00:01, 542.90it/s]
423it [00:01, 657.68it/s]
503it [00:01, 696.42it/s]
582it [00:01, 717.15it/s]
661it [00:01, 727.98it/s]
749it [00:01, 770.62it/s]
839it [00:02, 807.96it/s]
923it [00:02, 811.69it/s]
1006it [00:02, 799.60it/s]
1088it [00:02, 803.13it/s]
1170it [00:02, 806.78it/s]
1252it [00:02, 784.75it/s]
1342it [00:02, 816.11it/s]
1432it [00:02, 838.73it/s]
1517it [00:02, 817.15it/s]
1600it [00:02, 766.60it/s]
1678it [00:03, 754.60it/s]
1754it [00:03, 755.96it/s]
1835it [00:03, 770.87it/s]
1915it [00:03, 768.54it/s]
1999it [00:03, 787.44it/s]
2097it [00:03, 841.09it/s]
2200it [00:03, 896.15it/s]
2292it [00:03, 902.87it/s]
2391it [00:03, 924.26it/s]
2484it [00:04, 906.87it/s]
2575it [00:04, 878.69it/s]
2664it [00:04, 852.95it/s]
2761it [00:04, 885.45it/s]
2857it [00:04, 904.05it/s]
2955it [00:04, 925.05it/s]
3052it [00:04, 936.55it/s]
3146it [00:04, 935.29it/s]
3240it [00:04, 934.55it/s]
3334it [00:04, 934.33it/s]
3428it [00:05, 868.60it/s]
3516it [00:05, 846.91it/s]
3603it [00:05, 852.64it/s]
3693it [00:05, 862.79it/s]
3780it [00:05, 861.13it/s]
3867it [00:05, 856.08it/s]
3953it [00:05, 815.44it/s]
4036it [00:05, 809.22it/s]
4118it [00:05, 802.59it/s]
4199it [00:06, 797.56it/s]
4286it [00:06, 817.72it/s]
4368it [00:06, 788.90it/s]
4448it [00:06, 769.86it/s]
4537it [00:06, 802.15it/s]
4620it [00:06, 808.76it/s]
4702it [00:06, 779.75it/s]
4781it [00:06, 765.53it/s]
4872it [00:06, 805.79it/s]
4969it [00:06, 853.22it/s]
5057it [00:07, 859.62it/s]
5158it [00:07, 902.31it/s]
5253it [00:07, 914.17it/s]
5345it [00:07, 906.40it/s]
5436it [00:07, 861.12it/s]
5526it [00:07, 870.69it/s]
5614it [00:07, 861.27it/s]
5701it [00:07, 826.03it/s]
5794it [00:07, 854.37it/s]
5890it [00:08, 883.18it/s]
5981it [00:08, 889.97it/s]
6071it [00:08, 876.35it/s]
6161it [00:08, 882.10it/s]
6255it [00:08, 895.72it/s]
6345it [00:08, 879.79it/s]
6434it [00:08, 869.75it/s]
6536it [00:08, 912.39it/s]
6636it [00:08, 934.98it/s]
6730it [00:08, 911.09it/s]
6822it [00:09, 883.99it/s]
6911it [00:09, 849.72it/s]
6997it [00:09, 764.71it/s]
7099it [00:09, 832.25it/s]
7203it [00:09, 889.00it/s]
7304it [00:09, 923.01it/s]
7398it [00:09, 875.19it/s]
7493it [00:09, 894.75it/s]
7584it [00:09, 845.21it/s]
7671it [00:10, 851.80it/s]
7765it [00:10, 874.70it/s]
7860it [00:10, 893.27it/s]
7953it [00:10, 897.78it/s]
8044it [00:10, 858.58it/s]
8131it [00:10, 853.11it/s]
8220it [00:10, 861.35it/s]
8307it [00:10, 809.31it/s]
8394it [00:10, 826.08it/s]
8478it [00:10, 820.55it/s]
8563it [00:11, 827.62it/s]
8653it [00:11, 847.29it/s]
8744it [00:11, 862.10it/s]
8832it [00:11, 866.09it/s]
8919it [00:11, 704.09it/s]
9008it [00:11, 749.89it/s]
9088it [00:11, 758.91it/s]
9167it [00:11, 636.89it/s]
9236it [00:12, 354.97it/s]
9289it [00:12, 372.59it/s]
9352it [00:12, 416.75it/s]
9406it [00:12, 403.69it/s]
9467it [00:12, 446.25it/s]
9551it [00:12, 536.61it/s]
9635it [00:13, 610.06it/s]
9711it [00:13, 648.93it/s]
9792it [00:13, 691.66it/s]
9872it [00:13, 715.39it/s]
9963it [00:13, 768.69it/s]
10000it [00:13, 740.32it/s]
Experiment stage: Done
Results saved to:  /home/dzh/project/vdtuner/vector-db-benchmark-master/results
>>> [Step 5] 收尾工作...
    监控日志已保存。
📊 测试结果摘要:
0.39502000000000004
734.8582019778594
0.00423490845132619
line1:  0.00423490845132619
line1:  734.8582019778594
line1:  0.39502000000000004
numeric_values:  [0.00423490845132619, 734.8582019778594, 0.39502000000000004]
[12] 981 0.39502000000000004 0.00423490845132619 90
/bin/sh: 1: Syntax error: "(" unexpected
/data/dzh/venv/lib/python3.10/site-packages/botorch/acquisition/multi_objective/monte_carlo.py:110: NumericsWarning: qExpectedHypervolumeImprovement has known numerical issues that lead to suboptimal optimization performance. It is strongly recommended to simply replace

	 qExpectedHypervolumeImprovement 	 --> 	 qLogExpectedHypervolumeImprovement 

instead, which fixes the issues and has the same API. See https://arxiv.org/abs/2310.20708 for details.
  legacy_ei_numerics_warning(legacy_name=type(self).__name__)
--- DEBUG: Starting command:---
=======================================
🛠️  开始测试流程
Engine: milvus-p10 | Dataset: random-geo-radius-2048-angular-no-filters
=======================================
>>> [Step 1] 启动后台监控...
    监控进程 PID: 158730
>>> [Step 2] 重置 Milvus...
 Container milvus-standalone  Stopping
 Container milvus-standalone  Stopped
 Container milvus-standalone  Removing
 Container milvus-standalone  Removed
 Container milvus-minio  Stopping
 Container milvus-etcd  Stopping
 Container milvus-etcd  Stopped
 Container milvus-etcd  Removing
 Container milvus-etcd  Removed
 Container milvus-minio  Stopped
 Container milvus-minio  Removing
 Container milvus-minio  Removed
 Network milvus  Removing
 Network milvus  Removed
    🧹 清理宿主机数据目录: /home/dzh/project/vdtuner/vector-db-benchmark-master/engine/servers/milvus-single-node/volumes
 Network milvus  Creating
 Network milvus  Created
 Container milvus-etcd  Creating
 Container milvus-minio  Creating
 Container milvus-etcd  Created
 Container milvus-minio  Created
 Container milvus-standalone  Creating
 Container milvus-standalone  Created
 Container milvus-etcd  Starting
 Container milvus-minio  Starting
 Container milvus-minio  Started
 Container milvus-etcd  Started
 Container milvus-standalone  Starting
 Container milvus-standalone  Started
>>> [Step 3] 等待服务启动 (90s)...
    等待中... (10s/120s)
    ✅ Milvus 服务已就绪
>>> [Step 4] 运行 Benchmark...
Running experiment: milvus-p10 - random-geo-radius-2048-angular-no-filters
established connection
/home/dzh/project/vdtuner/vector-db-benchmark-master/datasets/random-geo-radius-2048-angular/random_geo_100k_no_filters already exists
Experiment stage: Configure
Experiment stage: Upload

0it [00:00, ?it/s]
1it [00:00,  1.91it/s]
64it [00:00, 78.21it/s]
576it [00:01, 828.69it/s]
811it [00:01, 1023.31it/s]
1088it [00:01, 1349.51it/s]
1344it [00:01, 1577.99it/s]
1577it [00:01, 1682.24it/s]
1920it [00:01, 2071.58it/s]
2176it [00:01, 2194.30it/s]
2643it [00:01, 2850.23it/s]
3136it [00:01, 3373.76it/s]
3520it [00:02, 3480.17it/s]
4515it [00:02, 5297.31it/s]
5440it [00:02, 6422.20it/s]
6400it [00:02, 7316.77it/s]
7424it [00:02, 8091.58it/s]
8384it [00:02, 8456.92it/s]
9280it [00:02, 8500.68it/s]
10240it [00:02, 8772.43it/s]
11264it [00:02, 9058.87it/s]
12209it [00:02, 9173.02it/s]
13129it [00:03, 8966.28it/s]
14054it [00:03, 9048.77it/s]
15168it [00:03, 9518.83it/s]
16252it [00:03, 9904.76it/s]
17244it [00:03, 7237.06it/s]
18309it [00:03, 8039.37it/s]
19385it [00:03, 8722.90it/s]
20360it [00:03, 8994.17it/s]
21376it [00:04, 9243.81it/s]
22344it [00:04, 9315.59it/s]
23360it [00:04, 9406.87it/s]
24371it [00:04, 9607.68it/s]
25348it [00:04, 9444.19it/s]
26304it [00:04, 9399.71it/s]
27313it [00:04, 9599.23it/s]
28280it [00:04, 9612.69it/s]
29246it [00:04, 9584.53it/s]
30208it [00:04, 9528.46it/s]
31164it [00:05, 6089.85it/s]
32064it [00:05, 6666.38it/s]
33024it [00:05, 7294.51it/s]
33937it [00:05, 7747.86it/s]
34816it [00:05, 7956.58it/s]
35776it [00:05, 8300.90it/s]
36672it [00:05, 8480.55it/s]
37568it [00:05, 8590.03it/s]
38503it [00:06, 8807.49it/s]
39402it [00:06, 8820.58it/s]
40297it [00:06, 8778.99it/s]
41184it [00:06, 8738.63it/s]
42065it [00:06, 8473.45it/s]
42919it [00:06, 8201.05it/s]
43745it [00:06, 7913.14it/s]
44541it [00:06, 7827.57it/s]
45369it [00:06, 7955.49it/s]
46168it [00:07, 6780.39it/s]
46877it [00:07, 6263.86it/s]
47680it [00:07, 6655.99it/s]
48512it [00:07, 7059.45it/s]
49455it [00:07, 7685.41it/s]
50368it [00:07, 8008.41it/s]
51185it [00:07, 7963.31it/s]
51993it [00:07, 7962.82it/s]
52798it [00:07, 7833.51it/s]
53587it [00:08, 7746.43it/s]
54366it [00:08, 7649.25it/s]
55199it [00:08, 7845.83it/s]
56100it [00:08, 8185.59it/s]
56940it [00:08, 8248.10it/s]
57767it [00:08, 8183.18it/s]
58587it [00:08, 8028.15it/s]
59392it [00:08, 7721.95it/s]
60210it [00:08, 7852.90it/s]
60998it [00:08, 7850.64it/s]
61785it [00:09, 7362.03it/s]
62528it [00:09, 7230.67it/s]
63296it [00:09, 7240.57it/s]
64256it [00:09, 7858.55it/s]
65185it [00:09, 8269.09it/s]
66112it [00:09, 8476.63it/s]
67072it [00:09, 8716.01it/s]
67984it [00:09, 8833.64it/s]
68933it [00:09, 9026.64it/s]
69838it [00:09, 8924.50it/s]
70732it [00:10, 8766.78it/s]
71616it [00:10, 8759.49it/s]
72512it [00:10, 8786.55it/s]
73472it [00:10, 8920.05it/s]
74368it [00:10, 8926.00it/s]
75264it [00:10, 8892.77it/s]
76224it [00:10, 7738.13it/s]
77184it [00:10, 8123.04it/s]
78034it [00:10, 8224.78it/s]
78917it [00:11, 8393.66it/s]
79808it [00:11, 8516.96it/s]
80704it [00:11, 8565.61it/s]
81600it [00:11, 8591.01it/s]
82523it [00:11, 8776.77it/s]
83456it [00:11, 8843.60it/s]
84344it [00:11, 8810.81it/s]
85228it [00:11, 8675.37it/s]
86140it [00:11, 8804.70it/s]
87022it [00:12, 8503.64it/s]
87876it [00:12, 8402.83it/s]
88768it [00:12, 8510.02it/s]
89728it [00:12, 8731.60it/s]
90624it [00:12, 8780.40it/s]
91584it [00:12, 7934.63it/s]
92396it [00:12, 7669.13it/s]
93248it [00:12, 7789.92it/s]
94144it [00:12, 8058.45it/s]
95040it [00:12, 8274.60it/s]
96000it [00:13, 8589.06it/s]
96896it [00:13, 8666.68it/s]
97804it [00:13, 8786.34it/s]
98752it [00:13, 8932.53it/s]
99712it [00:13, 9066.80it/s]
100000it [00:13, 7390.34it/s]
Upload time: 13.93759592436254
Total import time: 20.882925210986286
Experiment stage: Search

0it [00:00, ?it/s]
4it [00:00,  5.06it/s]
12it [00:00, 16.26it/s]
22it [00:01, 30.91it/s]
81it [00:01, 142.55it/s]
139it [00:01, 235.43it/s]
182it [00:01, 281.15it/s]
256it [00:01, 396.43it/s]
340it [00:01, 514.02it/s]
411it [00:01, 567.36it/s]
475it [00:01, 470.96it/s]
538it [00:01, 502.50it/s]
595it [00:02, 387.52it/s]
642it [00:02, 328.45it/s]
683it [00:02, 344.29it/s]
723it [00:02, 275.44it/s]
756it [00:02, 235.62it/s]
784it [00:03, 227.58it/s]
810it [00:03, 209.34it/s]
837it [00:03, 204.80it/s]
859it [00:03, 206.13it/s]
891it [00:03, 230.95it/s]
916it [00:03, 203.02it/s]
938it [00:03, 173.08it/s]
970it [00:03, 204.64it/s]
1012it [00:04, 255.12it/s]
1041it [00:04, 244.18it/s]
1068it [00:04, 230.71it/s]
1108it [00:04, 272.02it/s]
1138it [00:04, 169.63it/s]
1180it [00:05, 177.98it/s]
1213it [00:05, 204.82it/s]
1239it [00:05, 211.85it/s]
1267it [00:05, 197.02it/s]
1295it [00:05, 214.67it/s]
1326it [00:05, 231.94it/s]
1354it [00:05, 242.61it/s]
1409it [00:05, 321.97it/s]
1444it [00:05, 300.41it/s]
1476it [00:06, 278.91it/s]
1522it [00:06, 324.82it/s]
1557it [00:06, 245.51it/s]
1605it [00:06, 296.62it/s]
1640it [00:06, 301.77it/s]
1674it [00:06, 296.92it/s]
1707it [00:06, 283.03it/s]
1737it [00:06, 282.97it/s]
1774it [00:07, 296.20it/s]
1805it [00:07, 296.00it/s]
1836it [00:07, 234.58it/s]
1864it [00:07, 244.99it/s]
1891it [00:07, 244.14it/s]
1918it [00:07, 249.70it/s]
1953it [00:07, 253.78it/s]
1980it [00:07, 257.77it/s]
2007it [00:08, 253.40it/s]
2036it [00:08, 263.11it/s]
2065it [00:08, 229.67it/s]
2089it [00:08, 227.44it/s]
2113it [00:08, 221.48it/s]
2148it [00:08, 244.23it/s]
2177it [00:08, 255.82it/s]
2257it [00:08, 404.71it/s]
2339it [00:08, 519.83it/s]
2420it [00:09, 601.49it/s]
2500it [00:09, 658.69it/s]
2580it [00:09, 699.24it/s]
2660it [00:09, 728.50it/s]
2741it [00:09, 750.07it/s]
2822it [00:09, 767.06it/s]
2900it [00:09, 603.75it/s]
2967it [00:10, 466.09it/s]
3022it [00:10, 379.09it/s]
3068it [00:10, 380.20it/s]
3115it [00:10, 382.83it/s]
3158it [00:10, 383.73it/s]
3212it [00:10, 420.59it/s]
3275it [00:10, 454.50it/s]
3323it [00:10, 407.47it/s]
3366it [00:11, 400.95it/s]
3408it [00:11, 365.36it/s]
3446it [00:11, 360.26it/s]
3521it [00:11, 458.87it/s]
3573it [00:11, 467.29it/s]
3622it [00:11, 417.75it/s]
3666it [00:11, 396.37it/s]
3734it [00:11, 467.64it/s]
3785it [00:12, 477.55it/s]
3835it [00:12, 458.93it/s]
3900it [00:12, 504.64it/s]
3952it [00:12, 486.72it/s]
4002it [00:12, 467.21it/s]
4050it [00:12, 335.56it/s]
4089it [00:12, 329.83it/s]
4142it [00:12, 354.64it/s]
4181it [00:13, 326.95it/s]
4223it [00:13, 346.85it/s]
4278it [00:13, 395.99it/s]
4328it [00:13, 410.84it/s]
4393it [00:13, 473.22it/s]
4443it [00:13, 461.16it/s]
4491it [00:13, 453.23it/s]
4551it [00:13, 440.21it/s]
4604it [00:13, 462.06it/s]
4652it [00:14, 420.39it/s]
4701it [00:14, 421.81it/s]
4745it [00:14, 391.61it/s]
4801it [00:14, 426.65it/s]
4845it [00:14, 343.00it/s]
4892it [00:14, 372.08it/s]
4934it [00:14, 382.47it/s]
4998it [00:14, 445.33it/s]
5052it [00:15, 469.92it/s]
5103it [00:15, 479.43it/s]
5153it [00:15, 452.61it/s]
5200it [00:15, 451.01it/s]
5246it [00:15, 445.46it/s]
5318it [00:15, 520.88it/s]
5392it [00:15, 580.77it/s]
5451it [00:15, 471.39it/s]
5502it [00:16, 460.15it/s]
5551it [00:16, 458.12it/s]
5599it [00:16, 431.98it/s]
5644it [00:16, 388.73it/s]
5685it [00:16, 382.97it/s]
5725it [00:16, 329.08it/s]
5768it [00:16, 352.91it/s]
5806it [00:16, 348.31it/s]
5843it [00:17, 295.44it/s]
5875it [00:17, 297.38it/s]
5918it [00:17, 329.98it/s]
5953it [00:17, 243.41it/s]
6012it [00:17, 317.16it/s]
6050it [00:17, 313.89it/s]
6086it [00:17, 294.34it/s]
6129it [00:18, 315.71it/s]
6194it [00:18, 397.74it/s]
6249it [00:18, 428.46it/s]
6295it [00:18, 377.80it/s]
6336it [00:18, 287.04it/s]
6378it [00:18, 313.64it/s]
6414it [00:18, 310.50it/s]
6472it [00:18, 374.01it/s]
6514it [00:19, 346.03it/s]
6552it [00:19, 325.04it/s]
6603it [00:19, 370.02it/s]
6646it [00:19, 380.36it/s]
6686it [00:19, 343.79it/s]
6738it [00:19, 387.40it/s]
6781it [00:19, 376.40it/s]
6821it [00:19, 346.01it/s]
6857it [00:20, 325.61it/s]
6891it [00:20, 297.54it/s]
6922it [00:20, 297.85it/s]
6964it [00:20, 308.68it/s]
6997it [00:20, 313.72it/s]
7044it [00:20, 355.06it/s]
7081it [00:20, 338.41it/s]
7116it [00:20, 314.38it/s]
7149it [00:21, 314.78it/s]
7193it [00:21, 348.47it/s]
7229it [00:21, 296.02it/s]
7261it [00:21, 285.81it/s]
7314it [00:21, 346.60it/s]
7351it [00:21, 289.02it/s]
7383it [00:21, 278.37it/s]
7413it [00:21, 268.49it/s]
7455it [00:22, 295.46it/s]
7486it [00:22, 284.31it/s]
7541it [00:22, 351.29it/s]
7578it [00:22, 267.21it/s]
7609it [00:22, 239.00it/s]
7639it [00:22, 220.78it/s]
7664it [00:22, 205.21it/s]
7712it [00:23, 264.02it/s]
7742it [00:23, 271.58it/s]
7779it [00:23, 295.70it/s]
7811it [00:23, 284.62it/s]
7872it [00:23, 368.62it/s]
7924it [00:23, 407.10it/s]
7975it [00:23, 434.51it/s]
8034it [00:23, 477.42it/s]
8096it [00:23, 516.49it/s]
8152it [00:24, 526.10it/s]
8208it [00:24, 535.43it/s]
8270it [00:24, 558.59it/s]
8327it [00:24, 534.69it/s]
8381it [00:24, 504.35it/s]
8444it [00:24, 528.73it/s]
8498it [00:24, 501.88it/s]
8556it [00:24, 522.32it/s]
8617it [00:24, 544.22it/s]
8672it [00:25, 390.83it/s]
8718it [00:25, 368.18it/s]
8760it [00:25, 366.82it/s]
8800it [00:25, 345.59it/s]
8837it [00:25, 299.85it/s]
8887it [00:25, 344.19it/s]
8936it [00:25, 375.51it/s]
8977it [00:26, 382.40it/s]
9018it [00:26, 378.12it/s]
9058it [00:26, 363.33it/s]
9096it [00:26, 290.64it/s]
9128it [00:26, 286.99it/s]
9164it [00:26, 267.69it/s]
9204it [00:26, 296.39it/s]
9236it [00:26, 290.89it/s]
9283it [00:27, 336.10it/s]
9319it [00:27, 316.20it/s]
9352it [00:27, 258.76it/s]
9388it [00:27, 275.46it/s]
9428it [00:27, 305.51it/s]
9463it [00:27, 283.89it/s]
9515it [00:27, 342.35it/s]
9555it [00:27, 352.43it/s]
9593it [00:28, 295.75it/s]
9626it [00:28, 301.53it/s]
9667it [00:28, 328.32it/s]
9702it [00:28, 291.94it/s]
9734it [00:28, 290.41it/s]
9765it [00:28, 285.88it/s]
9795it [00:28, 274.48it/s]
9826it [00:28, 260.36it/s]
9862it [00:29, 285.37it/s]
9899it [00:29, 307.20it/s]
9935it [00:29, 319.80it/s]
9968it [00:29, 298.63it/s]
9999it [00:29, 227.97it/s]
10000it [00:29, 338.03it/s]
Experiment stage: Done
Results saved to:  /home/dzh/project/vdtuner/vector-db-benchmark-master/results
>>> [Step 5] 收尾工作...
    监控日志已保存。
📊 测试结果摘要:
0.40643
336.8238587793275
0.007105784909799694
line1:  0.007105784909799694
line1:  336.8238587793275
line1:  0.40643
numeric_values:  [0.007105784909799694, 336.8238587793275, 0.40643]
[13] 1064 0.40643 0.007105784909799694 83
/bin/sh: 1: Syntax error: "(" unexpected
/data/dzh/venv/lib/python3.10/site-packages/botorch/acquisition/multi_objective/monte_carlo.py:110: NumericsWarning: qExpectedHypervolumeImprovement has known numerical issues that lead to suboptimal optimization performance. It is strongly recommended to simply replace

	 qExpectedHypervolumeImprovement 	 --> 	 qLogExpectedHypervolumeImprovement 

instead, which fixes the issues and has the same API. See https://arxiv.org/abs/2310.20708 for details.
  legacy_ei_numerics_warning(legacy_name=type(self).__name__)
--- DEBUG: Starting command:---
=======================================
🛠️  开始测试流程
Engine: milvus-p10 | Dataset: random-geo-radius-2048-angular-no-filters
=======================================
>>> [Step 1] 启动后台监控...
    监控进程 PID: 170890
>>> [Step 2] 重置 Milvus...
 Container milvus-standalone  Stopping
 Container milvus-standalone  Stopped
 Container milvus-standalone  Removing
 Container milvus-standalone  Removed
 Container milvus-etcd  Stopping
 Container milvus-minio  Stopping
 Container milvus-etcd  Stopped
 Container milvus-etcd  Removing
 Container milvus-etcd  Removed
 Container milvus-minio  Stopped
 Container milvus-minio  Removing
 Container milvus-minio  Removed
 Network milvus  Removing
 Network milvus  Removed
    🧹 清理宿主机数据目录: /home/dzh/project/vdtuner/vector-db-benchmark-master/engine/servers/milvus-single-node/volumes
 Network milvus  Creating
 Network milvus  Created
 Container milvus-etcd  Creating
 Container milvus-minio  Creating
 Container milvus-etcd  Created
 Container milvus-minio  Created
 Container milvus-standalone  Creating
 Container milvus-standalone  Created
 Container milvus-minio  Starting
 Container milvus-etcd  Starting
 Container milvus-etcd  Started
 Container milvus-minio  Started
 Container milvus-standalone  Starting
 Container milvus-standalone  Started
>>> [Step 3] 等待服务启动 (90s)...
    等待中... (10s/120s)
    ✅ Milvus 服务已就绪
>>> [Step 4] 运行 Benchmark...
Running experiment: milvus-p10 - random-geo-radius-2048-angular-no-filters
established connection
/home/dzh/project/vdtuner/vector-db-benchmark-master/datasets/random-geo-radius-2048-angular/random_geo_100k_no_filters already exists
Experiment stage: Configure
Experiment stage: Upload

0it [00:00, ?it/s]
1it [00:01,  1.88s/it]
768it [00:01, 540.92it/s]
1193it [00:02, 814.84it/s]
1527it [00:02, 1069.92it/s]
1844it [00:02, 1192.43it/s]
2240it [00:02, 1539.06it/s]
2522it [00:02, 1589.79it/s]
3200it [00:02, 2495.48it/s]
4160it [00:02, 3896.09it/s]
5025it [00:03, 4946.41it/s]
5936it [00:03, 5947.06it/s]
7040it [00:03, 7220.54it/s]
8064it [00:03, 7959.13it/s]
9088it [00:03, 8470.00it/s]
10048it [00:03, 8680.62it/s]
11008it [00:03, 8849.71it/s]
11968it [00:03, 8987.04it/s]
12932it [00:03, 9173.57it/s]
13888it [00:03, 9230.93it/s]
14824it [00:04, 8852.92it/s]
15744it [00:04, 8884.77it/s]
16783it [00:04, 9318.15it/s]
17723it [00:04, 6268.86it/s]
18624it [00:04, 6840.60it/s]
19424it [00:04, 6876.13it/s]
20352it [00:04, 7406.22it/s]
21248it [00:05, 7761.30it/s]
22215it [00:05, 8274.07it/s]
23231it [00:05, 8796.75it/s]
24145it [00:05, 8863.80it/s]
25148it [00:05, 9199.02it/s]
26103it [00:05, 9300.99it/s]
27072it [00:05, 9295.40it/s]
28011it [00:05, 9144.73it/s]
28933it [00:05, 9072.26it/s]
29888it [00:05, 9146.72it/s]
30909it [00:06, 9457.63it/s]
31872it [00:06, 9375.59it/s]
32812it [00:06, 5854.13it/s]
33711it [00:06, 6503.92it/s]
34624it [00:06, 7066.01it/s]
35532it [00:06, 7559.44it/s]
36480it [00:06, 8051.02it/s]
37376it [00:06, 8292.17it/s]
38307it [00:07, 8575.27it/s]
39232it [00:07, 8684.53it/s]
40129it [00:07, 8617.55it/s]
41011it [00:07, 8666.15it/s]
41892it [00:07, 8624.80it/s]
42816it [00:07, 8665.90it/s]
43776it [00:07, 8848.20it/s]
44735it [00:07, 9063.98it/s]
45646it [00:07, 9008.09it/s]
46592it [00:08, 7015.66it/s]
47365it [00:08, 6821.77it/s]
48320it [00:08, 7430.41it/s]
49258it [00:08, 7937.15it/s]
50091it [00:08, 7993.11it/s]
50919it [00:08, 7623.34it/s]
51703it [00:08, 7492.58it/s]
52480it [00:08, 7458.13it/s]
53312it [00:08, 7625.75it/s]
54085it [00:09, 7654.67it/s]
54912it [00:09, 7652.32it/s]
55682it [00:09, 7661.03it/s]
56451it [00:09, 7631.76it/s]
57217it [00:09, 7611.66it/s]
58048it [00:09, 7741.71it/s]
58880it [00:09, 7846.59it/s]
59776it [00:09, 8064.16it/s]
60736it [00:09, 8404.79it/s]
61632it [00:09, 8521.11it/s]
62485it [00:10, 7049.21it/s]
63301it [00:10, 7331.50it/s]
64128it [00:10, 7484.23it/s]
64953it [00:10, 7693.99it/s]
65792it [00:10, 7811.12it/s]
66752it [00:10, 8237.63it/s]
67648it [00:10, 8414.12it/s]
68608it [00:10, 8666.41it/s]
69504it [00:10, 8704.32it/s]
70384it [00:11, 8731.57it/s]
71296it [00:11, 8721.38it/s]
72256it [00:11, 8893.28it/s]
73216it [00:11, 8992.72it/s]
74117it [00:11, 8649.77it/s]
75072it [00:11, 8845.85it/s]
75968it [00:11, 8843.02it/s]
76855it [00:11, 5872.78it/s]
77632it [00:12, 6226.74it/s]
78528it [00:12, 6828.63it/s]
79488it [00:12, 7465.14it/s]
80378it [00:12, 7840.37it/s]
81219it [00:12, 7944.61it/s]
82176it [00:12, 8309.01it/s]
83072it [00:12, 8440.42it/s]
84032it [00:12, 8701.02it/s]
84991it [00:12, 8956.98it/s]
85899it [00:12, 8733.17it/s]
86793it [00:13, 8792.60it/s]
87680it [00:13, 8724.28it/s]
88576it [00:13, 8739.34it/s]
89472it [00:13, 8784.87it/s]
90368it [00:13, 8660.76it/s]
91258it [00:13, 8730.49it/s]
92160it [00:13, 8759.66it/s]
93038it [00:13, 7339.47it/s]
93888it [00:13, 7573.39it/s]
94784it [00:14, 7887.39it/s]
95744it [00:14, 8300.37it/s]
96704it [00:14, 8627.72it/s]
97600it [00:14, 8647.15it/s]
98560it [00:14, 8790.41it/s]
99456it [00:14, 8808.14it/s]
100000it [00:14, 6826.53it/s]
Upload time: 15.04678877396509
Total import time: 45.06490059569478
Experiment stage: Search

0it [00:00, ?it/s]
4it [00:00,  5.12it/s]
14it [00:00, 18.33it/s]
44it [00:01, 66.15it/s]
131it [00:01, 222.70it/s]
225it [00:01, 378.70it/s]
307it [00:01, 482.50it/s]
386it [00:01, 557.04it/s]
468it [00:01, 626.23it/s]
558it [00:01, 699.56it/s]
645it [00:01, 746.62it/s]
738it [00:01, 798.05it/s]
825it [00:01, 814.61it/s]
916it [00:02, 841.23it/s]
1013it [00:02, 879.04it/s]
1103it [00:02, 875.26it/s]
1192it [00:02, 872.29it/s]
1285it [00:02, 886.98it/s]
1377it [00:02, 894.98it/s]
1467it [00:02, 883.35it/s]
1562it [00:02, 902.80it/s]
1653it [00:02, 887.66it/s]
1743it [00:02, 868.63it/s]
1831it [00:03, 871.75it/s]
1923it [00:03, 885.24it/s]
2012it [00:03, 880.36it/s]
2108it [00:03, 900.56it/s]
2199it [00:03, 892.82it/s]
2289it [00:03, 888.66it/s]
2383it [00:03, 898.33it/s]
2477it [00:03, 908.12it/s]
2569it [00:03, 910.23it/s]
2662it [00:03, 915.22it/s]
2754it [00:04, 908.94it/s]
2845it [00:04, 908.41it/s]
2942it [00:04, 925.47it/s]
3035it [00:04, 923.56it/s]
3128it [00:04, 892.52it/s]
3220it [00:04, 899.31it/s]
3311it [00:04, 881.08it/s]
3400it [00:04, 868.31it/s]
3493it [00:04, 885.34it/s]
3582it [00:05, 877.77it/s]
3670it [00:05, 872.00it/s]
3758it [00:05, 874.13it/s]
3846it [00:05, 874.26it/s]
3941it [00:05, 892.17it/s]
4031it [00:05, 843.95it/s]
4116it [00:05, 842.24it/s]
4207it [00:05, 860.88it/s]
4295it [00:05, 866.30it/s]
4382it [00:05, 844.47it/s]
4467it [00:06, 837.37it/s]
4551it [00:06, 819.67it/s]
4634it [00:06, 813.97it/s]
4716it [00:06, 813.81it/s]
4805it [00:06, 833.18it/s]
4894it [00:06, 847.99it/s]
4983it [00:06, 857.32it/s]
5069it [00:06, 853.76it/s]
5155it [00:06, 840.24it/s]
5241it [00:06, 844.07it/s]
5326it [00:07, 826.22it/s]
5410it [00:07, 827.89it/s]
5500it [00:07, 848.77it/s]
5586it [00:07, 851.76it/s]
5675it [00:07, 862.11it/s]
5762it [00:07, 848.00it/s]
5848it [00:07, 851.20it/s]
5934it [00:07, 850.59it/s]
6024it [00:07, 859.56it/s]
6117it [00:08, 878.73it/s]
6205it [00:08, 871.03it/s]
6309it [00:08, 919.55it/s]
6409it [00:08, 941.05it/s]
6510it [00:08, 960.63it/s]
6610it [00:08, 971.95it/s]
6713it [00:08, 988.42it/s]
6815it [00:08, 987.00it/s]
6914it [00:08, 951.57it/s]
7010it [00:08, 934.88it/s]
7104it [00:09, 924.51it/s]
7198it [00:09, 928.12it/s]
7291it [00:09, 901.22it/s]
7382it [00:09, 869.38it/s]
7471it [00:09, 872.94it/s]
7560it [00:09, 875.41it/s]
7651it [00:09, 885.38it/s]
7742it [00:09, 891.28it/s]
7832it [00:09, 887.05it/s]
7921it [00:09, 883.24it/s]
8013it [00:10, 893.20it/s]
8103it [00:10, 882.48it/s]
8192it [00:10, 867.14it/s]
8281it [00:10, 872.50it/s]
8369it [00:10, 843.23it/s]
8454it [00:10, 844.17it/s]
8545it [00:10, 861.52it/s]
8632it [00:10, 858.00it/s]
8718it [00:10, 830.11it/s]
8802it [00:11, 826.28it/s]
8885it [00:11, 805.99it/s]
8967it [00:11, 809.74it/s]
9052it [00:11, 819.61it/s]
9154it [00:11, 878.02it/s]
9243it [00:11, 870.39it/s]
9345it [00:11, 913.90it/s]
9437it [00:11, 891.10it/s]
9527it [00:11, 841.69it/s]
9618it [00:11, 859.68it/s]
9711it [00:12, 879.64it/s]
9805it [00:12, 895.91it/s]
9895it [00:12, 890.43it/s]
9985it [00:12, 827.44it/s]
10000it [00:12, 805.73it/s]
Experiment stage: Done
Results saved to:  /home/dzh/project/vdtuner/vector-db-benchmark-master/results
>>> [Step 5] 收尾工作...
    监控日志已保存。
📊 测试结果摘要:
0.3863
795.1642748330586
0.003898767032660543
line1:  0.003898767032660543
line1:  795.1642748330586
line1:  0.3863
numeric_values:  [0.003898767032660543, 795.1642748330586, 0.3863]
[14] 1156 0.3863 0.003898767032660543 91
/bin/sh: 1: Syntax error: "(" unexpected
/data/dzh/venv/lib/python3.10/site-packages/botorch/acquisition/multi_objective/monte_carlo.py:110: NumericsWarning: qExpectedHypervolumeImprovement has known numerical issues that lead to suboptimal optimization performance. It is strongly recommended to simply replace

	 qExpectedHypervolumeImprovement 	 --> 	 qLogExpectedHypervolumeImprovement 

instead, which fixes the issues and has the same API. See https://arxiv.org/abs/2310.20708 for details.
  legacy_ei_numerics_warning(legacy_name=type(self).__name__)
--- DEBUG: Starting command:---
=======================================
🛠️  开始测试流程
Engine: milvus-p10 | Dataset: random-geo-radius-2048-angular-no-filters
=======================================
>>> [Step 1] 启动后台监控...
    监控进程 PID: 183334
>>> [Step 2] 重置 Milvus...
 Container milvus-standalone  Stopping
 Container milvus-standalone  Stopped
 Container milvus-standalone  Removing
 Container milvus-standalone  Removed
 Container milvus-etcd  Stopping
 Container milvus-minio  Stopping
 Container milvus-etcd  Stopped
 Container milvus-etcd  Removing
 Container milvus-etcd  Removed
 Container milvus-minio  Stopped
 Container milvus-minio  Removing
 Container milvus-minio  Removed
 Network milvus  Removing
 Network milvus  Removed
    🧹 清理宿主机数据目录: /home/dzh/project/vdtuner/vector-db-benchmark-master/engine/servers/milvus-single-node/volumes
 Network milvus  Creating
 Network milvus  Created
 Container milvus-minio  Creating
 Container milvus-etcd  Creating
 Container milvus-minio  Created
 Container milvus-etcd  Created
 Container milvus-standalone  Creating
 Container milvus-standalone  Created
 Container milvus-minio  Starting
 Container milvus-etcd  Starting
 Container milvus-minio  Started
 Container milvus-etcd  Started
 Container milvus-standalone  Starting
 Container milvus-standalone  Started
>>> [Step 3] 等待服务启动 (90s)...
    等待中... (10s/120s)
    ✅ Milvus 服务已就绪
>>> [Step 4] 运行 Benchmark...
Running experiment: milvus-p10 - random-geo-radius-2048-angular-no-filters
established connection
/home/dzh/project/vdtuner/vector-db-benchmark-master/datasets/random-geo-radius-2048-angular/random_geo_100k_no_filters already exists
Experiment stage: Configure
Experiment stage: Upload

0it [00:00, ?it/s]
1it [00:01,  1.97s/it]
768it [00:02, 512.39it/s]
1152it [00:02, 769.37it/s]
1479it [00:02, 975.11it/s]
1792it [00:02, 1212.01it/s]
2064it [00:02, 1412.55it/s]
2327it [00:02, 1453.76it/s]
2752it [00:02, 1939.35it/s]
3328it [00:03, 2706.20it/s]
4288it [00:03, 4232.18it/s]
5312it [00:03, 5662.54it/s]
6336it [00:03, 6782.31it/s]
7360it [00:03, 7668.36it/s]
8353it [00:03, 8281.63it/s]
9280it [00:03, 8516.71it/s]
10260it [00:03, 8882.78it/s]
11200it [00:03, 8946.19it/s]
12119it [00:03, 8865.34it/s]
13056it [00:04, 8984.88it/s]
14080it [00:04, 9335.78it/s]
15042it [00:04, 9418.87it/s]
16064it [00:04, 9538.89it/s]
17023it [00:04, 6249.59it/s]
17863it [00:04, 6713.63it/s]
18880it [00:04, 7470.87it/s]
19840it [00:04, 7935.89it/s]
20715it [00:05, 8077.06it/s]
21581it [00:05, 8102.64it/s]
22592it [00:05, 8566.61it/s]
23616it [00:05, 9001.73it/s]
24576it [00:05, 9157.51it/s]
25536it [00:05, 9253.71it/s]
26496it [00:05, 9327.31it/s]
27456it [00:05, 9338.08it/s]
28416it [00:05, 9336.93it/s]
29355it [00:05, 9336.14it/s]
30292it [00:06, 9323.66it/s]
31227it [00:06, 7732.14it/s]
32128it [00:06, 8050.10it/s]
33088it [00:06, 8419.18it/s]
34027it [00:06, 8677.78it/s]
34944it [00:06, 8739.91it/s]
35955it [00:06, 9131.76it/s]
36882it [00:06, 8950.44it/s]
37824it [00:06, 9073.00it/s]
38739it [00:07, 8963.21it/s]
39641it [00:07, 8928.37it/s]
40576it [00:07, 9043.40it/s]
41536it [00:07, 9096.85it/s]
42448it [00:07, 9056.96it/s]
43355it [00:07, 8804.33it/s]
44288it [00:07, 8922.14it/s]
45240it [00:07, 9096.46it/s]
46152it [00:07, 8261.28it/s]
47104it [00:07, 8483.59it/s]
48000it [00:08, 8603.29it/s]
48896it [00:08, 8700.16it/s]
49792it [00:08, 8756.05it/s]
50688it [00:08, 8731.54it/s]
51584it [00:08, 8702.94it/s]
52501it [00:08, 8839.30it/s]
53409it [00:08, 8909.38it/s]
54336it [00:08, 8972.22it/s]
55243it [00:08, 9000.63it/s]
56144it [00:09, 8743.54it/s]
57021it [00:09, 8615.02it/s]
57885it [00:09, 8321.77it/s]
58720it [00:09, 8040.94it/s]
59527it [00:09, 7730.88it/s]
60304it [00:09, 7400.55it/s]
61056it [00:09, 7303.16it/s]
61789it [00:09, 5078.57it/s]
62400it [00:10, 5285.19it/s]
63000it [00:10, 5416.27it/s]
63808it [00:10, 6026.09it/s]
64666it [00:10, 6695.20it/s]
65378it [00:10, 6676.11it/s]
66176it [00:10, 6961.39it/s]
66945it [00:10, 7162.83it/s]
67840it [00:10, 7559.81it/s]
68609it [00:10, 7544.51it/s]
69376it [00:10, 7492.99it/s]
70208it [00:11, 7630.39it/s]
70976it [00:11, 7557.45it/s]
71740it [00:11, 7580.59it/s]
72501it [00:11, 7488.59it/s]
73252it [00:11, 7488.11it/s]
74048it [00:11, 7489.13it/s]
74944it [00:11, 7898.93it/s]
75879it [00:11, 8325.52it/s]
76714it [00:11, 6871.41it/s]
77504it [00:12, 7113.02it/s]
78441it [00:12, 7719.42it/s]
79360it [00:12, 8076.69it/s]
80252it [00:12, 8314.35it/s]
81102it [00:12, 8363.08it/s]
82048it [00:12, 8570.00it/s]
82944it [00:12, 8611.18it/s]
83904it [00:12, 8760.61it/s]
84785it [00:12, 8740.97it/s]
85681it [00:12, 8804.47it/s]
86568it [00:13, 8823.24it/s]
87452it [00:13, 8819.80it/s]
88336it [00:13, 8619.76it/s]
89280it [00:13, 8734.23it/s]
90211it [00:13, 8902.07it/s]
91103it [00:13, 8856.60it/s]
91990it [00:13, 6378.17it/s]
92845it [00:13, 6883.35it/s]
93696it [00:14, 7260.54it/s]
94593it [00:14, 7707.69it/s]
95488it [00:14, 7990.98it/s]
96448it [00:14, 8220.51it/s]
97298it [00:14, 8055.58it/s]
98176it [00:14, 8220.46it/s]
99013it [00:14, 8233.97it/s]
99953it [00:14, 8569.16it/s]
100000it [00:14, 6772.02it/s]
Upload time: 15.155670387204736
Total import time: 22.109473315998912
Experiment stage: Search

0it [00:00, ?it/s]
4it [00:00,  4.97it/s]
8it [00:00, 10.15it/s]
24it [00:01, 36.48it/s]
47it [00:01, 75.30it/s]
74it [00:01, 118.36it/s]
113it [00:01, 183.76it/s]
190it [00:01, 333.83it/s]
233it [00:01, 310.99it/s]
273it [00:01, 315.69it/s]
310it [00:01, 254.23it/s]
341it [00:02, 265.09it/s]
407it [00:02, 358.05it/s]
492it [00:02, 482.02it/s]
584it [00:02, 597.25it/s]
667it [00:02, 661.00it/s]
749it [00:02, 705.51it/s]
838it [00:02, 756.23it/s]
931it [00:02, 803.47it/s]
1020it [00:02, 828.14it/s]
1105it [00:02, 781.71it/s]
1185it [00:03, 786.47it/s]
1265it [00:03, 781.98it/s]
1344it [00:03, 776.94it/s]
1423it [00:03, 718.02it/s]
1499it [00:03, 728.75it/s]
1573it [00:03, 664.25it/s]
1641it [00:03, 666.99it/s]
1713it [00:03, 681.00it/s]
1811it [00:03, 765.52it/s]
1891it [00:04, 773.68it/s]
1970it [00:04, 766.98it/s]
2048it [00:04, 758.96it/s]
2126it [00:04, 759.32it/s]
2203it [00:04, 645.39it/s]
2274it [00:04, 661.52it/s]
2343it [00:04, 627.38it/s]
2408it [00:04, 587.31it/s]
2469it [00:04, 580.41it/s]
2544it [00:05, 616.40it/s]
2627it [00:05, 674.01it/s]
2713it [00:05, 726.17it/s]
2792it [00:05, 742.77it/s]
2874it [00:05, 764.92it/s]
2956it [00:05, 780.19it/s]
3040it [00:05, 796.85it/s]
3128it [00:05, 809.20it/s]
3210it [00:05, 778.61it/s]
3289it [00:05, 758.68it/s]
3371it [00:06, 774.33it/s]
3453it [00:06, 786.59it/s]
3537it [00:06, 801.99it/s]
3620it [00:06, 807.51it/s]
3705it [00:06, 819.10it/s]
3788it [00:06, 819.90it/s]
3871it [00:06, 817.48it/s]
3953it [00:06, 812.26it/s]
4035it [00:06, 785.56it/s]
4114it [00:07, 712.78it/s]
4187it [00:07, 654.33it/s]
4261it [00:07, 675.62it/s]
4333it [00:07, 687.31it/s]
4403it [00:07, 689.95it/s]
4477it [00:07, 703.05it/s]
4553it [00:07, 718.01it/s]
4628it [00:07, 723.37it/s]
4702it [00:07, 725.82it/s]
4775it [00:08, 705.43it/s]
4854it [00:08, 728.41it/s]
4928it [00:08, 704.94it/s]
4999it [00:08, 702.20it/s]
5075it [00:08, 718.89it/s]
5148it [00:08, 712.91it/s]
5220it [00:08, 710.32it/s]
5292it [00:08, 709.39it/s]
5371it [00:08, 732.92it/s]
5446it [00:08, 735.81it/s]
5534it [00:09, 778.01it/s]
5615it [00:09, 786.07it/s]
5694it [00:09, 783.09it/s]
5773it [00:09, 770.60it/s]
5851it [00:09, 765.28it/s]
5928it [00:09, 757.14it/s]
6004it [00:09, 730.28it/s]
6087it [00:09, 755.45it/s]
6163it [00:09, 684.76it/s]
6237it [00:09, 697.96it/s]
6308it [00:10, 691.26it/s]
6378it [00:10, 677.36it/s]
6456it [00:10, 705.12it/s]
6528it [00:10, 699.54it/s]
6599it [00:10, 670.01it/s]
6684it [00:10, 720.38it/s]
6758it [00:10, 725.73it/s]
6832it [00:10, 704.69it/s]
6903it [00:10, 682.87it/s]
6972it [00:11, 682.25it/s]
7041it [00:11, 654.90it/s]
7107it [00:11, 534.95it/s]
7184it [00:11, 592.56it/s]
7247it [00:11, 460.36it/s]
7300it [00:11, 407.62it/s]
7346it [00:12, 334.90it/s]
7397it [00:12, 369.20it/s]
7440it [00:12, 344.57it/s]
7479it [00:12, 308.61it/s]
7513it [00:12, 269.81it/s]
7546it [00:12, 279.64it/s]
7576it [00:12, 275.62it/s]
7605it [00:12, 271.82it/s]
7634it [00:13, 246.20it/s]
7660it [00:13, 187.50it/s]
7682it [00:13, 147.61it/s]
7712it [00:13, 175.25it/s]
7734it [00:13, 164.05it/s]
7775it [00:14, 188.77it/s]
7796it [00:14, 184.15it/s]
7816it [00:14, 149.49it/s]
7850it [00:14, 187.50it/s]
7894it [00:14, 231.57it/s]
7930it [00:14, 260.17it/s]
7970it [00:14, 294.77it/s]
8003it [00:14, 295.89it/s]
8035it [00:15, 275.99it/s]
8065it [00:15, 237.38it/s]
8107it [00:15, 277.06it/s]
8137it [00:15, 253.92it/s]
8165it [00:15, 198.49it/s]
8204it [00:15, 232.11it/s]
8231it [00:15, 236.54it/s]
8273it [00:16, 237.38it/s]
8311it [00:16, 262.17it/s]
8346it [00:16, 254.63it/s]
8373it [00:16, 250.86it/s]
8399it [00:16, 239.54it/s]
8424it [00:16, 238.92it/s]
8458it [00:16, 264.78it/s]
8486it [00:17, 181.94it/s]
8508it [00:17, 155.39it/s]
8527it [00:17, 150.77it/s]
8556it [00:17, 178.78it/s]
8589it [00:17, 212.80it/s]
8625it [00:17, 248.48it/s]
8661it [00:17, 273.96it/s]
8705it [00:17, 317.92it/s]
8739it [00:18, 297.75it/s]
8771it [00:18, 286.61it/s]
8811it [00:18, 316.10it/s]
8853it [00:18, 335.10it/s]
8889it [00:18, 314.64it/s]
8922it [00:18, 252.16it/s]
8963it [00:18, 288.35it/s]
9032it [00:18, 387.64it/s]
9105it [00:19, 476.26it/s]
9181it [00:19, 553.00it/s]
9242it [00:19, 568.48it/s]
9304it [00:19, 582.38it/s]
9365it [00:19, 584.20it/s]
9431it [00:19, 605.14it/s]
9497it [00:19, 620.99it/s]
9560it [00:19, 616.58it/s]
9623it [00:19, 595.18it/s]
9684it [00:19, 590.96it/s]
9744it [00:20, 574.40it/s]
9813it [00:20, 595.09it/s]
9873it [00:20, 589.32it/s]
9937it [00:20, 600.58it/s]
9998it [00:20, 586.97it/s]
10000it [00:20, 487.50it/s]
Experiment stage: Done
Results saved to:  /home/dzh/project/vdtuner/vector-db-benchmark-master/results
>>> [Step 5] 收尾工作...
    监控日志已保存。
📊 测试结果摘要:
0.37779
485.1485319378085
0.005903898086398839
line1:  0.005903898086398839
line1:  485.1485319378085
line1:  0.37779
numeric_values:  [0.005903898086398839, 485.1485319378085, 0.37779]
[15] 1232 0.37779 0.005903898086398839 76
/bin/sh: 1: Syntax error: "(" unexpected
/data/dzh/venv/lib/python3.10/site-packages/botorch/acquisition/multi_objective/monte_carlo.py:110: NumericsWarning: qExpectedHypervolumeImprovement has known numerical issues that lead to suboptimal optimization performance. It is strongly recommended to simply replace

	 qExpectedHypervolumeImprovement 	 --> 	 qLogExpectedHypervolumeImprovement 

instead, which fixes the issues and has the same API. See https://arxiv.org/abs/2310.20708 for details.
  legacy_ei_numerics_warning(legacy_name=type(self).__name__)
--- DEBUG: Starting command:---
=======================================
🛠️  开始测试流程
Engine: milvus-p10 | Dataset: random-geo-radius-2048-angular-no-filters
=======================================
>>> [Step 1] 启动后台监控...
    监控进程 PID: 195671
>>> [Step 2] 重置 Milvus...
 Container milvus-standalone  Stopping
 Container milvus-standalone  Stopped
 Container milvus-standalone  Removing
 Container milvus-standalone  Removed
 Container milvus-minio  Stopping
 Container milvus-etcd  Stopping
 Container milvus-etcd  Stopped
 Container milvus-etcd  Removing
 Container milvus-etcd  Removed
 Container milvus-minio  Stopped
 Container milvus-minio  Removing
 Container milvus-minio  Removed
 Network milvus  Removing
 Network milvus  Removed
    🧹 清理宿主机数据目录: /home/dzh/project/vdtuner/vector-db-benchmark-master/engine/servers/milvus-single-node/volumes
 Network milvus  Creating
 Network milvus  Created
 Container milvus-minio  Creating
 Container milvus-etcd  Creating
 Container milvus-etcd  Created
 Container milvus-minio  Created
 Container milvus-standalone  Creating
 Container milvus-standalone  Created
 Container milvus-etcd  Starting
 Container milvus-minio  Starting
 Container milvus-minio  Started
 Container milvus-etcd  Started
 Container milvus-standalone  Starting
 Container milvus-standalone  Started
>>> [Step 3] 等待服务启动 (90s)...
    等待中... (10s/120s)
    ✅ Milvus 服务已就绪
>>> [Step 4] 运行 Benchmark...
Running experiment: milvus-p10 - random-geo-radius-2048-angular-no-filters
established connection
/home/dzh/project/vdtuner/vector-db-benchmark-master/datasets/random-geo-radius-2048-angular/random_geo_100k_no_filters already exists
Experiment stage: Configure
Experiment stage: Upload

0it [00:00, ?it/s]
1it [00:00,  1.63it/s]
64it [00:00, 78.76it/s]
768it [00:01, 1090.39it/s]
1041it [00:01, 1359.63it/s]
1308it [00:01, 1612.54it/s]
1574it [00:01, 1574.51it/s]
2112it [00:01, 2352.77it/s]
2433it [00:01, 2467.25it/s]
3006it [00:01, 3252.84it/s]
3397it [00:01, 3042.75it/s]
4133it [00:02, 4101.99it/s]
4928it [00:02, 5091.00it/s]
5952it [00:02, 6477.15it/s]
6976it [00:02, 7501.73it/s]
8000it [00:02, 8225.36it/s]
9024it [00:02, 8750.65it/s]
10029it [00:02, 9126.83it/s]
11000it [00:02, 9296.85it/s]
11968it [00:02, 9307.44it/s]
12928it [00:02, 9353.69it/s]
13888it [00:03, 9399.45it/s]
14845it [00:03, 9449.62it/s]
15808it [00:03, 9393.66it/s]
16751it [00:03, 5887.94it/s]
17728it [00:03, 6634.56it/s]
18688it [00:03, 7273.51it/s]
19535it [00:03, 7490.74it/s]
20480it [00:03, 7979.18it/s]
21424it [00:04, 8370.52it/s]
22314it [00:04, 8351.66it/s]
23232it [00:04, 8518.05it/s]
24267it [00:04, 9037.78it/s]
25193it [00:04, 9092.27it/s]
26176it [00:04, 9286.45it/s]
27152it [00:04, 9425.29it/s]
28103it [00:04, 9387.91it/s]
29056it [00:04, 9385.30it/s]
30016it [00:05, 9385.33it/s]
30958it [00:05, 9306.69it/s]
31901it [00:05, 9342.76it/s]
32837it [00:05, 6785.97it/s]
33616it [00:05, 6854.84it/s]
34560it [00:05, 7428.04it/s]
35528it [00:05, 8011.33it/s]
36416it [00:05, 8210.15it/s]
37376it [00:05, 8522.50it/s]
38310it [00:06, 8753.13it/s]
39232it [00:06, 8834.08it/s]
40174it [00:06, 9003.59it/s]
41088it [00:06, 8965.72it/s]
41993it [00:06, 8959.56it/s]
42944it [00:06, 8988.24it/s]
43847it [00:06, 8944.95it/s]
44745it [00:06, 8929.65it/s]
45640it [00:06, 8920.97it/s]
46534it [00:07, 5080.13it/s]
47488it [00:07, 5903.36it/s]
48390it [00:07, 6575.81it/s]
49344it [00:07, 7191.86it/s]
50304it [00:07, 7740.45it/s]
51264it [00:07, 8109.84it/s]
52153it [00:07, 8319.22it/s]
53056it [00:07, 8469.80it/s]
53952it [00:08, 8530.82it/s]
54960it [00:08, 8973.70it/s]
55878it [00:08, 8857.36it/s]
56778it [00:08, 8767.64it/s]
57665it [00:08, 8718.66it/s]
58544it [00:08, 8486.92it/s]
59399it [00:08, 8320.53it/s]
60236it [00:08, 8294.73it/s]
61069it [00:08, 7911.23it/s]
61865it [00:09, 5201.15it/s]
62555it [00:09, 5556.82it/s]
63488it [00:09, 6406.60it/s]
64448it [00:09, 7162.31it/s]
65344it [00:09, 7614.18it/s]
66269it [00:09, 8056.18it/s]
67136it [00:09, 8129.54it/s]
68032it [00:09, 8203.20it/s]
68877it [00:10, 7995.29it/s]
69760it [00:10, 8155.39it/s]
70703it [00:10, 8518.07it/s]
71611it [00:10, 8679.73it/s]
72488it [00:10, 8588.62it/s]
73409it [00:10, 8768.71it/s]
74368it [00:10, 8996.96it/s]
75276it [00:10, 9020.84it/s]
76181it [00:10, 6706.78it/s]
77100it [00:11, 7301.20it/s]
77952it [00:11, 7574.23it/s]
78912it [00:11, 8073.50it/s]
79808it [00:11, 8254.79it/s]
80740it [00:11, 8552.54it/s]
81664it [00:11, 8607.51it/s]
82605it [00:11, 8836.94it/s]
83503it [00:11, 8720.45it/s]
84437it [00:11, 8899.61it/s]
85335it [00:11, 8879.25it/s]
86272it [00:12, 8915.71it/s]
87168it [00:12, 8500.29it/s]
88064it [00:12, 8569.85it/s]
88960it [00:12, 8668.67it/s]
89856it [00:12, 6082.24it/s]
90573it [00:12, 5886.07it/s]
91239it [00:12, 6063.32it/s]
92024it [00:12, 6504.08it/s]
92838it [00:13, 6930.13it/s]
93573it [00:13, 7014.73it/s]
94305it [00:13, 7041.67it/s]
95031it [00:13, 7052.41it/s]
95808it [00:13, 7191.97it/s]
96704it [00:13, 7648.84it/s]
97478it [00:13, 7553.32it/s]
98368it [00:13, 7855.82it/s]
99392it [00:13, 8459.55it/s]
100000it [00:13, 7159.83it/s]
Upload time: 14.401174585800618
Total import time: 45.41015807073563
Experiment stage: Search

0it [00:00, ?it/s]
4it [00:00,  5.42it/s]
14it [00:00, 20.36it/s]
29it [00:00, 44.18it/s]
82it [00:01, 145.21it/s]
165it [00:01, 301.70it/s]
232it [00:01, 391.89it/s]
312it [00:01, 497.28it/s]
407it [00:01, 619.01it/s]
506it [00:01, 722.26it/s]
587it [00:01, 691.13it/s]
668it [00:01, 723.05it/s]
752it [00:01, 755.36it/s]
838it [00:01, 785.08it/s]
937it [00:02, 843.55it/s]
1038it [00:02, 890.78it/s]
1131it [00:02, 900.56it/s]
1223it [00:02, 858.76it/s]
1311it [00:02, 837.48it/s]
1396it [00:02, 834.50it/s]
1493it [00:02, 872.96it/s]
1586it [00:02, 886.19it/s]
1676it [00:02, 879.71it/s]
1765it [00:03, 867.25it/s]
1852it [00:03, 841.69it/s]
1937it [00:03, 817.34it/s]
2019it [00:03, 804.71it/s]
2100it [00:03, 787.75it/s]
2190it [00:03, 818.73it/s]
2284it [00:03, 851.89it/s]
2374it [00:03, 863.63it/s]
2466it [00:03, 876.35it/s]
2554it [00:03, 872.36it/s]
2642it [00:04, 874.57it/s]
2730it [00:04, 870.56it/s]
2818it [00:04, 864.87it/s]
2905it [00:04, 828.40it/s]
2989it [00:04, 813.51it/s]
3080it [00:04, 839.60it/s]
3165it [00:04, 840.60it/s]
3257it [00:04, 858.77it/s]
3344it [00:04, 837.58it/s]
3428it [00:05, 829.94it/s]
3521it [00:05, 858.05it/s]
3607it [00:05, 838.46it/s]
3692it [00:05, 840.03it/s]
3777it [00:05, 829.94it/s]
3861it [00:05, 822.20it/s]
3944it [00:05, 813.40it/s]
4032it [00:05, 830.85it/s]
4118it [00:05, 838.60it/s]
4203it [00:05, 841.59it/s]
4288it [00:06, 841.27it/s]
4377it [00:06, 855.12it/s]
4464it [00:06, 820.64it/s]
4550it [00:06, 829.46it/s]
4641it [00:06, 852.15it/s]
4732it [00:06, 866.59it/s]
4825it [00:06, 884.40it/s]
4920it [00:06, 902.51it/s]
5011it [00:06, 903.12it/s]
5102it [00:06, 862.49it/s]
5198it [00:07, 890.41it/s]
5288it [00:07, 882.55it/s]
5377it [00:07, 869.40it/s]
5465it [00:07, 797.56it/s]
5562it [00:07, 844.55it/s]
5658it [00:07, 876.53it/s]
5752it [00:07, 893.03it/s]
5847it [00:07, 908.30it/s]
5943it [00:07, 920.66it/s]
6041it [00:08, 935.12it/s]
6135it [00:08, 904.92it/s]
6228it [00:08, 910.78it/s]
6326it [00:08, 930.23it/s]
6426it [00:08, 949.93it/s]
6531it [00:08, 977.50it/s]
6629it [00:08, 958.19it/s]
6726it [00:08, 925.40it/s]
6819it [00:08, 888.27it/s]
6909it [00:08, 882.72it/s]
6998it [00:09, 873.14it/s]
7086it [00:09, 868.16it/s]
7173it [00:09, 821.29it/s]
7262it [00:09, 839.34it/s]
7368it [00:09, 899.61it/s]
7473it [00:09, 940.79it/s]
7578it [00:09, 972.19it/s]
7682it [00:09, 991.90it/s]
7782it [00:09, 958.30it/s]
7879it [00:10, 910.66it/s]
7971it [00:10, 893.48it/s]
8065it [00:10, 905.34it/s]
8164it [00:10, 928.66it/s]
8258it [00:10, 902.45it/s]
8349it [00:10, 867.03it/s]
8442it [00:10, 884.51it/s]
8532it [00:10, 886.98it/s]
8624it [00:10, 895.80it/s]
8714it [00:10, 850.61it/s]
8801it [00:11, 855.43it/s]
8897it [00:11, 885.11it/s]
8989it [00:11, 894.54it/s]
9079it [00:11, 888.71it/s]
9169it [00:11, 840.81it/s]
9254it [00:11, 801.49it/s]
9350it [00:11, 844.24it/s]
9436it [00:11, 836.80it/s]
9522it [00:11, 842.58it/s]
9619it [00:12, 879.47it/s]
9708it [00:12, 867.39it/s]
9796it [00:12, 850.48it/s]
9882it [00:12, 829.38it/s]
9971it [00:12, 845.34it/s]
10000it [00:12, 799.74it/s]
Experiment stage: Done
Results saved to:  /home/dzh/project/vdtuner/vector-db-benchmark-master/results
>>> [Step 5] 收尾工作...
    监控日志已保存。
📊 测试结果摘要:
0.39879000000000003
793.940818647815
0.004102396895177661
line1:  0.004102396895177661
line1:  793.940818647815
line1:  0.39879000000000003
numeric_values:  [0.004102396895177661, 793.940818647815, 0.39879000000000003]
[16] 1323 0.39879000000000003 0.004102396895177661 90
/bin/sh: 1: Syntax error: "(" unexpected
/data/dzh/venv/lib/python3.10/site-packages/botorch/acquisition/multi_objective/monte_carlo.py:110: NumericsWarning: qExpectedHypervolumeImprovement has known numerical issues that lead to suboptimal optimization performance. It is strongly recommended to simply replace

	 qExpectedHypervolumeImprovement 	 --> 	 qLogExpectedHypervolumeImprovement 

instead, which fixes the issues and has the same API. See https://arxiv.org/abs/2310.20708 for details.
  legacy_ei_numerics_warning(legacy_name=type(self).__name__)
--- DEBUG: Starting command:---
=======================================
🛠️  开始测试流程
Engine: milvus-p10 | Dataset: random-geo-radius-2048-angular-no-filters
=======================================
>>> [Step 1] 启动后台监控...
    监控进程 PID: 208128
>>> [Step 2] 重置 Milvus...
 Container milvus-standalone  Stopping
 Container milvus-standalone  Stopped
 Container milvus-standalone  Removing
 Container milvus-standalone  Removed
 Container milvus-etcd  Stopping
 Container milvus-minio  Stopping
 Container milvus-etcd  Stopped
 Container milvus-etcd  Removing
 Container milvus-etcd  Removed
 Container milvus-minio  Stopped
 Container milvus-minio  Removing
 Container milvus-minio  Removed
 Network milvus  Removing
 Network milvus  Removed
    🧹 清理宿主机数据目录: /home/dzh/project/vdtuner/vector-db-benchmark-master/engine/servers/milvus-single-node/volumes
 Network milvus  Creating
 Network milvus  Created
 Container milvus-minio  Creating
 Container milvus-etcd  Creating
 Container milvus-etcd  Created
 Container milvus-minio  Created
 Container milvus-standalone  Creating
 Container milvus-standalone  Created
 Container milvus-etcd  Starting
 Container milvus-minio  Starting
 Container milvus-etcd  Started
 Container milvus-minio  Started
 Container milvus-standalone  Starting
 Container milvus-standalone  Started
>>> [Step 3] 等待服务启动 (90s)...
    等待中... (10s/120s)
    ✅ Milvus 服务已就绪
>>> [Step 4] 运行 Benchmark...
Running experiment: milvus-p10 - random-geo-radius-2048-angular-no-filters
established connection
/home/dzh/project/vdtuner/vector-db-benchmark-master/datasets/random-geo-radius-2048-angular/random_geo_100k_no_filters already exists
Experiment stage: Configure
Experiment stage: Upload

0it [00:00, ?it/s]
1it [00:01,  1.99s/it]
832it [00:02, 550.54it/s]
1256it [00:02, 747.70it/s]
1726it [00:02, 1126.96it/s]
2092it [00:02, 1347.04it/s]
2496it [00:02, 1675.23it/s]
2822it [00:02, 1891.67it/s]
3392it [00:02, 2573.26it/s]
4288it [00:03, 3884.62it/s]
5312it [00:03, 5277.01it/s]
6208it [00:03, 6168.57it/s]
7111it [00:03, 6906.09it/s]
8121it [00:03, 7766.01it/s]
9088it [00:03, 8232.87it/s]
10048it [00:03, 8588.09it/s]
11008it [00:03, 8877.67it/s]
11928it [00:03, 8722.08it/s]
12928it [00:04, 9014.16it/s]
13903it [00:04, 9226.58it/s]
14848it [00:04, 9232.20it/s]
15808it [00:04, 9328.13it/s]
16748it [00:04, 5907.96it/s]
17728it [00:04, 6664.03it/s]
18688it [00:04, 7274.50it/s]
19648it [00:04, 7834.90it/s]
20608it [00:05, 8275.27it/s]
21568it [00:05, 8491.36it/s]
22528it [00:05, 8760.03it/s]
23488it [00:05, 8957.82it/s]
24448it [00:05, 9123.70it/s]
25408it [00:05, 9189.38it/s]
26368it [00:05, 9269.08it/s]
27328it [00:05, 9330.90it/s]
28288it [00:05, 9317.13it/s]
29248it [00:05, 9325.92it/s]
30256it [00:06, 9547.39it/s]
31214it [00:06, 7540.21it/s]
32192it [00:06, 8021.71it/s]
33216it [00:06, 8511.68it/s]
34112it [00:06, 8606.79it/s]
35072it [00:06, 8811.34it/s]
36032it [00:06, 9012.17it/s]
36992it [00:06, 9172.54it/s]
37923it [00:06, 9201.88it/s]
38853it [00:07, 9222.02it/s]
39808it [00:07, 9198.30it/s]
40741it [00:07, 9236.50it/s]
41668it [00:07, 9101.65it/s]
42581it [00:07, 9064.11it/s]
43490it [00:07, 8918.35it/s]
44384it [00:07, 8901.45it/s]
45276it [00:07, 8653.89it/s]
46144it [00:07, 7722.91it/s]
47093it [00:08, 8199.16it/s]
48000it [00:08, 8360.23it/s]
48959it [00:08, 8706.84it/s]
49842it [00:08, 8733.15it/s]
50724it [00:08, 8666.90it/s]
51671it [00:08, 8900.04it/s]
52566it [00:08, 8906.00it/s]
53504it [00:08, 8951.92it/s]
54425it [00:08, 9026.47it/s]
55330it [00:08, 8411.47it/s]
56192it [00:09, 8391.74it/s]
57152it [00:09, 8650.40it/s]
58048it [00:09, 8659.56it/s]
58918it [00:09, 8631.24it/s]
59784it [00:09, 8362.05it/s]
60624it [00:09, 6815.24it/s]
61352it [00:09, 6227.39it/s]
62172it [00:09, 6706.83it/s]
63040it [00:10, 7193.75it/s]
63872it [00:10, 7446.18it/s]
64650it [00:10, 7538.17it/s]
65423it [00:10, 7581.19it/s]
66240it [00:10, 7689.06it/s]
67200it [00:10, 8142.74it/s]
68155it [00:10, 8550.68it/s]
69017it [00:10, 8514.57it/s]
69929it [00:10, 8692.00it/s]
70802it [00:10, 8533.65it/s]
71744it [00:11, 8734.08it/s]
72679it [00:11, 8914.43it/s]
73573it [00:11, 8572.29it/s]
74435it [00:11, 8301.93it/s]
75269it [00:11, 5054.91it/s]
76096it [00:11, 5686.74it/s]
76937it [00:11, 6287.36it/s]
77888it [00:11, 7009.01it/s]
78818it [00:12, 7588.76it/s]
79658it [00:12, 7711.91it/s]
80576it [00:12, 7998.66it/s]
81437it [00:12, 8168.30it/s]
82304it [00:12, 8306.20it/s]
83255it [00:12, 8653.04it/s]
84138it [00:12, 8634.44it/s]
85021it [00:12, 8691.06it/s]
85952it [00:12, 8850.74it/s]
86848it [00:12, 8756.62it/s]
87808it [00:13, 8915.94it/s]
88768it [00:13, 9019.43it/s]
89673it [00:13, 6521.12it/s]
90573it [00:13, 7096.98it/s]
91499it [00:13, 7630.86it/s]
92416it [00:13, 8014.53it/s]
93312it [00:13, 8166.77it/s]
94208it [00:13, 8304.38it/s]
95168it [00:14, 8587.00it/s]
96122it [00:14, 8858.07it/s]
97043it [00:14, 8959.44it/s]
97951it [00:14, 8858.51it/s]
98871it [00:14, 8957.36it/s]
99776it [00:14, 8860.66it/s]
100000it [00:14, 6855.49it/s]
Upload time: 14.979925703257322
Total import time: 21.944151196163148
Experiment stage: Search

0it [00:00, ?it/s]
4it [00:00,  5.32it/s]
10it [00:00, 14.03it/s]
26it [00:00, 40.85it/s]
47it [00:01, 75.95it/s]
74it [00:01, 120.04it/s]
97it [00:01, 145.73it/s]
138it [00:01, 212.33it/s]
166it [00:01, 220.72it/s]
192it [00:01, 217.99it/s]
232it [00:01, 263.94it/s]
274it [00:01, 305.88it/s]
323it [00:01, 357.13it/s]
361it [00:02, 317.93it/s]
395it [00:02, 264.84it/s]
425it [00:02, 257.59it/s]
453it [00:02, 246.03it/s]
493it [00:02, 247.10it/s]
520it [00:02, 252.28it/s]
546it [00:02, 234.18it/s]
594it [00:03, 287.63it/s]
628it [00:03, 241.84it/s]
655it [00:03, 204.41it/s]
690it [00:03, 188.94it/s]
711it [00:03, 177.85it/s]
738it [00:03, 189.13it/s]
760it [00:03, 188.97it/s]
795it [00:04, 205.94it/s]
821it [00:04, 212.10it/s]
844it [00:04, 163.74it/s]
926it [00:04, 300.04it/s]
981it [00:04, 356.05it/s]
1033it [00:04, 395.69it/s]
1116it [00:04, 507.66it/s]
1201it [00:04, 599.71it/s]
1270it [00:05, 621.71it/s]
1336it [00:05, 380.24it/s]
1388it [00:05, 394.94it/s]
1457it [00:05, 457.65it/s]
1546it [00:05, 557.87it/s]
1625it [00:05, 614.90it/s]
1711it [00:05, 678.43it/s]
1786it [00:06, 686.48it/s]
1864it [00:06, 709.94it/s]
1940it [00:06, 723.76it/s]
2015it [00:06, 726.35it/s]
2107it [00:06, 779.35it/s]
2202it [00:06, 828.86it/s]
2288it [00:06, 835.54it/s]
2387it [00:06, 880.63it/s]
2478it [00:06, 888.56it/s]
2568it [00:06, 879.29it/s]
2657it [00:07, 835.33it/s]
2742it [00:07, 829.71it/s]
2826it [00:07, 825.04it/s]
2910it [00:07, 828.73it/s]
2994it [00:07, 830.81it/s]
3078it [00:07, 825.27it/s]
3161it [00:07, 822.28it/s]
3244it [00:07, 815.41it/s]
3326it [00:07, 680.99it/s]
3398it [00:08, 643.57it/s]
3466it [00:08, 556.99it/s]
3540it [00:08, 599.50it/s]
3633it [00:08, 682.41it/s]
3722it [00:08, 737.30it/s]
3804it [00:08, 754.22it/s]
3882it [00:08, 606.53it/s]
3949it [00:09, 367.98it/s]
4001it [00:09, 348.93it/s]
4087it [00:09, 439.16it/s]
4168it [00:09, 513.15it/s]
4251it [00:09, 583.61it/s]
4321it [00:09, 605.70it/s]
4407it [00:09, 668.94it/s]
4491it [00:10, 711.30it/s]
4568it [00:10, 717.36it/s]
4658it [00:10, 768.22it/s]
4742it [00:10, 786.80it/s]
4838it [00:10, 835.51it/s]
4929it [00:10, 856.81it/s]
5016it [00:10, 848.45it/s]
5102it [00:10, 850.97it/s]
5188it [00:10, 840.97it/s]
5292it [00:10, 890.56it/s]
5382it [00:11, 788.33it/s]
5464it [00:11, 762.06it/s]
5542it [00:11, 737.53it/s]
5617it [00:11, 725.35it/s]
5693it [00:11, 733.33it/s]
5767it [00:11, 714.59it/s]
5839it [00:11, 682.22it/s]
5908it [00:11, 624.44it/s]
5972it [00:12, 538.45it/s]
6037it [00:12, 564.59it/s]
6107it [00:12, 597.03it/s]
6177it [00:12, 621.38it/s]
6273it [00:12, 714.60it/s]
6373it [00:12, 793.92it/s]
6459it [00:12, 812.15it/s]
6550it [00:12, 839.44it/s]
6654it [00:12, 894.55it/s]
6745it [00:12, 888.98it/s]
6837it [00:13, 896.16it/s]
6928it [00:13, 874.27it/s]
7016it [00:13, 855.18it/s]
7102it [00:13, 827.09it/s]
7191it [00:13, 844.04it/s]
7276it [00:13, 819.00it/s]
7359it [00:13, 802.77it/s]
7440it [00:13, 768.01it/s]
7520it [00:13, 772.39it/s]
7598it [00:14, 764.65it/s]
7675it [00:14, 763.20it/s]
7758it [00:14, 782.51it/s]
7837it [00:14, 769.84it/s]
7915it [00:14, 694.26it/s]
7989it [00:14, 700.72it/s]
8061it [00:14, 703.23it/s]
8133it [00:15, 320.55it/s]
8213it [00:15, 394.27it/s]
8279it [00:15, 442.29it/s]
8342it [00:15, 465.16it/s]
8417it [00:15, 527.89it/s]
8485it [00:15, 564.30it/s]
8551it [00:15, 586.68it/s]
8617it [00:15, 604.56it/s]
8683it [00:16, 606.69it/s]
8748it [00:16, 592.15it/s]
8822it [00:16, 631.85it/s]
8888it [00:16, 586.69it/s]
8949it [00:16, 452.50it/s]
9000it [00:16, 436.78it/s]
9048it [00:16, 432.71it/s]
9094it [00:17, 328.63it/s]
9138it [00:17, 349.35it/s]
9188it [00:17, 382.34it/s]
9258it [00:17, 455.71it/s]
9333it [00:17, 529.27it/s]
9418it [00:17, 614.52it/s]
9500it [00:17, 668.89it/s]
9571it [00:17, 678.35it/s]
9642it [00:17, 674.17it/s]
9711it [00:18, 642.53it/s]
9788it [00:18, 677.53it/s]
9872it [00:18, 722.93it/s]
9955it [00:18, 751.95it/s]
10000it [00:18, 543.73it/s]
Experiment stage: Done
Results saved to:  /home/dzh/project/vdtuner/vector-db-benchmark-master/results
>>> [Step 5] 收尾工作...
    监控日志已保存。
📊 测试结果摘要:
0.38828999999999997
539.8128843790838
0.005747221130877732
line1:  0.005747221130877732
line1:  539.8128843790838
line1:  0.38828999999999997
numeric_values:  [0.005747221130877732, 539.8128843790838, 0.38828999999999997]
[17] 1396 0.38828999999999997 0.005747221130877732 73
/bin/sh: 1: Syntax error: "(" unexpected
/data/dzh/venv/lib/python3.10/site-packages/botorch/acquisition/multi_objective/monte_carlo.py:110: NumericsWarning: qExpectedHypervolumeImprovement has known numerical issues that lead to suboptimal optimization performance. It is strongly recommended to simply replace

	 qExpectedHypervolumeImprovement 	 --> 	 qLogExpectedHypervolumeImprovement 

instead, which fixes the issues and has the same API. See https://arxiv.org/abs/2310.20708 for details.
  legacy_ei_numerics_warning(legacy_name=type(self).__name__)
--- DEBUG: Starting command:---
=======================================
🛠️  开始测试流程
Engine: milvus-p10 | Dataset: random-geo-radius-2048-angular-no-filters
=======================================
>>> [Step 1] 启动后台监控...
    监控进程 PID: 220360
>>> [Step 2] 重置 Milvus...
 Container milvus-standalone  Stopping
 Container milvus-standalone  Stopped
 Container milvus-standalone  Removing
 Container milvus-standalone  Removed
 Container milvus-minio  Stopping
 Container milvus-etcd  Stopping
 Container milvus-etcd  Stopped
 Container milvus-etcd  Removing
 Container milvus-etcd  Removed
 Container milvus-minio  Stopped
 Container milvus-minio  Removing
 Container milvus-minio  Removed
 Network milvus  Removing
 Network milvus  Removed
    🧹 清理宿主机数据目录: /home/dzh/project/vdtuner/vector-db-benchmark-master/engine/servers/milvus-single-node/volumes
 Network milvus  Creating
 Network milvus  Created
 Container milvus-minio  Creating
 Container milvus-etcd  Creating
 Container milvus-etcd  Created
 Container milvus-minio  Created
 Container milvus-standalone  Creating
 Container milvus-standalone  Created
 Container milvus-etcd  Starting
 Container milvus-minio  Starting
 Container milvus-minio  Started
 Container milvus-etcd  Started
 Container milvus-standalone  Starting
 Container milvus-standalone  Started
>>> [Step 3] 等待服务启动 (90s)...
    等待中... (10s/120s)
    ✅ Milvus 服务已就绪
>>> [Step 4] 运行 Benchmark...
Running experiment: milvus-p10 - random-geo-radius-2048-angular-no-filters
established connection
/home/dzh/project/vdtuner/vector-db-benchmark-master/datasets/random-geo-radius-2048-angular/random_geo_100k_no_filters already exists
Experiment stage: Configure
Experiment stage: Upload

0it [00:00, ?it/s]
1it [00:00,  1.35it/s]
64it [00:01, 80.48it/s]
640it [00:01, 933.70it/s]
960it [00:01, 1242.79it/s]
1216it [00:01, 1407.91it/s]
1472it [00:01, 1565.46it/s]
1728it [00:01, 1693.04it/s]
2176it [00:01, 2302.17it/s]
2496it [00:01, 2462.08it/s]
2880it [00:01, 2784.95it/s]
3584it [00:02, 3891.83it/s]
4544it [00:02, 5445.87it/s]
5312it [00:02, 6053.14it/s]
6336it [00:02, 7170.28it/s]
7424it [00:02, 8142.87it/s]
8448it [00:02, 8725.32it/s]
9472it [00:02, 9073.03it/s]
10432it [00:02, 9115.01it/s]
11457it [00:02, 9445.45it/s]
12416it [00:02, 9478.11it/s]
13440it [00:03, 9684.85it/s]
14464it [00:03, 9795.08it/s]
15488it [00:03, 9828.18it/s]
16512it [00:03, 9882.25it/s]
17502it [00:03, 8531.39it/s]
18496it [00:03, 8875.20it/s]
19520it [00:03, 9173.54it/s]
20480it [00:03, 9249.21it/s]
21504it [00:03, 9423.19it/s]
22464it [00:04, 9303.69it/s]
23402it [00:04, 9219.80it/s]
24330it [00:04, 9125.06it/s]
25280it [00:04, 9147.85it/s]
26304it [00:04, 9393.58it/s]
27246it [00:04, 9382.67it/s]
28186it [00:04, 9191.08it/s]
29120it [00:04, 9203.87it/s]
30144it [00:04, 9456.55it/s]
31104it [00:04, 9486.23it/s]
32064it [00:05, 5560.86it/s]
33024it [00:05, 6314.44it/s]
33984it [00:05, 6983.11it/s]
35008it [00:05, 7683.52it/s]
35968it [00:05, 8146.06it/s]
36927it [00:05, 8526.44it/s]
37848it [00:05, 8516.99it/s]
38748it [00:06, 8244.39it/s]
39616it [00:06, 8341.78it/s]
40576it [00:06, 8614.23it/s]
41472it [00:06, 8706.90it/s]
42357it [00:06, 8659.90it/s]
43264it [00:06, 8665.70it/s]
44160it [00:06, 8639.99it/s]
45120it [00:06, 8794.80it/s]
46080it [00:07, 6113.79it/s]
46807it [00:07, 6308.67it/s]
47680it [00:07, 6852.76it/s]
48704it [00:07, 7661.40it/s]
49600it [00:07, 7890.15it/s]
50560it [00:07, 8342.57it/s]
51520it [00:07, 8680.86it/s]
52480it [00:07, 8832.65it/s]
53403it [00:07, 8931.95it/s]
54312it [00:07, 8918.01it/s]
55215it [00:08, 8936.40it/s]
56120it [00:08, 8969.33it/s]
57024it [00:08, 8903.15it/s]
57920it [00:08, 8821.09it/s]
58805it [00:08, 8797.30it/s]
59712it [00:08, 8804.79it/s]
60608it [00:08, 8798.66it/s]
61489it [00:08, 6260.39it/s]
62336it [00:09, 6756.09it/s]
63296it [00:09, 7372.55it/s]
64256it [00:09, 7917.82it/s]
65268it [00:09, 8510.28it/s]
66176it [00:09, 8641.58it/s]
67136it [00:09, 8821.29it/s]
68043it [00:09, 8700.39it/s]
68931it [00:09, 8567.24it/s]
69888it [00:09, 8771.51it/s]
70848it [00:09, 8861.81it/s]
71744it [00:10, 8810.26it/s]
72640it [00:10, 8823.01it/s]
73600it [00:10, 8985.22it/s]
74560it [00:10, 9056.81it/s]
75520it [00:10, 9109.98it/s]
76451it [00:10, 9167.66it/s]
77369it [00:10, 7797.74it/s]
78208it [00:10, 7872.59it/s]
79168it [00:10, 8292.95it/s]
80019it [00:11, 8226.26it/s]
80857it [00:11, 8177.54it/s]
81685it [00:11, 7960.11it/s]
82560it [00:11, 8076.64it/s]
83520it [00:11, 8386.98it/s]
84364it [00:11, 8232.60it/s]
85248it [00:11, 8372.26it/s]
86088it [00:11, 8302.23it/s]
86994it [00:11, 8522.26it/s]
87849it [00:11, 8360.47it/s]
88764it [00:12, 8589.89it/s]
89664it [00:12, 8650.38it/s]
90570it [00:12, 8770.63it/s]
91449it [00:12, 6134.33it/s]
92288it [00:12, 6581.63it/s]
93063it [00:12, 6866.01it/s]
93952it [00:12, 7316.10it/s]
94907it [00:12, 7913.65it/s]
95808it [00:13, 8135.36it/s]
96704it [00:13, 8335.82it/s]
97600it [00:13, 8490.79it/s]
98467it [00:13, 8516.12it/s]
99392it [00:13, 8689.61it/s]
100000it [00:13, 7391.80it/s]
Upload time: 13.960771861951798
Total import time: 44.981860040687025
Experiment stage: Search

0it [00:00, ?it/s]
4it [00:00,  5.30it/s]
14it [00:00, 19.24it/s]
29it [00:00, 42.16it/s]
72it [00:01, 119.60it/s]
147it [00:01, 259.45it/s]
233it [00:01, 403.45it/s]
323it [00:01, 529.37it/s]
413it [00:01, 627.42it/s]
504it [00:01, 701.81it/s]
596it [00:01, 763.22it/s]
687it [00:01, 805.01it/s]
773it [00:01, 776.65it/s]
855it [00:02, 775.31it/s]
937it [00:02, 787.52it/s]
1018it [00:02, 771.41it/s]
1106it [00:02, 795.63it/s]
1192it [00:02, 812.88it/s]
1287it [00:02, 851.48it/s]
1373it [00:02, 851.09it/s]
1459it [00:02, 817.12it/s]
1542it [00:02, 776.63it/s]
1625it [00:02, 790.42it/s]
1706it [00:03, 795.14it/s]
1787it [00:03, 797.75it/s]
1873it [00:03, 815.31it/s]
1955it [00:03, 812.88it/s]
2037it [00:03, 784.85it/s]
2117it [00:03, 788.90it/s]
2197it [00:03, 761.94it/s]
2281it [00:03, 783.46it/s]
2361it [00:03, 787.80it/s]
2450it [00:04, 814.95it/s]
2547it [00:04, 859.75it/s]
2645it [00:04, 892.92it/s]
2735it [00:04, 878.45it/s]
2831it [00:04, 900.73it/s]
2922it [00:04, 883.56it/s]
3011it [00:04, 857.81it/s]
3099it [00:04, 862.02it/s]
3190it [00:04, 872.85it/s]
3278it [00:04, 840.09it/s]
3363it [00:05, 838.61it/s]
3459it [00:05, 871.79it/s]
3547it [00:05, 829.35it/s]
3631it [00:05, 818.20it/s]
3714it [00:05, 751.86it/s]
3791it [00:05, 754.08it/s]
3868it [00:05, 716.23it/s]
3941it [00:05, 698.19it/s]
4017it [00:05, 713.54it/s]
4100it [00:06, 735.67it/s]
4186it [00:06, 770.37it/s]
4269it [00:06, 786.60it/s]
4349it [00:06, 787.15it/s]
4428it [00:06, 699.73it/s]
4500it [00:06, 661.20it/s]
4568it [00:06, 662.94it/s]
4636it [00:06, 652.32it/s]
4711it [00:06, 678.42it/s]
4789it [00:07, 706.40it/s]
4888it [00:07, 786.96it/s]
4972it [00:07, 800.26it/s]
5057it [00:07, 809.52it/s]
5139it [00:07, 766.70it/s]
5218it [00:07, 761.38it/s]
5295it [00:07, 749.23it/s]
5371it [00:07, 716.90it/s]
5444it [00:07, 718.77it/s]
5517it [00:08, 686.71it/s]
5587it [00:08, 645.71it/s]
5653it [00:08, 611.22it/s]
5734it [00:08, 663.42it/s]
5802it [00:08, 640.28it/s]
5867it [00:08, 635.15it/s]
5938it [00:08, 655.67it/s]
6005it [00:08, 653.93it/s]
6093it [00:08, 718.74it/s]
6168it [00:08, 726.69it/s]
6250it [00:09, 753.12it/s]
6336it [00:09, 783.82it/s]
6415it [00:09, 766.66it/s]
6498it [00:09, 779.69it/s]
6578it [00:09, 783.73it/s]
6669it [00:09, 819.15it/s]
6755it [00:09, 829.82it/s]
6839it [00:09, 821.45it/s]
6923it [00:09, 826.90it/s]
7006it [00:10, 769.24it/s]
7084it [00:10, 744.71it/s]
7160it [00:10, 716.20it/s]
7233it [00:10, 714.55it/s]
7305it [00:10, 658.85it/s]
7378it [00:10, 677.44it/s]
7447it [00:10, 671.42it/s]
7535it [00:10, 729.15it/s]
7624it [00:10, 774.46it/s]
7709it [00:10, 795.69it/s]
7790it [00:11, 776.88it/s]
7873it [00:11, 790.84it/s]
7953it [00:11, 771.76it/s]
8032it [00:11, 774.03it/s]
8111it [00:11, 776.34it/s]
8196it [00:11, 795.61it/s]
8276it [00:11, 783.65it/s]
8355it [00:11, 738.77it/s]
8439it [00:11, 763.30it/s]
8516it [00:12, 723.12it/s]
8589it [00:12, 699.35it/s]
8660it [00:12, 667.59it/s]
8735it [00:12, 689.99it/s]
8805it [00:12, 690.85it/s]
8875it [00:12, 657.06it/s]
8942it [00:12, 636.94it/s]
9007it [00:12, 629.59it/s]
9079it [00:12, 650.53it/s]
9154it [00:13, 673.35it/s]
9222it [00:13, 650.97it/s]
9288it [00:13, 443.83it/s]
9342it [00:13, 443.41it/s]
9404it [00:13, 482.74it/s]
9458it [00:13, 478.36it/s]
9510it [00:13, 466.41it/s]
9561it [00:13, 471.70it/s]
9611it [00:14, 477.18it/s]
9661it [00:14, 470.34it/s]
9736it [00:14, 544.95it/s]
9813it [00:14, 607.69it/s]
9880it [00:14, 624.21it/s]
9944it [00:14, 563.38it/s]
10000it [00:14, 679.44it/s]
Experiment stage: Done
Results saved to:  /home/dzh/project/vdtuner/vector-db-benchmark-master/results
>>> [Step 5] 收尾工作...
    监控日志已保存。
📊 测试结果摘要:
0.38189
674.5050300461452
0.004022200196050107
line1:  0.004022200196050107
line1:  674.5050300461452
line1:  0.38189
numeric_values:  [0.004022200196050107, 674.5050300461452, 0.38189]
[18] 1489 0.38189 0.004022200196050107 92
/bin/sh: 1: Syntax error: "(" unexpected
/data/dzh/venv/lib/python3.10/site-packages/botorch/acquisition/multi_objective/monte_carlo.py:110: NumericsWarning: qExpectedHypervolumeImprovement has known numerical issues that lead to suboptimal optimization performance. It is strongly recommended to simply replace

	 qExpectedHypervolumeImprovement 	 --> 	 qLogExpectedHypervolumeImprovement 

instead, which fixes the issues and has the same API. See https://arxiv.org/abs/2310.20708 for details.
  legacy_ei_numerics_warning(legacy_name=type(self).__name__)
--- DEBUG: Starting command:---
=======================================
🛠️  开始测试流程
Engine: milvus-p10 | Dataset: random-geo-radius-2048-angular-no-filters
=======================================
>>> [Step 1] 启动后台监控...
    监控进程 PID: 234555
>>> [Step 2] 重置 Milvus...
 Container milvus-standalone  Stopping
 Container milvus-standalone  Stopped
 Container milvus-standalone  Removing
 Container milvus-standalone  Removed
 Container milvus-minio  Stopping
 Container milvus-etcd  Stopping
 Container milvus-etcd  Stopped
 Container milvus-etcd  Removing
 Container milvus-etcd  Removed
 Container milvus-minio  Stopped
 Container milvus-minio  Removing
 Container milvus-minio  Removed
 Network milvus  Removing
 Network milvus  Removed
    🧹 清理宿主机数据目录: /home/dzh/project/vdtuner/vector-db-benchmark-master/engine/servers/milvus-single-node/volumes
 Network milvus  Creating
 Network milvus  Created
 Container milvus-etcd  Creating
 Container milvus-minio  Creating
 Container milvus-etcd  Created
 Container milvus-minio  Created
 Container milvus-standalone  Creating
 Container milvus-standalone  Created
 Container milvus-minio  Starting
 Container milvus-etcd  Starting
 Container milvus-etcd  Started
 Container milvus-minio  Started
 Container milvus-standalone  Starting
 Container milvus-standalone  Started
>>> [Step 3] 等待服务启动 (90s)...
    等待中... (10s/120s)
    ✅ Milvus 服务已就绪
>>> [Step 4] 运行 Benchmark...
Running experiment: milvus-p10 - random-geo-radius-2048-angular-no-filters
established connection
/home/dzh/project/vdtuner/vector-db-benchmark-master/datasets/random-geo-radius-2048-angular/random_geo_100k_no_filters already exists
Experiment stage: Configure
Experiment stage: Upload

0it [00:00, ?it/s]
1it [00:02,  2.08s/it]
768it [00:02, 491.23it/s]
1190it [00:02, 783.55it/s]
1567it [00:02, 1040.05it/s]
1951it [00:02, 1387.50it/s]
2299it [00:02, 1446.36it/s]
2583it [00:02, 1659.68it/s]
2944it [00:02, 2003.53it/s]
3776it [00:03, 3266.60it/s]
4800it [00:03, 4817.07it/s]
5824it [00:03, 6120.77it/s]
6848it [00:03, 7124.37it/s]
7872it [00:03, 7934.45it/s]
8896it [00:03, 8516.49it/s]
9920it [00:03, 8961.41it/s]
10880it [00:03, 9047.32it/s]
11861it [00:03, 9266.54it/s]
12813it [00:04, 9326.89it/s]
13824it [00:04, 9469.60it/s]
14784it [00:04, 9383.69it/s]
15744it [00:04, 9416.91it/s]
16704it [00:04, 7456.85it/s]
17600it [00:04, 7822.81it/s]
18560it [00:04, 8228.33it/s]
19522it [00:04, 8604.89it/s]
20480it [00:04, 8874.71it/s]
21440it [00:05, 9050.10it/s]
22365it [00:05, 9024.81it/s]
23281it [00:05, 8704.65it/s]
24163it [00:05, 8485.34it/s]
25020it [00:05, 8470.03it/s]
25873it [00:05, 8281.00it/s]
26816it [00:05, 8517.42it/s]
27776it [00:05, 8708.37it/s]
28800it [00:05, 9016.03it/s]
29812it [00:05, 9334.34it/s]
30749it [00:06, 9325.92it/s]
31684it [00:06, 9250.61it/s]
32611it [00:06, 6186.44it/s]
33408it [00:06, 6552.52it/s]
34304it [00:06, 7084.68it/s]
35264it [00:06, 7671.54it/s]
36160it [00:06, 7998.56it/s]
37120it [00:06, 8382.66it/s]
38016it [00:07, 8499.07it/s]
38912it [00:07, 8584.11it/s]
39872it [00:07, 8796.44it/s]
40832it [00:07, 8963.38it/s]
41792it [00:07, 9052.06it/s]
42752it [00:07, 9088.52it/s]
43667it [00:07, 8804.53it/s]
44553it [00:07, 8714.19it/s]
45439it [00:07, 8755.82it/s]
46336it [00:07, 8743.48it/s]
47213it [00:08, 8106.40it/s]
48034it [00:08, 7159.53it/s]
48960it [00:08, 7580.77it/s]
49892it [00:08, 8045.35it/s]
50816it [00:08, 8336.57it/s]
51666it [00:08, 8199.25it/s]
52672it [00:08, 8642.00it/s]
53665it [00:08, 9009.45it/s]
54592it [00:08, 9042.74it/s]
55552it [00:09, 9193.05it/s]
56576it [00:09, 9399.36it/s]
57536it [00:09, 9443.07it/s]
58483it [00:09, 9383.29it/s]
59423it [00:09, 9169.05it/s]
60342it [00:09, 9149.49it/s]
61259it [00:09, 8983.28it/s]
62159it [00:09, 8922.19it/s]
63053it [00:10, 6874.57it/s]
63936it [00:10, 7304.37it/s]
64840it [00:10, 7749.97it/s]
65728it [00:10, 8019.92it/s]
66624it [00:10, 8276.35it/s]
67584it [00:10, 8636.68it/s]
68544it [00:10, 8855.46it/s]
69504it [00:10, 9009.11it/s]
70417it [00:10, 8986.29it/s]
71324it [00:10, 8797.64it/s]
72210it [00:11, 8761.86it/s]
73146it [00:11, 8935.77it/s]
74043it [00:11, 8674.15it/s]
74915it [00:11, 8594.92it/s]
75788it [00:11, 8633.43it/s]
76672it [00:11, 8671.29it/s]
77568it [00:11, 8749.64it/s]
78445it [00:11, 6985.12it/s]
79360it [00:11, 7490.95it/s]
80256it [00:12, 7850.65it/s]
81216it [00:12, 8233.04it/s]
82135it [00:12, 8499.22it/s]
83008it [00:12, 8534.01it/s]
83927it [00:12, 8722.84it/s]
84812it [00:12, 8671.38it/s]
85688it [00:12, 8660.00it/s]
86560it [00:12, 8652.53it/s]
87488it [00:12, 8726.29it/s]
88364it [00:12, 8697.83it/s]
89236it [00:13, 8674.91it/s]
90112it [00:13, 8577.63it/s]
90971it [00:13, 8491.77it/s]
91888it [00:13, 8690.64it/s]
92800it [00:13, 7535.90it/s]
93583it [00:13, 6956.44it/s]
94336it [00:13, 7084.74it/s]
95168it [00:13, 7373.11it/s]
95936it [00:13, 7418.75it/s]
96883it [00:14, 7995.80it/s]
97695it [00:14, 7918.21it/s]
98560it [00:14, 8087.18it/s]
99456it [00:14, 8256.26it/s]
100000it [00:14, 6929.19it/s]
Upload time: 14.842809170950204
Total import time: 21.994754921179265
Experiment stage: Search

0it [00:00, ?it/s]
4it [00:00,  5.24it/s]
9it [00:00, 11.67it/s]
30it [00:00, 46.59it/s]
84it [00:01, 145.36it/s]
114it [00:01, 178.21it/s]
143it [00:01, 193.59it/s]
222it [00:01, 338.58it/s]
311it [00:01, 480.52it/s]
411it [00:01, 619.03it/s]
515it [00:01, 728.81it/s]
595it [00:01, 740.55it/s]
675it [00:02, 594.80it/s]
743it [00:02, 600.41it/s]
816it [00:02, 631.16it/s]
884it [00:02, 636.65it/s]
951it [00:02, 638.56it/s]
1018it [00:02, 631.46it/s]
1083it [00:02, 398.60it/s]
1159it [00:02, 470.17it/s]
1224it [00:03, 507.46it/s]
1293it [00:03, 549.33it/s]
1358it [00:03, 574.85it/s]
1429it [00:03, 600.30it/s]
1531it [00:03, 714.26it/s]
1621it [00:03, 764.83it/s]
1720it [00:03, 826.20it/s]
1806it [00:03, 829.07it/s]
1903it [00:03, 868.44it/s]
1992it [00:04, 729.94it/s]
2070it [00:04, 692.10it/s]
2143it [00:04, 659.45it/s]
2227it [00:04, 704.97it/s]
2300it [00:04, 703.32it/s]
2373it [00:04, 707.40it/s]
2445it [00:04, 689.11it/s]
2533it [00:04, 741.26it/s]
2620it [00:04, 773.82it/s]
2699it [00:05, 741.05it/s]
2774it [00:05, 735.52it/s]
2853it [00:05, 746.26it/s]
2929it [00:05, 717.21it/s]
3002it [00:05, 618.32it/s]
3070it [00:05, 633.20it/s]
3136it [00:05, 553.14it/s]
3197it [00:05, 564.69it/s]
3256it [00:05, 566.88it/s]
3316it [00:06, 574.29it/s]
3388it [00:06, 611.64it/s]
3467it [00:06, 661.38it/s]
3544it [00:06, 689.95it/s]
3614it [00:06, 548.20it/s]
3674it [00:06, 448.83it/s]
3725it [00:06, 422.89it/s]
3772it [00:07, 399.38it/s]
3815it [00:07, 345.77it/s]
3861it [00:07, 350.03it/s]
3898it [00:07, 280.25it/s]
3929it [00:07, 261.42it/s]
3957it [00:07, 201.19it/s]
4009it [00:08, 249.97it/s]
4038it [00:08, 253.41it/s]
4067it [00:08, 247.97it/s]
4107it [00:08, 273.19it/s]
4137it [00:08, 264.74it/s]
4173it [00:08, 278.05it/s]
4210it [00:08, 301.09it/s]
4242it [00:08, 277.60it/s]
4285it [00:09, 296.96it/s]
4362it [00:09, 417.43it/s]
4422it [00:09, 465.93it/s]
4471it [00:09, 470.79it/s]
4520it [00:09, 410.13it/s]
4564it [00:09, 349.64it/s]
4605it [00:09, 335.68it/s]
4676it [00:09, 422.24it/s]
4727it [00:10, 443.42it/s]
4775it [00:10, 355.41it/s]
4816it [00:10, 354.36it/s]
4855it [00:10, 327.87it/s]
4900it [00:10, 348.18it/s]
4937it [00:10, 320.14it/s]
4977it [00:10, 338.41it/s]
5013it [00:10, 335.01it/s]
5048it [00:11, 279.91it/s]
5087it [00:11, 298.70it/s]
5119it [00:11, 296.36it/s]
5194it [00:11, 411.62it/s]
5238it [00:11, 380.14it/s]
5279it [00:11, 314.51it/s]
5330it [00:11, 354.31it/s]
5369it [00:12, 329.42it/s]
5405it [00:12, 325.69it/s]
5479it [00:12, 387.99it/s]
5521it [00:12, 394.13it/s]
5597it [00:12, 483.94it/s]
5656it [00:12, 511.58it/s]
5709it [00:12, 401.92it/s]
5754it [00:12, 375.91it/s]
5826it [00:13, 456.05it/s]
5897it [00:13, 518.07it/s]
5973it [00:13, 581.12it/s]
6041it [00:13, 605.75it/s]
6115it [00:13, 641.37it/s]
6182it [00:13, 644.87it/s]
6262it [00:13, 687.42it/s]
6333it [00:13, 680.04it/s]
6407it [00:13, 696.08it/s]
6478it [00:13, 689.66it/s]
6548it [00:14, 688.32it/s]
6618it [00:14, 588.10it/s]
6680it [00:14, 550.72it/s]
6748it [00:14, 583.02it/s]
6829it [00:14, 643.62it/s]
6896it [00:14, 643.87it/s]
6962it [00:14, 643.59it/s]
7028it [00:14, 643.63it/s]
7096it [00:14, 649.56it/s]
7162it [00:15, 650.89it/s]
7228it [00:15, 634.55it/s]
7292it [00:15, 533.03it/s]
7349it [00:15, 533.41it/s]
7405it [00:15, 526.16it/s]
7469it [00:15, 550.69it/s]
7545it [00:15, 584.54it/s]
7615it [00:15, 605.79it/s]
7688it [00:16, 639.65it/s]
7765it [00:16, 676.63it/s]
7834it [00:16, 680.15it/s]
7908it [00:16, 697.20it/s]
7979it [00:16, 528.77it/s]
8039it [00:16, 427.81it/s]
8089it [00:16, 344.46it/s]
8159it [00:17, 411.65it/s]
8213it [00:17, 437.16it/s]
8287it [00:17, 505.40it/s]
8358it [00:17, 554.08it/s]
8420it [00:17, 555.30it/s]
8485it [00:17, 580.18it/s]
8547it [00:17, 587.27it/s]
8635it [00:17, 664.78it/s]
8717it [00:17, 708.36it/s]
8790it [00:17, 701.49it/s]
8881it [00:18, 759.71it/s]
8958it [00:18, 663.31it/s]
9028it [00:18, 559.64it/s]
9089it [00:18, 389.64it/s]
9138it [00:18, 402.34it/s]
9186it [00:18, 410.39it/s]
9233it [00:19, 379.18it/s]
9275it [00:19, 379.57it/s]
9316it [00:19, 382.80it/s]
9357it [00:19, 297.85it/s]
9391it [00:19, 304.81it/s]
9425it [00:19, 237.76it/s]
9453it [00:20, 221.66it/s]
9484it [00:20, 231.80it/s]
9521it [00:20, 261.86it/s]
9550it [00:20, 224.87it/s]
9601it [00:20, 279.09it/s]
9632it [00:20, 272.86it/s]
9695it [00:20, 347.08it/s]
9749it [00:20, 380.36it/s]
9814it [00:20, 448.31it/s]
9871it [00:21, 480.79it/s]
9922it [00:21, 481.10it/s]
9982it [00:21, 511.35it/s]
10000it [00:21, 468.98it/s]
Experiment stage: Done
Results saved to:  /home/dzh/project/vdtuner/vector-db-benchmark-master/results
>>> [Step 5] 收尾工作...
    监控日志已保存。
📊 测试结果摘要:
0.37193
465.99152807137324
0.006231067329645156
line1:  0.006231067329645156
line1:  465.99152807137324
line1:  0.37193
numeric_values:  [0.006231067329645156, 465.99152807137324, 0.37193]
[19] 1565 0.37193 0.006231067329645156 76
/bin/sh: 1: Syntax error: "(" unexpected
/data/dzh/venv/lib/python3.10/site-packages/botorch/acquisition/multi_objective/monte_carlo.py:110: NumericsWarning: qExpectedHypervolumeImprovement has known numerical issues that lead to suboptimal optimization performance. It is strongly recommended to simply replace

	 qExpectedHypervolumeImprovement 	 --> 	 qLogExpectedHypervolumeImprovement 

instead, which fixes the issues and has the same API. See https://arxiv.org/abs/2310.20708 for details.
  legacy_ei_numerics_warning(legacy_name=type(self).__name__)
--- DEBUG: Starting command:---
=======================================
🛠️  开始测试流程
Engine: milvus-p10 | Dataset: random-geo-radius-2048-angular-no-filters
=======================================
>>> [Step 1] 启动后台监控...
    监控进程 PID: 246785
>>> [Step 2] 重置 Milvus...
 Container milvus-standalone  Stopping
 Container milvus-standalone  Stopped
 Container milvus-standalone  Removing
 Container milvus-standalone  Removed
 Container milvus-minio  Stopping
 Container milvus-etcd  Stopping
 Container milvus-etcd  Stopped
 Container milvus-etcd  Removing
 Container milvus-etcd  Removed
 Container milvus-minio  Stopped
 Container milvus-minio  Removing
 Container milvus-minio  Removed
 Network milvus  Removing
 Network milvus  Removed
    🧹 清理宿主机数据目录: /home/dzh/project/vdtuner/vector-db-benchmark-master/engine/servers/milvus-single-node/volumes
 Network milvus  Creating
 Network milvus  Created
 Container milvus-etcd  Creating
 Container milvus-minio  Creating
 Container milvus-minio  Created
 Container milvus-etcd  Created
 Container milvus-standalone  Creating
 Container milvus-standalone  Created
 Container milvus-etcd  Starting
 Container milvus-minio  Starting
 Container milvus-etcd  Started
 Container milvus-minio  Started
 Container milvus-standalone  Starting
 Container milvus-standalone  Started
>>> [Step 3] 等待服务启动 (90s)...
    等待中... (10s/120s)
    ✅ Milvus 服务已就绪
>>> [Step 4] 运行 Benchmark...
Running experiment: milvus-p10 - random-geo-radius-2048-angular-no-filters
established connection
/home/dzh/project/vdtuner/vector-db-benchmark-master/datasets/random-geo-radius-2048-angular/random_geo_100k_no_filters already exists
Experiment stage: Configure
Experiment stage: Upload

0it [00:00, ?it/s]
1it [00:00,  1.50it/s]
64it [00:00, 80.37it/s]
640it [00:01, 920.91it/s]
896it [00:01, 1187.65it/s]
1344it [00:01, 1829.28it/s]
1649it [00:01, 1982.55it/s]
1933it [00:01, 2020.41it/s]
2193it [00:01, 2024.86it/s]
2560it [00:01, 2366.46it/s]
2832it [00:01, 2410.34it/s]
3456it [00:02, 3383.26it/s]
4480it [00:02, 5169.05it/s]
5504it [00:02, 6549.78it/s]
6538it [00:02, 7617.83it/s]
7552it [00:02, 8206.07it/s]
8576it [00:02, 8770.88it/s]
9600it [00:02, 9080.84it/s]
10594it [00:02, 9330.21it/s]
11538it [00:02, 9333.91it/s]
12484it [00:02, 9370.09it/s]
13427it [00:03, 9275.36it/s]
14359it [00:03, 9159.65it/s]
15278it [00:03, 9108.25it/s]
16256it [00:03, 9196.51it/s]
17177it [00:03, 6852.81it/s]
18176it [00:03, 7498.64it/s]
19136it [00:03, 7961.27it/s]
20096it [00:03, 8317.21it/s]
21120it [00:03, 8757.70it/s]
22144it [00:04, 9125.22it/s]
23104it [00:04, 9214.21it/s]
24128it [00:04, 9453.05it/s]
25088it [00:04, 9426.85it/s]
26048it [00:04, 9401.21it/s]
27008it [00:04, 9434.57it/s]
27968it [00:04, 9465.99it/s]
28919it [00:04, 9457.34it/s]
29888it [00:04, 9467.73it/s]
30848it [00:05, 9435.47it/s]
31793it [00:05, 7410.91it/s]
32704it [00:05, 7773.96it/s]
33728it [00:05, 8325.35it/s]
34752it [00:05, 8767.95it/s]
35756it [00:05, 9119.00it/s]
36696it [00:05, 9163.91it/s]
37696it [00:05, 9392.16it/s]
38720it [00:05, 9543.02it/s]
39744it [00:06, 9722.48it/s]
40724it [00:06, 9704.59it/s]
41700it [00:06, 9637.09it/s]
42688it [00:06, 9594.64it/s]
43651it [00:06, 9557.33it/s]
44617it [00:06, 9587.20it/s]
45578it [00:06, 6551.15it/s]
46528it [00:06, 7148.76it/s]
47424it [00:06, 7506.54it/s]
48320it [00:07, 7807.33it/s]
49200it [00:07, 8069.73it/s]
50055it [00:07, 8094.28it/s]
50944it [00:07, 8255.75it/s]
51877it [00:07, 8551.32it/s]
52762it [00:07, 8636.22it/s]
53743it [00:07, 8977.72it/s]
54656it [00:07, 9012.41it/s]
55616it [00:07, 9041.73it/s]
56576it [00:08, 9110.38it/s]
57491it [00:08, 9016.18it/s]
58432it [00:08, 9088.33it/s]
59392it [00:08, 9174.00it/s]
60332it [00:08, 9240.04it/s]
61258it [00:08, 7423.43it/s]
62144it [00:08, 7754.06it/s]
63042it [00:08, 8078.58it/s]
63964it [00:08, 8391.34it/s]
64917it [00:09, 8711.81it/s]
65810it [00:09, 8710.02it/s]
66697it [00:09, 8606.71it/s]
67569it [00:09, 8187.69it/s]
68480it [00:09, 8408.85it/s]
69330it [00:09, 8416.75it/s]
70208it [00:09, 8440.12it/s]
71057it [00:09, 8326.75it/s]
71893it [00:09, 7851.07it/s]
72717it [00:09, 7960.01it/s]
73600it [00:10, 8110.97it/s]
74432it [00:10, 8094.15it/s]
75363it [00:10, 8445.70it/s]
76211it [00:10, 5128.76it/s]
77146it [00:10, 5982.14it/s]
78060it [00:10, 6689.68it/s]
78976it [00:10, 7245.43it/s]
79872it [00:11, 7653.76it/s]
80768it [00:11, 7962.16it/s]
81728it [00:11, 8355.57it/s]
82611it [00:11, 8488.34it/s]
83492it [00:11, 8241.02it/s]
84352it [00:11, 8337.50it/s]
85248it [00:11, 8492.56it/s]
86144it [00:11, 8528.10it/s]
87040it [00:11, 8640.06it/s]
87911it [00:11, 8567.37it/s]
88832it [00:12, 8634.90it/s]
89792it [00:12, 8804.69it/s]
90675it [00:12, 5797.34it/s]
91584it [00:12, 6447.57it/s]
92544it [00:12, 7099.83it/s]
93465it [00:12, 7622.84it/s]
94364it [00:12, 7980.26it/s]
95232it [00:12, 8144.74it/s]
96192it [00:13, 8435.28it/s]
97152it [00:13, 8684.80it/s]
98044it [00:13, 8722.69it/s]
98944it [00:13, 8708.95it/s]
99840it [00:13, 8760.96it/s]
100000it [00:13, 7428.09it/s]
Upload time: 13.85625306610018
Total import time: 43.47855673311278
Experiment stage: Search

0it [00:00, ?it/s]
4it [00:00,  5.20it/s]
14it [00:00, 19.77it/s]
27it [00:00, 39.53it/s]
81it [00:01, 141.88it/s]
166it [00:01, 300.00it/s]
262it [00:01, 459.20it/s]
357it [00:01, 585.20it/s]
459it [00:01, 700.08it/s]
546it [00:01, 743.90it/s]
630it [00:01, 748.63it/s]
725it [00:01, 803.80it/s]
818it [00:01, 835.12it/s]
905it [00:02, 823.31it/s]
990it [00:02, 829.64it/s]
1075it [00:02, 830.52it/s]
1160it [00:02, 826.93it/s]
1249it [00:02, 843.55it/s]
1346it [00:02, 879.06it/s]
1435it [00:02, 877.32it/s]
1526it [00:02, 885.30it/s]
1621it [00:02, 904.30it/s]
1725it [00:02, 942.46it/s]
1820it [00:03, 935.38it/s]
1914it [00:03, 929.51it/s]
2008it [00:03, 928.00it/s]
2101it [00:03, 884.26it/s]
2202it [00:03, 920.30it/s]
2296it [00:03, 924.32it/s]
2393it [00:03, 935.81it/s]
2487it [00:03, 934.17it/s]
2581it [00:03, 913.29it/s]
2673it [00:03, 910.43it/s]
2771it [00:04, 930.70it/s]
2870it [00:04, 942.58it/s]
2965it [00:04, 920.39it/s]
3060it [00:04, 926.41it/s]
3153it [00:04, 919.82it/s]
3247it [00:04, 925.35it/s]
3341it [00:04, 927.35it/s]
3437it [00:04, 934.99it/s]
3531it [00:04, 921.28it/s]
3624it [00:04, 906.00it/s]
3718it [00:05, 913.50it/s]
3814it [00:05, 926.65it/s]
3908it [00:05, 929.80it/s]
4002it [00:05, 920.82it/s]
4095it [00:05, 877.54it/s]
4184it [00:05, 871.89it/s]
4272it [00:05, 861.39it/s]
4359it [00:05, 849.11it/s]
4446it [00:05, 851.84it/s]
4534it [00:06, 859.62it/s]
4630it [00:06, 888.72it/s]
4720it [00:06, 889.55it/s]
4815it [00:06, 905.71it/s]
4906it [00:06, 898.78it/s]
5002it [00:06, 915.74it/s]
5094it [00:06, 915.97it/s]
5197it [00:06, 948.53it/s]
5294it [00:06, 953.62it/s]
5392it [00:06, 959.64it/s]
5488it [00:07, 916.67it/s]
5583it [00:07, 926.18it/s]
5685it [00:07, 952.65it/s]
5787it [00:07, 970.37it/s]
5885it [00:07, 897.39it/s]
5978it [00:07, 896.86it/s]
6069it [00:07, 894.30it/s]
6160it [00:07, 893.98it/s]
6250it [00:07, 860.77it/s]
6341it [00:08, 874.61it/s]
6429it [00:08, 872.15it/s]
6523it [00:08, 890.84it/s]
6613it [00:08, 888.58it/s]
6703it [00:08, 867.99it/s]
6806it [00:08, 913.74it/s]
6900it [00:08, 919.05it/s]
6993it [00:08, 912.79it/s]
7087it [00:08, 920.24it/s]
7180it [00:08, 913.39it/s]
7272it [00:09, 899.70it/s]
7367it [00:09, 911.77it/s]
7459it [00:09, 868.11it/s]
7547it [00:09, 868.16it/s]
7638it [00:09, 878.08it/s]
7727it [00:09, 859.86it/s]
7819it [00:09, 874.62it/s]
7912it [00:09, 888.24it/s]
8001it [00:09, 841.71it/s]
8093it [00:09, 862.50it/s]
8182it [00:10, 869.52it/s]
8279it [00:10, 898.02it/s]
8370it [00:10, 781.09it/s]
8452it [00:10, 786.20it/s]
8540it [00:10, 809.99it/s]
8632it [00:10, 840.53it/s]
8726it [00:10, 867.73it/s]
8814it [00:10, 869.84it/s]
8911it [00:10, 897.55it/s]
9003it [00:11, 901.89it/s]
9094it [00:11, 837.03it/s]
9179it [00:11, 831.81it/s]
9268it [00:11, 848.24it/s]
9360it [00:11, 868.23it/s]
9450it [00:11, 876.38it/s]
9539it [00:11, 872.04it/s]
9627it [00:11, 869.34it/s]
9715it [00:11, 869.73it/s]
9808it [00:11, 887.24it/s]
9900it [00:12, 893.80it/s]
9990it [00:12, 822.82it/s]
10000it [00:12, 818.32it/s]
Experiment stage: Done
Results saved to:  /home/dzh/project/vdtuner/vector-db-benchmark-master/results
>>> [Step 5] 收尾工作...
    监控日志已保存。
📊 测试结果摘要:
0.37739
811.7499924294334
0.0037599697476252913
line1:  0.0037599697476252913
line1:  811.7499924294334
line1:  0.37739
numeric_values:  [0.0037599697476252913, 811.7499924294334, 0.37739]
[20] 1654 0.37739 0.0037599697476252913 88
/bin/sh: 1: Syntax error: "(" unexpected
/data/dzh/venv/lib/python3.10/site-packages/botorch/acquisition/multi_objective/monte_carlo.py:110: NumericsWarning: qExpectedHypervolumeImprovement has known numerical issues that lead to suboptimal optimization performance. It is strongly recommended to simply replace

	 qExpectedHypervolumeImprovement 	 --> 	 qLogExpectedHypervolumeImprovement 

instead, which fixes the issues and has the same API. See https://arxiv.org/abs/2310.20708 for details.
  legacy_ei_numerics_warning(legacy_name=type(self).__name__)
--- DEBUG: Starting command:---
=======================================
🛠️  开始测试流程
Engine: milvus-p10 | Dataset: random-geo-radius-2048-angular-no-filters
=======================================
>>> [Step 1] 启动后台监控...
    监控进程 PID: 259546
>>> [Step 2] 重置 Milvus...
 Container milvus-standalone  Stopping
 Container milvus-standalone  Stopped
 Container milvus-standalone  Removing
 Container milvus-standalone  Removed
 Container milvus-etcd  Stopping
 Container milvus-minio  Stopping
 Container milvus-etcd  Stopped
 Container milvus-etcd  Removing
 Container milvus-etcd  Removed
 Container milvus-minio  Stopped
 Container milvus-minio  Removing
 Container milvus-minio  Removed
 Network milvus  Removing
 Network milvus  Removed
    🧹 清理宿主机数据目录: /home/dzh/project/vdtuner/vector-db-benchmark-master/engine/servers/milvus-single-node/volumes
 Network milvus  Creating
 Network milvus  Created
 Container milvus-etcd  Creating
 Container milvus-minio  Creating
 Container milvus-etcd  Created
 Container milvus-minio  Created
 Container milvus-standalone  Creating
 Container milvus-standalone  Created
 Container milvus-minio  Starting
 Container milvus-etcd  Starting
 Container milvus-etcd  Started
 Container milvus-minio  Started
 Container milvus-standalone  Starting
 Container milvus-standalone  Started
>>> [Step 3] 等待服务启动 (90s)...
    等待中... (10s/120s)
    ✅ Milvus 服务已就绪
>>> [Step 4] 运行 Benchmark...
Running experiment: milvus-p10 - random-geo-radius-2048-angular-no-filters
established connection
/home/dzh/project/vdtuner/vector-db-benchmark-master/datasets/random-geo-radius-2048-angular/random_geo_100k_no_filters already exists
Experiment stage: Configure
Experiment stage: Upload

0it [00:00, ?it/s]
1it [00:00,  1.58it/s]
64it [00:00, 79.06it/s]
576it [00:01, 819.49it/s]
785it [00:01, 996.04it/s]
1024it [00:01, 1239.31it/s]
1280it [00:01, 1513.87it/s]
1499it [00:01, 1638.97it/s]
1984it [00:01, 2397.31it/s]
2304it [00:01, 2450.70it/s]
2816it [00:01, 3104.65it/s]
3200it [00:02, 3083.68it/s]
3754it [00:02, 3727.98it/s]
4800it [00:02, 5550.48it/s]
5884it [00:02, 7030.16it/s]
6817it [00:02, 7672.18it/s]
7820it [00:02, 8354.21it/s]
8832it [00:02, 8794.47it/s]
9856it [00:02, 9115.05it/s]
10780it [00:02, 8980.68it/s]
11712it [00:02, 9012.68it/s]
12696it [00:03, 9253.63it/s]
13696it [00:03, 9391.90it/s]
14712it [00:03, 9617.47it/s]
15680it [00:03, 9609.98it/s]
16704it [00:03, 9714.29it/s]
17677it [00:03, 8329.50it/s]
18560it [00:03, 8426.75it/s]
19456it [00:03, 8541.72it/s]
20416it [00:03, 8762.81it/s]
21376it [00:04, 8933.99it/s]
22280it [00:04, 8958.12it/s]
23232it [00:04, 9080.71it/s]
24192it [00:04, 9147.74it/s]
25152it [00:04, 9135.97it/s]
26069it [00:04, 9002.90it/s]
27072it [00:04, 9183.23it/s]
28070it [00:04, 9414.33it/s]
29019it [00:04, 9434.81it/s]
29978it [00:04, 9480.42it/s]
30927it [00:05, 9480.29it/s]
31936it [00:05, 9524.57it/s]
32889it [00:05, 5841.90it/s]
33856it [00:05, 6594.31it/s]
34752it [00:05, 7065.04it/s]
35674it [00:05, 7586.63it/s]
36631it [00:05, 8096.24it/s]
37632it [00:05, 8518.79it/s]
38592it [00:06, 8703.36it/s]
39552it [00:06, 8913.99it/s]
40505it [00:06, 9088.75it/s]
41436it [00:06, 9141.41it/s]
42366it [00:06, 9110.21it/s]
43288it [00:06, 8954.60it/s]
44224it [00:06, 9016.06it/s]
45184it [00:06, 9099.13it/s]
46098it [00:07, 5774.94it/s]
46912it [00:07, 6211.52it/s]
47835it [00:07, 6901.03it/s]
48691it [00:07, 7308.86it/s]
49600it [00:07, 7689.78it/s]
50608it [00:07, 8331.85it/s]
51520it [00:07, 8417.62it/s]
52416it [00:07, 8469.40it/s]
53376it [00:07, 8699.43it/s]
54336it [00:07, 8915.10it/s]
55296it [00:08, 9035.95it/s]
56210it [00:08, 8975.73it/s]
57152it [00:08, 9077.14it/s]
58071it [00:08, 9109.65it/s]
59008it [00:08, 9072.26it/s]
59968it [00:08, 9190.45it/s]
60889it [00:08, 5527.62it/s]
61824it [00:09, 6273.55it/s]
62784it [00:09, 6966.94it/s]
63702it [00:09, 7499.14it/s]
64640it [00:09, 7932.41it/s]
65536it [00:09, 8186.35it/s]
66415it [00:09, 8250.96it/s]
67283it [00:09, 8078.92it/s]
68121it [00:09, 8019.56it/s]
68944it [00:09, 7899.49it/s]
69749it [00:09, 7887.63it/s]
70548it [00:10, 7819.85it/s]
71386it [00:10, 7980.39it/s]
72192it [00:10, 7895.41it/s]
73110it [00:10, 8268.51it/s]
74039it [00:10, 8567.62it/s]
74935it [00:10, 8682.88it/s]
75840it [00:10, 8694.25it/s]
76712it [00:11, 5363.85it/s]
77568it [00:11, 5981.26it/s]
78336it [00:11, 6311.90it/s]
79168it [00:11, 6794.01it/s]
80064it [00:11, 7321.62it/s]
81024it [00:11, 7809.32it/s]
81920it [00:11, 8094.14it/s]
82880it [00:11, 8397.18it/s]
83776it [00:11, 8460.60it/s]
84736it [00:11, 8677.86it/s]
85632it [00:12, 8698.93it/s]
86592it [00:12, 8892.40it/s]
87489it [00:12, 8756.19it/s]
88384it [00:12, 8760.37it/s]
89344it [00:12, 8901.78it/s]
90237it [00:12, 8880.03it/s]
91127it [00:12, 7249.05it/s]
91968it [00:12, 7470.49it/s]
92806it [00:12, 7711.23it/s]
93760it [00:13, 8128.67it/s]
94656it [00:13, 8255.56it/s]
95552it [00:13, 8338.60it/s]
96448it [00:13, 8451.36it/s]
97344it [00:13, 8527.91it/s]
98204it [00:13, 8371.89it/s]
99046it [00:13, 8024.49it/s]
99854it [00:13, 7836.26it/s]
100000it [00:13, 7245.83it/s]
Upload time: 14.354513898026198
Total import time: 21.097380847204477
Experiment stage: Search

0it [00:00, ?it/s]
4it [00:00,  5.18it/s]
9it [00:00, 11.64it/s]
31it [00:01, 47.52it/s]
54it [00:01, 83.09it/s]
85it [00:01, 132.08it/s]
125it [00:01, 186.28it/s]
169it [00:01, 247.80it/s]
250it [00:01, 391.10it/s]
301it [00:01, 405.86it/s]
366it [00:01, 470.48it/s]
436it [00:01, 533.31it/s]
521it [00:01, 621.04it/s]
601it [00:02, 635.06it/s]
667it [00:02, 559.52it/s]
726it [00:02, 526.82it/s]
805it [00:02, 593.31it/s]
893it [00:02, 668.49it/s]
965it [00:02, 679.21it/s]
1046it [00:02, 714.20it/s]
1127it [00:02, 740.11it/s]
1214it [00:02, 777.48it/s]
1298it [00:03, 794.43it/s]
1383it [00:03, 809.41it/s]
1467it [00:03, 817.87it/s]
1562it [00:03, 855.32it/s]
1650it [00:03, 862.52it/s]
1740it [00:03, 870.93it/s]
1828it [00:03, 843.42it/s]
1914it [00:03, 846.93it/s]
2008it [00:03, 861.65it/s]
2095it [00:04, 804.17it/s]
2179it [00:04, 810.77it/s]
2261it [00:04, 801.21it/s]
2346it [00:04, 793.60it/s]
2439it [00:04, 831.75it/s]
2528it [00:04, 846.90it/s]
2620it [00:04, 864.83it/s]
2717it [00:04, 893.52it/s]
2807it [00:04, 895.28it/s]
2900it [00:04, 902.63it/s]
2993it [00:05, 909.37it/s]
3085it [00:05, 888.96it/s]
3175it [00:05, 751.53it/s]
3254it [00:05, 675.99it/s]
3326it [00:05, 554.34it/s]
3388it [00:05, 568.04it/s]
3456it [00:05, 594.09it/s]
3519it [00:05, 564.07it/s]
3591it [00:06, 603.06it/s]
3654it [00:06, 586.66it/s]
3736it [00:06, 646.86it/s]
3813it [00:06, 677.81it/s]
3893it [00:06, 710.51it/s]
3978it [00:06, 750.25it/s]
4055it [00:06, 747.42it/s]
4135it [00:06, 761.47it/s]
4236it [00:06, 832.95it/s]
4330it [00:07, 864.48it/s]
4424it [00:07, 885.38it/s]
4513it [00:07, 883.72it/s]
4602it [00:07, 824.40it/s]
4687it [00:07, 829.51it/s]
4776it [00:07, 845.82it/s]
4864it [00:07, 854.10it/s]
4950it [00:07, 658.00it/s]
5023it [00:07, 617.76it/s]
5090it [00:08, 535.37it/s]
5179it [00:08, 611.73it/s]
5264it [00:08, 669.08it/s]
5359it [00:08, 740.50it/s]
5447it [00:08, 776.41it/s]
5547it [00:08, 838.07it/s]
5634it [00:08, 846.49it/s]
5721it [00:08, 829.89it/s]
5806it [00:08, 821.97it/s]
5890it [00:09, 816.20it/s]
5973it [00:09, 801.02it/s]
6059it [00:09, 816.69it/s]
6142it [00:09, 778.27it/s]
6221it [00:09, 733.81it/s]
6296it [00:09, 703.67it/s]
6368it [00:09, 687.94it/s]
6444it [00:09, 705.64it/s]
6516it [00:09, 699.54it/s]
6587it [00:10, 662.06it/s]
6673it [00:10, 716.24it/s]
6746it [00:10, 663.54it/s]
6814it [00:10, 622.23it/s]
6878it [00:10, 621.22it/s]
6957it [00:10, 667.15it/s]
7025it [00:10, 668.02it/s]
7114it [00:10, 731.30it/s]
7197it [00:10, 757.60it/s]
7286it [00:11, 795.82it/s]
7377it [00:11, 828.17it/s]
7461it [00:11, 751.55it/s]
7538it [00:11, 519.10it/s]
7601it [00:11, 413.81it/s]
7653it [00:11, 390.36it/s]
7718it [00:12, 440.86it/s]
7813it [00:12, 551.48it/s]
7878it [00:12, 551.96it/s]
7940it [00:12, 327.08it/s]
7988it [00:12, 334.34it/s]
8033it [00:12, 323.50it/s]
8073it [00:13, 258.20it/s]
8106it [00:13, 263.95it/s]
8138it [00:13, 250.92it/s]
8167it [00:13, 250.43it/s]
8195it [00:13, 226.99it/s]
8221it [00:13, 232.96it/s]
8246it [00:14, 169.05it/s]
8267it [00:14, 161.93it/s]
8286it [00:14, 153.36it/s]
8328it [00:14, 206.68it/s]
8353it [00:14, 215.98it/s]
8377it [00:14, 215.95it/s]
8401it [00:14, 218.79it/s]
8425it [00:14, 215.43it/s]
8448it [00:15, 175.20it/s]
8508it [00:15, 271.58it/s]
8539it [00:15, 247.59it/s]
8567it [00:15, 200.08it/s]
8604it [00:15, 210.92it/s]
8633it [00:15, 227.42it/s]
8658it [00:16, 218.38it/s]
8685it [00:16, 225.16it/s]
8709it [00:16, 200.45it/s]
8731it [00:16, 180.16it/s]
8750it [00:16, 162.71it/s]
8775it [00:16, 158.71it/s]
8792it [00:16, 160.35it/s]
8819it [00:16, 186.32it/s]
8839it [00:17, 181.10it/s]
8871it [00:17, 175.23it/s]
8931it [00:17, 269.80it/s]
8961it [00:17, 239.55it/s]
9006it [00:17, 287.77it/s]
9047it [00:17, 318.10it/s]
9113it [00:17, 407.63it/s]
9185it [00:17, 492.18it/s]
9256it [00:18, 552.36it/s]
9322it [00:18, 582.74it/s]
9383it [00:18, 494.01it/s]
9437it [00:18, 362.26it/s]
9481it [00:18, 341.07it/s]
9521it [00:18, 301.62it/s]
9556it [00:19, 254.93it/s]
9595it [00:19, 280.34it/s]
9629it [00:19, 290.97it/s]
9676it [00:19, 332.37it/s]
9713it [00:19, 288.68it/s]
9745it [00:19, 238.40it/s]
9773it [00:19, 240.24it/s]
9801it [00:20, 194.65it/s]
9826it [00:20, 204.64it/s]
9862it [00:20, 236.24it/s]
9889it [00:20, 222.88it/s]
9924it [00:20, 246.94it/s]
9966it [00:20, 284.04it/s]
9997it [00:20, 270.91it/s]
10000it [00:20, 479.44it/s]
Experiment stage: Done
Results saved to:  /home/dzh/project/vdtuner/vector-db-benchmark-master/results
>>> [Step 5] 收尾工作...
    监控日志已保存。
📊 测试结果摘要:
0.39802
476.07078716148766
0.0060800452483817935
line1:  0.0060800452483817935
line1:  476.07078716148766
line1:  0.39802
numeric_values:  [0.0060800452483817935, 476.07078716148766, 0.39802]
[21] 1728 0.39802 0.0060800452483817935 74
/bin/sh: 1: Syntax error: "(" unexpected
/data/dzh/venv/lib/python3.10/site-packages/botorch/acquisition/multi_objective/monte_carlo.py:110: NumericsWarning: qExpectedHypervolumeImprovement has known numerical issues that lead to suboptimal optimization performance. It is strongly recommended to simply replace

	 qExpectedHypervolumeImprovement 	 --> 	 qLogExpectedHypervolumeImprovement 

instead, which fixes the issues and has the same API. See https://arxiv.org/abs/2310.20708 for details.
  legacy_ei_numerics_warning(legacy_name=type(self).__name__)
--- DEBUG: Starting command:---
=======================================
🛠️  开始测试流程
Engine: milvus-p10 | Dataset: random-geo-radius-2048-angular-no-filters
=======================================
>>> [Step 1] 启动后台监控...
    监控进程 PID: 271797
>>> [Step 2] 重置 Milvus...
 Container milvus-standalone  Stopping
 Container milvus-standalone  Stopped
 Container milvus-standalone  Removing
 Container milvus-standalone  Removed
 Container milvus-etcd  Stopping
 Container milvus-minio  Stopping
 Container milvus-etcd  Stopped
 Container milvus-etcd  Removing
 Container milvus-etcd  Removed
 Container milvus-minio  Stopped
 Container milvus-minio  Removing
 Container milvus-minio  Removed
 Network milvus  Removing
 Network milvus  Removed
    🧹 清理宿主机数据目录: /home/dzh/project/vdtuner/vector-db-benchmark-master/engine/servers/milvus-single-node/volumes
 Network milvus  Creating
 Network milvus  Created
 Container milvus-minio  Creating
 Container milvus-etcd  Creating
 Container milvus-etcd  Created
 Container milvus-minio  Created
 Container milvus-standalone  Creating
 Container milvus-standalone  Created
 Container milvus-minio  Starting
 Container milvus-etcd  Starting
 Container milvus-etcd  Started
 Container milvus-minio  Started
 Container milvus-standalone  Starting
 Container milvus-standalone  Started
>>> [Step 3] 等待服务启动 (90s)...
    等待中... (10s/120s)
    ✅ Milvus 服务已就绪
>>> [Step 4] 运行 Benchmark...
Running experiment: milvus-p10 - random-geo-radius-2048-angular-no-filters
established connection
/home/dzh/project/vdtuner/vector-db-benchmark-master/datasets/random-geo-radius-2048-angular/random_geo_100k_no_filters already exists
Experiment stage: Configure
Experiment stage: Upload

0it [00:00, ?it/s]
1it [00:01,  1.69s/it]
768it [00:01, 591.83it/s]
1160it [00:02, 821.40it/s]
1453it [00:02, 1046.68it/s]
1736it [00:02, 1261.27it/s]
2176it [00:02, 1706.73it/s]
2477it [00:02, 1735.74it/s]
3008it [00:02, 2388.73it/s]
3712it [00:02, 3362.12it/s]
4544it [00:02, 4466.03it/s]
5632it [00:02, 5991.48it/s]
6656it [00:03, 7064.13it/s]
7616it [00:03, 7736.02it/s]
8576it [00:03, 8216.97it/s]
9600it [00:03, 8711.45it/s]
10512it [00:03, 8826.23it/s]
11456it [00:03, 8919.37it/s]
12416it [00:03, 9115.39it/s]
13376it [00:03, 9127.77it/s]
14336it [00:03, 9203.33it/s]
15296it [00:03, 9217.46it/s]
16223it [00:04, 8487.23it/s]
17086it [00:04, 8265.57it/s]
17923it [00:04, 8283.86it/s]
18852it [00:04, 8569.12it/s]
19776it [00:04, 8718.03it/s]
20800it [00:04, 9148.57it/s]
21792it [00:04, 9374.09it/s]
22734it [00:04, 9227.20it/s]
23744it [00:04, 9430.21it/s]
24704it [00:05, 9420.52it/s]
25664it [00:05, 9473.01it/s]
26624it [00:05, 9472.95it/s]
27584it [00:05, 9465.22it/s]
28544it [00:05, 9438.57it/s]
29504it [00:05, 9467.78it/s]
30464it [00:05, 9385.84it/s]
31424it [00:05, 9425.76it/s]
32367it [00:06, 6178.40it/s]
33280it [00:06, 6791.79it/s]
34209it [00:06, 7371.78it/s]
35136it [00:06, 7784.24it/s]
36070it [00:06, 8193.08it/s]
36992it [00:06, 8319.39it/s]
37888it [00:06, 8402.85it/s]
38848it [00:06, 8653.92it/s]
39744it [00:06, 8696.48it/s]
40704it [00:06, 8891.08it/s]
41605it [00:07, 8535.05it/s]
42560it [00:07, 8726.26it/s]
43520it [00:07, 8891.37it/s]
44416it [00:07, 8750.79it/s]
45376it [00:07, 8873.69it/s]
46272it [00:07, 8805.07it/s]
47168it [00:07, 8824.35it/s]
48052it [00:07, 8147.12it/s]
48877it [00:07, 8147.31it/s]
49699it [00:08, 7942.39it/s]
50560it [00:08, 8034.75it/s]
51449it [00:08, 8278.53it/s]
52300it [00:08, 8344.88it/s]
53184it [00:08, 8464.16it/s]
54112it [00:08, 8703.81it/s]
54985it [00:08, 8676.32it/s]
55936it [00:08, 8847.76it/s]
56822it [00:08, 8780.06it/s]
57728it [00:08, 8762.78it/s]
58671it [00:09, 8958.80it/s]
59584it [00:09, 8991.28it/s]
60544it [00:09, 9051.54it/s]
61518it [00:09, 9253.98it/s]
62444it [00:09, 6474.18it/s]
63296it [00:09, 6923.87it/s]
64192it [00:09, 7400.02it/s]
65099it [00:09, 7832.49it/s]
65984it [00:09, 7948.12it/s]
66822it [00:10, 7997.36it/s]
67713it [00:10, 8252.48it/s]
68562it [00:10, 8248.72it/s]
69403it [00:10, 8291.27it/s]
70283it [00:10, 8438.90it/s]
71220it [00:10, 8711.95it/s]
72098it [00:10, 8605.30it/s]
73024it [00:10, 8747.73it/s]
73920it [00:10, 8748.22it/s]
74798it [00:11, 8709.47it/s]
75671it [00:11, 8640.08it/s]
76608it [00:11, 8736.13it/s]
77483it [00:11, 6140.92it/s]
78359it [00:11, 6736.61it/s]
79262it [00:11, 7298.94it/s]
80128it [00:11, 7601.90it/s]
81088it [00:11, 8026.54it/s]
81984it [00:11, 8234.85it/s]
82944it [00:12, 8517.66it/s]
83884it [00:12, 8767.44it/s]
84779it [00:12, 8778.16it/s]
85696it [00:12, 8871.62it/s]
86593it [00:12, 8837.73it/s]
87488it [00:12, 8750.27it/s]
88368it [00:12, 8716.72it/s]
89243it [00:12, 8553.09it/s]
90101it [00:12, 8529.19it/s]
91008it [00:13, 8557.10it/s]
91968it [00:13, 8745.46it/s]
92844it [00:13, 7197.47it/s]
93707it [00:13, 7562.66it/s]
94628it [00:13, 8002.50it/s]
95488it [00:13, 8073.49it/s]
96318it [00:13, 7961.77it/s]
97216it [00:13, 8192.92it/s]
98176it [00:13, 8491.78it/s]
99136it [00:14, 8708.10it/s]
100000it [00:14, 7091.85it/s]
Upload time: 14.510903564747423
Total import time: 44.539264550898224
Experiment stage: Search

0it [00:00, ?it/s]
4it [00:00,  5.16it/s]
12it [00:00, 16.26it/s]
45it [00:01, 68.73it/s]
73it [00:01, 109.53it/s]
155it [00:01, 263.83it/s]
240it [00:01, 401.92it/s]
330it [00:01, 527.17it/s]
427it [00:01, 644.24it/s]
520it [00:01, 721.18it/s]
612it [00:01, 772.92it/s]
703it [00:01, 811.09it/s]
794it [00:01, 834.54it/s]
882it [00:02, 815.52it/s]
967it [00:02, 819.31it/s]
1060it [00:02, 850.62it/s]
1151it [00:02, 865.93it/s]
1244it [00:02, 883.51it/s]
1340it [00:02, 891.45it/s]
1430it [00:02, 892.82it/s]
1524it [00:02, 905.16it/s]
1615it [00:02, 903.53it/s]
1706it [00:02, 873.70it/s]
1794it [00:03, 842.81it/s]
1886it [00:03, 863.25it/s]
1973it [00:03, 864.40it/s]
2067it [00:03, 884.47it/s]
2156it [00:03, 870.73it/s]
2244it [00:03, 839.50it/s]
2344it [00:03, 883.98it/s]
2436it [00:03, 893.83it/s]
2527it [00:03, 896.90it/s]
2617it [00:04, 896.42it/s]
2707it [00:04, 813.86it/s]
2790it [00:04, 800.62it/s]
2872it [00:04, 803.48it/s]
2954it [00:04, 797.74it/s]
3035it [00:04, 799.40it/s]
3132it [00:04, 847.13it/s]
3218it [00:04, 846.07it/s]
3303it [00:04, 820.99it/s]
3391it [00:04, 837.71it/s]
3476it [00:05, 828.31it/s]
3560it [00:05, 828.01it/s]
3651it [00:05, 850.74it/s]
3743it [00:05, 870.66it/s]
3832it [00:05, 874.49it/s]
3921it [00:05, 877.16it/s]
4009it [00:05, 855.68it/s]
4101it [00:05, 873.81it/s]
4193it [00:05, 886.31it/s]
4282it [00:05, 872.67it/s]
4370it [00:06, 843.68it/s]
4460it [00:06, 858.97it/s]
4547it [00:06, 739.10it/s]
4626it [00:06, 747.41it/s]
4719it [00:06, 796.73it/s]
4801it [00:06, 783.67it/s]
4891it [00:06, 814.97it/s]
4977it [00:06, 827.35it/s]
5064it [00:06, 839.46it/s]
5149it [00:07, 831.91it/s]
5247it [00:07, 865.21it/s]
5347it [00:07, 904.19it/s]
5449it [00:07, 936.82it/s]
5547it [00:07, 949.32it/s]
5643it [00:07, 914.38it/s]
5739it [00:07, 923.78it/s]
5832it [00:07, 916.29it/s]
5924it [00:07, 907.34it/s]
6015it [00:08, 880.36it/s]
6104it [00:08, 873.70it/s]
6199it [00:08, 894.34it/s]
6302it [00:08, 932.44it/s]
6398it [00:08, 940.00it/s]
6493it [00:08, 927.25it/s]
6586it [00:08, 879.36it/s]
6675it [00:08, 851.54it/s]
6761it [00:08, 833.97it/s]
6845it [00:08, 811.60it/s]
6927it [00:09, 811.97it/s]
7010it [00:09, 817.06it/s]
7092it [00:09, 784.87it/s]
7178it [00:09, 802.54it/s]
7261it [00:09, 809.09it/s]
7343it [00:09, 807.20it/s]
7426it [00:09, 812.66it/s]
7508it [00:09, 809.04it/s]
7589it [00:09, 803.44it/s]
7670it [00:10, 766.07it/s]
7752it [00:10, 780.08it/s]
7831it [00:10, 780.99it/s]
7921it [00:10, 815.13it/s]
8008it [00:10, 831.14it/s]
8103it [00:10, 865.17it/s]
8198it [00:10, 889.38it/s]
8292it [00:10, 903.52it/s]
8383it [00:10, 846.66it/s]
8469it [00:10, 828.29it/s]
8553it [00:11, 829.73it/s]
8643it [00:11, 849.22it/s]
8732it [00:11, 857.55it/s]
8819it [00:11, 844.30it/s]
8910it [00:11, 863.28it/s]
9001it [00:11, 874.84it/s]
9094it [00:11, 888.07it/s]
9183it [00:11, 880.04it/s]
9272it [00:11, 864.11it/s]
9359it [00:11, 842.40it/s]
9447it [00:12, 852.68it/s]
9549it [00:12, 899.13it/s]
9644it [00:12, 895.44it/s]
9734it [00:12, 889.67it/s]
9831it [00:12, 911.09it/s]
9924it [00:12, 914.49it/s]
10000it [00:12, 788.60it/s]
Experiment stage: Done
Results saved to:  /home/dzh/project/vdtuner/vector-db-benchmark-master/results
>>> [Step 5] 收尾工作...
    监控日志已保存。
📊 测试结果摘要:
0.39957
781.1189476970461
0.003861354780383407
line1:  0.003861354780383407
line1:  781.1189476970461
line1:  0.39957
numeric_values:  [0.003861354780383407, 781.1189476970461, 0.39957]
[22] 1819 0.39957 0.003861354780383407 90
/bin/sh: 1: Syntax error: "(" unexpected
/data/dzh/venv/lib/python3.10/site-packages/botorch/acquisition/multi_objective/monte_carlo.py:110: NumericsWarning: qExpectedHypervolumeImprovement has known numerical issues that lead to suboptimal optimization performance. It is strongly recommended to simply replace

	 qExpectedHypervolumeImprovement 	 --> 	 qLogExpectedHypervolumeImprovement 

instead, which fixes the issues and has the same API. See https://arxiv.org/abs/2310.20708 for details.
  legacy_ei_numerics_warning(legacy_name=type(self).__name__)
--- DEBUG: Starting command:---
=======================================
🛠️  开始测试流程
Engine: milvus-p10 | Dataset: random-geo-radius-2048-angular-no-filters
=======================================
>>> [Step 1] 启动后台监控...
    监控进程 PID: 284940
>>> [Step 2] 重置 Milvus...
 Container milvus-standalone  Stopping
 Container milvus-standalone  Stopped
 Container milvus-standalone  Removing
 Container milvus-standalone  Removed
 Container milvus-etcd  Stopping
 Container milvus-minio  Stopping
 Container milvus-etcd  Stopped
 Container milvus-etcd  Removing
 Container milvus-etcd  Removed
 Container milvus-minio  Stopped
 Container milvus-minio  Removing
 Container milvus-minio  Removed
 Network milvus  Removing
 Network milvus  Removed
    🧹 清理宿主机数据目录: /home/dzh/project/vdtuner/vector-db-benchmark-master/engine/servers/milvus-single-node/volumes
 Network milvus  Creating
 Network milvus  Created
 Container milvus-etcd  Creating
 Container milvus-minio  Creating
 Container milvus-etcd  Created
 Container milvus-minio  Created
 Container milvus-standalone  Creating
 Container milvus-standalone  Created
 Container milvus-etcd  Starting
 Container milvus-minio  Starting
 Container milvus-minio  Started
 Container milvus-etcd  Started
 Container milvus-standalone  Starting
 Container milvus-standalone  Started
>>> [Step 3] 等待服务启动 (90s)...
    等待中... (10s/120s)
    ✅ Milvus 服务已就绪
>>> [Step 4] 运行 Benchmark...
Running experiment: milvus-p10 - random-geo-radius-2048-angular-no-filters
established connection
/home/dzh/project/vdtuner/vector-db-benchmark-master/datasets/random-geo-radius-2048-angular/random_geo_100k_no_filters already exists
Experiment stage: Configure
Experiment stage: Upload

0it [00:00, ?it/s]
1it [00:00,  1.49it/s]
64it [00:00, 81.13it/s]
512it [00:01, 754.51it/s]
832it [00:01, 1160.24it/s]
1088it [00:01, 1381.86it/s]
1314it [00:01, 1514.03it/s]
1664it [00:01, 1919.32it/s]
1984it [00:01, 2098.67it/s]
2240it [00:01, 2184.62it/s]
2536it [00:01, 2373.74it/s]
3136it [00:01, 3328.15it/s]
3946it [00:02, 4643.30it/s]
4864it [00:02, 5851.48it/s]
5888it [00:02, 7011.25it/s]
6916it [00:02, 7947.77it/s]
7936it [00:02, 8580.44it/s]
8960it [00:02, 8949.76it/s]
10038it [00:02, 9484.28it/s]
11008it [00:02, 9453.34it/s]
12008it [00:02, 9613.14it/s]
12998it [00:03, 9697.79it/s]
14016it [00:03, 9733.68it/s]
15104it [00:03, 9968.05it/s]
16128it [00:03, 9956.27it/s]
17125it [00:03, 9945.57it/s]
18121it [00:03, 7816.97it/s]
19072it [00:03, 8225.61it/s]
20060it [00:03, 8659.25it/s]
20973it [00:03, 8757.65it/s]
21908it [00:04, 8922.81it/s]
22912it [00:04, 9197.44it/s]
23872it [00:04, 9224.72it/s]
24832it [00:04, 9197.55it/s]
25792it [00:04, 9266.58it/s]
26816it [00:04, 9478.71it/s]
27776it [00:04, 9344.86it/s]
28724it [00:04, 9383.64it/s]
29665it [00:04, 9129.50it/s]
30592it [00:04, 9162.18it/s]
31574it [00:05, 9354.33it/s]
32512it [00:05, 8092.30it/s]
33408it [00:05, 8306.78it/s]
34368it [00:05, 8657.39it/s]
35282it [00:05, 8792.47it/s]
36224it [00:05, 8890.41it/s]
37184it [00:05, 8995.02it/s]
38144it [00:05, 9106.97it/s]
39077it [00:05, 9171.74it/s]
40000it [00:06, 9152.81it/s]
40919it [00:06, 9099.77it/s]
41858it [00:06, 9184.60it/s]
42816it [00:06, 9204.66it/s]
43738it [00:06, 9194.33it/s]
44672it [00:06, 9125.91it/s]
45632it [00:06, 9154.09it/s]
46592it [00:06, 9262.29it/s]
47552it [00:06, 9256.63it/s]
48478it [00:07, 7247.31it/s]
49344it [00:07, 7546.12it/s]
50240it [00:07, 7882.05it/s]
51186it [00:07, 8307.08it/s]
52096it [00:07, 8391.66it/s]
52992it [00:07, 8521.66it/s]
53888it [00:07, 8631.62it/s]
54848it [00:07, 8855.15it/s]
55743it [00:07, 8814.60it/s]
56704it [00:07, 8944.73it/s]
57644it [00:08, 9076.77it/s]
58560it [00:08, 9027.54it/s]
59466it [00:08, 8804.85it/s]
60416it [00:08, 8978.20it/s]
61317it [00:08, 8796.79it/s]
62261it [00:08, 8983.14it/s]
63162it [00:08, 7578.50it/s]
64000it [00:08, 7698.54it/s]
64896it [00:08, 8003.89it/s]
65856it [00:09, 8309.76it/s]
66810it [00:09, 8654.18it/s]
67690it [00:09, 8658.76it/s]
68566it [00:09, 8532.11it/s]
69427it [00:09, 8451.16it/s]
70305it [00:09, 8528.14it/s]
71209it [00:09, 8676.20it/s]
72128it [00:09, 8783.66it/s]
73024it [00:09, 8743.01it/s]
73920it [00:09, 8707.18it/s]
74792it [00:10, 8689.15it/s]
75712it [00:10, 8622.24it/s]
76608it [00:10, 8677.45it/s]
77568it [00:10, 8826.63it/s]
78451it [00:10, 5780.93it/s]
79232it [00:10, 6178.48it/s]
80120it [00:10, 6808.83it/s]
80960it [00:10, 7161.37it/s]
81920it [00:11, 7715.84it/s]
82816it [00:11, 8041.26it/s]
83664it [00:11, 8162.68it/s]
84593it [00:11, 8482.74it/s]
85504it [00:11, 8530.75it/s]
86400it [00:11, 8629.81it/s]
87296it [00:11, 8612.63it/s]
88166it [00:11, 8575.83it/s]
89030it [00:11, 8455.17it/s]
89920it [00:11, 8568.16it/s]
90816it [00:12, 8598.09it/s]
91679it [00:12, 8394.44it/s]
92608it [00:12, 8574.59it/s]
93468it [00:12, 6833.77it/s]
94336it [00:12, 7238.42it/s]
95232it [00:12, 7607.64it/s]
96173it [00:12, 8092.76it/s]
97088it [00:12, 8235.32it/s]
97934it [00:13, 8209.32it/s]
98880it [00:13, 8522.74it/s]
99745it [00:13, 8510.17it/s]
100000it [00:13, 7552.24it/s]
Upload time: 13.63586883014068
Total import time: 43.85331962117925
Experiment stage: Search

0it [00:00, ?it/s]
4it [00:00,  5.30it/s]
14it [00:00, 19.38it/s]
31it [00:00, 46.06it/s]
79it [00:01, 129.58it/s]
164it [00:01, 286.68it/s]
256it [00:01, 436.39it/s]
356it [00:01, 578.14it/s]
444it [00:01, 657.77it/s]
535it [00:01, 724.29it/s]
632it [00:01, 792.59it/s]
719it [00:01, 805.05it/s]
805it [00:01, 810.43it/s]
900it [00:02, 844.70it/s]
993it [00:02, 868.00it/s]
1082it [00:02, 852.10it/s]
1169it [00:02, 856.56it/s]
1264it [00:02, 881.17it/s]
1355it [00:02, 887.86it/s]
1445it [00:02, 876.91it/s]
1534it [00:02, 862.64it/s]
1627it [00:02, 880.42it/s]
1716it [00:02, 876.20it/s]
1804it [00:03, 810.64it/s]
1887it [00:03, 805.48it/s]
1969it [00:03, 793.04it/s]
2049it [00:03, 775.57it/s]
2127it [00:03, 763.58it/s]
2212it [00:03, 786.21it/s]
2297it [00:03, 804.44it/s]
2387it [00:03, 832.22it/s]
2471it [00:03, 830.22it/s]
2558it [00:04, 840.54it/s]
2644it [00:04, 844.27it/s]
2732it [00:04, 852.76it/s]
2834it [00:04, 902.25it/s]
2936it [00:04, 934.41it/s]
3030it [00:04, 913.73it/s]
3122it [00:04, 900.19it/s]
3213it [00:04, 862.99it/s]
3303it [00:04, 872.10it/s]
3396it [00:04, 888.63it/s]
3486it [00:05, 843.09it/s]
3571it [00:05, 797.82it/s]
3664it [00:05, 831.55it/s]
3763it [00:05, 874.30it/s]
3859it [00:05, 898.23it/s]
3957it [00:05, 920.38it/s]
4055it [00:05, 934.96it/s]
4152it [00:05, 944.12it/s]
4247it [00:05, 933.76it/s]
4341it [00:06, 900.39it/s]
4432it [00:06, 899.96it/s]
4532it [00:06, 928.66it/s]
4626it [00:06, 909.58it/s]
4718it [00:06, 892.53it/s]
4812it [00:06, 902.62it/s]
4903it [00:06, 898.08it/s]
4993it [00:06, 867.63it/s]
5081it [00:06, 843.18it/s]
5167it [00:06, 847.39it/s]
5252it [00:07, 817.61it/s]
5335it [00:07, 813.95it/s]
5430it [00:07, 852.33it/s]
5527it [00:07, 886.23it/s]
5616it [00:07, 855.83it/s]
5709it [00:07, 877.10it/s]
5798it [00:07, 827.22it/s]
5884it [00:07, 834.84it/s]
5969it [00:07, 822.22it/s]
6052it [00:08, 817.46it/s]
6135it [00:08, 813.05it/s]
6226it [00:08, 840.04it/s]
6311it [00:08, 841.22it/s]
6398it [00:08, 847.12it/s]
6483it [00:08, 846.35it/s]
6568it [00:08, 827.74it/s]
6653it [00:08, 833.13it/s]
6750it [00:08, 871.84it/s]
6838it [00:08, 843.10it/s]
6923it [00:09, 838.08it/s]
7007it [00:09, 829.71it/s]
7095it [00:09, 842.82it/s]
7180it [00:09, 839.36it/s]
7265it [00:09, 819.39it/s]
7348it [00:09, 783.31it/s]
7430it [00:09, 792.01it/s]
7520it [00:09, 820.51it/s]
7618it [00:09, 864.03it/s]
7705it [00:09, 855.10it/s]
7794it [00:10, 864.94it/s]
7881it [00:10, 848.91it/s]
7967it [00:10, 841.95it/s]
8071it [00:10, 897.05it/s]
8161it [00:10, 888.93it/s]
8261it [00:10, 920.59it/s]
8358it [00:10, 932.93it/s]
8455it [00:10, 943.54it/s]
8550it [00:10, 906.85it/s]
8642it [00:11, 899.11it/s]
8733it [00:11, 870.66it/s]
8821it [00:11, 821.17it/s]
8913it [00:11, 847.88it/s]
9009it [00:11, 877.96it/s]
9103it [00:11, 891.94it/s]
9193it [00:11, 864.79it/s]
9280it [00:11, 854.08it/s]
9366it [00:11, 760.87it/s]
9444it [00:12, 699.51it/s]
9516it [00:12, 652.40it/s]
9583it [00:12, 516.88it/s]
9660it [00:12, 573.18it/s]
9740it [00:12, 627.45it/s]
9817it [00:12, 663.27it/s]
9890it [00:12, 679.74it/s]
9962it [00:12, 672.48it/s]
10000it [00:12, 772.18it/s]
Experiment stage: Done
Results saved to:  /home/dzh/project/vdtuner/vector-db-benchmark-master/results
>>> [Step 5] 收尾工作...
    监控日志已保存。
📊 测试结果摘要:
0.37969
763.9796861349765
0.003924456378445026
line1:  0.003924456378445026
line1:  763.9796861349765
line1:  0.37969
numeric_values:  [0.003924456378445026, 763.9796861349765, 0.37969]
[23] 1909 0.37969 0.003924456378445026 89
/bin/sh: 1: Syntax error: "(" unexpected
/data/dzh/venv/lib/python3.10/site-packages/botorch/acquisition/multi_objective/monte_carlo.py:110: NumericsWarning: qExpectedHypervolumeImprovement has known numerical issues that lead to suboptimal optimization performance. It is strongly recommended to simply replace

	 qExpectedHypervolumeImprovement 	 --> 	 qLogExpectedHypervolumeImprovement 

instead, which fixes the issues and has the same API. See https://arxiv.org/abs/2310.20708 for details.
  legacy_ei_numerics_warning(legacy_name=type(self).__name__)
--- DEBUG: Starting command:---
=======================================
🛠️  开始测试流程
Engine: milvus-p10 | Dataset: random-geo-radius-2048-angular-no-filters
=======================================
>>> [Step 1] 启动后台监控...
    监控进程 PID: 297689
>>> [Step 2] 重置 Milvus...
 Container milvus-standalone  Stopping
 Container milvus-standalone  Stopped
 Container milvus-standalone  Removing
 Container milvus-standalone  Removed
 Container milvus-etcd  Stopping
 Container milvus-minio  Stopping
 Container milvus-etcd  Stopped
 Container milvus-etcd  Removing
 Container milvus-etcd  Removed
 Container milvus-minio  Stopped
 Container milvus-minio  Removing
 Container milvus-minio  Removed
 Network milvus  Removing
 Network milvus  Removed
    🧹 清理宿主机数据目录: /home/dzh/project/vdtuner/vector-db-benchmark-master/engine/servers/milvus-single-node/volumes
 Network milvus  Creating
 Network milvus  Created
 Container milvus-etcd  Creating
 Container milvus-minio  Creating
 Container milvus-etcd  Created
 Container milvus-minio  Created
 Container milvus-standalone  Creating
 Container milvus-standalone  Created
 Container milvus-etcd  Starting
 Container milvus-minio  Starting
 Container milvus-minio  Started
 Container milvus-etcd  Started
 Container milvus-standalone  Starting
 Container milvus-standalone  Started
>>> [Step 3] 等待服务启动 (90s)...
    等待中... (10s/120s)
    ✅ Milvus 服务已就绪
>>> [Step 4] 运行 Benchmark...
Running experiment: milvus-p10 - random-geo-radius-2048-angular-no-filters
established connection
/home/dzh/project/vdtuner/vector-db-benchmark-master/datasets/random-geo-radius-2048-angular/random_geo_100k_no_filters already exists
Experiment stage: Configure
Experiment stage: Upload

0it [00:00, ?it/s]
1it [00:00,  1.67it/s]
64it [00:00, 81.36it/s]
512it [00:01, 758.12it/s]
768it [00:01, 1068.23it/s]
987it [00:01, 1240.85it/s]
1311it [00:01, 1674.60it/s]
1557it [00:01, 1791.93it/s]
1970it [00:01, 2366.15it/s]
2262it [00:01, 2202.19it/s]
2752it [00:01, 2862.25it/s]
3136it [00:01, 3112.87it/s]
3840it [00:02, 4132.28it/s]
4672it [00:02, 5221.70it/s]
5632it [00:02, 6405.20it/s]
6720it [00:02, 7615.01it/s]
7744it [00:02, 8309.32it/s]
8646it [00:02, 8514.65it/s]
9693it [00:02, 9086.51it/s]
10683it [00:02, 9325.96it/s]
11648it [00:02, 9345.66it/s]
12623it [00:02, 9465.03it/s]
13574it [00:03, 9461.90it/s]
14528it [00:03, 9431.49it/s]
15488it [00:03, 9448.07it/s]
16512it [00:03, 9560.90it/s]
17469it [00:03, 6948.30it/s]
18432it [00:03, 7504.11it/s]
19456it [00:03, 8084.97it/s]
20364it [00:03, 8343.48it/s]
21312it [00:04, 8576.16it/s]
22208it [00:04, 8675.95it/s]
23104it [00:04, 8740.52it/s]
24000it [00:04, 8733.98it/s]
24948it [00:04, 8949.90it/s]
25891it [00:04, 9089.63it/s]
26816it [00:04, 9032.43it/s]
27776it [00:04, 9171.03it/s]
28736it [00:04, 9200.14it/s]
29741it [00:04, 9449.70it/s]
30689it [00:05, 9364.29it/s]
31628it [00:05, 5499.53it/s]
32576it [00:05, 6249.23it/s]
33536it [00:05, 6984.33it/s]
34496it [00:05, 7563.65it/s]
35456it [00:05, 8033.43it/s]
36416it [00:05, 8374.66it/s]
37376it [00:05, 8662.49it/s]
38336it [00:06, 8847.79it/s]
39256it [00:06, 8818.08it/s]
40163it [00:06, 8881.53it/s]
41069it [00:06, 8641.80it/s]
42048it [00:06, 8952.62it/s]
43008it [00:06, 9111.54it/s]
44032it [00:06, 9434.65it/s]
45014it [00:06, 9547.33it/s]
45974it [00:06, 9515.56it/s]
46929it [00:07, 5941.04it/s]
47808it [00:07, 6524.41it/s]
48640it [00:07, 6932.76it/s]
49600it [00:07, 7546.24it/s]
50560it [00:07, 8065.22it/s]
51527it [00:07, 8498.44it/s]
52432it [00:07, 8447.05it/s]
53426it [00:07, 8863.26it/s]
54343it [00:08, 8894.50it/s]
55254it [00:08, 8796.25it/s]
56149it [00:08, 8806.74it/s]
57070it [00:08, 8923.52it/s]
57984it [00:08, 8941.37it/s]
58884it [00:08, 8611.31it/s]
59752it [00:08, 8448.14it/s]
60602it [00:08, 7426.31it/s]
61368it [00:08, 7198.92it/s]
62144it [00:09, 7225.28it/s]
62878it [00:09, 7195.30it/s]
63606it [00:09, 7063.76it/s]
64318it [00:09, 6663.82it/s]
64991it [00:09, 6642.88it/s]
65792it [00:09, 7013.75it/s]
66752it [00:09, 7668.58it/s]
67712it [00:09, 8219.41it/s]
68672it [00:09, 8531.99it/s]
69568it [00:09, 8628.68it/s]
70528it [00:10, 8892.35it/s]
71488it [00:10, 9000.95it/s]
72422it [00:10, 9099.99it/s]
73334it [00:10, 9074.16it/s]
74243it [00:10, 8988.14it/s]
75200it [00:10, 9136.79it/s]
76160it [00:10, 9255.00it/s]
77087it [00:10, 5865.72it/s]
77952it [00:11, 6434.71it/s]
78821it [00:11, 6956.79it/s]
79744it [00:11, 7514.12it/s]
80704it [00:11, 7944.88it/s]
81600it [00:11, 8177.89it/s]
82560it [00:11, 8536.70it/s]
83510it [00:11, 8808.44it/s]
84418it [00:11, 8838.16it/s]
85376it [00:11, 9028.82it/s]
86293it [00:12, 8637.65it/s]
87226it [00:12, 8834.33it/s]
88128it [00:12, 8803.28it/s]
89024it [00:12, 8745.24it/s]
89904it [00:12, 8669.82it/s]
90816it [00:12, 8720.97it/s]
91776it [00:12, 8917.12it/s]
92670it [00:12, 7264.33it/s]
93447it [00:12, 6919.57it/s]
94272it [00:13, 7224.31it/s]
95040it [00:13, 7306.73it/s]
95870it [00:13, 7577.87it/s]
96673it [00:13, 7704.46it/s]
97472it [00:13, 7760.76it/s]
98289it [00:13, 7879.20it/s]
99085it [00:13, 7834.77it/s]
99904it [00:13, 7921.09it/s]
100000it [00:13, 7263.17it/s]
Upload time: 14.333103893324733
Total import time: 44.35773095302284
Experiment stage: Search

0it [00:00, ?it/s]
4it [00:00,  5.24it/s]
14it [00:00, 18.92it/s]
26it [00:01, 36.49it/s]
100it [00:01, 175.89it/s]
186it [00:01, 323.73it/s]
272it [00:01, 449.68it/s]
361it [00:01, 560.01it/s]
449it [00:01, 644.67it/s]
547it [00:01, 736.13it/s]
640it [00:01, 787.97it/s]
728it [00:01, 812.42it/s]
825it [00:01, 857.39it/s]
918it [00:02, 878.17it/s]
1009it [00:02, 878.52it/s]
1099it [00:02, 852.26it/s]
1186it [00:02, 832.07it/s]
1271it [00:02, 835.98it/s]
1356it [00:02, 818.62it/s]
1444it [00:02, 829.63it/s]
1537it [00:02, 857.64it/s]
1630it [00:02, 877.12it/s]
1719it [00:02, 874.56it/s]
1807it [00:03, 863.54it/s]
1894it [00:03, 832.29it/s]
1978it [00:03, 826.80it/s]
2072it [00:03, 859.34it/s]
2171it [00:03, 896.34it/s]
2266it [00:03, 910.22it/s]
2363it [00:03, 926.77it/s]
2463it [00:03, 935.18it/s]
2557it [00:03, 891.56it/s]
2647it [00:04, 882.21it/s]
2746it [00:04, 911.89it/s]
2842it [00:04, 923.91it/s]
2938it [00:04, 931.70it/s]
3043it [00:04, 965.06it/s]
3140it [00:04, 947.70it/s]
3239it [00:04, 960.01it/s]
3336it [00:04, 962.65it/s]
3433it [00:04, 921.84it/s]
3526it [00:04, 916.29it/s]
3618it [00:05, 905.80it/s]
3714it [00:05, 920.38it/s]
3807it [00:05, 908.86it/s]
3899it [00:05, 862.44it/s]
3986it [00:05, 807.53it/s]
4082it [00:05, 843.63it/s]
4168it [00:05, 834.88it/s]
4274it [00:05, 896.30it/s]
4365it [00:05, 873.35it/s]
4453it [00:06, 863.35it/s]
4541it [00:06, 866.50it/s]
4630it [00:06, 873.18it/s]
4718it [00:06, 872.35it/s]
4806it [00:06, 851.84it/s]
4892it [00:06, 840.64it/s]
4979it [00:06, 848.10it/s]
5064it [00:06, 825.23it/s]
5150it [00:06, 834.30it/s]
5239it [00:06, 850.16it/s]
5325it [00:07, 815.68it/s]
5416it [00:07, 842.62it/s]
5510it [00:07, 869.98it/s]
5598it [00:07, 859.16it/s]
5685it [00:07, 834.78it/s]
5769it [00:07, 834.44it/s]
5865it [00:07, 869.70it/s]
5953it [00:07, 841.49it/s]
6053it [00:07, 885.28it/s]
6142it [00:07, 886.29it/s]
6231it [00:08, 845.73it/s]
6319it [00:08, 853.69it/s]
6414it [00:08, 879.94it/s]
6503it [00:08, 844.14it/s]
6588it [00:08, 841.97it/s]
6691it [00:08, 893.72it/s]
6781it [00:08, 869.23it/s]
6869it [00:08, 845.35it/s]
6954it [00:08, 835.48it/s]
7044it [00:09, 851.71it/s]
7130it [00:09, 846.24it/s]
7217it [00:09, 848.69it/s]
7302it [00:09, 807.45it/s]
7389it [00:09, 823.75it/s]
7472it [00:09, 800.67it/s]
7565it [00:09, 835.60it/s]
7654it [00:09, 850.80it/s]
7740it [00:09, 846.19it/s]
7826it [00:09, 848.15it/s]
7911it [00:10, 733.65it/s]
7989it [00:10, 745.98it/s]
8068it [00:10, 756.53it/s]
8150it [00:10, 773.29it/s]
8240it [00:10, 807.64it/s]
8322it [00:10, 801.27it/s]
8403it [00:10, 772.17it/s]
8481it [00:10, 725.51it/s]
8560it [00:10, 739.36it/s]
8651it [00:11, 787.24it/s]
8754it [00:11, 856.68it/s]
8849it [00:11, 882.83it/s]
8938it [00:11, 881.35it/s]
9036it [00:11, 909.43it/s]
9130it [00:11, 917.81it/s]
9223it [00:11, 818.22it/s]
9326it [00:11, 875.62it/s]
9421it [00:11, 895.81it/s]
9513it [00:12, 895.00it/s]
9604it [00:12, 887.45it/s]
9694it [00:12, 877.92it/s]
9783it [00:12, 839.48it/s]
9873it [00:12, 854.45it/s]
9963it [00:12, 865.73it/s]
10000it [00:12, 792.87it/s]
Experiment stage: Done
Results saved to:  /home/dzh/project/vdtuner/vector-db-benchmark-master/results
>>> [Step 5] 收尾工作...
    监控日志已保存。
📊 测试结果摘要:
0.38856
787.2566904289266
0.004077912378124892
line1:  0.004077912378124892
line1:  787.2566904289266
line1:  0.38856
numeric_values:  [0.004077912378124892, 787.2566904289266, 0.38856]
[24] 1998 0.38856 0.004077912378124892 89
/bin/sh: 1: Syntax error: "(" unexpected
/data/dzh/venv/lib/python3.10/site-packages/botorch/acquisition/multi_objective/monte_carlo.py:110: NumericsWarning: qExpectedHypervolumeImprovement has known numerical issues that lead to suboptimal optimization performance. It is strongly recommended to simply replace

	 qExpectedHypervolumeImprovement 	 --> 	 qLogExpectedHypervolumeImprovement 

instead, which fixes the issues and has the same API. See https://arxiv.org/abs/2310.20708 for details.
  legacy_ei_numerics_warning(legacy_name=type(self).__name__)
--- DEBUG: Starting command:---
=======================================
🛠️  开始测试流程
Engine: milvus-p10 | Dataset: random-geo-radius-2048-angular-no-filters
=======================================
>>> [Step 1] 启动后台监控...
    监控进程 PID: 310081
>>> [Step 2] 重置 Milvus...
 Container milvus-standalone  Stopping
 Container milvus-standalone  Stopped
 Container milvus-standalone  Removing
 Container milvus-standalone  Removed
 Container milvus-minio  Stopping
 Container milvus-etcd  Stopping
 Container milvus-etcd  Stopped
 Container milvus-etcd  Removing
 Container milvus-etcd  Removed
 Container milvus-minio  Stopped
 Container milvus-minio  Removing
 Container milvus-minio  Removed
 Network milvus  Removing
 Network milvus  Removed
    🧹 清理宿主机数据目录: /home/dzh/project/vdtuner/vector-db-benchmark-master/engine/servers/milvus-single-node/volumes
 Network milvus  Creating
 Network milvus  Created
 Container milvus-minio  Creating
 Container milvus-etcd  Creating
 Container milvus-minio  Created
 Container milvus-etcd  Created
 Container milvus-standalone  Creating
 Container milvus-standalone  Created
 Container milvus-minio  Starting
 Container milvus-etcd  Starting
 Container milvus-minio  Started
 Container milvus-etcd  Started
 Container milvus-standalone  Starting
 Container milvus-standalone  Started
>>> [Step 3] 等待服务启动 (90s)...
    等待中... (10s/120s)
    ✅ Milvus 服务已就绪
>>> [Step 4] 运行 Benchmark...
Running experiment: milvus-p10 - random-geo-radius-2048-angular-no-filters
established connection
/home/dzh/project/vdtuner/vector-db-benchmark-master/datasets/random-geo-radius-2048-angular/random_geo_100k_no_filters already exists
Experiment stage: Configure
Experiment stage: Upload

0it [00:00, ?it/s]
1it [00:00,  1.67it/s]
64it [00:00, 77.84it/s]
752it [00:01, 1088.75it/s]
1088it [00:01, 1460.57it/s]
1408it [00:01, 1788.67it/s]
1720it [00:01, 2029.87it/s]
2021it [00:01, 2237.78it/s]
2364it [00:01, 2528.96it/s]
2675it [00:01, 2297.23it/s]
3264it [00:01, 3153.70it/s]
4224it [00:01, 4805.47it/s]
5193it [00:02, 6114.69it/s]
6259it [00:02, 7373.11it/s]
7168it [00:02, 7855.36it/s]
8194it [00:02, 8547.74it/s]
9152it [00:02, 8755.41it/s]
10176it [00:02, 9180.23it/s]
11200it [00:02, 9453.67it/s]
12224it [00:02, 9556.27it/s]
13248it [00:02, 9624.28it/s]
14272it [00:03, 9705.25it/s]
15296it [00:03, 9738.72it/s]
16273it [00:03, 9731.74it/s]
17280it [00:03, 9796.33it/s]
18262it [00:03, 6190.79it/s]
19200it [00:03, 6833.17it/s]
20160it [00:03, 7438.25it/s]
21184it [00:03, 8029.73it/s]
22195it [00:04, 8566.81it/s]
23125it [00:04, 8648.56it/s]
24042it [00:04, 8746.25it/s]
25024it [00:04, 9006.70it/s]
25952it [00:04, 9068.89it/s]
26879it [00:04, 8931.16it/s]
27840it [00:04, 9064.58it/s]
28800it [00:04, 9174.21it/s]
29760it [00:04, 9253.91it/s]
30784it [00:04, 9436.77it/s]
31744it [00:05, 9434.67it/s]
32690it [00:05, 5864.81it/s]
33536it [00:05, 6397.25it/s]
34496it [00:05, 7092.98it/s]
35456it [00:05, 7700.14it/s]
36416it [00:05, 8126.53it/s]
37376it [00:05, 8472.19it/s]
38279it [00:05, 8565.46it/s]
39175it [00:06, 8675.25it/s]
40128it [00:06, 8837.01it/s]
41032it [00:06, 8894.18it/s]
41936it [00:06, 8633.99it/s]
42811it [00:06, 8552.35it/s]
43675it [00:06, 8396.93it/s]
44561it [00:06, 8529.32it/s]
45419it [00:06, 8500.45it/s]
46273it [00:06, 8284.01it/s]
47232it [00:07, 8542.45it/s]
48089it [00:07, 6013.99it/s]
48960it [00:07, 6604.80it/s]
49712it [00:07, 6820.79it/s]
50463it [00:07, 6693.91it/s]
51200it [00:07, 6817.08it/s]
51968it [00:07, 6970.79it/s]
52771it [00:07, 7262.44it/s]
53568it [00:07, 7423.93it/s]
54449it [00:08, 7820.75it/s]
55244it [00:08, 7781.36it/s]
56128it [00:08, 7986.53it/s]
57024it [00:08, 8251.08it/s]
57920it [00:08, 8380.33it/s]
58762it [00:08, 8138.47it/s]
59657it [00:08, 8372.43it/s]
60544it [00:08, 8445.03it/s]
61391it [00:08, 8424.98it/s]
62272it [00:09, 8485.34it/s]
63122it [00:09, 5494.16it/s]
64064it [00:09, 6261.95it/s]
65024it [00:09, 6916.64it/s]
65856it [00:09, 7172.84it/s]
66656it [00:09, 7385.21it/s]
67456it [00:09, 7547.64it/s]
68288it [00:09, 7750.62it/s]
69120it [00:10, 7910.51it/s]
69952it [00:10, 7950.34it/s]
70763it [00:10, 7455.33it/s]
71525it [00:10, 7183.79it/s]
72256it [00:10, 7193.32it/s]
73159it [00:10, 7710.61it/s]
73940it [00:10, 7611.95it/s]
74708it [00:10, 7488.23it/s]
75622it [00:10, 7962.41it/s]
76480it [00:10, 8114.92it/s]
77296it [00:11, 7904.42it/s]
78144it [00:11, 8021.88it/s]
79040it [00:11, 8227.93it/s]
79936it [00:11, 8388.87it/s]
80833it [00:11, 8557.67it/s]
81691it [00:11, 8519.18it/s]
82560it [00:11, 8526.92it/s]
83456it [00:11, 8539.35it/s]
84352it [00:11, 8591.84it/s]
85248it [00:12, 8652.72it/s]
86114it [00:12, 8491.47it/s]
86976it [00:12, 8492.29it/s]
87826it [00:12, 8406.27it/s]
88667it [00:12, 8256.15it/s]
89576it [00:12, 8499.08it/s]
90427it [00:12, 8371.88it/s]
91266it [00:12, 8273.99it/s]
92224it [00:12, 8537.39it/s]
93120it [00:12, 8566.51it/s]
94072it [00:13, 8844.43it/s]
94958it [00:13, 8445.53it/s]
95807it [00:13, 8131.44it/s]
96625it [00:13, 7885.43it/s]
97417it [00:13, 7606.65it/s]
98304it [00:13, 7897.93it/s]
99200it [00:13, 8192.07it/s]
100000it [00:13, 7244.79it/s]
Upload time: 14.183322886005044
Total import time: 44.21753614908084
Experiment stage: Search

0it [00:00, ?it/s]
4it [00:00,  5.09it/s]
14it [00:00, 19.18it/s]
44it [00:01, 68.55it/s]
124it [00:01, 214.94it/s]
216it [00:01, 370.99it/s]
304it [00:01, 489.56it/s]
402it [00:01, 611.67it/s]
488it [00:01, 675.93it/s]
570it [00:01, 714.32it/s]
655it [00:01, 751.05it/s]
755it [00:01, 820.47it/s]
847it [00:01, 849.08it/s]
941it [00:02, 873.49it/s]
1031it [00:02, 880.68it/s]
1121it [00:02, 870.43it/s]
1216it [00:02, 892.69it/s]
1314it [00:02, 916.90it/s]
1409it [00:02, 925.41it/s]
1506it [00:02, 937.76it/s]
1602it [00:02, 942.71it/s]
1697it [00:02, 913.70it/s]
1789it [00:02, 897.74it/s]
1880it [00:03, 887.82it/s]
1972it [00:03, 895.16it/s]
2076it [00:03, 935.15it/s]
2170it [00:03, 923.78it/s]
2266it [00:03, 934.11it/s]
2365it [00:03, 948.26it/s]
2460it [00:03, 935.84it/s]
2560it [00:03, 953.61it/s]
2656it [00:03, 926.95it/s]
2751it [00:03, 932.67it/s]
2845it [00:04, 931.64it/s]
2944it [00:04, 947.63it/s]
3043it [00:04, 957.04it/s]
3140it [00:04, 958.47it/s]
3236it [00:04, 943.33it/s]
3331it [00:04, 944.22it/s]
3426it [00:04, 933.73it/s]
3520it [00:04, 921.70it/s]
3613it [00:04, 912.14it/s]
3707it [00:04, 919.58it/s]
3800it [00:05, 920.85it/s]
3895it [00:05, 928.56it/s]
3990it [00:05, 933.93it/s]
4088it [00:05, 945.84it/s]
4183it [00:05, 906.81it/s]
4275it [00:05, 910.47it/s]
4369it [00:05, 916.42it/s]
4461it [00:05, 855.14it/s]
4548it [00:05, 840.88it/s]
4635it [00:06, 848.23it/s]
4732it [00:06, 882.17it/s]
4830it [00:06, 909.20it/s]
4922it [00:06, 871.99it/s]
5014it [00:06, 883.85it/s]
5118it [00:06, 928.47it/s]
5212it [00:06, 856.92it/s]
5300it [00:06, 779.15it/s]
5380it [00:06, 779.20it/s]
5480it [00:07, 839.20it/s]
5579it [00:07, 880.07it/s]
5674it [00:07, 897.54it/s]
5771it [00:07, 916.83it/s]
5864it [00:07, 876.09it/s]
5955it [00:07, 884.51it/s]
6045it [00:07, 853.64it/s]
6139it [00:07, 872.03it/s]
6227it [00:07, 824.56it/s]
6311it [00:08, 803.65it/s]
6399it [00:08, 821.59it/s]
6495it [00:08, 856.36it/s]
6585it [00:08, 866.22it/s]
6680it [00:08, 888.31it/s]
6778it [00:08, 912.94it/s]
6880it [00:08, 943.83it/s]
6985it [00:08, 972.03it/s]
7083it [00:08, 969.25it/s]
7184it [00:08, 977.49it/s]
7282it [00:09, 975.34it/s]
7380it [00:09, 964.77it/s]
7477it [00:09, 950.32it/s]
7573it [00:09, 942.87it/s]
7670it [00:09, 949.41it/s]
7766it [00:09, 952.04it/s]
7864it [00:09, 938.26it/s]
7958it [00:09, 923.03it/s]
8055it [00:09, 934.94it/s]
8152it [00:09, 932.07it/s]
8250it [00:10, 943.74it/s]
8345it [00:10, 909.68it/s]
8446it [00:10, 933.22it/s]
8540it [00:10, 933.99it/s]
8634it [00:10, 909.23it/s]
8733it [00:10, 931.88it/s]
8827it [00:10, 933.37it/s]
8921it [00:10, 876.42it/s]
9017it [00:10, 894.69it/s]
9108it [00:11, 846.70it/s]
9194it [00:11, 839.15it/s]
9292it [00:11, 877.75it/s]
9385it [00:11, 890.10it/s]
9475it [00:11, 836.30it/s]
9560it [00:11, 833.65it/s]
9660it [00:11, 879.17it/s]
9758it [00:11, 907.45it/s]
9853it [00:11, 919.09it/s]
9946it [00:11, 900.05it/s]
10000it [00:12, 831.39it/s]
Experiment stage: Done
Results saved to:  /home/dzh/project/vdtuner/vector-db-benchmark-master/results
>>> [Step 5] 收尾工作...
    监控日志已保存。
📊 测试结果摘要:
0.38319000000000003
825.478242659603
0.0038700325181707735
line1:  0.0038700325181707735
line1:  825.478242659603
line1:  0.38319000000000003
numeric_values:  [0.0038700325181707735, 825.478242659603, 0.38319000000000003]
[25] 2087 0.38319000000000003 0.0038700325181707735 88
/bin/sh: 1: Syntax error: "(" unexpected
/data/dzh/venv/lib/python3.10/site-packages/botorch/acquisition/multi_objective/monte_carlo.py:110: NumericsWarning: qExpectedHypervolumeImprovement has known numerical issues that lead to suboptimal optimization performance. It is strongly recommended to simply replace

	 qExpectedHypervolumeImprovement 	 --> 	 qLogExpectedHypervolumeImprovement 

instead, which fixes the issues and has the same API. See https://arxiv.org/abs/2310.20708 for details.
  legacy_ei_numerics_warning(legacy_name=type(self).__name__)
--- DEBUG: Starting command:---
=======================================
🛠️  开始测试流程
Engine: milvus-p10 | Dataset: random-geo-radius-2048-angular-no-filters
=======================================
>>> [Step 1] 启动后台监控...
    监控进程 PID: 322691
>>> [Step 2] 重置 Milvus...
 Container milvus-standalone  Stopping
 Container milvus-standalone  Stopped
 Container milvus-standalone  Removing
 Container milvus-standalone  Removed
 Container milvus-etcd  Stopping
 Container milvus-minio  Stopping
 Container milvus-etcd  Stopped
 Container milvus-etcd  Removing
 Container milvus-etcd  Removed
 Container milvus-minio  Stopped
 Container milvus-minio  Removing
 Container milvus-minio  Removed
 Network milvus  Removing
 Network milvus  Removed
    🧹 清理宿主机数据目录: /home/dzh/project/vdtuner/vector-db-benchmark-master/engine/servers/milvus-single-node/volumes
 Network milvus  Creating
 Network milvus  Created
 Container milvus-etcd  Creating
 Container milvus-minio  Creating
 Container milvus-etcd  Created
 Container milvus-minio  Created
 Container milvus-standalone  Creating
 Container milvus-standalone  Created
 Container milvus-minio  Starting
 Container milvus-etcd  Starting
 Container milvus-etcd  Started
 Container milvus-minio  Started
 Container milvus-standalone  Starting
 Container milvus-standalone  Started
>>> [Step 3] 等待服务启动 (90s)...
    等待中... (10s/120s)
    ✅ Milvus 服务已就绪
>>> [Step 4] 运行 Benchmark...
Running experiment: milvus-p10 - random-geo-radius-2048-angular-no-filters
established connection
/home/dzh/project/vdtuner/vector-db-benchmark-master/datasets/random-geo-radius-2048-angular/random_geo_100k_no_filters already exists
Experiment stage: Configure
Experiment stage: Upload

0it [00:00, ?it/s]
1it [00:00,  1.40it/s]
64it [00:01, 80.09it/s]
448it [00:01, 648.91it/s]
768it [00:01, 1091.12it/s]
994it [00:01, 1295.95it/s]
1408it [00:01, 1896.02it/s]
1685it [00:01, 1829.08it/s]
2176it [00:01, 2399.62it/s]
2688it [00:01, 3025.18it/s]
3046it [00:01, 2742.34it/s]
3712it [00:02, 3622.12it/s]
4544it [00:02, 4796.98it/s]
5568it [00:02, 6184.06it/s]
6656it [00:02, 7395.14it/s]
7680it [00:02, 8097.57it/s]
8704it [00:02, 8609.59it/s]
9728it [00:02, 8933.79it/s]
10688it [00:02, 9029.41it/s]
11648it [00:02, 9096.06it/s]
12672it [00:03, 9394.88it/s]
13696it [00:03, 9528.82it/s]
14720it [00:03, 9602.90it/s]
15685it [00:03, 9610.58it/s]
16704it [00:03, 9732.29it/s]
17680it [00:03, 9041.86it/s]
18624it [00:03, 9137.06it/s]
19648it [00:03, 9423.32it/s]
20608it [00:03, 9453.79it/s]
21568it [00:03, 9387.03it/s]
22528it [00:04, 9339.82it/s]
23534it [00:04, 9549.33it/s]
24512it [00:04, 9470.66it/s]
25461it [00:04, 8845.65it/s]
26368it [00:04, 8878.68it/s]
27328it [00:04, 9045.48it/s]
28288it [00:04, 9092.92it/s]
29312it [00:04, 9324.57it/s]
30336it [00:04, 9489.75it/s]
31296it [00:05, 9427.66it/s]
32241it [00:05, 7365.32it/s]
33216it [00:05, 7913.57it/s]
34176it [00:05, 8324.05it/s]
35137it [00:05, 8669.96it/s]
36160it [00:05, 9006.24it/s]
37120it [00:05, 9154.29it/s]
38056it [00:05, 9183.98it/s]
38989it [00:05, 9085.47it/s]
39908it [00:06, 8851.72it/s]
40872it [00:06, 9077.23it/s]
41787it [00:06, 9036.33it/s]
42696it [00:06, 8785.91it/s]
43648it [00:06, 8920.39it/s]
44608it [00:06, 9086.01it/s]
45632it [00:06, 9299.44it/s]
46592it [00:06, 9264.07it/s]
47520it [00:07, 6027.23it/s]
48448it [00:07, 6661.26it/s]
49344it [00:07, 7172.11it/s]
50247it [00:07, 7632.91it/s]
51200it [00:07, 8077.91it/s]
52160it [00:07, 8320.14it/s]
53140it [00:07, 8726.61it/s]
54080it [00:07, 8883.72it/s]
55040it [00:07, 9046.99it/s]
56000it [00:07, 9136.87it/s]
56927it [00:08, 9123.06it/s]
57849it [00:08, 9150.83it/s]
58771it [00:08, 9111.63it/s]
59712it [00:08, 9092.02it/s]
60672it [00:08, 9140.45it/s]
61632it [00:08, 6632.74it/s]
62396it [00:08, 6162.19it/s]
63104it [00:08, 6334.67it/s]
64000it [00:09, 6919.67it/s]
64823it [00:09, 7256.79it/s]
65675it [00:09, 7596.25it/s]
66560it [00:09, 7852.61it/s]
67520it [00:09, 8269.95it/s]
68416it [00:09, 8446.51it/s]
69275it [00:09, 8476.12it/s]
70144it [00:09, 8446.98it/s]
71104it [00:09, 8681.42it/s]
72064it [00:09, 8911.89it/s]
72960it [00:10, 8845.82it/s]
73848it [00:10, 8803.12it/s]
74741it [00:10, 8839.97it/s]
75686it [00:10, 9019.79it/s]
76590it [00:10, 7172.59it/s]
77504it [00:10, 7657.73it/s]
78401it [00:10, 8003.74it/s]
79360it [00:10, 8368.34it/s]
80320it [00:10, 8641.03it/s]
81207it [00:11, 8628.71it/s]
82086it [00:11, 8554.42it/s]
83008it [00:11, 8624.06it/s]
83934it [00:11, 8807.06it/s]
84821it [00:11, 8773.56it/s]
85728it [00:11, 8859.40it/s]
86656it [00:11, 8864.47it/s]
87545it [00:11, 8785.89it/s]
88448it [00:11, 8781.77it/s]
89344it [00:12, 8738.84it/s]
90296it [00:12, 8967.82it/s]
91194it [00:12, 6408.58it/s]
92104it [00:12, 7031.45it/s]
92992it [00:12, 7482.14it/s]
93952it [00:12, 7994.57it/s]
94809it [00:12, 8121.14it/s]
95729it [00:12, 8421.11it/s]
96640it [00:12, 8529.06it/s]
97536it [00:13, 8629.82it/s]
98428it [00:13, 8713.84it/s]
99311it [00:13, 8725.36it/s]
100000it [00:13, 7495.12it/s]
Upload time: 13.768313185777515
Total import time: 43.79037392465398
Experiment stage: Search

0it [00:00, ?it/s]
4it [00:00,  5.23it/s]
14it [00:00, 19.51it/s]
27it [00:00, 38.96it/s]
72it [00:01, 120.25it/s]
132it [00:01, 226.50it/s]
209it [00:01, 356.71it/s]
285it [00:01, 458.56it/s]
366it [00:01, 551.14it/s]
458it [00:01, 652.17it/s]
534it [00:01, 682.56it/s]
630it [00:01, 761.35it/s]
717it [00:01, 792.24it/s]
802it [00:02, 809.04it/s]
896it [00:02, 846.03it/s]
983it [00:02, 819.83it/s]
1073it [00:02, 841.18it/s]
1159it [00:02, 814.06it/s]
1246it [00:02, 828.71it/s]
1343it [00:02, 866.52it/s]
1431it [00:02, 841.66it/s]
1530it [00:02, 880.79it/s]
1619it [00:02, 862.46it/s]
1707it [00:03, 864.62it/s]
1799it [00:03, 880.25it/s]
1888it [00:03, 841.06it/s]
1973it [00:03, 824.36it/s]
2059it [00:03, 831.47it/s]
2148it [00:03, 848.19it/s]
2246it [00:03, 884.60it/s]
2336it [00:03, 888.86it/s]
2427it [00:03, 894.58it/s]
2517it [00:03, 870.67it/s]
2615it [00:04, 900.07it/s]
2711it [00:04, 917.46it/s]
2803it [00:04, 896.39it/s]
2893it [00:04, 872.95it/s]
2981it [00:04, 868.89it/s]
3069it [00:04, 865.78it/s]
3157it [00:04, 866.26it/s]
3244it [00:04, 861.32it/s]
3331it [00:04, 852.00it/s]
3417it [00:05, 821.48it/s]
3500it [00:05, 782.37it/s]
3597it [00:05, 833.66it/s]
3691it [00:05, 862.02it/s]
3779it [00:05, 865.91it/s]
3867it [00:05, 836.00it/s]
3952it [00:05, 791.56it/s]
4040it [00:05, 813.04it/s]
4130it [00:05, 835.61it/s]
4215it [00:06, 818.58it/s]
4298it [00:06, 783.11it/s]
4377it [00:06, 774.06it/s]
4457it [00:06, 781.28it/s]
4550it [00:06, 821.23it/s]
4636it [00:06, 824.96it/s]
4719it [00:06, 821.82it/s]
4802it [00:06, 785.70it/s]
4881it [00:06, 761.10it/s]
4958it [00:06, 723.32it/s]
5045it [00:07, 762.85it/s]
5132it [00:07, 787.54it/s]
5212it [00:07, 735.37it/s]
5305it [00:07, 787.78it/s]
5410it [00:07, 860.13it/s]
5511it [00:07, 901.40it/s]
5607it [00:07, 917.89it/s]
5707it [00:07, 941.10it/s]
5805it [00:07, 950.50it/s]
5901it [00:08, 922.45it/s]
5994it [00:08, 871.30it/s]
6085it [00:08, 881.20it/s]
6176it [00:08, 887.52it/s]
6273it [00:08, 910.86it/s]
6365it [00:08, 877.47it/s]
6454it [00:08, 876.12it/s]
6542it [00:08, 869.45it/s]
6630it [00:08, 838.59it/s]
6715it [00:08, 820.24it/s]
6798it [00:09, 746.65it/s]
6876it [00:09, 754.78it/s]
6953it [00:09, 744.39it/s]
7037it [00:09, 769.87it/s]
7115it [00:09, 768.81it/s]
7194it [00:09, 772.94it/s]
7272it [00:09, 769.59it/s]
7353it [00:09, 778.72it/s]
7432it [00:09, 771.05it/s]
7520it [00:10, 799.63it/s]
7601it [00:10, 776.22it/s]
7706it [00:10, 854.30it/s]
7792it [00:10, 845.99it/s]
7877it [00:10, 790.92it/s]
7957it [00:10, 660.19it/s]
8036it [00:10, 691.40it/s]
8109it [00:10, 693.88it/s]
8187it [00:10, 714.23it/s]
8268it [00:11, 740.07it/s]
8349it [00:11, 757.93it/s]
8443it [00:11, 808.77it/s]
8540it [00:11, 854.62it/s]
8634it [00:11, 878.48it/s]
8724it [00:11, 883.49it/s]
8815it [00:11, 889.37it/s]
8905it [00:11, 879.06it/s]
8998it [00:11, 891.88it/s]
9088it [00:11, 883.16it/s]
9177it [00:12, 857.32it/s]
9263it [00:12, 844.99it/s]
9350it [00:12, 849.76it/s]
9436it [00:12, 812.69it/s]
9524it [00:12, 830.77it/s]
9610it [00:12, 837.96it/s]
9697it [00:12, 840.23it/s]
9783it [00:12, 845.79it/s]
9868it [00:12, 840.88it/s]
9953it [00:13, 836.31it/s]
10000it [00:13, 764.48it/s]
Experiment stage: Done
Results saved to:  /home/dzh/project/vdtuner/vector-db-benchmark-master/results
>>> [Step 5] 收尾工作...
    监控日志已保存。
📊 测试结果摘要:
0.39621
757.5865562289265
0.0040648683905601495
line1:  0.0040648683905601495
line1:  757.5865562289265
line1:  0.39621
numeric_values:  [0.0040648683905601495, 757.5865562289265, 0.39621]
[26] 2177 0.39621 0.0040648683905601495 89
/bin/sh: 1: Syntax error: "(" unexpected
/data/dzh/venv/lib/python3.10/site-packages/botorch/acquisition/multi_objective/monte_carlo.py:110: NumericsWarning: qExpectedHypervolumeImprovement has known numerical issues that lead to suboptimal optimization performance. It is strongly recommended to simply replace

	 qExpectedHypervolumeImprovement 	 --> 	 qLogExpectedHypervolumeImprovement 

instead, which fixes the issues and has the same API. See https://arxiv.org/abs/2310.20708 for details.
  legacy_ei_numerics_warning(legacy_name=type(self).__name__)
--- DEBUG: Starting command:---
=======================================
🛠️  开始测试流程
Engine: milvus-p10 | Dataset: random-geo-radius-2048-angular-no-filters
=======================================
>>> [Step 1] 启动后台监控...
    监控进程 PID: 335073
>>> [Step 2] 重置 Milvus...
 Container milvus-standalone  Stopping
 Container milvus-standalone  Stopped
 Container milvus-standalone  Removing
 Container milvus-standalone  Removed
 Container milvus-minio  Stopping
 Container milvus-etcd  Stopping
 Container milvus-etcd  Stopped
 Container milvus-etcd  Removing
 Container milvus-etcd  Removed
 Container milvus-minio  Stopped
 Container milvus-minio  Removing
 Container milvus-minio  Removed
 Network milvus  Removing
 Network milvus  Removed
    🧹 清理宿主机数据目录: /home/dzh/project/vdtuner/vector-db-benchmark-master/engine/servers/milvus-single-node/volumes
 Network milvus  Creating
 Network milvus  Created
 Container milvus-minio  Creating
 Container milvus-etcd  Creating
 Container milvus-minio  Created
 Container milvus-etcd  Created
 Container milvus-standalone  Creating
 Container milvus-standalone  Created
 Container milvus-etcd  Starting
 Container milvus-minio  Starting
 Container milvus-etcd  Started
 Container milvus-minio  Started
 Container milvus-standalone  Starting
 Container milvus-standalone  Started
>>> [Step 3] 等待服务启动 (90s)...
    等待中... (10s/120s)
    ✅ Milvus 服务已就绪
>>> [Step 4] 运行 Benchmark...
Running experiment: milvus-p10 - random-geo-radius-2048-angular-no-filters
established connection
/home/dzh/project/vdtuner/vector-db-benchmark-master/datasets/random-geo-radius-2048-angular/random_geo_100k_no_filters already exists
Experiment stage: Configure
Experiment stage: Upload

0it [00:00, ?it/s]
1it [00:01,  1.76s/it]
768it [00:01, 561.25it/s]
1093it [00:02, 804.71it/s]
1400it [00:02, 1060.65it/s]
1698it [00:02, 1322.69it/s]
1990it [00:02, 1347.43it/s]
2432it [00:02, 1802.38it/s]
2752it [00:02, 2036.30it/s]
3264it [00:02, 2674.30it/s]
4160it [00:02, 4092.62it/s]
5120it [00:02, 5408.24it/s]
6208it [00:03, 6730.15it/s]
7296it [00:03, 7787.42it/s]
8258it [00:03, 8290.79it/s]
9188it [00:03, 8574.94it/s]
10092it [00:03, 8708.17it/s]
10993it [00:03, 8508.67it/s]
11866it [00:03, 8297.48it/s]
12712it [00:03, 8296.20it/s]
13568it [00:03, 8333.24it/s]
14410it [00:04, 8316.06it/s]
15247it [00:04, 8092.78it/s]
16256it [00:04, 8579.59it/s]
17216it [00:04, 8688.05it/s]
18088it [00:04, 8687.99it/s]
19008it [00:04, 8743.27it/s]
19904it [00:04, 8793.76it/s]
20785it [00:04, 8739.99it/s]
21660it [00:04, 8519.71it/s]
22592it [00:04, 8651.25it/s]
23552it [00:05, 8889.53it/s]
24576it [00:05, 9220.98it/s]
25536it [00:05, 9279.25it/s]
26560it [00:05, 9435.40it/s]
27520it [00:05, 9379.01it/s]
28544it [00:05, 9532.88it/s]
29568it [00:05, 9620.61it/s]
30531it [00:05, 9580.66it/s]
31490it [00:05, 9577.68it/s]
32448it [00:06, 5964.14it/s]
33344it [00:06, 6516.56it/s]
34176it [00:06, 6862.88it/s]
35072it [00:06, 7334.15it/s]
36026it [00:06, 7900.53it/s]
36992it [00:06, 8329.51it/s]
37952it [00:06, 8576.59it/s]
38976it [00:06, 8954.63it/s]
39936it [00:06, 9057.14it/s]
40896it [00:07, 9185.40it/s]
41856it [00:07, 9284.48it/s]
42816it [00:07, 9288.20it/s]
43753it [00:07, 9295.13it/s]
44688it [00:07, 9260.99it/s]
45632it [00:07, 9301.98it/s]
46592it [00:07, 6401.34it/s]
47488it [00:07, 6909.38it/s]
48448it [00:08, 7468.84it/s]
49472it [00:08, 8118.16it/s]
50432it [00:08, 8422.22it/s]
51328it [00:08, 8510.00it/s]
52288it [00:08, 8775.42it/s]
53248it [00:08, 8945.93it/s]
54163it [00:08, 9001.04it/s]
55078it [00:08, 9014.41it/s]
56000it [00:08, 8967.46it/s]
56904it [00:08, 8948.26it/s]
57856it [00:09, 9075.50it/s]
58768it [00:09, 8862.57it/s]
59712it [00:09, 8960.01it/s]
60611it [00:09, 8923.60it/s]
61505it [00:09, 7484.13it/s]
62400it [00:09, 7856.52it/s]
63360it [00:09, 8261.62it/s]
64320it [00:09, 8515.46it/s]
65280it [00:09, 8675.84it/s]
66240it [00:10, 8833.27it/s]
67136it [00:10, 8815.00it/s]
68121it [00:10, 9113.34it/s]
69056it [00:10, 9032.15it/s]
70016it [00:10, 9151.83it/s]
70935it [00:10, 9069.31it/s]
71845it [00:10, 8965.46it/s]
72744it [00:10, 8635.57it/s]
73728it [00:10, 8900.41it/s]
74688it [00:11, 9004.96it/s]
75591it [00:11, 5641.46it/s]
76544it [00:11, 6388.47it/s]
77504it [00:11, 7112.05it/s]
78400it [00:11, 7462.22it/s]
79238it [00:11, 7696.34it/s]
80128it [00:11, 7976.54it/s]
80977it [00:11, 8095.24it/s]
81856it [00:12, 8245.60it/s]
82752it [00:12, 8409.17it/s]
83648it [00:12, 8508.95it/s]
84559it [00:12, 8683.27it/s]
85440it [00:12, 8622.89it/s]
86336it [00:12, 8669.32it/s]
87230it [00:12, 8748.37it/s]
88109it [00:12, 8645.17it/s]
88977it [00:12, 8644.74it/s]
89920it [00:12, 8867.87it/s]
90809it [00:13, 7899.65it/s]
91648it [00:13, 7972.49it/s]
92480it [00:13, 8020.27it/s]
93376it [00:13, 8186.25it/s]
94336it [00:13, 8554.13it/s]
95232it [00:13, 8652.02it/s]
96128it [00:13, 8664.84it/s]
97024it [00:13, 8658.56it/s]
97893it [00:13, 8614.86it/s]
98757it [00:14, 8583.08it/s]
99620it [00:14, 8596.63it/s]
100000it [00:14, 7056.25it/s]
Upload time: 14.562754007056355
Total import time: 44.181760428939015
Experiment stage: Search

0it [00:00, ?it/s]
4it [00:00,  5.28it/s]
14it [00:00, 19.18it/s]
29it [00:00, 42.22it/s]
107it [00:01, 187.03it/s]
199it [00:01, 347.98it/s]
254it [00:01, 387.01it/s]
308it [00:01, 397.23it/s]
391it [00:01, 505.14it/s]
477it [00:01, 597.83it/s]
558it [00:01, 655.05it/s]
649it [00:01, 724.99it/s]
744it [00:01, 784.73it/s]
827it [00:02, 758.86it/s]
908it [00:02, 772.98it/s]
1009it [00:02, 839.17it/s]
1112it [00:02, 892.65it/s]
1216it [00:02, 935.14it/s]
1311it [00:02, 865.03it/s]
1400it [00:02, 760.33it/s]
1480it [00:02, 707.21it/s]
1554it [00:02, 711.94it/s]
1628it [00:03, 719.28it/s]
1704it [00:03, 728.15it/s]
1794it [00:03, 775.73it/s]
1874it [00:03, 781.10it/s]
1958it [00:03, 787.28it/s]
2038it [00:03, 775.23it/s]
2116it [00:03, 766.09it/s]
2193it [00:03, 739.20it/s]
2268it [00:03, 731.78it/s]
2342it [00:04, 719.22it/s]
2415it [00:04, 712.11it/s]
2490it [00:04, 721.22it/s]
2563it [00:04, 719.01it/s]
2635it [00:04, 713.98it/s]
2710it [00:04, 721.79it/s]
2788it [00:04, 735.99it/s]
2864it [00:04, 742.92it/s]
2939it [00:04, 716.28it/s]
3022it [00:04, 747.28it/s]
3107it [00:05, 774.75it/s]
3185it [00:05, 770.09it/s]
3263it [00:05, 723.57it/s]
3337it [00:05, 659.25it/s]
3422it [00:05, 710.18it/s]
3498it [00:05, 722.20it/s]
3577it [00:05, 738.52it/s]
3652it [00:05, 733.18it/s]
3726it [00:05, 682.03it/s]
3796it [00:06, 661.03it/s]
3863it [00:06, 649.13it/s]
3949it [00:06, 706.94it/s]
4025it [00:06, 721.50it/s]
4098it [00:06, 639.38it/s]
4176it [00:06, 676.13it/s]
4247it [00:06, 680.98it/s]
4329it [00:06, 719.42it/s]
4405it [00:06, 719.15it/s]
4485it [00:07, 738.61it/s]
4565it [00:07, 756.34it/s]
4642it [00:07, 734.66it/s]
4716it [00:07, 708.84it/s]
4798it [00:07, 740.27it/s]
4873it [00:07, 684.82it/s]
4943it [00:07, 652.67it/s]
5016it [00:07, 669.44it/s]
5084it [00:07, 649.29it/s]
5150it [00:08, 646.28it/s]
5230it [00:08, 684.39it/s]
5308it [00:08, 707.95it/s]
5380it [00:08, 674.96it/s]
5449it [00:08, 674.52it/s]
5517it [00:08, 663.72it/s]
5585it [00:08, 666.43it/s]
5657it [00:08, 680.23it/s]
5730it [00:08, 693.65it/s]
5800it [00:08, 672.50it/s]
5880it [00:09, 705.99it/s]
5951it [00:09, 644.30it/s]
6032it [00:09, 688.98it/s]
6103it [00:09, 694.79it/s]
6189it [00:09, 740.72it/s]
6282it [00:09, 793.70it/s]
6363it [00:09, 745.02it/s]
6439it [00:09, 696.88it/s]
6510it [00:10, 596.02it/s]
6573it [00:10, 433.92it/s]
6638it [00:10, 477.13it/s]
6712it [00:10, 535.64it/s]
6805it [00:10, 621.95it/s]
6874it [00:10, 614.83it/s]
6946it [00:10, 640.47it/s]
7014it [00:11, 503.40it/s]
7090it [00:11, 561.73it/s]
7153it [00:11, 519.74it/s]
7212it [00:11, 526.62it/s]
7269it [00:11, 506.32it/s]
7323it [00:11, 349.51it/s]
7389it [00:11, 410.62it/s]
7449it [00:11, 451.19it/s]
7514it [00:12, 498.27it/s]
7585it [00:12, 551.29it/s]
7651it [00:12, 579.43it/s]
7714it [00:12, 540.57it/s]
7787it [00:12, 581.83it/s]
7859it [00:12, 608.03it/s]
7942it [00:12, 668.58it/s]
8011it [00:12, 667.16it/s]
8080it [00:12, 633.41it/s]
8158it [00:13, 669.83it/s]
8227it [00:13, 657.67it/s]
8305it [00:13, 691.47it/s]
8375it [00:13, 480.36it/s]
8433it [00:13, 465.23it/s]
8486it [00:13, 386.91it/s]
8540it [00:13, 418.26it/s]
8588it [00:14, 431.61it/s]
8660it [00:14, 501.17it/s]
8715it [00:14, 433.66it/s]
8763it [00:14, 349.20it/s]
8804it [00:14, 290.91it/s]
8838it [00:14, 297.64it/s]
8910it [00:14, 388.85it/s]
8976it [00:15, 452.36it/s]
9045it [00:15, 511.03it/s]
9113it [00:15, 554.15it/s]
9189it [00:15, 609.86it/s]
9255it [00:15, 622.40it/s]
9320it [00:15, 628.34it/s]
9385it [00:15, 627.26it/s]
9449it [00:15, 618.59it/s]
9512it [00:15, 621.22it/s]
9583it [00:15, 640.82it/s]
9651it [00:16, 649.91it/s]
9717it [00:16, 643.27it/s]
9782it [00:16, 525.10it/s]
9839it [00:16, 516.40it/s]
9894it [00:16, 478.56it/s]
9944it [00:16, 393.23it/s]
9987it [00:17, 340.65it/s]
10000it [00:17, 587.24it/s]
Experiment stage: Done
Results saved to:  /home/dzh/project/vdtuner/vector-db-benchmark-master/results
>>> [Step 5] 收尾工作...
    监控日志已保存。
📊 测试结果摘要:
0.36744
583.8221935940256
0.004501575022004544
line1:  0.004501575022004544
line1:  583.8221935940256
line1:  0.36744
numeric_values:  [0.004501575022004544, 583.8221935940256, 0.36744]
[27] 2271 0.36744 0.004501575022004544 94
/bin/sh: 1: Syntax error: "(" unexpected
/data/dzh/venv/lib/python3.10/site-packages/botorch/acquisition/multi_objective/monte_carlo.py:110: NumericsWarning: qExpectedHypervolumeImprovement has known numerical issues that lead to suboptimal optimization performance. It is strongly recommended to simply replace

	 qExpectedHypervolumeImprovement 	 --> 	 qLogExpectedHypervolumeImprovement 

instead, which fixes the issues and has the same API. See https://arxiv.org/abs/2310.20708 for details.
  legacy_ei_numerics_warning(legacy_name=type(self).__name__)
--- DEBUG: Starting command:---
=======================================
🛠️  开始测试流程
Engine: milvus-p10 | Dataset: random-geo-radius-2048-angular-no-filters
=======================================
>>> [Step 1] 启动后台监控...
    监控进程 PID: 347913
>>> [Step 2] 重置 Milvus...
 Container milvus-standalone  Stopping
 Container milvus-standalone  Stopped
 Container milvus-standalone  Removing
 Container milvus-standalone  Removed
 Container milvus-etcd  Stopping
 Container milvus-minio  Stopping
 Container milvus-etcd  Stopped
 Container milvus-etcd  Removing
 Container milvus-etcd  Removed
 Container milvus-minio  Stopped
 Container milvus-minio  Removing
 Container milvus-minio  Removed
 Network milvus  Removing
 Network milvus  Removed
    🧹 清理宿主机数据目录: /home/dzh/project/vdtuner/vector-db-benchmark-master/engine/servers/milvus-single-node/volumes
 Network milvus  Creating
 Network milvus  Created
 Container milvus-etcd  Creating
 Container milvus-minio  Creating
 Container milvus-etcd  Created
 Container milvus-minio  Created
 Container milvus-standalone  Creating
 Container milvus-standalone  Created
 Container milvus-etcd  Starting
 Container milvus-minio  Starting
 Container milvus-etcd  Started
 Container milvus-minio  Started
 Container milvus-standalone  Starting
 Container milvus-standalone  Started
>>> [Step 3] 等待服务启动 (90s)...
    等待中... (10s/120s)
    ✅ Milvus 服务已就绪
>>> [Step 4] 运行 Benchmark...
Running experiment: milvus-p10 - random-geo-radius-2048-angular-no-filters
established connection
/home/dzh/project/vdtuner/vector-db-benchmark-master/datasets/random-geo-radius-2048-angular/random_geo_100k_no_filters already exists
Experiment stage: Configure
Experiment stage: Upload

0it [00:00, ?it/s]
1it [00:00,  1.32it/s]
64it [00:00, 85.19it/s]
384it [00:01, 579.06it/s]
768it [00:01, 1133.07it/s]
980it [00:01, 1303.71it/s]
1216it [00:01, 1523.47it/s]
1728it [00:01, 2156.80it/s]
1988it [00:01, 2254.70it/s]
2624it [00:01, 3141.66it/s]
2970it [00:01, 2877.16it/s]
3648it [00:02, 3726.13it/s]
4224it [00:02, 4237.45it/s]
5056it [00:02, 5284.75it/s]
6049it [00:02, 6550.26it/s]
7104it [00:02, 7596.70it/s]
8128it [00:02, 8235.08it/s]
9152it [00:02, 8792.10it/s]
10134it [00:02, 9089.82it/s]
11136it [00:02, 9296.04it/s]
12096it [00:02, 9350.72it/s]
13056it [00:03, 9344.21it/s]
14016it [00:03, 9404.15it/s]
15040it [00:03, 9577.80it/s]
16001it [00:03, 9546.73it/s]
16958it [00:03, 6995.90it/s]
17920it [00:03, 7558.54it/s]
18880it [00:03, 8025.68it/s]
19840it [00:03, 8357.70it/s]
20864it [00:04, 8789.42it/s]
21782it [00:04, 8812.99it/s]
22784it [00:04, 9067.57it/s]
23744it [00:04, 9178.90it/s]
24677it [00:04, 9036.52it/s]
25664it [00:04, 9139.49it/s]
26637it [00:04, 9309.56it/s]
27634it [00:04, 9501.00it/s]
28600it [00:04, 9547.28it/s]
29559it [00:04, 9543.61it/s]
30516it [00:05, 9495.29it/s]
31468it [00:05, 9414.84it/s]
32411it [00:05, 6101.97it/s]
33280it [00:05, 6656.37it/s]
34313it [00:05, 7518.41it/s]
35328it [00:05, 8129.88it/s]
36231it [00:05, 8214.51it/s]
37238it [00:05, 8714.10it/s]
38160it [00:06, 8818.36it/s]
39104it [00:06, 8943.46it/s]
40064it [00:06, 9040.40it/s]
40987it [00:06, 9029.78it/s]
41920it [00:06, 9066.04it/s]
42880it [00:06, 9117.44it/s]
43840it [00:06, 9193.37it/s]
44764it [00:06, 9091.29it/s]
45697it [00:06, 9160.34it/s]
46616it [00:07, 5093.06it/s]
47552it [00:07, 5867.01it/s]
48523it [00:07, 6681.74it/s]
49471it [00:07, 7331.99it/s]
50339it [00:07, 7507.55it/s]
51264it [00:07, 7844.94it/s]
52160it [00:07, 8116.81it/s]
53025it [00:07, 8260.29it/s]
53890it [00:08, 7858.84it/s]
54706it [00:08, 7459.19it/s]
55488it [00:08, 7492.20it/s]
56319it [00:08, 7717.76it/s]
57105it [00:08, 7467.39it/s]
57863it [00:08, 7213.96it/s]
58693it [00:08, 7514.84it/s]
59648it [00:08, 7999.57it/s]
60608it [00:08, 8443.89it/s]
61460it [00:09, 6538.28it/s]
62400it [00:09, 7142.02it/s]
63347it [00:09, 7735.10it/s]
64256it [00:09, 8014.78it/s]
65198it [00:09, 8399.37it/s]
66112it [00:09, 8592.34it/s]
67080it [00:09, 8903.08it/s]
67988it [00:09, 8914.46it/s]
68928it [00:09, 8994.17it/s]
69837it [00:10, 8964.02it/s]
70740it [00:10, 8905.95it/s]
71635it [00:10, 8768.60it/s]
72576it [00:10, 8859.71it/s]
73472it [00:10, 8784.43it/s]
74368it [00:10, 8803.38it/s]
75328it [00:10, 8999.00it/s]
76229it [00:10, 7182.09it/s]
77134it [00:10, 7651.24it/s]
78016it [00:11, 7952.88it/s]
78850it [00:11, 7952.81it/s]
79744it [00:11, 8147.27it/s]
80640it [00:11, 8310.25it/s]
81486it [00:11, 8105.39it/s]
82368it [00:11, 8232.08it/s]
83325it [00:11, 8615.00it/s]
84224it [00:11, 8622.88it/s]
85120it [00:11, 8695.82it/s]
86027it [00:11, 8805.17it/s]
86926it [00:12, 8859.58it/s]
87872it [00:12, 8913.77it/s]
88832it [00:12, 8951.38it/s]
89729it [00:12, 8904.59it/s]
90624it [00:12, 8885.69it/s]
91513it [00:12, 7083.43it/s]
92416it [00:12, 7523.45it/s]
93376it [00:12, 7967.54it/s]
94272it [00:12, 8205.37it/s]
95173it [00:13, 8428.68it/s]
96078it [00:13, 8605.12it/s]
96960it [00:13, 8627.74it/s]
97856it [00:13, 8655.75it/s]
98815it [00:13, 8927.62it/s]
99715it [00:13, 8560.40it/s]
100000it [00:13, 7336.01it/s]
Upload time: 14.044098427053541
Total import time: 44.4633575710468
Experiment stage: Search

0it [00:00, ?it/s]
4it [00:00,  5.22it/s]
13it [00:00, 18.01it/s]
33it [00:00, 50.46it/s]
63it [00:01, 98.98it/s]
131it [00:01, 226.83it/s]
206it [00:01, 351.42it/s]
280it [00:01, 449.53it/s]
350it [00:01, 515.63it/s]
431it [00:01, 596.42it/s]
519it [00:01, 674.68it/s]
615it [00:01, 755.76it/s]
703it [00:01, 791.79it/s]
795it [00:02, 827.98it/s]
901it [00:02, 894.03it/s]
994it [00:02, 902.46it/s]
1091it [00:02, 920.63it/s]
1197it [00:02, 960.31it/s]
1294it [00:02, 952.91it/s]
1390it [00:02, 946.58it/s]
1485it [00:02, 909.99it/s]
1577it [00:02, 907.81it/s]
1672it [00:02, 919.27it/s]
1765it [00:03, 897.28it/s]
1858it [00:03, 901.71it/s]
1949it [00:03, 903.12it/s]
2044it [00:03, 915.15it/s]
2136it [00:03, 905.81it/s]
2233it [00:03, 923.75it/s]
2329it [00:03, 933.47it/s]
2425it [00:03, 938.50it/s]
2519it [00:03, 934.20it/s]
2613it [00:03, 931.94it/s]
2707it [00:04, 880.84it/s]
2797it [00:04, 885.51it/s]
2886it [00:04, 886.74it/s]
2977it [00:04, 893.04it/s]
3076it [00:04, 918.93it/s]
3169it [00:04, 921.69it/s]
3267it [00:04, 937.03it/s]
3361it [00:04, 934.72it/s]
3455it [00:04, 923.55it/s]
3550it [00:04, 928.08it/s]
3643it [00:05, 924.49it/s]
3739it [00:05, 933.09it/s]
3833it [00:05, 931.83it/s]
3931it [00:05, 945.12it/s]
4030it [00:05, 957.49it/s]
4126it [00:05, 835.09it/s]
4213it [00:05, 843.93it/s]
4306it [00:05, 867.32it/s]
4397it [00:05, 878.15it/s]
4486it [00:06, 876.94it/s]
4575it [00:06, 791.47it/s]
4670it [00:06, 833.17it/s]
4763it [00:06, 858.18it/s]
4861it [00:06, 890.49it/s]
4961it [00:06, 921.77it/s]
5059it [00:06, 937.93it/s]
5159it [00:06, 955.42it/s]
5256it [00:06, 944.72it/s]
5351it [00:07, 894.05it/s]
5442it [00:07, 872.01it/s]
5540it [00:07, 900.47it/s]
5631it [00:07, 879.02it/s]
5724it [00:07, 892.53it/s]
5823it [00:07, 919.85it/s]
5916it [00:07, 877.87it/s]
6005it [00:07, 861.56it/s]
6093it [00:07, 865.11it/s]
6180it [00:07, 781.21it/s]
6271it [00:08, 814.88it/s]
6354it [00:08, 806.88it/s]
6436it [00:08, 809.87it/s]
6518it [00:08, 801.65it/s]
6599it [00:08, 803.09it/s]
6681it [00:08, 807.63it/s]
6763it [00:08, 804.33it/s]
6844it [00:08, 788.60it/s]
6924it [00:08, 772.40it/s]
7013it [00:09, 803.02it/s]
7107it [00:09, 840.42it/s]
7209it [00:09, 891.57it/s]
7304it [00:09, 906.45it/s]
7395it [00:09, 874.32it/s]
7489it [00:09, 890.38it/s]
7579it [00:09, 871.78it/s]
7669it [00:09, 879.88it/s]
7758it [00:09, 879.92it/s]
7848it [00:09, 883.94it/s]
7937it [00:10, 859.42it/s]
8024it [00:10, 771.91it/s]
8115it [00:10, 804.79it/s]
8213it [00:10, 852.18it/s]
8304it [00:10, 868.34it/s]
8392it [00:10, 811.33it/s]
8487it [00:10, 849.57it/s]
8582it [00:10, 876.90it/s]
8671it [00:10, 864.81it/s]
8759it [00:11, 867.91it/s]
8847it [00:11, 833.38it/s]
8931it [00:11, 826.03it/s]
9015it [00:11, 813.42it/s]
9100it [00:11, 822.60it/s]
9183it [00:11, 820.94it/s]
9266it [00:11, 798.01it/s]
9351it [00:11, 808.56it/s]
9438it [00:11, 824.16it/s]
9528it [00:11, 845.04it/s]
9614it [00:12, 848.66it/s]
9699it [00:12, 835.01it/s]
9783it [00:12, 768.58it/s]
9867it [00:12, 785.85it/s]
9962it [00:12, 832.04it/s]
10000it [00:12, 796.40it/s]
Experiment stage: Done
Results saved to:  /home/dzh/project/vdtuner/vector-db-benchmark-master/results
>>> [Step 5] 收尾工作...
    监控日志已保存。
📊 测试结果摘要:
0.3913400000000001
790.1661818491399
0.0038378027966246005
line1:  0.0038378027966246005
line1:  790.1661818491399
line1:  0.3913400000000001
numeric_values:  [0.0038378027966246005, 790.1661818491399, 0.3913400000000001]
[28] 2361 0.3913400000000001 0.0038378027966246005 89
/bin/sh: 1: Syntax error: "(" unexpected
/data/dzh/venv/lib/python3.10/site-packages/botorch/acquisition/multi_objective/monte_carlo.py:110: NumericsWarning: qExpectedHypervolumeImprovement has known numerical issues that lead to suboptimal optimization performance. It is strongly recommended to simply replace

	 qExpectedHypervolumeImprovement 	 --> 	 qLogExpectedHypervolumeImprovement 

instead, which fixes the issues and has the same API. See https://arxiv.org/abs/2310.20708 for details.
  legacy_ei_numerics_warning(legacy_name=type(self).__name__)
--- DEBUG: Starting command:---
=======================================
🛠️  开始测试流程
Engine: milvus-p10 | Dataset: random-geo-radius-2048-angular-no-filters
=======================================
>>> [Step 1] 启动后台监控...
    监控进程 PID: 360295
>>> [Step 2] 重置 Milvus...
 Container milvus-standalone  Stopping
 Container milvus-standalone  Stopped
 Container milvus-standalone  Removing
 Container milvus-standalone  Removed
 Container milvus-etcd  Stopping
 Container milvus-minio  Stopping
 Container milvus-etcd  Stopped
 Container milvus-etcd  Removing
 Container milvus-etcd  Removed
 Container milvus-minio  Stopped
 Container milvus-minio  Removing
 Container milvus-minio  Removed
 Network milvus  Removing
 Network milvus  Removed
    🧹 清理宿主机数据目录: /home/dzh/project/vdtuner/vector-db-benchmark-master/engine/servers/milvus-single-node/volumes
 Network milvus  Creating
 Network milvus  Created
 Container milvus-minio  Creating
 Container milvus-etcd  Creating
 Container milvus-minio  Created
 Container milvus-etcd  Created
 Container milvus-standalone  Creating
 Container milvus-standalone  Created
 Container milvus-etcd  Starting
 Container milvus-minio  Starting
 Container milvus-etcd  Started
 Container milvus-minio  Started
 Container milvus-standalone  Starting
 Container milvus-standalone  Started
>>> [Step 3] 等待服务启动 (90s)...
    等待中... (10s/120s)
    ✅ Milvus 服务已就绪
>>> [Step 4] 运行 Benchmark...
Running experiment: milvus-p10 - random-geo-radius-2048-angular-no-filters
established connection
/home/dzh/project/vdtuner/vector-db-benchmark-master/datasets/random-geo-radius-2048-angular/random_geo_100k_no_filters already exists
Experiment stage: Configure
Experiment stage: Upload

0it [00:00, ?it/s]
1it [00:01,  1.48s/it]
704it [00:01, 618.08it/s]
1103it [00:01, 930.04it/s]
1472it [00:01, 1275.40it/s]
1807it [00:01, 1515.55it/s]
2111it [00:02, 1615.12it/s]
2377it [00:02, 1603.30it/s]
2624it [00:02, 1765.12it/s]
3409it [00:02, 3056.99it/s]
4416it [00:02, 4651.32it/s]
5440it [00:02, 6015.62it/s]
6464it [00:02, 7094.35it/s]
7488it [00:02, 7944.29it/s]
8512it [00:03, 8546.57it/s]
9495it [00:03, 8910.54it/s]
10432it [00:03, 8870.52it/s]
11403it [00:03, 9112.17it/s]
12416it [00:03, 9351.93it/s]
13431it [00:03, 9585.32it/s]
14401it [00:03, 9316.12it/s]
15343it [00:03, 9200.46it/s]
16270it [00:03, 6853.71it/s]
17111it [00:04, 7219.29it/s]
17942it [00:04, 7493.21it/s]
18894it [00:04, 8027.56it/s]
19840it [00:04, 8346.25it/s]
20800it [00:04, 8623.98it/s]
21725it [00:04, 8800.75it/s]
22656it [00:04, 8897.08it/s]
23616it [00:04, 9014.85it/s]
24576it [00:04, 9177.68it/s]
25517it [00:04, 9245.59it/s]
26496it [00:05, 9274.97it/s]
27456it [00:05, 9291.12it/s]
28388it [00:05, 9288.44it/s]
29376it [00:05, 9354.33it/s]
30336it [00:05, 9413.43it/s]
31296it [00:05, 6585.30it/s]
32072it [00:05, 6818.54it/s]
33024it [00:05, 7454.76it/s]
34044it [00:06, 8162.38it/s]
34956it [00:06, 8420.05it/s]
35904it [00:06, 8631.46it/s]
36803it [00:06, 8698.49it/s]
37760it [00:06, 8912.54it/s]
38720it [00:06, 9061.29it/s]
39694it [00:06, 9259.03it/s]
40630it [00:06, 9227.49it/s]
41560it [00:06, 8967.24it/s]
42463it [00:06, 8956.68it/s]
43363it [00:07, 8968.46it/s]
44263it [00:07, 8962.15it/s]
45184it [00:07, 8906.05it/s]
46144it [00:07, 9024.01it/s]
47048it [00:07, 6934.10it/s]
47936it [00:07, 7371.87it/s]
48960it [00:07, 8017.37it/s]
49856it [00:07, 8205.19it/s]
50795it [00:07, 8529.50it/s]
51678it [00:08, 8609.67it/s]
52560it [00:08, 8522.09it/s]
53504it [00:08, 8667.74it/s]
54400it [00:08, 8690.19it/s]
55296it [00:08, 8710.38it/s]
56173it [00:08, 8501.60it/s]
57028it [00:08, 8332.49it/s]
57865it [00:08, 8188.95it/s]
58687it [00:08, 8117.64it/s]
59501it [00:09, 7627.66it/s]
60270it [00:09, 7291.70it/s]
61056it [00:09, 7407.07it/s]
61802it [00:09, 7047.14it/s]
62512it [00:09, 6804.08it/s]
63203it [00:09, 6833.00it/s]
63936it [00:09, 6935.69it/s]
64640it [00:09, 6941.58it/s]
65424it [00:09, 7201.55it/s]
66240it [00:10, 7480.90it/s]
67136it [00:10, 7868.52it/s]
68032it [00:10, 8186.77it/s]
68928it [00:10, 8257.44it/s]
69781it [00:10, 8336.98it/s]
70624it [00:10, 8364.07it/s]
71552it [00:10, 8540.33it/s]
72448it [00:10, 8567.43it/s]
73349it [00:10, 8697.46it/s]
74240it [00:10, 8619.51it/s]
75139it [00:11, 8728.02it/s]
76096it [00:11, 8876.21it/s]
76984it [00:11, 5885.48it/s]
77760it [00:11, 6291.96it/s]
78533it [00:11, 6633.38it/s]
79355it [00:11, 7035.19it/s]
80125it [00:11, 7176.22it/s]
80896it [00:11, 7141.77it/s]
81792it [00:12, 7599.29it/s]
82703it [00:12, 8024.73it/s]
83584it [00:12, 8175.36it/s]
84480it [00:12, 8365.55it/s]
85328it [00:12, 8376.22it/s]
86272it [00:12, 8588.85it/s]
87168it [00:12, 8606.32it/s]
88113it [00:12, 8853.24it/s]
89024it [00:12, 8813.75it/s]
89981it [00:12, 9035.64it/s]
90887it [00:13, 8912.43it/s]
91840it [00:13, 5594.96it/s]
92557it [00:13, 5750.99it/s]
93440it [00:13, 6420.80it/s]
94208it [00:13, 6679.32it/s]
95040it [00:13, 7027.42it/s]
95876it [00:13, 7379.47it/s]
96704it [00:13, 7513.24it/s]
97536it [00:14, 7681.44it/s]
98368it [00:14, 7816.01it/s]
99200it [00:14, 7879.10it/s]
100000it [00:14, 6949.57it/s]
Upload time: 14.953178981784731
Total import time: 44.97591816261411
Experiment stage: Search

0it [00:00, ?it/s]
4it [00:00,  5.12it/s]
14it [00:00, 17.89it/s]
52it [00:01, 78.13it/s]
108it [00:01, 169.71it/s]
204it [00:01, 338.14it/s]
292it [00:01, 463.89it/s]
384it [00:01, 577.38it/s]
468it [00:01, 644.99it/s]
560it [00:01, 718.65it/s]
647it [00:01, 759.97it/s]
732it [00:01, 783.55it/s]
816it [00:01, 765.05it/s]
897it [00:02, 671.59it/s]
986it [00:02, 726.42it/s]
1080it [00:02, 783.63it/s]
1172it [00:02, 820.28it/s]
1270it [00:02, 863.52it/s]
1368it [00:02, 896.14it/s]
1462it [00:02, 906.95it/s]
1556it [00:02, 910.52it/s]
1650it [00:02, 917.51it/s]
1743it [00:03, 902.53it/s]
1834it [00:03, 888.35it/s]
1925it [00:03, 894.10it/s]
2019it [00:03, 904.13it/s]
2112it [00:03, 911.28it/s]
2209it [00:03, 926.58it/s]
2310it [00:03, 948.98it/s]
2405it [00:03, 926.23it/s]
2499it [00:03, 930.18it/s]
2593it [00:03, 905.24it/s]
2688it [00:04, 918.10it/s]
2781it [00:04, 899.25it/s]
2872it [00:04, 892.21it/s]
2962it [00:04, 884.18it/s]
3056it [00:04, 898.75it/s]
3146it [00:04, 886.03it/s]
3242it [00:04, 905.39it/s]
3333it [00:04, 898.79it/s]
3423it [00:04, 887.96it/s]
3522it [00:05, 916.53it/s]
3614it [00:05, 909.58it/s]
3707it [00:05, 908.54it/s]
3802it [00:05, 913.96it/s]
3894it [00:05, 822.79it/s]
3990it [00:05, 859.06it/s]
4085it [00:05, 883.29it/s]
4175it [00:05, 872.03it/s]
4268it [00:05, 882.75it/s]
4357it [00:05, 862.69it/s]
4444it [00:06, 852.56it/s]
4536it [00:06, 868.77it/s]
4624it [00:06, 865.20it/s]
4711it [00:06, 837.71it/s]
4803it [00:06, 858.96it/s]
4892it [00:06, 865.58it/s]
4980it [00:06, 868.47it/s]
5069it [00:06, 873.37it/s]
5157it [00:06, 854.42it/s]
5246it [00:07, 863.54it/s]
5333it [00:07, 861.98it/s]
5420it [00:07, 855.43it/s]
5510it [00:07, 867.77it/s]
5609it [00:07, 900.14it/s]
5700it [00:07, 898.23it/s]
5793it [00:07, 903.75it/s]
5896it [00:07, 939.60it/s]
5994it [00:07, 950.95it/s]
6090it [00:07, 908.22it/s]
6182it [00:08, 890.64it/s]
6272it [00:08, 870.22it/s]
6373it [00:08, 908.54it/s]
6479it [00:08, 950.51it/s]
6575it [00:08, 915.13it/s]
6668it [00:08, 867.99it/s]
6756it [00:08, 839.65it/s]
6841it [00:08, 792.44it/s]
6921it [00:08, 783.18it/s]
7005it [00:09, 797.65it/s]
7094it [00:09, 821.48it/s]
7177it [00:09, 812.97it/s]
7259it [00:09, 806.29it/s]
7340it [00:09, 807.07it/s]
7426it [00:09, 821.75it/s]
7509it [00:09, 815.93it/s]
7591it [00:09, 815.86it/s]
7674it [00:09, 818.33it/s]
7756it [00:09, 809.99it/s]
7850it [00:10, 844.98it/s]
7943it [00:10, 869.33it/s]
8031it [00:10, 868.74it/s]
8118it [00:10, 815.27it/s]
8201it [00:10, 787.62it/s]
8281it [00:10, 782.98it/s]
8360it [00:10, 768.96it/s]
8439it [00:10, 772.35it/s]
8522it [00:10, 788.35it/s]
8602it [00:10, 781.57it/s]
8681it [00:11, 732.81it/s]
8762it [00:11, 754.00it/s]
8839it [00:11, 758.32it/s]
8921it [00:11, 773.92it/s]
9017it [00:11, 712.34it/s]
9090it [00:11, 588.26it/s]
9154it [00:12, 329.60it/s]
9203it [00:12, 350.57it/s]
9301it [00:12, 464.01it/s]
9393it [00:12, 557.26it/s]
9484it [00:12, 636.55it/s]
9587it [00:12, 731.51it/s]
9672it [00:12, 700.06it/s]
9759it [00:12, 742.47it/s]
9847it [00:13, 772.50it/s]
9934it [00:13, 797.68it/s]
10000it [00:13, 755.41it/s]
Experiment stage: Done
Results saved to:  /home/dzh/project/vdtuner/vector-db-benchmark-master/results
>>> [Step 5] 收尾工作...
    监控日志已保存。
📊 测试结果摘要:
0.40174
749.5281400934241
0.004171095322817563
line1:  0.004171095322817563
line1:  749.5281400934241
line1:  0.40174
numeric_values:  [0.004171095322817563, 749.5281400934241, 0.40174]
[29] 2452 0.40174 0.004171095322817563 90
/bin/sh: 1: Syntax error: "(" unexpected
/data/dzh/venv/lib/python3.10/site-packages/botorch/acquisition/multi_objective/monte_carlo.py:110: NumericsWarning: qExpectedHypervolumeImprovement has known numerical issues that lead to suboptimal optimization performance. It is strongly recommended to simply replace

	 qExpectedHypervolumeImprovement 	 --> 	 qLogExpectedHypervolumeImprovement 

instead, which fixes the issues and has the same API. See https://arxiv.org/abs/2310.20708 for details.
  legacy_ei_numerics_warning(legacy_name=type(self).__name__)
--- DEBUG: Starting command:---
=======================================
🛠️  开始测试流程
Engine: milvus-p10 | Dataset: random-geo-radius-2048-angular-no-filters
=======================================
>>> [Step 1] 启动后台监控...
    监控进程 PID: 373062
>>> [Step 2] 重置 Milvus...
 Container milvus-standalone  Stopping
 Container milvus-standalone  Stopped
 Container milvus-standalone  Removing
 Container milvus-standalone  Removed
 Container milvus-minio  Stopping
 Container milvus-etcd  Stopping
 Container milvus-etcd  Stopped
 Container milvus-etcd  Removing
 Container milvus-etcd  Removed
 Container milvus-minio  Stopped
 Container milvus-minio  Removing
 Container milvus-minio  Removed
 Network milvus  Removing
 Network milvus  Removed
    🧹 清理宿主机数据目录: /home/dzh/project/vdtuner/vector-db-benchmark-master/engine/servers/milvus-single-node/volumes
 Network milvus  Creating
 Network milvus  Created
 Container milvus-etcd  Creating
 Container milvus-minio  Creating
 Container milvus-etcd  Created
 Container milvus-minio  Created
 Container milvus-standalone  Creating
 Container milvus-standalone  Created
 Container milvus-minio  Starting
 Container milvus-etcd  Starting
 Container milvus-etcd  Started
 Container milvus-minio  Started
 Container milvus-standalone  Starting
 Container milvus-standalone  Started
>>> [Step 3] 等待服务启动 (90s)...
    等待中... (10s/120s)
    ✅ Milvus 服务已就绪
>>> [Step 4] 运行 Benchmark...
Running experiment: milvus-p10 - random-geo-radius-2048-angular-no-filters
established connection
/home/dzh/project/vdtuner/vector-db-benchmark-master/datasets/random-geo-radius-2048-angular/random_geo_100k_no_filters already exists
Experiment stage: Configure
Experiment stage: Upload

0it [00:00, ?it/s]
1it [00:02,  2.08s/it]
768it [00:02, 491.13it/s]
1183it [00:02, 718.00it/s]
1490it [00:02, 927.04it/s]
1838it [00:02, 1222.41it/s]
2138it [00:02, 1395.15it/s]
2432it [00:02, 1642.57it/s]
2880it [00:02, 2165.35it/s]
3456it [00:03, 2892.91it/s]
4352it [00:03, 4274.63it/s]
5312it [00:03, 5547.70it/s]
6336it [00:03, 6698.61it/s]
7418it [00:03, 7803.92it/s]
8384it [00:03, 8290.18it/s]
9408it [00:03, 8821.27it/s]
10368it [00:03, 8950.09it/s]
11295it [00:03, 8847.61it/s]
12224it [00:04, 8897.65it/s]
13130it [00:04, 8831.33it/s]
14024it [00:04, 8638.52it/s]
14896it [00:04, 8660.56it/s]
15808it [00:04, 8743.85it/s]
16832it [00:04, 9136.00it/s]
17750it [00:04, 6438.73it/s]
18688it [00:04, 7062.48it/s]
19591it [00:04, 7543.16it/s]
20603it [00:05, 8192.03it/s]
21568it [00:05, 8471.49it/s]
22509it [00:05, 8729.26it/s]
23424it [00:05, 8825.51it/s]
24384it [00:05, 9033.87it/s]
25344it [00:05, 9144.78it/s]
26368it [00:05, 9422.48it/s]
27320it [00:05, 9301.50it/s]
28258it [00:05, 9120.33it/s]
29188it [00:06, 9172.11it/s]
30144it [00:06, 9251.57it/s]
31104it [00:06, 9309.55it/s]
32064it [00:06, 9381.70it/s]
33004it [00:06, 5985.89it/s]
33984it [00:06, 6724.75it/s]
34944it [00:06, 7324.29it/s]
35913it [00:06, 7906.98it/s]
36851it [00:07, 8290.35it/s]
37760it [00:07, 8501.58it/s]
38720it [00:07, 8765.75it/s]
39680it [00:07, 8934.58it/s]
40640it [00:07, 9042.41it/s]
41564it [00:07, 9066.76it/s]
42484it [00:07, 9030.71it/s]
43441it [00:07, 9187.95it/s]
44367it [00:07, 9029.28it/s]
45342it [00:07, 9239.30it/s]
46271it [00:08, 9078.99it/s]
47216it [00:08, 9186.60it/s]
48138it [00:08, 7741.57it/s]
48987it [00:08, 7937.10it/s]
49812it [00:08, 7965.32it/s]
50631it [00:08, 7936.77it/s]
51440it [00:08, 7847.31it/s]
52236it [00:08, 7695.54it/s]
53120it [00:08, 7925.28it/s]
54016it [00:09, 8174.02it/s]
54912it [00:09, 8387.51it/s]
55765it [00:09, 8428.56it/s]
56704it [00:09, 8603.26it/s]
57567it [00:09, 8182.98it/s]
58391it [00:09, 8008.13it/s]
59242it [00:09, 8150.00it/s]
60070it [00:09, 8187.38it/s]
60892it [00:09, 8102.51it/s]
61704it [00:09, 7806.87it/s]
62656it [00:10, 8193.96it/s]
63479it [00:10, 5839.94it/s]
64384it [00:10, 6495.14it/s]
65344it [00:10, 7194.79it/s]
66368it [00:10, 7860.99it/s]
67310it [00:10, 8273.11it/s]
68185it [00:10, 8310.92it/s]
69056it [00:10, 8373.49it/s]
69952it [00:11, 8495.78it/s]
70848it [00:11, 8534.85it/s]
71714it [00:11, 8248.00it/s]
72549it [00:11, 8183.65it/s]
73375it [00:11, 8186.17it/s]
74240it [00:11, 8239.99it/s]
75121it [00:11, 8405.46it/s]
75968it [00:11, 8383.04it/s]
76838it [00:11, 8475.73it/s]
77688it [00:12, 7044.12it/s]
78528it [00:12, 7288.24it/s]
79296it [00:12, 7357.18it/s]
80128it [00:12, 7619.62it/s]
80909it [00:12, 7501.50it/s]
81672it [00:12, 7399.20it/s]
82432it [00:12, 7356.02it/s]
83200it [00:12, 7355.13it/s]
83968it [00:12, 7403.59it/s]
84775it [00:12, 7596.57it/s]
85632it [00:13, 7786.73it/s]
86528it [00:13, 8019.22it/s]
87332it [00:13, 7821.16it/s]
88142it [00:13, 7901.53it/s]
88960it [00:13, 7912.59it/s]
89856it [00:13, 8120.55it/s]
90752it [00:13, 8246.74it/s]
91648it [00:13, 8441.18it/s]
92599it [00:13, 8754.78it/s]
93476it [00:14, 7149.52it/s]
94400it [00:14, 7654.33it/s]
95317it [00:14, 8058.64it/s]
96226it [00:14, 8342.47it/s]
97183it [00:14, 8689.52it/s]
98073it [00:14, 8609.74it/s]
99008it [00:14, 8759.27it/s]
99895it [00:14, 8785.35it/s]
100000it [00:14, 6751.26it/s]
Upload time: 15.202088187914342
Total import time: 45.225541131105274
Experiment stage: Search

0it [00:00, ?it/s]
4it [00:00,  5.09it/s]
14it [00:00, 19.35it/s]
41it [00:01, 63.55it/s]
117it [00:01, 203.77it/s]
209it [00:01, 362.50it/s]
294it [00:01, 479.33it/s]
372it [00:01, 555.01it/s]
450it [00:01, 614.28it/s]
538it [00:01, 686.45it/s]
626it [00:01, 739.93it/s]
716it [00:01, 785.10it/s]
811it [00:01, 832.20it/s]
903it [00:02, 853.43it/s]
997it [00:02, 873.57it/s]
1093it [00:02, 896.61it/s]
1187it [00:02, 907.71it/s]
1279it [00:02, 907.24it/s]
1371it [00:02, 885.55it/s]
1462it [00:02, 888.14it/s]
1552it [00:02, 885.42it/s]
1641it [00:02, 883.97it/s]
1737it [00:02, 902.74it/s]
1829it [00:03, 905.80it/s]
1920it [00:03, 880.63it/s]
2009it [00:03, 874.31it/s]
2097it [00:03, 872.67it/s]
2185it [00:03, 872.77it/s]
2273it [00:03, 854.97it/s]
2364it [00:03, 870.32it/s]
2459it [00:03, 892.19it/s]
2553it [00:03, 905.79it/s]
2647it [00:03, 914.33it/s]
2740it [00:04, 918.14it/s]
2832it [00:04, 868.51it/s]
2920it [00:04, 867.90it/s]
3012it [00:04, 881.42it/s]
3101it [00:04, 881.17it/s]
3190it [00:04, 875.80it/s]
3287it [00:04, 903.10it/s]
3378it [00:04, 880.99it/s]
3468it [00:04, 885.38it/s]
3557it [00:05, 849.18it/s]
3643it [00:05, 779.87it/s]
3724it [00:05, 785.75it/s]
3804it [00:05, 787.40it/s]
3892it [00:05, 811.48it/s]
3974it [00:05, 805.16it/s]
4063it [00:05, 825.46it/s]
4146it [00:05, 797.85it/s]
4227it [00:05, 785.70it/s]
4306it [00:05, 784.96it/s]
4385it [00:06, 769.09it/s]
4471it [00:06, 792.25it/s]
4551it [00:06, 774.02it/s]
4640it [00:06, 806.98it/s]
4732it [00:06, 839.53it/s]
4817it [00:06, 727.87it/s]
4914it [00:06, 791.14it/s]
5005it [00:06, 823.05it/s]
5092it [00:06, 835.40it/s]
5187it [00:07, 867.98it/s]
5278it [00:07, 880.12it/s]
5375it [00:07, 904.56it/s]
5475it [00:07, 928.32it/s]
5573it [00:07, 942.78it/s]
5668it [00:07, 790.61it/s]
5752it [00:07, 682.86it/s]
5829it [00:07, 697.00it/s]
5903it [00:08, 651.75it/s]
5987it [00:08, 697.47it/s]
6079it [00:08, 754.57it/s]
6171it [00:08, 799.51it/s]
6263it [00:08, 831.22it/s]
6357it [00:08, 861.76it/s]
6449it [00:08, 872.78it/s]
6546it [00:08, 898.92it/s]
6637it [00:08, 901.63it/s]
6732it [00:08, 915.71it/s]
6824it [00:09, 916.02it/s]
6916it [00:09, 897.38it/s]
7008it [00:09, 902.45it/s]
7099it [00:09, 890.62it/s]
7189it [00:09, 890.04it/s]
7279it [00:09, 823.58it/s]
7373it [00:09, 854.52it/s]
7460it [00:09, 815.03it/s]
7543it [00:09, 813.15it/s]
7625it [00:09, 812.73it/s]
7716it [00:10, 839.63it/s]
7810it [00:10, 865.08it/s]
7905it [00:10, 889.25it/s]
8006it [00:10, 923.63it/s]
8100it [00:10, 926.95it/s]
8193it [00:10, 911.52it/s]
8285it [00:10, 871.50it/s]
8380it [00:10, 892.13it/s]
8470it [00:10, 881.76it/s]
8559it [00:11, 873.50it/s]
8647it [00:11, 862.77it/s]
8734it [00:11, 854.56it/s]
8824it [00:11, 864.34it/s]
8913it [00:11, 870.19it/s]
9009it [00:11, 896.18it/s]
9103it [00:11, 904.87it/s]
9194it [00:11, 891.43it/s]
9284it [00:11, 781.98it/s]
9365it [00:12, 548.42it/s]
9461it [00:12, 634.20it/s]
9549it [00:12, 690.08it/s]
9638it [00:12, 738.67it/s]
9731it [00:12, 787.67it/s]
9830it [00:12, 841.49it/s]
9923it [00:12, 866.01it/s]
10000it [00:12, 778.94it/s]
Experiment stage: Done
Results saved to:  /home/dzh/project/vdtuner/vector-db-benchmark-master/results
>>> [Step 5] 收尾工作...
    监控日志已保存。
📊 测试结果摘要:
0.38213
772.6094803515278
0.003978154761716723
line1:  0.003978154761716723
line1:  772.6094803515278
line1:  0.38213
numeric_values:  [0.003978154761716723, 772.6094803515278, 0.38213]
[30] 2543 0.38213 0.003978154761716723 91
/bin/sh: 1: Syntax error: "(" unexpected
/data/dzh/venv/lib/python3.10/site-packages/botorch/acquisition/multi_objective/monte_carlo.py:110: NumericsWarning: qExpectedHypervolumeImprovement has known numerical issues that lead to suboptimal optimization performance. It is strongly recommended to simply replace

	 qExpectedHypervolumeImprovement 	 --> 	 qLogExpectedHypervolumeImprovement 

instead, which fixes the issues and has the same API. See https://arxiv.org/abs/2310.20708 for details.
  legacy_ei_numerics_warning(legacy_name=type(self).__name__)
--- DEBUG: Starting command:---
=======================================
🛠️  开始测试流程
Engine: milvus-p10 | Dataset: random-geo-radius-2048-angular-no-filters
=======================================
>>> [Step 1] 启动后台监控...
    监控进程 PID: 385939
>>> [Step 2] 重置 Milvus...
 Container milvus-standalone  Stopping
 Container milvus-standalone  Stopped
 Container milvus-standalone  Removing
 Container milvus-standalone  Removed
 Container milvus-minio  Stopping
 Container milvus-etcd  Stopping
 Container milvus-etcd  Stopped
 Container milvus-etcd  Removing
 Container milvus-etcd  Removed
 Container milvus-minio  Stopped
 Container milvus-minio  Removing
 Container milvus-minio  Removed
 Network milvus  Removing
 Network milvus  Removed
    🧹 清理宿主机数据目录: /home/dzh/project/vdtuner/vector-db-benchmark-master/engine/servers/milvus-single-node/volumes
 Network milvus  Creating
 Network milvus  Created
 Container milvus-etcd  Creating
 Container milvus-minio  Creating
 Container milvus-minio  Created
 Container milvus-etcd  Created
 Container milvus-standalone  Creating
 Container milvus-standalone  Created
 Container milvus-etcd  Starting
 Container milvus-minio  Starting
 Container milvus-minio  Started
 Container milvus-etcd  Started
 Container milvus-standalone  Starting
 Container milvus-standalone  Started
>>> [Step 3] 等待服务启动 (90s)...
    等待中... (10s/120s)
    ✅ Milvus 服务已就绪
>>> [Step 4] 运行 Benchmark...
Running experiment: milvus-p10 - random-geo-radius-2048-angular-no-filters
established connection
/home/dzh/project/vdtuner/vector-db-benchmark-master/datasets/random-geo-radius-2048-angular/random_geo_100k_no_filters already exists
Experiment stage: Configure
Experiment stage: Upload

0it [00:00, ?it/s]
1it [00:00,  1.61it/s]
64it [00:00, 80.79it/s]
768it [00:01, 1140.07it/s]
1081it [00:01, 1491.30it/s]
1472it [00:01, 1924.15it/s]
1794it [00:01, 2014.52it/s]
2112it [00:01, 2172.97it/s]
2393it [00:01, 2304.53it/s]
2944it [00:01, 3060.38it/s]
3456it [00:01, 3585.13it/s]
4224it [00:01, 4631.88it/s]
5184it [00:02, 5975.42it/s]
6264it [00:02, 7334.16it/s]
7296it [00:02, 8123.72it/s]
8282it [00:02, 8624.98it/s]
9302it [00:02, 9084.95it/s]
10265it [00:02, 9244.83it/s]
11202it [00:02, 9074.05it/s]
12212it [00:02, 9373.54it/s]
13180it [00:02, 9463.26it/s]
14144it [00:02, 9444.65it/s]
15093it [00:03, 9359.51it/s]
16064it [00:03, 9325.39it/s]
16999it [00:03, 8422.67it/s]
17859it [00:03, 8457.94it/s]
18789it [00:03, 8694.46it/s]
19715it [00:03, 8856.44it/s]
20609it [00:03, 8802.82it/s]
21568it [00:03, 8903.42it/s]
22463it [00:03, 8637.50it/s]
23488it [00:04, 9065.25it/s]
24576it [00:04, 9481.11it/s]
25536it [00:04, 9473.05it/s]
26560it [00:04, 9652.22it/s]
27528it [00:04, 9631.20it/s]
28493it [00:04, 9604.12it/s]
29455it [00:04, 9443.39it/s]
30464it [00:04, 9513.36it/s]
31488it [00:04, 9592.91it/s]
32448it [00:05, 6154.10it/s]
33408it [00:05, 6833.80it/s]
34428it [00:05, 7609.09it/s]
35328it [00:05, 7909.08it/s]
36288it [00:05, 8338.45it/s]
37190it [00:05, 8501.46it/s]
38144it [00:05, 8662.13it/s]
39104it [00:05, 8809.07it/s]
40064it [00:05, 8925.91it/s]
41024it [00:06, 9079.35it/s]
41984it [00:06, 9068.58it/s]
42944it [00:06, 9138.91it/s]
43865it [00:06, 9139.39it/s]
44800it [00:06, 9067.38it/s]
45760it [00:06, 9092.13it/s]
46672it [00:06, 9026.40it/s]
47577it [00:06, 9019.97it/s]
48481it [00:06, 8073.20it/s]
49408it [00:07, 8279.06it/s]
50368it [00:07, 8635.45it/s]
51328it [00:07, 8869.26it/s]
52225it [00:07, 8882.14it/s]
53121it [00:07, 8803.68it/s]
54080it [00:07, 9018.64it/s]
54986it [00:07, 8755.64it/s]
55866it [00:07, 8745.63it/s]
56814it [00:07, 8959.16it/s]
57728it [00:07, 8875.89it/s]
58624it [00:08, 8784.05it/s]
59520it [00:08, 8827.00it/s]
60404it [00:08, 8729.01it/s]
61278it [00:08, 8623.92it/s]
62242it [00:08, 8920.91it/s]
63136it [00:08, 7508.49it/s]
63932it [00:08, 7626.01it/s]
64832it [00:08, 7892.04it/s]
65792it [00:08, 8306.37it/s]
66738it [00:09, 8631.24it/s]
67648it [00:09, 8707.87it/s]
68608it [00:09, 8870.05it/s]
69504it [00:09, 8872.05it/s]
70464it [00:09, 8982.36it/s]
71366it [00:09, 8793.50it/s]
72320it [00:09, 8933.73it/s]
73216it [00:09, 8827.65it/s]
74101it [00:09, 8622.47it/s]
74965it [00:10, 8307.61it/s]
75803it [00:10, 8327.64it/s]
76638it [00:10, 8299.93it/s]
77470it [00:10, 8265.71it/s]
78400it [00:10, 8476.22it/s]
79249it [00:10, 6065.93it/s]
80128it [00:10, 6656.18it/s]
81088it [00:10, 7275.31it/s]
81984it [00:10, 7607.97it/s]
82891it [00:11, 7997.03it/s]
83776it [00:11, 8201.81it/s]
84736it [00:11, 8459.38it/s]
85632it [00:11, 8578.88it/s]
86545it [00:11, 8737.36it/s]
87466it [00:11, 8874.83it/s]
88363it [00:11, 8852.00it/s]
89255it [00:11, 8641.62it/s]
90125it [00:11, 8642.62it/s]
91008it [00:11, 8652.57it/s]
91923it [00:12, 8798.45it/s]
92805it [00:12, 8659.63it/s]
93760it [00:12, 8846.22it/s]
94646it [00:12, 7731.91it/s]
95488it [00:12, 7813.24it/s]
96384it [00:12, 8021.36it/s]
97280it [00:12, 8221.96it/s]
98240it [00:12, 8499.21it/s]
99136it [00:12, 8616.48it/s]
100000it [00:13, 7648.75it/s]
Upload time: 13.461073714774102
Total import time: 43.692890936974436
Experiment stage: Search

0it [00:00, ?it/s]
4it [00:00,  5.22it/s]
14it [00:00, 17.88it/s]
71it [00:01, 109.69it/s]
147it [00:01, 233.88it/s]
235it [00:01, 370.75it/s]
329it [00:01, 501.86it/s]
414it [00:01, 585.84it/s]
494it [00:01, 641.51it/s]
579it [00:01, 697.39it/s]
659it [00:01, 722.71it/s]
744it [00:01, 756.34it/s]
828it [00:01, 777.09it/s]
924it [00:02, 828.68it/s]
1020it [00:02, 865.87it/s]
1111it [00:02, 875.97it/s]
1200it [00:02, 878.03it/s]
1293it [00:02, 893.29it/s]
1384it [00:02, 815.42it/s]
1476it [00:02, 844.48it/s]
1571it [00:02, 873.75it/s]
1666it [00:02, 892.99it/s]
1759it [00:03, 895.52it/s]
1861it [00:03, 931.81it/s]
1966it [00:03, 965.93it/s]
2064it [00:03, 962.53it/s]
2161it [00:03, 946.89it/s]
2258it [00:03, 952.58it/s]
2354it [00:03, 911.97it/s]
2451it [00:03, 926.33it/s]
2545it [00:03, 912.76it/s]
2637it [00:03, 850.42it/s]
2723it [00:04, 803.23it/s]
2805it [00:04, 792.87it/s]
2885it [00:04, 763.42it/s]
2966it [00:04, 776.07it/s]
3057it [00:04, 810.24it/s]
3141it [00:04, 816.89it/s]
3224it [00:04, 801.25it/s]
3310it [00:04, 817.68it/s]
3393it [00:04, 800.01it/s]
3476it [00:05, 807.04it/s]
3567it [00:05, 836.43it/s]
3657it [00:05, 854.33it/s]
3744it [00:05, 854.81it/s]
3831it [00:05, 856.33it/s]
3918it [00:05, 859.62it/s]
4005it [00:05, 815.15it/s]
4089it [00:05, 818.69it/s]
4174it [00:05, 826.58it/s]
4265it [00:05, 850.00it/s]
4359it [00:06, 875.02it/s]
4459it [00:06, 909.78it/s]
4551it [00:06, 912.61it/s]
4643it [00:06, 911.33it/s]
4741it [00:06, 928.32it/s]
4842it [00:06, 951.54it/s]
4938it [00:06, 917.98it/s]
5031it [00:06, 771.34it/s]
5127it [00:06, 818.40it/s]
5213it [00:07, 829.28it/s]
5299it [00:07, 830.24it/s]
5392it [00:07, 850.25it/s]
5486it [00:07, 873.67it/s]
5575it [00:07, 858.33it/s]
5668it [00:07, 878.46it/s]
5765it [00:07, 899.07it/s]
5856it [00:07, 867.11it/s]
5944it [00:07, 834.12it/s]
6042it [00:07, 873.40it/s]
6137it [00:08, 893.58it/s]
6230it [00:08, 903.48it/s]
6322it [00:08, 906.06it/s]
6417it [00:08, 918.61it/s]
6520it [00:08, 947.45it/s]
6615it [00:08, 933.47it/s]
6709it [00:08, 931.52it/s]
6803it [00:08, 925.20it/s]
6900it [00:08, 936.93it/s]
6994it [00:09, 922.38it/s]
7087it [00:09, 919.23it/s]
7179it [00:09, 913.25it/s]
7277it [00:09, 930.49it/s]
7371it [00:09, 912.80it/s]
7463it [00:09, 913.72it/s]
7556it [00:09, 911.14it/s]
7656it [00:09, 935.80it/s]
7750it [00:09, 935.53it/s]
7846it [00:09, 942.37it/s]
7946it [00:10, 958.19it/s]
8042it [00:10, 938.49it/s]
8136it [00:10, 898.75it/s]
8231it [00:10, 911.58it/s]
8325it [00:10, 914.26it/s]
8417it [00:10, 855.90it/s]
8504it [00:10, 858.63it/s]
8592it [00:10, 863.07it/s]
8684it [00:10, 877.48it/s]
8773it [00:10, 870.86it/s]
8871it [00:11, 900.34it/s]
8962it [00:11, 896.84it/s]
9052it [00:11, 876.92it/s]
9146it [00:11, 894.64it/s]
9236it [00:11, 880.98it/s]
9325it [00:11, 848.11it/s]
9413it [00:11, 854.09it/s]
9500it [00:11, 856.38it/s]
9593it [00:11, 873.06it/s]
9688it [00:12, 892.96it/s]
9779it [00:12, 895.54it/s]
9869it [00:12, 895.49it/s]
9959it [00:12, 892.69it/s]
10000it [00:12, 808.89it/s]
Experiment stage: Done
Results saved to:  /home/dzh/project/vdtuner/vector-db-benchmark-master/results
>>> [Step 5] 收尾工作...
    监控日志已保存。
📊 测试结果摘要:
0.37661000000000006
803.288147186615
0.003855566820129749
line1:  0.003855566820129749
line1:  803.288147186615
line1:  0.37661000000000006
numeric_values:  [0.003855566820129749, 803.288147186615, 0.37661000000000006]
[31] 2631 0.37661000000000006 0.003855566820129749 88
/bin/sh: 1: Syntax error: "(" unexpected
/data/dzh/venv/lib/python3.10/site-packages/botorch/acquisition/multi_objective/monte_carlo.py:110: NumericsWarning: qExpectedHypervolumeImprovement has known numerical issues that lead to suboptimal optimization performance. It is strongly recommended to simply replace

	 qExpectedHypervolumeImprovement 	 --> 	 qLogExpectedHypervolumeImprovement 

instead, which fixes the issues and has the same API. See https://arxiv.org/abs/2310.20708 for details.
  legacy_ei_numerics_warning(legacy_name=type(self).__name__)
--- DEBUG: Starting command:---
=======================================
🛠️  开始测试流程
Engine: milvus-p10 | Dataset: random-geo-radius-2048-angular-no-filters
=======================================
>>> [Step 1] 启动后台监控...
    监控进程 PID: 398251
>>> [Step 2] 重置 Milvus...
 Container milvus-standalone  Stopping
 Container milvus-standalone  Stopped
 Container milvus-standalone  Removing
 Container milvus-standalone  Removed
 Container milvus-etcd  Stopping
 Container milvus-minio  Stopping
 Container milvus-etcd  Stopped
 Container milvus-etcd  Removing
 Container milvus-etcd  Removed
 Container milvus-minio  Stopped
 Container milvus-minio  Removing
 Container milvus-minio  Removed
 Network milvus  Removing
 Network milvus  Removed
    🧹 清理宿主机数据目录: /home/dzh/project/vdtuner/vector-db-benchmark-master/engine/servers/milvus-single-node/volumes
 Network milvus  Creating
 Network milvus  Created
 Container milvus-minio  Creating
 Container milvus-etcd  Creating
 Container milvus-etcd  Created
 Container milvus-minio  Created
 Container milvus-standalone  Creating
 Container milvus-standalone  Created
 Container milvus-minio  Starting
 Container milvus-etcd  Starting
 Container milvus-minio  Started
 Container milvus-etcd  Started
 Container milvus-standalone  Starting
 Container milvus-standalone  Started
>>> [Step 3] 等待服务启动 (90s)...
    等待中... (10s/120s)
    ✅ Milvus 服务已就绪
>>> [Step 4] 运行 Benchmark...
Running experiment: milvus-p10 - random-geo-radius-2048-angular-no-filters
established connection
/home/dzh/project/vdtuner/vector-db-benchmark-master/datasets/random-geo-radius-2048-angular/random_geo_100k_no_filters already exists
Experiment stage: Configure
Experiment stage: Upload

0it [00:00, ?it/s]
1it [00:00,  1.45it/s]
64it [00:00, 81.20it/s]
768it [00:01, 1151.06it/s]
1128it [00:01, 1592.08it/s]
1467it [00:01, 1712.48it/s]
1856it [00:01, 2128.11it/s]
2171it [00:01, 2228.19it/s]
2465it [00:01, 2143.11it/s]
3072it [00:01, 3018.63it/s]
3520it [00:01, 3367.53it/s]
4224it [00:02, 4270.87it/s]
5248it [00:02, 5863.08it/s]
6208it [00:02, 6819.25it/s]
7230it [00:02, 7773.71it/s]
8192it [00:02, 8199.43it/s]
9152it [00:02, 8559.46it/s]
10112it [00:02, 8845.04it/s]
11136it [00:02, 9188.03it/s]
12096it [00:02, 9186.55it/s]
13056it [00:02, 9293.91it/s]
14051it [00:03, 9486.57it/s]
15004it [00:03, 9362.90it/s]
15944it [00:03, 9327.22it/s]
16960it [00:03, 6851.71it/s]
17920it [00:03, 7472.94it/s]
18940it [00:03, 8149.51it/s]
19904it [00:03, 8427.12it/s]
20864it [00:03, 8685.88it/s]
21824it [00:04, 8897.22it/s]
22836it [00:04, 9241.85it/s]
23784it [00:04, 9255.64it/s]
24768it [00:04, 9346.53it/s]
25715it [00:04, 9344.01it/s]
26658it [00:04, 9219.64it/s]
27586it [00:04, 9048.38it/s]
28496it [00:04, 8951.16it/s]
29440it [00:04, 9016.10it/s]
30440it [00:04, 9302.49it/s]
31373it [00:05, 7494.28it/s]
32308it [00:05, 7962.42it/s]
33216it [00:05, 8238.23it/s]
34176it [00:05, 8564.97it/s]
35136it [00:05, 8824.18it/s]
36160it [00:05, 9119.73it/s]
37120it [00:05, 9253.61it/s]
38080it [00:05, 9243.04it/s]
39050it [00:05, 9373.19it/s]
39994it [00:06, 9360.88it/s]
40935it [00:06, 9205.44it/s]
41859it [00:06, 8970.74it/s]
42816it [00:06, 9104.05it/s]
43730it [00:06, 8906.76it/s]
44625it [00:06, 8918.88it/s]
45519it [00:06, 8678.28it/s]
46464it [00:06, 8770.44it/s]
47343it [00:07, 6263.23it/s]
48192it [00:07, 6756.62it/s]
49088it [00:07, 7291.44it/s]
50048it [00:07, 7812.43it/s]
51008it [00:07, 8261.25it/s]
51926it [00:07, 8514.66it/s]
52864it [00:07, 8657.12it/s]
53760it [00:07, 8664.75it/s]
54656it [00:07, 8668.08it/s]
55552it [00:07, 8720.51it/s]
56512it [00:08, 8928.11it/s]
57411it [00:08, 8777.86it/s]
58318it [00:08, 8862.27it/s]
59208it [00:08, 8839.17it/s]
60160it [00:08, 9007.42it/s]
61063it [00:08, 9007.38it/s]
61966it [00:08, 6190.46it/s]
62910it [00:08, 6922.90it/s]
63744it [00:09, 7174.09it/s]
64542it [00:09, 7276.35it/s]
65327it [00:09, 7426.83it/s]
66176it [00:09, 7677.42it/s]
67132it [00:09, 8205.43it/s]
68026it [00:09, 8415.44it/s]
68928it [00:09, 8566.49it/s]
69888it [00:09, 8765.84it/s]
70775it [00:09, 8725.34it/s]
71655it [00:09, 8708.66it/s]
72576it [00:10, 8786.94it/s]
73458it [00:10, 8778.63it/s]
74339it [00:10, 8043.66it/s]
75157it [00:10, 7873.13it/s]
75954it [00:10, 7849.33it/s]
76746it [00:10, 7344.66it/s]
77632it [00:10, 7736.45it/s]
78464it [00:10, 7764.87it/s]
79360it [00:10, 8045.92it/s]
80239it [00:11, 8258.95it/s]
81152it [00:11, 8419.02it/s]
82112it [00:11, 8742.56it/s]
83059it [00:11, 8955.01it/s]
83968it [00:11, 8920.94it/s]
84928it [00:11, 8969.92it/s]
85888it [00:11, 9099.93it/s]
86800it [00:11, 9011.27it/s]
87744it [00:11, 9093.29it/s]
88654it [00:11, 8815.44it/s]
89600it [00:12, 8874.58it/s]
90531it [00:12, 9000.07it/s]
91433it [00:12, 6299.03it/s]
92352it [00:12, 6919.17it/s]
93270it [00:12, 7469.00it/s]
94208it [00:12, 7961.52it/s]
95104it [00:12, 8153.16it/s]
96064it [00:12, 8444.80it/s]
96943it [00:13, 8513.64it/s]
97856it [00:13, 8592.71it/s]
98752it [00:13, 8638.96it/s]
99696it [00:13, 8870.17it/s]
100000it [00:13, 7490.97it/s]
Upload time: 13.77598739368841
Total import time: 43.79115832503885
Experiment stage: Search

0it [00:00, ?it/s]
4it [00:00,  5.22it/s]
14it [00:00, 19.91it/s]
21it [00:00, 28.99it/s]
86it [00:01, 156.34it/s]
168it [00:01, 306.24it/s]
260it [00:01, 455.43it/s]
343it [00:01, 550.66it/s]
425it [00:01, 622.83it/s]
512it [00:01, 688.07it/s]
599it [00:01, 738.22it/s]
679it [00:01, 755.16it/s]
772it [00:01, 801.80it/s]
856it [00:01, 798.03it/s]
953it [00:02, 846.15it/s]
1055it [00:02, 895.83it/s]
1155it [00:02, 926.40it/s]
1249it [00:02, 882.79it/s]
1347it [00:02, 906.79it/s]
1445it [00:02, 926.68it/s]
1539it [00:02, 919.95it/s]
1632it [00:02, 830.82it/s]
1717it [00:02, 802.75it/s]
1808it [00:03, 831.65it/s]
1893it [00:03, 807.90it/s]
1979it [00:03, 821.12it/s]
2063it [00:03, 825.05it/s]
2164it [00:03, 877.95it/s]
2263it [00:03, 910.19it/s]
2361it [00:03, 929.46it/s]
2455it [00:03, 917.21it/s]
2548it [00:03, 889.14it/s]
2638it [00:04, 850.16it/s]
2727it [00:04, 860.89it/s]
2817it [00:04, 872.08it/s]
2911it [00:04, 891.41it/s]
3001it [00:04, 865.51it/s]
3091it [00:04, 872.54it/s]
3187it [00:04, 896.73it/s]
3277it [00:04, 867.47it/s]
3365it [00:04, 858.73it/s]
3454it [00:04, 862.20it/s]
3541it [00:05, 862.77it/s]
3628it [00:05, 852.78it/s]
3714it [00:05, 853.63it/s]
3800it [00:05, 843.93it/s]
3887it [00:05, 849.27it/s]
3991it [00:05, 902.80it/s]
4089it [00:05, 923.43it/s]
4182it [00:05, 915.99it/s]
4275it [00:05, 918.17it/s]
4367it [00:05, 897.82it/s]
4457it [00:06, 820.90it/s]
4546it [00:06, 839.55it/s]
4633it [00:06, 846.92it/s]
4722it [00:06, 857.84it/s]
4814it [00:06, 875.23it/s]
4902it [00:06, 864.51it/s]
4996it [00:06, 885.17it/s]
5087it [00:06, 889.82it/s]
5177it [00:06, 863.91it/s]
5266it [00:07, 871.10it/s]
5354it [00:07, 862.99it/s]
5441it [00:07, 865.00it/s]
5542it [00:07, 905.59it/s]
5646it [00:07, 943.91it/s]
5747it [00:07, 960.42it/s]
5844it [00:07, 962.78it/s]
5941it [00:07, 938.90it/s]
6041it [00:07, 956.65it/s]
6137it [00:07, 889.42it/s]
6230it [00:08, 899.32it/s]
6326it [00:08, 913.19it/s]
6418it [00:08, 897.98it/s]
6510it [00:08, 902.45it/s]
6601it [00:08, 885.95it/s]
6690it [00:08, 881.71it/s]
6779it [00:08, 883.50it/s]
6874it [00:08, 900.08it/s]
6972it [00:08, 922.60it/s]
7065it [00:08, 911.82it/s]
7157it [00:09, 901.39it/s]
7248it [00:09, 901.94it/s]
7352it [00:09, 940.19it/s]
7447it [00:09, 933.62it/s]
7541it [00:09, 845.71it/s]
7628it [00:09, 836.63it/s]
7715it [00:09, 843.41it/s]
7808it [00:09, 867.77it/s]
7896it [00:09, 863.27it/s]
7983it [00:10, 852.30it/s]
8069it [00:10, 846.18it/s]
8156it [00:10, 850.59it/s]
8244it [00:10, 853.38it/s]
8330it [00:10, 818.52it/s]
8431it [00:10, 872.33it/s]
8530it [00:10, 904.77it/s]
8629it [00:10, 928.17it/s]
8729it [00:10, 947.86it/s]
8825it [00:10, 948.77it/s]
8925it [00:11, 962.70it/s]
9026it [00:11, 963.54it/s]
9123it [00:11, 823.78it/s]
9209it [00:11, 789.95it/s]
9291it [00:11, 776.48it/s]
9381it [00:11, 809.51it/s]
9478it [00:11, 851.25it/s]
9565it [00:11, 835.33it/s]
9652it [00:11, 844.57it/s]
9743it [00:12, 860.88it/s]
9830it [00:12, 850.45it/s]
9919it [00:12, 861.38it/s]
10000it [00:12, 807.51it/s]
Experiment stage: Done
Results saved to:  /home/dzh/project/vdtuner/vector-db-benchmark-master/results
>>> [Step 5] 收尾工作...
    监控日志已保存。
📊 测试结果摘要:
0.38491
799.1100987107252
0.003970468253828584
line1:  0.003970468253828584
line1:  799.1100987107252
line1:  0.38491
numeric_values:  [0.003970468253828584, 799.1100987107252, 0.38491]
[32] 2720 0.38491 0.003970468253828584 88
/bin/sh: 1: Syntax error: "(" unexpected
/data/dzh/venv/lib/python3.10/site-packages/botorch/acquisition/multi_objective/monte_carlo.py:110: NumericsWarning: qExpectedHypervolumeImprovement has known numerical issues that lead to suboptimal optimization performance. It is strongly recommended to simply replace

	 qExpectedHypervolumeImprovement 	 --> 	 qLogExpectedHypervolumeImprovement 

instead, which fixes the issues and has the same API. See https://arxiv.org/abs/2310.20708 for details.
  legacy_ei_numerics_warning(legacy_name=type(self).__name__)
--- DEBUG: Starting command:---
=======================================
🛠️  开始测试流程
Engine: milvus-p10 | Dataset: random-geo-radius-2048-angular-no-filters
=======================================
>>> [Step 1] 启动后台监控...
    监控进程 PID: 411050
>>> [Step 2] 重置 Milvus...
 Container milvus-standalone  Stopping
 Container milvus-standalone  Stopped
 Container milvus-standalone  Removing
 Container milvus-standalone  Removed
 Container milvus-etcd  Stopping
 Container milvus-minio  Stopping
 Container milvus-etcd  Stopped
 Container milvus-etcd  Removing
 Container milvus-etcd  Removed
 Container milvus-minio  Stopped
 Container milvus-minio  Removing
 Container milvus-minio  Removed
 Network milvus  Removing
 Network milvus  Removed
    🧹 清理宿主机数据目录: /home/dzh/project/vdtuner/vector-db-benchmark-master/engine/servers/milvus-single-node/volumes
 Network milvus  Creating
 Network milvus  Created
 Container milvus-minio  Creating
 Container milvus-etcd  Creating
 Container milvus-etcd  Created
 Container milvus-minio  Created
 Container milvus-standalone  Creating
 Container milvus-standalone  Created
 Container milvus-minio  Starting
 Container milvus-etcd  Starting
 Container milvus-minio  Started
 Container milvus-etcd  Started
 Container milvus-standalone  Starting
 Container milvus-standalone  Started
>>> [Step 3] 等待服务启动 (90s)...
    等待中... (10s/120s)
    ✅ Milvus 服务已就绪
>>> [Step 4] 运行 Benchmark...
Running experiment: milvus-p10 - random-geo-radius-2048-angular-no-filters
established connection
/home/dzh/project/vdtuner/vector-db-benchmark-master/datasets/random-geo-radius-2048-angular/random_geo_100k_no_filters already exists
Experiment stage: Configure
Experiment stage: Upload

0it [00:00, ?it/s]
1it [00:00,  1.55it/s]
64it [00:00, 85.55it/s]
384it [00:01, 585.85it/s]
704it [00:01, 1056.74it/s]
960it [00:01, 1332.29it/s]
1175it [00:01, 1427.74it/s]
1374it [00:01, 1444.43it/s]
1664it [00:01, 1784.21it/s]
1984it [00:01, 2042.04it/s]
2304it [00:01, 2201.97it/s]
2561it [00:01, 2295.73it/s]
3023it [00:02, 2916.98it/s]
3712it [00:02, 3904.48it/s]
4463it [00:02, 4904.55it/s]
5504it [00:02, 6407.21it/s]
6435it [00:02, 7238.06it/s]
7488it [00:02, 8127.05it/s]
8455it [00:02, 8576.56it/s]
9408it [00:02, 8852.99it/s]
10432it [00:02, 9229.05it/s]
11392it [00:02, 9224.08it/s]
12416it [00:03, 9453.43it/s]
13440it [00:03, 9574.59it/s]
14400it [00:03, 9518.60it/s]
15424it [00:03, 9652.46it/s]
16391it [00:03, 9571.35it/s]
17349it [00:03, 8852.05it/s]
18304it [00:03, 8985.73it/s]
19328it [00:03, 9235.92it/s]
20288it [00:03, 9292.93it/s]
21248it [00:04, 9242.56it/s]
22176it [00:04, 9210.30it/s]
23100it [00:04, 9173.00it/s]
24019it [00:04, 9156.08it/s]
24936it [00:04, 9073.91it/s]
25845it [00:04, 9056.13it/s]
26752it [00:04, 8914.36it/s]
27660it [00:04, 8962.64it/s]
28608it [00:04, 9010.44it/s]
29624it [00:04, 9348.00it/s]
30560it [00:05, 9188.43it/s]
31480it [00:05, 5669.65it/s]
32448it [00:05, 6440.24it/s]
33472it [00:05, 7242.81it/s]
34434it [00:05, 7818.44it/s]
35392it [00:05, 8229.09it/s]
36377it [00:05, 8662.48it/s]
37312it [00:05, 8808.62it/s]
38272it [00:06, 9007.52it/s]
39232it [00:06, 9041.98it/s]
40175it [00:06, 9153.01it/s]
41107it [00:06, 9082.21it/s]
42027it [00:06, 9083.43it/s]
42944it [00:06, 8580.62it/s]
43847it [00:06, 8707.21it/s]
44800it [00:06, 8910.04it/s]
45698it [00:06, 8877.83it/s]
46591it [00:07, 5283.90it/s]
47488it [00:07, 5968.12it/s]
48384it [00:07, 6540.25it/s]
49280it [00:07, 7103.58it/s]
50112it [00:07, 7371.51it/s]
51041it [00:07, 7877.61it/s]
51890it [00:07, 7969.69it/s]
52864it [00:07, 8408.66it/s]
53873it [00:08, 8885.35it/s]
54788it [00:08, 8922.76it/s]
55699it [00:08, 8823.11it/s]
56595it [00:08, 8645.03it/s]
57472it [00:08, 8585.57it/s]
58432it [00:08, 8802.67it/s]
59392it [00:08, 8969.91it/s]
60293it [00:08, 8899.46it/s]
61186it [00:09, 6663.99it/s]
62047it [00:09, 7126.78it/s]
62886it [00:09, 7446.89it/s]
63744it [00:09, 7721.48it/s]
64642it [00:09, 8066.67it/s]
65541it [00:09, 8326.67it/s]
66432it [00:09, 8454.84it/s]
67295it [00:09, 8115.38it/s]
68122it [00:09, 7979.98it/s]
68931it [00:09, 7694.18it/s]
69709it [00:10, 7476.84it/s]
70463it [00:10, 7472.62it/s]
71232it [00:10, 7501.77it/s]
72064it [00:10, 7665.71it/s]
72960it [00:10, 7950.87it/s]
73795it [00:10, 8065.95it/s]
74688it [00:10, 8213.86it/s]
75511it [00:10, 7510.03it/s]
76416it [00:10, 7905.73it/s]
77312it [00:11, 8117.02it/s]
78208it [00:11, 8271.87it/s]
79104it [00:11, 8425.89it/s]
80000it [00:11, 8506.97it/s]
80896it [00:11, 8599.96it/s]
81792it [00:11, 8542.33it/s]
82688it [00:11, 8602.10it/s]
83550it [00:11, 8357.84it/s]
84416it [00:11, 8365.54it/s]
85312it [00:11, 8414.71it/s]
86205it [00:12, 8563.48it/s]
87063it [00:12, 8213.02it/s]
87888it [00:12, 7838.30it/s]
88704it [00:12, 7874.69it/s]
89664it [00:12, 8263.75it/s]
90494it [00:12, 7703.52it/s]
91328it [00:12, 7795.47it/s]
92114it [00:12, 7763.60it/s]
93010it [00:12, 8104.15it/s]
93888it [00:13, 8222.42it/s]
94784it [00:13, 8402.99it/s]
95739it [00:13, 8737.76it/s]
96616it [00:13, 8556.26it/s]
97475it [00:13, 7913.13it/s]
98304it [00:13, 7952.49it/s]
99200it [00:13, 8223.89it/s]
100000it [00:13, 7260.40it/s]
Upload time: 14.158083754125983
Total import time: 44.42548137390986
Experiment stage: Search

0it [00:00, ?it/s]
4it [00:00,  5.19it/s]
14it [00:00, 19.39it/s]
27it [00:00, 38.99it/s]
81it [00:01, 140.00it/s]
152it [00:01, 267.05it/s]
229it [00:01, 388.33it/s]
314it [00:01, 506.58it/s]
400it [00:01, 594.82it/s]
479it [00:01, 646.45it/s]
561it [00:01, 693.92it/s]
647it [00:01, 741.41it/s]
732it [00:01, 770.42it/s]
813it [00:02, 746.40it/s]
898it [00:02, 775.70it/s]
994it [00:02, 827.93it/s]
1079it [00:02, 832.63it/s]
1171it [00:02, 856.76it/s]
1260it [00:02, 860.28it/s]
1347it [00:02, 835.97it/s]
1447it [00:02, 883.15it/s]
1544it [00:02, 906.43it/s]
1637it [00:02, 910.97it/s]
1729it [00:03, 883.12it/s]
1819it [00:03, 886.41it/s]
1908it [00:03, 886.26it/s]
1997it [00:03, 881.01it/s]
2086it [00:03, 844.09it/s]
2171it [00:03, 829.12it/s]
2265it [00:03, 860.19it/s]
2352it [00:03, 844.57it/s]
2447it [00:03, 873.92it/s]
2541it [00:03, 886.89it/s]
2630it [00:04, 870.24it/s]
2727it [00:04, 898.48it/s]
2825it [00:04, 921.97it/s]
2920it [00:04, 928.18it/s]
3013it [00:04, 922.67it/s]
3106it [00:04, 906.83it/s]
3201it [00:04, 917.06it/s]
3293it [00:04, 854.61it/s]
3380it [00:04, 825.80it/s]
3471it [00:05, 847.22it/s]
3557it [00:05, 781.15it/s]
3659it [00:05, 845.77it/s]
3755it [00:05, 877.01it/s]
3846it [00:05, 885.19it/s]
3936it [00:05, 884.73it/s]
4028it [00:05, 892.92it/s]
4118it [00:05, 877.50it/s]
4207it [00:05, 755.81it/s]
4294it [00:06, 784.27it/s]
4377it [00:06, 795.88it/s]
4464it [00:06, 810.81it/s]
4547it [00:06, 782.17it/s]
4641it [00:06, 824.41it/s]
4736it [00:06, 859.00it/s]
4840it [00:06, 909.23it/s]
4940it [00:06, 933.85it/s]
5043it [00:06, 960.96it/s]
5140it [00:06, 936.72it/s]
5235it [00:07, 917.84it/s]
5328it [00:07, 918.70it/s]
5421it [00:07, 903.45it/s]
5512it [00:07, 879.39it/s]
5601it [00:07, 879.05it/s]
5691it [00:07, 884.18it/s]
5780it [00:07, 871.66it/s]
5868it [00:07, 864.29it/s]
5956it [00:07, 868.00it/s]
6043it [00:08, 867.65it/s]
6130it [00:08, 867.72it/s]
6217it [00:08, 859.56it/s]
6303it [00:08, 822.22it/s]
6396it [00:08, 853.02it/s]
6492it [00:08, 882.70it/s]
6588it [00:08, 903.13it/s]
6684it [00:08, 917.55it/s]
6779it [00:08, 919.78it/s]
6872it [00:08, 920.55it/s]
6965it [00:09, 906.98it/s]
7056it [00:09, 883.63it/s]
7145it [00:09, 874.22it/s]
7233it [00:09, 870.19it/s]
7321it [00:09, 864.10it/s]
7408it [00:09, 833.25it/s]
7492it [00:09, 826.47it/s]
7575it [00:09, 755.46it/s]
7656it [00:09, 767.35it/s]
7751it [00:10, 816.96it/s]
7840it [00:10, 836.36it/s]
7925it [00:10, 800.73it/s]
8006it [00:10, 781.07it/s]
8102it [00:10, 821.65it/s]
8191it [00:10, 839.75it/s]
8281it [00:10, 856.63it/s]
8374it [00:10, 876.62it/s]
8462it [00:10, 846.17it/s]
8548it [00:10, 815.43it/s]
8630it [00:11, 807.12it/s]
8716it [00:11, 820.80it/s]
8808it [00:11, 847.70it/s]
8894it [00:11, 798.06it/s]
8976it [00:11, 804.14it/s]
9057it [00:11, 762.67it/s]
9146it [00:11, 796.75it/s]
9234it [00:11, 819.11it/s]
9328it [00:11, 843.10it/s]
9413it [00:12, 826.11it/s]
9496it [00:12, 791.38it/s]
9576it [00:12, 771.00it/s]
9662it [00:12, 795.42it/s]
9755it [00:12, 830.79it/s]
9851it [00:12, 867.91it/s]
9952it [00:12, 908.39it/s]
10000it [00:12, 786.61it/s]
Experiment stage: Done
Results saved to:  /home/dzh/project/vdtuner/vector-db-benchmark-master/results
>>> [Step 5] 收尾工作...
    监控日志已保存。
📊 测试结果摘要:
0.39886000000000005
778.769133709625
0.004081489262171087
line1:  0.004081489262171087
line1:  778.769133709625
line1:  0.39886000000000005
numeric_values:  [0.004081489262171087, 778.769133709625, 0.39886000000000005]
[33] 2811 0.39886000000000005 0.004081489262171087 90
/bin/sh: 1: Syntax error: "(" unexpected
/data/dzh/venv/lib/python3.10/site-packages/botorch/acquisition/multi_objective/monte_carlo.py:110: NumericsWarning: qExpectedHypervolumeImprovement has known numerical issues that lead to suboptimal optimization performance. It is strongly recommended to simply replace

	 qExpectedHypervolumeImprovement 	 --> 	 qLogExpectedHypervolumeImprovement 

instead, which fixes the issues and has the same API. See https://arxiv.org/abs/2310.20708 for details.
  legacy_ei_numerics_warning(legacy_name=type(self).__name__)
--- DEBUG: Starting command:---
=======================================
🛠️  开始测试流程
Engine: milvus-p10 | Dataset: random-geo-radius-2048-angular-no-filters
=======================================
>>> [Step 1] 启动后台监控...
    监控进程 PID: 423950
>>> [Step 2] 重置 Milvus...
 Container milvus-standalone  Stopping
 Container milvus-standalone  Stopped
 Container milvus-standalone  Removing
 Container milvus-standalone  Removed
 Container milvus-etcd  Stopping
 Container milvus-minio  Stopping
 Container milvus-etcd  Stopped
 Container milvus-etcd  Removing
 Container milvus-etcd  Removed
 Container milvus-minio  Stopped
 Container milvus-minio  Removing
 Container milvus-minio  Removed
 Network milvus  Removing
 Network milvus  Removed
    🧹 清理宿主机数据目录: /home/dzh/project/vdtuner/vector-db-benchmark-master/engine/servers/milvus-single-node/volumes
 Network milvus  Creating
 Network milvus  Created
 Container milvus-minio  Creating
 Container milvus-etcd  Creating
 Container milvus-etcd  Created
 Container milvus-minio  Created
 Container milvus-standalone  Creating
 Container milvus-standalone  Created
 Container milvus-etcd  Starting
 Container milvus-minio  Starting
 Container milvus-minio  Started
 Container milvus-etcd  Started
 Container milvus-standalone  Starting
 Container milvus-standalone  Started
>>> [Step 3] 等待服务启动 (90s)...
    等待中... (10s/120s)
    ✅ Milvus 服务已就绪
>>> [Step 4] 运行 Benchmark...
Running experiment: milvus-p10 - random-geo-radius-2048-angular-no-filters
established connection
/home/dzh/project/vdtuner/vector-db-benchmark-master/datasets/random-geo-radius-2048-angular/random_geo_100k_no_filters already exists
Experiment stage: Configure
Experiment stage: Upload

0it [00:00, ?it/s]
1it [00:01,  1.65s/it]
704it [00:01, 556.74it/s]
1084it [00:01, 794.14it/s]
1441it [00:02, 1113.38it/s]
1756it [00:02, 1234.64it/s]
2176it [00:02, 1631.13it/s]
2466it [00:02, 1762.70it/s]
2735it [00:02, 1893.61it/s]
3712it [00:02, 3532.88it/s]
4544it [00:02, 4595.27it/s]
5632it [00:02, 6055.99it/s]
6656it [00:03, 7112.55it/s]
7680it [00:03, 7912.71it/s]
8640it [00:03, 8329.63it/s]
9624it [00:03, 8752.64it/s]
10560it [00:03, 8886.81it/s]
11584it [00:03, 9217.50it/s]
12544it [00:03, 9243.15it/s]
13504it [00:03, 9254.13it/s]
14528it [00:03, 9534.51it/s]
15552it [00:03, 9683.80it/s]
16560it [00:04, 9800.15it/s]
17545it [00:04, 8527.17it/s]
18496it [00:04, 8694.63it/s]
19520it [00:04, 9085.49it/s]
20480it [00:04, 9118.75it/s]
21440it [00:04, 9157.37it/s]
22400it [00:04, 9248.47it/s]
23333it [00:04, 9254.50it/s]
24264it [00:04, 9165.44it/s]
25216it [00:05, 9159.38it/s]
26135it [00:05, 8776.05it/s]
27018it [00:05, 8586.77it/s]
27880it [00:05, 8583.71it/s]
28800it [00:05, 8652.27it/s]
29696it [00:05, 8719.58it/s]
30681it [00:05, 9049.28it/s]
31608it [00:05, 9113.50it/s]
32521it [00:05, 7343.86it/s]
33344it [00:06, 7533.25it/s]
34304it [00:06, 7988.26it/s]
35201it [00:06, 8255.59it/s]
36053it [00:06, 8162.78it/s]
36888it [00:06, 7993.47it/s]
37701it [00:06, 7800.76it/s]
38491it [00:06, 7807.79it/s]
39296it [00:06, 7783.50it/s]
40128it [00:06, 7907.14it/s]
40960it [00:06, 7913.54it/s]
41793it [00:07, 8034.25it/s]
42626it [00:07, 8120.42it/s]
43440it [00:07, 7980.98it/s]
44240it [00:07, 7727.68it/s]
45109it [00:07, 8004.71it/s]
45913it [00:07, 7956.87it/s]
46720it [00:07, 7973.78it/s]
47519it [00:07, 7195.61it/s]
48290it [00:07, 7336.47it/s]
49207it [00:08, 7853.33it/s]
50112it [00:08, 8127.08it/s]
51072it [00:08, 8449.88it/s]
52004it [00:08, 8701.68it/s]
52928it [00:08, 8768.29it/s]
53888it [00:08, 8906.26it/s]
54828it [00:08, 9050.00it/s]
55737it [00:08, 9061.19it/s]
56645it [00:08, 8740.61it/s]
57600it [00:08, 8858.96it/s]
58560it [00:09, 8958.52it/s]
59458it [00:09, 8913.30it/s]
60352it [00:09, 8827.16it/s]
61248it [00:09, 8763.38it/s]
62125it [00:09, 8253.86it/s]
63021it [00:09, 8452.80it/s]
63872it [00:09, 8052.80it/s]
64684it [00:09, 7874.91it/s]
65476it [00:09, 7461.51it/s]
66240it [00:10, 7471.92it/s]
67157it [00:10, 7949.38it/s]
68096it [00:10, 8324.60it/s]
68992it [00:10, 8472.49it/s]
69913it [00:10, 8687.20it/s]
70786it [00:10, 8693.69it/s]
71680it [00:10, 8683.96it/s]
72576it [00:10, 8699.39it/s]
73472it [00:10, 8713.90it/s]
74345it [00:10, 8460.04it/s]
75193it [00:11, 8202.42it/s]
76016it [00:11, 8144.65it/s]
76832it [00:11, 6022.18it/s]
77696it [00:11, 6568.57it/s]
78580it [00:11, 7131.82it/s]
79426it [00:11, 7479.34it/s]
80221it [00:11, 7556.75it/s]
81088it [00:11, 7839.37it/s]
81984it [00:12, 8050.92it/s]
82880it [00:12, 8229.28it/s]
83776it [00:12, 8317.48it/s]
84618it [00:12, 8329.39it/s]
85504it [00:12, 8384.68it/s]
86400it [00:12, 8464.59it/s]
87250it [00:12, 8437.75it/s]
88096it [00:12, 7970.16it/s]
88900it [00:12, 7651.77it/s]
89671it [00:12, 7554.75it/s]
90431it [00:13, 7384.40it/s]
91172it [00:13, 7374.93it/s]
91968it [00:13, 7451.49it/s]
92715it [00:13, 5768.34it/s]
93440it [00:13, 6109.96it/s]
94208it [00:13, 6494.15it/s]
95040it [00:13, 6917.06it/s]
95808it [00:13, 7098.20it/s]
96576it [00:14, 7250.64it/s]
97408it [00:14, 7509.74it/s]
98176it [00:14, 7525.86it/s]
99072it [00:14, 7871.64it/s]
99968it [00:14, 8080.72it/s]
100000it [00:14, 6928.08it/s]
Upload time: 14.817445152904838
Total import time: 45.855951242148876
Experiment stage: Search

0it [00:00, ?it/s]
4it [00:00,  5.04it/s]
14it [00:00, 18.83it/s]
29it [00:01, 41.56it/s]
78it [00:01, 130.40it/s]
155it [00:01, 271.20it/s]
235it [00:01, 396.80it/s]
307it [00:01, 477.82it/s]
381it [00:01, 544.35it/s]
456it [00:01, 600.60it/s]
546it [00:01, 683.58it/s]
622it [00:01, 704.33it/s]
702it [00:01, 732.00it/s]
789it [00:02, 771.49it/s]
879it [00:02, 807.66it/s]
976it [00:02, 854.90it/s]
1074it [00:02, 889.77it/s]
1164it [00:02, 811.92it/s]
1256it [00:02, 838.60it/s]
1345it [00:02, 852.57it/s]
1445it [00:02, 894.64it/s]
1541it [00:02, 913.17it/s]
1634it [00:02, 886.72it/s]
1733it [00:03, 914.78it/s]
1832it [00:03, 936.21it/s]
1927it [00:03, 921.75it/s]
2020it [00:03, 892.81it/s]
2114it [00:03, 900.72it/s]
2209it [00:03, 912.86it/s]
2301it [00:03, 914.33it/s]
2395it [00:03, 919.90it/s]
2491it [00:03, 931.73it/s]
2585it [00:04, 925.90it/s]
2678it [00:04, 925.98it/s]
2771it [00:04, 924.49it/s]
2864it [00:04, 908.85it/s]
2955it [00:04, 880.30it/s]
3044it [00:04, 873.15it/s]
3132it [00:04, 863.56it/s]
3221it [00:04, 866.45it/s]
3308it [00:04, 864.63it/s]
3395it [00:04, 833.50it/s]
3479it [00:05, 804.44it/s]
3563it [00:05, 811.51it/s]
3645it [00:05, 788.36it/s]
3725it [00:05, 776.46it/s]
3818it [00:05, 815.63it/s]
3900it [00:05, 815.43it/s]
3982it [00:05, 798.47it/s]
4063it [00:05, 784.70it/s]
4143it [00:05, 787.26it/s]
4222it [00:06, 782.89it/s]
4311it [00:06, 812.24it/s]
4407it [00:06, 854.28it/s]
4493it [00:06, 830.24it/s]
4577it [00:06, 831.49it/s]
4664it [00:06, 840.43it/s]
4749it [00:06, 841.02it/s]
4840it [00:06, 858.84it/s]
4929it [00:06, 867.57it/s]
5022it [00:06, 885.67it/s]
5111it [00:07, 886.50it/s]
5211it [00:07, 919.35it/s]
5303it [00:07, 911.96it/s]
5395it [00:07, 893.52it/s]
5485it [00:07, 888.49it/s]
5581it [00:07, 908.52it/s]
5674it [00:07, 913.85it/s]
5768it [00:07, 921.47it/s]
5861it [00:07, 823.26it/s]
5946it [00:07, 826.93it/s]
6031it [00:08, 804.28it/s]
6120it [00:08, 825.08it/s]
6218it [00:08, 867.92it/s]
6314it [00:08, 892.52it/s]
6411it [00:08, 914.07it/s]
6503it [00:08, 869.10it/s]
6591it [00:08, 859.90it/s]
6678it [00:08, 861.37it/s]
6765it [00:08, 830.66it/s]
6850it [00:09, 826.95it/s]
6946it [00:09, 863.24it/s]
7033it [00:09, 847.63it/s]
7124it [00:09, 865.37it/s]
7215it [00:09, 878.38it/s]
7304it [00:09, 862.20it/s]
7395it [00:09, 874.83it/s]
7492it [00:09, 900.38it/s]
7586it [00:09, 911.51it/s]
7678it [00:09, 910.16it/s]
7770it [00:10, 863.68it/s]
7857it [00:10, 816.08it/s]
7947it [00:10, 839.10it/s]
8033it [00:10, 843.46it/s]
8118it [00:10, 780.32it/s]
8205it [00:10, 803.63it/s]
8299it [00:10, 837.99it/s]
8388it [00:10, 852.73it/s]
8475it [00:10, 856.84it/s]
8566it [00:11, 871.71it/s]
8658it [00:11, 883.98it/s]
8747it [00:11, 881.03it/s]
8837it [00:11, 885.42it/s]
8926it [00:11, 841.28it/s]
9011it [00:11, 794.09it/s]
9092it [00:11, 798.26it/s]
9191it [00:11, 852.39it/s]
9277it [00:11, 850.84it/s]
9363it [00:11, 794.99it/s]
9444it [00:12, 787.92it/s]
9531it [00:12, 809.97it/s]
9618it [00:12, 825.28it/s]
9703it [00:12, 830.69it/s]
9788it [00:12, 834.55it/s]
9872it [00:12, 822.18it/s]
9961it [00:12, 839.78it/s]
10000it [00:12, 783.92it/s]
Experiment stage: Done
Results saved to:  /home/dzh/project/vdtuner/vector-db-benchmark-master/results
>>> [Step 5] 收尾工作...
    监控日志已保存。
📊 测试结果摘要:
0.37798000000000004
778.4290193339034
0.004006901802495121
line1:  0.004006901802495121
line1:  778.4290193339034
line1:  0.37798000000000004
numeric_values:  [0.004006901802495121, 778.4290193339034, 0.37798000000000004]
[34] 2902 0.37798000000000004 0.004006901802495121 91
/bin/sh: 1: Syntax error: "(" unexpected
/data/dzh/venv/lib/python3.10/site-packages/botorch/acquisition/multi_objective/monte_carlo.py:110: NumericsWarning: qExpectedHypervolumeImprovement has known numerical issues that lead to suboptimal optimization performance. It is strongly recommended to simply replace

	 qExpectedHypervolumeImprovement 	 --> 	 qLogExpectedHypervolumeImprovement 

instead, which fixes the issues and has the same API. See https://arxiv.org/abs/2310.20708 for details.
  legacy_ei_numerics_warning(legacy_name=type(self).__name__)
--- DEBUG: Starting command:---
=======================================
🛠️  开始测试流程
Engine: milvus-p10 | Dataset: random-geo-radius-2048-angular-no-filters
=======================================
>>> [Step 1] 启动后台监控...
    监控进程 PID: 436322
>>> [Step 2] 重置 Milvus...
 Container milvus-standalone  Stopping
 Container milvus-standalone  Stopped
 Container milvus-standalone  Removing
 Container milvus-standalone  Removed
 Container milvus-minio  Stopping
 Container milvus-etcd  Stopping
 Container milvus-etcd  Stopped
 Container milvus-etcd  Removing
 Container milvus-etcd  Removed
 Container milvus-minio  Stopped
 Container milvus-minio  Removing
 Container milvus-minio  Removed
 Network milvus  Removing
 Network milvus  Removed
    🧹 清理宿主机数据目录: /home/dzh/project/vdtuner/vector-db-benchmark-master/engine/servers/milvus-single-node/volumes
 Network milvus  Creating
 Network milvus  Created
 Container milvus-minio  Creating
 Container milvus-etcd  Creating
 Container milvus-etcd  Created
 Container milvus-minio  Created
 Container milvus-standalone  Creating
 Container milvus-standalone  Created
 Container milvus-etcd  Starting
 Container milvus-minio  Starting
 Container milvus-minio  Started
 Container milvus-etcd  Started
 Container milvus-standalone  Starting
 Container milvus-standalone  Started
>>> [Step 3] 等待服务启动 (90s)...
    等待中... (10s/120s)
    ✅ Milvus 服务已就绪
>>> [Step 4] 运行 Benchmark...
Running experiment: milvus-p10 - random-geo-radius-2048-angular-no-filters
established connection
/home/dzh/project/vdtuner/vector-db-benchmark-master/datasets/random-geo-radius-2048-angular/random_geo_100k_no_filters already exists
Experiment stage: Configure
Experiment stage: Upload

0it [00:00, ?it/s]
1it [00:00,  1.56it/s]
64it [00:00, 80.29it/s]
731it [00:01, 1085.76it/s]
1088it [00:01, 1495.03it/s]
1401it [00:01, 1604.58it/s]
1792it [00:01, 2014.53it/s]
2133it [00:01, 2319.37it/s]
2496it [00:01, 2576.67it/s]
2813it [00:01, 2625.44it/s]
3392it [00:01, 3412.82it/s]
4224it [00:02, 4682.31it/s]
5056it [00:02, 5614.45it/s]
6016it [00:02, 6656.08it/s]
7135it [00:02, 7938.12it/s]
8128it [00:02, 8425.59it/s]
9152it [00:02, 8853.30it/s]
10176it [00:02, 9163.10it/s]
11137it [00:02, 9292.49it/s]
12096it [00:02, 9303.19it/s]
13033it [00:02, 9136.30it/s]
13952it [00:03, 8812.75it/s]
14839it [00:03, 8749.64it/s]
15718it [00:03, 8561.93it/s]
16605it [00:03, 8650.18it/s]
17473it [00:03, 7188.30it/s]
18432it [00:03, 7789.53it/s]
19264it [00:03, 7872.61it/s]
20152it [00:03, 8149.33it/s]
21056it [00:03, 8385.73it/s]
21912it [00:04, 8395.84it/s]
22848it [00:04, 8559.41it/s]
23744it [00:04, 8659.34it/s]
24704it [00:04, 8862.29it/s]
25664it [00:04, 8956.19it/s]
26688it [00:04, 9180.35it/s]
27697it [00:04, 9444.84it/s]
28644it [00:04, 9338.13it/s]
29580it [00:04, 9199.09it/s]
30528it [00:04, 9225.64it/s]
31488it [00:05, 9256.05it/s]
32466it [00:05, 9409.26it/s]
33408it [00:05, 7079.41it/s]
34317it [00:05, 7563.21it/s]
35264it [00:05, 8050.26it/s]
36288it [00:05, 8592.62it/s]
37303it [00:05, 9021.47it/s]
38242it [00:05, 8961.62it/s]
39164it [00:06, 8809.45it/s]
40072it [00:06, 8885.90it/s]
41024it [00:06, 9019.19it/s]
41984it [00:06, 9068.43it/s]
42937it [00:06, 9202.25it/s]
43904it [00:06, 9225.61it/s]
44831it [00:06, 9218.78it/s]
45756it [00:06, 9153.96it/s]
46674it [00:06, 9041.62it/s]
47616it [00:06, 7633.46it/s]
48512it [00:07, 7922.67it/s]
49472it [00:07, 8334.40it/s]
50332it [00:07, 8372.42it/s]
51188it [00:07, 8054.89it/s]
52032it [00:07, 8155.84it/s]
52992it [00:07, 8500.31it/s]
53888it [00:07, 8561.59it/s]
54844it [00:07, 8849.91it/s]
55735it [00:07, 8804.09it/s]
56668it [00:08, 8958.14it/s]
57567it [00:08, 8712.39it/s]
58442it [00:08, 8626.98it/s]
59328it [00:08, 8621.26it/s]
60224it [00:08, 8718.65it/s]
61120it [00:08, 8709.63it/s]
62080it [00:08, 8940.55it/s]
62976it [00:08, 7600.79it/s]
63771it [00:08, 7635.08it/s]
64640it [00:09, 7876.03it/s]
65447it [00:09, 7896.25it/s]
66251it [00:09, 7888.56it/s]
67050it [00:09, 7749.12it/s]
67893it [00:09, 7942.73it/s]
68693it [00:09, 7831.71it/s]
69632it [00:09, 8277.04it/s]
70528it [00:09, 8455.72it/s]
71424it [00:09, 8476.75it/s]
72274it [00:09, 8400.56it/s]
73211it [00:10, 8684.26it/s]
74112it [00:10, 8648.17it/s]
75072it [00:10, 8813.41it/s]
75968it [00:10, 8771.84it/s]
76928it [00:10, 9006.34it/s]
77830it [00:10, 7320.19it/s]
78784it [00:10, 7828.48it/s]
79744it [00:10, 8244.12it/s]
80704it [00:10, 8524.29it/s]
81600it [00:11, 8604.62it/s]
82560it [00:11, 8785.91it/s]
83456it [00:11, 8792.78it/s]
84345it [00:11, 8788.11it/s]
85231it [00:11, 8774.27it/s]
86144it [00:11, 8826.84it/s]
87040it [00:11, 8755.74it/s]
87918it [00:11, 8535.19it/s]
88775it [00:11, 8304.69it/s]
89664it [00:11, 8419.91it/s]
90560it [00:12, 8479.20it/s]
91520it [00:12, 8667.47it/s]
92396it [00:12, 8693.80it/s]
93267it [00:12, 7882.51it/s]
94144it [00:12, 8066.55it/s]
95040it [00:12, 8293.53it/s]
95879it [00:12, 8018.91it/s]
96753it [00:12, 8221.89it/s]
97600it [00:12, 8171.59it/s]
98496it [00:13, 8387.08it/s]
99400it [00:13, 8576.54it/s]
100000it [00:13, 7573.45it/s]
Upload time: 13.596129525918514
Total import time: 43.82987459516153
Experiment stage: Search

0it [00:00, ?it/s]
4it [00:00,  5.21it/s]
13it [00:00, 17.98it/s]
29it [00:00, 42.40it/s]
73it [00:01, 121.25it/s]
148it [00:01, 260.08it/s]
234it [00:01, 403.24it/s]
316it [00:01, 508.91it/s]
400it [00:01, 595.65it/s]
484it [00:01, 662.62it/s]
563it [00:01, 695.65it/s]
639it [00:01, 697.46it/s]
714it [00:01, 710.88it/s]
789it [00:02, 702.61it/s]
869it [00:02, 730.42it/s]
944it [00:02, 730.23it/s]
1034it [00:02, 779.49it/s]
1113it [00:02, 755.51it/s]
1201it [00:02, 790.82it/s]
1281it [00:02, 747.18it/s]
1357it [00:02, 658.13it/s]
1426it [00:02, 556.92it/s]
1505it [00:03, 611.93it/s]
1594it [00:03, 681.63it/s]
1667it [00:03, 647.79it/s]
1735it [00:03, 621.49it/s]
1804it [00:03, 638.99it/s]
1888it [00:03, 692.49it/s]
1968it [00:03, 722.46it/s]
2060it [00:03, 776.23it/s]
2153it [00:03, 820.00it/s]
2237it [00:04, 816.21it/s]
2320it [00:04, 772.51it/s]
2399it [00:04, 771.92it/s]
2481it [00:04, 782.87it/s]
2564it [00:04, 795.36it/s]
2644it [00:04, 790.35it/s]
2725it [00:04, 794.99it/s]
2810it [00:04, 810.04it/s]
2898it [00:04, 825.29it/s]
2986it [00:04, 840.75it/s]
3072it [00:05, 843.85it/s]
3163it [00:05, 861.06it/s]
3250it [00:05, 847.17it/s]
3335it [00:05, 755.90it/s]
3417it [00:05, 771.42it/s]
3500it [00:05, 786.91it/s]
3580it [00:05, 787.68it/s]
3660it [00:05, 786.63it/s]
3743it [00:05, 797.48it/s]
3831it [00:06, 820.35it/s]
3921it [00:06, 842.46it/s]
4006it [00:06, 766.02it/s]
4085it [00:06, 719.90it/s]
4159it [00:06, 673.86it/s]
4240it [00:06, 708.24it/s]
4325it [00:06, 743.84it/s]
4401it [00:06, 712.12it/s]
4476it [00:06, 720.70it/s]
4550it [00:07, 725.56it/s]
4634it [00:07, 756.41it/s]
4718it [00:07, 775.39it/s]
4796it [00:07, 756.72it/s]
4873it [00:07, 738.64it/s]
4959it [00:07, 771.36it/s]
5049it [00:07, 805.99it/s]
5131it [00:07, 809.66it/s]
5213it [00:07, 801.16it/s]
5296it [00:07, 809.38it/s]
5382it [00:08, 822.78it/s]
5469it [00:08, 835.23it/s]
5559it [00:08, 852.28it/s]
5652it [00:08, 871.20it/s]
5740it [00:08, 868.71it/s]
5828it [00:08, 869.87it/s]
5916it [00:08, 805.00it/s]
5998it [00:08, 781.33it/s]
6077it [00:08, 778.89it/s]
6156it [00:09, 779.85it/s]
6248it [00:09, 817.88it/s]
6332it [00:09, 823.42it/s]
6415it [00:09, 771.52it/s]
6502it [00:09, 798.52it/s]
6594it [00:09, 827.04it/s]
6680it [00:09, 834.24it/s]
6768it [00:09, 845.97it/s]
6856it [00:09, 854.70it/s]
6945it [00:09, 861.32it/s]
7032it [00:10, 860.93it/s]
7119it [00:10, 655.06it/s]
7192it [00:10, 654.47it/s]
7264it [00:10, 670.87it/s]
7343it [00:10, 701.11it/s]
7430it [00:10, 745.37it/s]
7513it [00:10, 767.78it/s]
7592it [00:10, 733.22it/s]
7673it [00:10, 753.49it/s]
7751it [00:11, 759.04it/s]
7828it [00:11, 739.78it/s]
7903it [00:11, 738.22it/s]
7978it [00:11, 738.08it/s]
8053it [00:11, 709.34it/s]
8125it [00:11, 646.25it/s]
8209it [00:11, 696.02it/s]
8295it [00:11, 738.97it/s]
8371it [00:11, 743.43it/s]
8455it [00:12, 766.73it/s]
8533it [00:12, 762.06it/s]
8610it [00:12, 760.98it/s]
8690it [00:12, 770.90it/s]
8768it [00:12, 756.18it/s]
8844it [00:12, 744.77it/s]
8919it [00:12, 726.51it/s]
9000it [00:12, 749.82it/s]
9088it [00:12, 786.14it/s]
9187it [00:13, 844.06it/s]
9272it [00:13, 845.58it/s]
9357it [00:13, 842.46it/s]
9442it [00:13, 831.88it/s]
9528it [00:13, 837.64it/s]
9612it [00:13, 838.29it/s]
9696it [00:13, 835.39it/s]
9780it [00:13, 830.63it/s]
9864it [00:13, 807.99it/s]
9947it [00:13, 811.69it/s]
10000it [00:13, 714.86it/s]
Experiment stage: Done
Results saved to:  /home/dzh/project/vdtuner/vector-db-benchmark-master/results
>>> [Step 5] 收尾工作...
    监控日志已保存。
📊 测试结果摘要:
0.36935999999999997
708.7353708295909
0.004080352117307484
line1:  0.004080352117307484
line1:  708.7353708295909
line1:  0.36935999999999997
numeric_values:  [0.004080352117307484, 708.7353708295909, 0.36935999999999997]
[35] 2993 0.36935999999999997 0.004080352117307484 91
/bin/sh: 1: Syntax error: "(" unexpected
/data/dzh/venv/lib/python3.10/site-packages/botorch/acquisition/multi_objective/monte_carlo.py:110: NumericsWarning: qExpectedHypervolumeImprovement has known numerical issues that lead to suboptimal optimization performance. It is strongly recommended to simply replace

	 qExpectedHypervolumeImprovement 	 --> 	 qLogExpectedHypervolumeImprovement 

instead, which fixes the issues and has the same API. See https://arxiv.org/abs/2310.20708 for details.
  legacy_ei_numerics_warning(legacy_name=type(self).__name__)
--- DEBUG: Starting command:---
=======================================
🛠️  开始测试流程
Engine: milvus-p10 | Dataset: random-geo-radius-2048-angular-no-filters
=======================================
>>> [Step 1] 启动后台监控...
    监控进程 PID: 449000
>>> [Step 2] 重置 Milvus...
 Container milvus-standalone  Stopping
 Container milvus-standalone  Stopped
 Container milvus-standalone  Removing
 Container milvus-standalone  Removed
 Container milvus-etcd  Stopping
 Container milvus-minio  Stopping
 Container milvus-etcd  Stopped
 Container milvus-etcd  Removing
 Container milvus-etcd  Removed
 Container milvus-minio  Stopped
 Container milvus-minio  Removing
 Container milvus-minio  Removed
 Network milvus  Removing
 Network milvus  Removed
    🧹 清理宿主机数据目录: /home/dzh/project/vdtuner/vector-db-benchmark-master/engine/servers/milvus-single-node/volumes
 Network milvus  Creating
 Network milvus  Created
 Container milvus-minio  Creating
 Container milvus-etcd  Creating
 Container milvus-etcd  Created
 Container milvus-minio  Created
 Container milvus-standalone  Creating
 Container milvus-standalone  Created
 Container milvus-minio  Starting
 Container milvus-etcd  Starting
 Container milvus-etcd  Started
 Container milvus-minio  Started
 Container milvus-standalone  Starting
 Container milvus-standalone  Started
>>> [Step 3] 等待服务启动 (90s)...
    等待中... (10s/120s)
    ✅ Milvus 服务已就绪
>>> [Step 4] 运行 Benchmark...
Running experiment: milvus-p10 - random-geo-radius-2048-angular-no-filters
established connection
/home/dzh/project/vdtuner/vector-db-benchmark-master/datasets/random-geo-radius-2048-angular/random_geo_100k_no_filters already exists
Experiment stage: Configure
Experiment stage: Upload

0it [00:00, ?it/s]
1it [00:01,  1.57s/it]
704it [00:01, 578.10it/s]
1058it [00:01, 798.78it/s]
1536it [00:02, 1246.25it/s]
1861it [00:02, 1484.77it/s]
2176it [00:02, 1732.27it/s]
2474it [00:02, 1804.28it/s]
3008it [00:02, 2498.96it/s]
3972it [00:02, 4070.16it/s]
4992it [00:02, 5527.33it/s]
6080it [00:02, 6838.42it/s]
7104it [00:02, 7669.71it/s]
8110it [00:03, 8321.59it/s]
9024it [00:03, 8466.40it/s]
10089it [00:03, 9086.43it/s]
11128it [00:03, 9462.24it/s]
12103it [00:03, 9519.54it/s]
13108it [00:03, 9673.98it/s]
14090it [00:03, 9577.79it/s]
15104it [00:03, 9705.53it/s]
16128it [00:03, 9718.24it/s]
17105it [00:03, 9523.83it/s]
18062it [00:04, 6836.15it/s]
18944it [00:04, 7242.98it/s]
19904it [00:04, 7744.51it/s]
20800it [00:04, 8051.31it/s]
21760it [00:04, 8394.68it/s]
22656it [00:04, 8457.52it/s]
23740it [00:04, 9125.58it/s]
24704it [00:04, 9235.12it/s]
25728it [00:04, 9400.49it/s]
26688it [00:05, 9406.86it/s]
27648it [00:05, 9387.94it/s]
28647it [00:05, 9563.37it/s]
29610it [00:05, 9582.80it/s]
30572it [00:05, 9531.80it/s]
31528it [00:05, 9476.36it/s]
32478it [00:05, 7084.23it/s]
33408it [00:05, 7594.36it/s]
34368it [00:06, 8048.93it/s]
35264it [00:06, 8207.59it/s]
36224it [00:06, 8505.00it/s]
37162it [00:06, 8745.46it/s]
38144it [00:06, 8934.91it/s]
39055it [00:06, 8783.96it/s]
40064it [00:06, 9012.89it/s]
40975it [00:06, 8680.48it/s]
41856it [00:06, 8643.14it/s]
42726it [00:06, 8437.89it/s]
43574it [00:07, 8386.79it/s]
44416it [00:07, 8233.38it/s]
45383it [00:07, 8645.60it/s]
46335it [00:07, 8899.56it/s]
47228it [00:07, 6798.32it/s]
48192it [00:07, 7414.81it/s]
49088it [00:07, 7769.44it/s]
49984it [00:07, 8026.51it/s]
50944it [00:07, 8363.30it/s]
51841it [00:08, 8532.43it/s]
52716it [00:08, 8559.36it/s]
53588it [00:08, 8597.04it/s]
54464it [00:08, 8604.22it/s]
55360it [00:08, 8678.76it/s]
56320it [00:08, 8839.95it/s]
57216it [00:08, 8860.87it/s]
58112it [00:08, 8818.57it/s]
58996it [00:08, 8810.47it/s]
59904it [00:09, 8773.39it/s]
60864it [00:09, 8931.52it/s]
61760it [00:09, 8917.26it/s]
62653it [00:09, 7154.28it/s]
63552it [00:09, 7590.95it/s]
64448it [00:09, 7850.53it/s]
65408it [00:09, 8259.64it/s]
66368it [00:09, 8554.50it/s]
67313it [00:09, 8807.08it/s]
68210it [00:10, 8719.03it/s]
69094it [00:10, 8585.12it/s]
69961it [00:10, 8245.91it/s]
70804it [00:10, 8297.19it/s]
71680it [00:10, 8355.17it/s]
72520it [00:10, 7842.34it/s]
73344it [00:10, 7892.48it/s]
74240it [00:10, 8163.14it/s]
75136it [00:10, 8369.30it/s]
76032it [00:10, 8483.89it/s]
76928it [00:11, 8622.42it/s]
77793it [00:11, 6851.05it/s]
78720it [00:11, 7364.05it/s]
79616it [00:11, 7690.51it/s]
80537it [00:11, 8098.99it/s]
81379it [00:11, 8060.86it/s]
82207it [00:11, 8106.68it/s]
83072it [00:11, 8203.30it/s]
83968it [00:11, 8381.70it/s]
84864it [00:12, 8530.56it/s]
85760it [00:12, 8511.71it/s]
86616it [00:12, 8410.01it/s]
87552it [00:12, 8560.02it/s]
88448it [00:12, 8638.33it/s]
89314it [00:12, 8550.49it/s]
90171it [00:12, 8471.31it/s]
91072it [00:12, 8521.16it/s]
91925it [00:13, 6215.01it/s]
92792it [00:13, 6787.62it/s]
93696it [00:13, 7249.43it/s]
94587it [00:13, 7681.31it/s]
95424it [00:13, 7846.82it/s]
96286it [00:13, 8062.18it/s]
97120it [00:13, 8063.00it/s]
97984it [00:13, 8220.73it/s]
98880it [00:13, 8378.77it/s]
99728it [00:13, 8401.20it/s]
100000it [00:13, 7154.11it/s]
Upload time: 14.392720747739077
Total import time: 44.40937868785113
Experiment stage: Search

0it [00:00, ?it/s]
4it [00:00,  5.23it/s]
14it [00:00, 19.13it/s]
30it [00:01, 43.70it/s]
104it [00:01, 181.95it/s]
193it [00:01, 338.47it/s]
273it [00:01, 449.00it/s]
365it [00:01, 568.24it/s]
442it [00:01, 621.06it/s]
532it [00:01, 696.89it/s]
625it [00:01, 761.80it/s]
714it [00:01, 796.43it/s]
799it [00:01, 809.78it/s]
894it [00:02, 849.21it/s]
982it [00:02, 853.09it/s]
1070it [00:02, 787.61it/s]
1160it [00:02, 816.38it/s]
1255it [00:02, 852.17it/s]
1354it [00:02, 889.51it/s]
1445it [00:02, 892.98it/s]
1536it [00:02, 886.85it/s]
1627it [00:02, 892.65it/s]
1717it [00:02, 879.64it/s]
1806it [00:03, 823.69it/s]
1904it [00:03, 866.46it/s]
1992it [00:03, 833.84it/s]
2077it [00:03, 819.73it/s]
2160it [00:03, 810.33it/s]
2242it [00:03, 809.60it/s]
2324it [00:03, 786.66it/s]
2414it [00:03, 817.44it/s]
2498it [00:03, 822.18it/s]
2581it [00:04, 818.85it/s]
2664it [00:04, 803.73it/s]
2745it [00:04, 783.09it/s]
2831it [00:04, 797.96it/s]
2911it [00:04, 790.06it/s]
2991it [00:04, 735.68it/s]
3066it [00:04, 717.82it/s]
3148it [00:04, 745.46it/s]
3242it [00:04, 799.67it/s]
3333it [00:04, 830.73it/s]
3427it [00:05, 861.17it/s]
3514it [00:05, 819.14it/s]
3597it [00:05, 819.36it/s]
3681it [00:05, 825.17it/s]
3764it [00:05, 805.82it/s]
3845it [00:05, 802.69it/s]
3926it [00:05, 799.72it/s]
4008it [00:05, 802.74it/s]
4094it [00:05, 817.04it/s]
4181it [00:06, 831.10it/s]
4265it [00:06, 827.71it/s]
4351it [00:06, 836.07it/s]
4435it [00:06, 830.61it/s]
4536it [00:06, 882.44it/s]
4641it [00:06, 930.51it/s]
4746it [00:06, 961.69it/s]
4843it [00:06, 945.66it/s]
4938it [00:06, 862.79it/s]
5026it [00:06, 848.37it/s]
5118it [00:07, 868.07it/s]
5209it [00:07, 877.96it/s]
5299it [00:07, 883.96it/s]
5388it [00:07, 860.00it/s]
5475it [00:07, 854.63it/s]
5564it [00:07, 862.68it/s]
5651it [00:07, 855.91it/s]
5740it [00:07, 864.12it/s]
5832it [00:07, 879.30it/s]
5921it [00:08, 873.44it/s]
6009it [00:08, 753.37it/s]
6111it [00:08, 823.13it/s]
6211it [00:08, 871.23it/s]
6311it [00:08, 905.85it/s]
6406it [00:08, 918.13it/s]
6500it [00:08, 829.21it/s]
6586it [00:08, 740.16it/s]
6664it [00:08, 669.28it/s]
6734it [00:09, 672.94it/s]
6806it [00:09, 683.44it/s]
6877it [00:09, 684.37it/s]
6965it [00:09, 735.88it/s]
7040it [00:09, 711.22it/s]
7119it [00:09, 730.49it/s]
7206it [00:09, 769.29it/s]
7284it [00:09, 741.85it/s]
7359it [00:09, 728.38it/s]
7447it [00:10, 769.99it/s]
7530it [00:10, 787.12it/s]
7623it [00:10, 827.93it/s]
7716it [00:10, 809.83it/s]
7801it [00:10, 818.32it/s]
7884it [00:10, 721.51it/s]
7959it [00:10, 632.82it/s]
8036it [00:10, 666.69it/s]
8126it [00:10, 727.53it/s]
8215it [00:11, 769.79it/s]
8304it [00:11, 801.52it/s]
8387it [00:11, 800.93it/s]
8479it [00:11, 830.90it/s]
8564it [00:11, 827.99it/s]
8648it [00:11, 790.02it/s]
8728it [00:11, 773.78it/s]
8815it [00:11, 800.28it/s]
8898it [00:11, 808.00it/s]
8980it [00:12, 800.96it/s]
9061it [00:12, 762.24it/s]
9139it [00:12, 766.98it/s]
9226it [00:12, 794.62it/s]
9314it [00:12, 819.32it/s]
9412it [00:12, 866.12it/s]
9499it [00:12, 817.44it/s]
9582it [00:12, 749.14it/s]
9670it [00:12, 781.37it/s]
9753it [00:12, 794.83it/s]
9836it [00:13, 802.99it/s]
9926it [00:13, 830.90it/s]
10000it [00:13, 753.33it/s]
Experiment stage: Done
Results saved to:  /home/dzh/project/vdtuner/vector-db-benchmark-master/results
>>> [Step 5] 收尾工作...
    监控日志已保存。
📊 测试结果摘要:
0.36614
747.4531894460798
0.0040364716667681926
line1:  0.0040364716667681926
line1:  747.4531894460798
line1:  0.36614
numeric_values:  [0.0040364716667681926, 747.4531894460798, 0.36614]
[36] 3084 0.36614 0.0040364716667681926 90
/bin/sh: 1: Syntax error: "(" unexpected
/data/dzh/venv/lib/python3.10/site-packages/botorch/acquisition/multi_objective/monte_carlo.py:110: NumericsWarning: qExpectedHypervolumeImprovement has known numerical issues that lead to suboptimal optimization performance. It is strongly recommended to simply replace

	 qExpectedHypervolumeImprovement 	 --> 	 qLogExpectedHypervolumeImprovement 

instead, which fixes the issues and has the same API. See https://arxiv.org/abs/2310.20708 for details.
  legacy_ei_numerics_warning(legacy_name=type(self).__name__)
--- DEBUG: Starting command:---
=======================================
🛠️  开始测试流程
Engine: milvus-p10 | Dataset: random-geo-radius-2048-angular-no-filters
=======================================
>>> [Step 1] 启动后台监控...
    监控进程 PID: 461499
>>> [Step 2] 重置 Milvus...
 Container milvus-standalone  Stopping
 Container milvus-standalone  Stopped
 Container milvus-standalone  Removing
 Container milvus-standalone  Removed
 Container milvus-minio  Stopping
 Container milvus-etcd  Stopping
 Container milvus-etcd  Stopped
 Container milvus-etcd  Removing
 Container milvus-etcd  Removed
 Container milvus-minio  Stopped
 Container milvus-minio  Removing
 Container milvus-minio  Removed
 Network milvus  Removing
 Network milvus  Removed
    🧹 清理宿主机数据目录: /home/dzh/project/vdtuner/vector-db-benchmark-master/engine/servers/milvus-single-node/volumes
 Network milvus  Creating
 Network milvus  Created
 Container milvus-minio  Creating
 Container milvus-etcd  Creating
 Container milvus-etcd  Created
 Container milvus-minio  Created
 Container milvus-standalone  Creating
 Container milvus-standalone  Created
 Container milvus-minio  Starting
 Container milvus-etcd  Starting
 Container milvus-etcd  Started
 Container milvus-minio  Started
 Container milvus-standalone  Starting
 Container milvus-standalone  Started
>>> [Step 3] 等待服务启动 (90s)...
    等待中... (10s/120s)
    ✅ Milvus 服务已就绪
>>> [Step 4] 运行 Benchmark...
Running experiment: milvus-p10 - random-geo-radius-2048-angular-no-filters
established connection
/home/dzh/project/vdtuner/vector-db-benchmark-master/datasets/random-geo-radius-2048-angular/random_geo_100k_no_filters already exists
Experiment stage: Configure
Experiment stage: Upload

0it [00:00, ?it/s]
1it [00:00,  1.54it/s]
64it [00:00, 81.19it/s]
448it [00:01, 655.58it/s]
1024it [00:01, 1532.16it/s]
1344it [00:01, 1811.46it/s]
1640it [00:01, 1761.28it/s]
1920it [00:01, 1790.01it/s]
2198it [00:01, 2000.91it/s]
2688it [00:01, 2556.17it/s]
3255it [00:01, 3307.84it/s]
3712it [00:02, 3574.30it/s]
4672it [00:02, 5157.10it/s]
5568it [00:02, 6174.15it/s]
6592it [00:02, 7255.14it/s]
7496it [00:02, 7756.42it/s]
8576it [00:02, 8534.44it/s]
9536it [00:02, 8772.24it/s]
10476it [00:02, 8954.52it/s]
11392it [00:02, 8919.49it/s]
12352it [00:02, 9008.94it/s]
13312it [00:03, 9180.12it/s]
14235it [00:03, 9135.29it/s]
15232it [00:03, 9365.22it/s]
16256it [00:03, 9568.56it/s]
17216it [00:03, 9565.40it/s]
18174it [00:03, 5687.90it/s]
19072it [00:03, 6337.21it/s]
19920it [00:04, 6814.92it/s]
20864it [00:04, 7396.43it/s]
21760it [00:04, 7777.84it/s]
22656it [00:04, 8051.88it/s]
23616it [00:04, 8448.69it/s]
24576it [00:04, 8658.89it/s]
25536it [00:04, 8846.41it/s]
26560it [00:04, 9156.50it/s]
27493it [00:04, 9105.51it/s]
28416it [00:04, 8922.19it/s]
29376it [00:05, 9094.26it/s]
30370it [00:05, 9339.54it/s]
31310it [00:05, 9206.82it/s]
32320it [00:05, 9346.17it/s]
33258it [00:05, 6048.44it/s]
34176it [00:05, 6699.22it/s]
35072it [00:05, 7185.09it/s]
36032it [00:05, 7657.89it/s]
36979it [00:06, 8126.13it/s]
37856it [00:06, 8199.08it/s]
38784it [00:06, 8441.24it/s]
39681it [00:06, 8589.63it/s]
40640it [00:06, 8859.08it/s]
41545it [00:06, 8865.99it/s]
42445it [00:06, 8869.16it/s]
43392it [00:06, 8913.29it/s]
44352it [00:06, 8970.23it/s]
45312it [00:06, 9133.36it/s]
46272it [00:07, 9232.49it/s]
47198it [00:07, 6792.68it/s]
48111it [00:07, 7344.65it/s]
48960it [00:07, 7623.61it/s]
49905it [00:07, 8106.58it/s]
50766it [00:07, 8150.24it/s]
51648it [00:07, 8210.34it/s]
52494it [00:07, 8166.05it/s]
53330it [00:08, 8220.96it/s]
54208it [00:08, 8367.98it/s]
55126it [00:08, 8604.58it/s]
56064it [00:08, 8809.12it/s]
56960it [00:08, 8770.62it/s]
57841it [00:08, 8695.26it/s]
58727it [00:08, 8742.90it/s]
59604it [00:08, 8740.39it/s]
60544it [00:08, 8782.73it/s]
61440it [00:08, 8833.61it/s]
62325it [00:09, 6719.25it/s]
63231it [00:09, 7288.38it/s]
64098it [00:09, 7643.98it/s]
64960it [00:09, 7900.17it/s]
65860it [00:09, 8204.56it/s]
66752it [00:09, 8338.04it/s]
67674it [00:09, 8590.25it/s]
68608it [00:09, 8712.37it/s]
69491it [00:09, 8692.42it/s]
70369it [00:10, 8275.37it/s]
71206it [00:10, 8029.71it/s]
72064it [00:10, 8081.84it/s]
72960it [00:10, 8249.00it/s]
73856it [00:10, 8366.71it/s]
74783it [00:10, 8626.94it/s]
75649it [00:10, 8399.53it/s]
76608it [00:10, 8673.92it/s]
77479it [00:11, 6264.22it/s]
78400it [00:11, 6918.28it/s]
79360it [00:11, 7440.99it/s]
80320it [00:11, 7918.45it/s]
81216it [00:11, 8142.91it/s]
82112it [00:11, 8279.08it/s]
83008it [00:11, 8435.31it/s]
83873it [00:11, 8413.51it/s]
84730it [00:11, 8254.13it/s]
85569it [00:11, 8291.92it/s]
86406it [00:12, 8159.69it/s]
87280it [00:12, 8326.67it/s]
88118it [00:12, 8286.87it/s]
88960it [00:12, 8284.05it/s]
89856it [00:12, 8452.12it/s]
90752it [00:12, 8528.00it/s]
91606it [00:12, 5935.85it/s]
92527it [00:12, 6677.22it/s]
93376it [00:13, 7110.01it/s]
94272it [00:13, 7567.00it/s]
95168it [00:13, 7908.02it/s]
96116it [00:13, 8342.86it/s]
96987it [00:13, 8381.87it/s]
97856it [00:13, 8406.22it/s]
98816it [00:13, 8627.29it/s]
99692it [00:13, 8580.58it/s]
100000it [00:13, 7249.09it/s]
Upload time: 14.174723478965461
Total import time: 44.00594724807888
Experiment stage: Search

0it [00:00, ?it/s]
4it [00:00,  5.23it/s]
12it [00:00, 16.72it/s]
26it [00:00, 38.83it/s]
68it [00:01, 116.72it/s]
127it [00:01, 223.36it/s]
204it [00:01, 355.60it/s]
288it [00:01, 478.41it/s]
371it [00:01, 571.69it/s]
446it [00:01, 620.53it/s]
528it [00:01, 675.06it/s]
609it [00:01, 708.83it/s]
684it [00:01, 713.68it/s]
759it [00:02, 657.08it/s]
828it [00:02, 643.71it/s]
895it [00:02, 596.40it/s]
980it [00:02, 662.15it/s]
1060it [00:02, 696.47it/s]
1137it [00:02, 716.27it/s]
1211it [00:02, 716.92it/s]
1284it [00:02, 620.65it/s]
1349it [00:02, 578.40it/s]
1415it [00:03, 598.72it/s]
1477it [00:03, 477.39it/s]
1540it [00:03, 509.84it/s]
1630it [00:03, 605.85it/s]
1702it [00:03, 634.00it/s]
1770it [00:03, 543.49it/s]
1841it [00:03, 583.59it/s]
1915it [00:03, 619.48it/s]
1985it [00:04, 639.82it/s]
2052it [00:04, 646.81it/s]
2129it [00:04, 680.97it/s]
2208it [00:04, 711.40it/s]
2294it [00:04, 754.55it/s]
2371it [00:04, 671.75it/s]
2453it [00:04, 710.35it/s]
2527it [00:04, 714.90it/s]
2615it [00:04, 760.51it/s]
2693it [00:05, 740.61it/s]
2777it [00:05, 763.21it/s]
2866it [00:05, 799.00it/s]
2947it [00:05, 770.52it/s]
3025it [00:05, 755.02it/s]
3101it [00:05, 738.85it/s]
3181it [00:05, 753.84it/s]
3261it [00:05, 765.89it/s]
3338it [00:05, 663.55it/s]
3415it [00:05, 691.05it/s]
3487it [00:06, 591.85it/s]
3560it [00:06, 625.70it/s]
3637it [00:06, 663.38it/s]
3725it [00:06, 721.59it/s]
3821it [00:06, 788.06it/s]
3923it [00:06, 853.25it/s]
4025it [00:06, 899.84it/s]
4117it [00:06, 895.05it/s]
4208it [00:06, 879.63it/s]
4297it [00:07, 857.62it/s]
4384it [00:07, 851.39it/s]
4474it [00:07, 863.64it/s]
4561it [00:07, 850.42it/s]
4651it [00:07, 863.14it/s]
4749it [00:07, 895.85it/s]
4842it [00:07, 905.25it/s]
4934it [00:07, 907.10it/s]
5030it [00:07, 922.59it/s]
5123it [00:08, 870.09it/s]
5211it [00:08, 852.62it/s]
5297it [00:08, 742.71it/s]
5374it [00:08, 700.01it/s]
5446it [00:08, 651.82it/s]
5523it [00:08, 681.07it/s]
5602it [00:08, 707.98it/s]
5683it [00:08, 735.54it/s]
5763it [00:08, 753.09it/s]
5840it [00:09, 704.36it/s]
5919it [00:09, 724.49it/s]
5993it [00:09, 727.46it/s]
6068it [00:09, 733.56it/s]
6142it [00:09, 726.70it/s]
6216it [00:09, 694.18it/s]
6300it [00:09, 735.19it/s]
6396it [00:09, 798.98it/s]
6484it [00:09, 819.68it/s]
6578it [00:09, 853.60it/s]
6668it [00:10, 866.16it/s]
6770it [00:10, 910.31it/s]
6864it [00:10, 918.18it/s]
6957it [00:10, 920.41it/s]
7050it [00:10, 902.03it/s]
7142it [00:10, 906.51it/s]
7235it [00:10, 912.12it/s]
7327it [00:10, 898.57it/s]
7417it [00:10, 855.60it/s]
7506it [00:11, 863.32it/s]
7595it [00:11, 866.80it/s]
7682it [00:11, 850.67it/s]
7768it [00:11, 852.19it/s]
7854it [00:11, 852.77it/s]
7958it [00:11, 905.42it/s]
8059it [00:11, 934.31it/s]
8153it [00:11, 836.36it/s]
8239it [00:11, 771.45it/s]
8319it [00:12, 754.53it/s]
8399it [00:12, 764.81it/s]
8477it [00:12, 741.16it/s]
8552it [00:12, 739.44it/s]
8627it [00:12, 738.57it/s]
8702it [00:12, 705.51it/s]
8774it [00:12, 701.53it/s]
8858it [00:12, 739.25it/s]
8933it [00:12, 683.63it/s]
9003it [00:13, 656.01it/s]
9070it [00:13, 624.45it/s]
9138it [00:13, 638.03it/s]
9218it [00:13, 681.83it/s]
9287it [00:13, 631.54it/s]
9352it [00:13, 594.41it/s]
9427it [00:13, 633.61it/s]
9507it [00:13, 679.06it/s]
9584it [00:13, 704.05it/s]
9656it [00:14, 698.78it/s]
9727it [00:14, 687.15it/s]
9801it [00:14, 701.14it/s]
9893it [00:14, 764.20it/s]
9980it [00:14, 792.67it/s]
10000it [00:14, 692.86it/s]
Experiment stage: Done
Results saved to:  /home/dzh/project/vdtuner/vector-db-benchmark-master/results
>>> [Step 5] 收尾工作...
    监控日志已保存。
📊 测试结果摘要:
0.37405999999999995
688.0542810909768
0.004044348746538162
line1:  0.004044348746538162
line1:  688.0542810909768
line1:  0.37405999999999995
numeric_values:  [0.004044348746538162, 688.0542810909768, 0.37405999999999995]
[37] 3175 0.37405999999999995 0.004044348746538162 90
/bin/sh: 1: Syntax error: "(" unexpected
/data/dzh/venv/lib/python3.10/site-packages/botorch/acquisition/multi_objective/monte_carlo.py:110: NumericsWarning: qExpectedHypervolumeImprovement has known numerical issues that lead to suboptimal optimization performance. It is strongly recommended to simply replace

	 qExpectedHypervolumeImprovement 	 --> 	 qLogExpectedHypervolumeImprovement 

instead, which fixes the issues and has the same API. See https://arxiv.org/abs/2310.20708 for details.
  legacy_ei_numerics_warning(legacy_name=type(self).__name__)
--- DEBUG: Starting command:---
=======================================
🛠️  开始测试流程
Engine: milvus-p10 | Dataset: random-geo-radius-2048-angular-no-filters
=======================================
>>> [Step 1] 启动后台监控...
    监控进程 PID: 482323
>>> [Step 2] 重置 Milvus...
 Container milvus-standalone  Stopping
 Container milvus-standalone  Stopped
 Container milvus-standalone  Removing
 Container milvus-standalone  Removed
 Container milvus-etcd  Stopping
 Container milvus-minio  Stopping
 Container milvus-etcd  Stopped
 Container milvus-etcd  Removing
 Container milvus-etcd  Removed
 Container milvus-minio  Stopped
 Container milvus-minio  Removing
 Container milvus-minio  Removed
 Network milvus  Removing
 Network milvus  Removed
    🧹 清理宿主机数据目录: /home/dzh/project/vdtuner/vector-db-benchmark-master/engine/servers/milvus-single-node/volumes
 Network milvus  Creating
 Network milvus  Created
 Container milvus-minio  Creating
 Container milvus-etcd  Creating
 Container milvus-etcd  Created
 Container milvus-minio  Created
 Container milvus-standalone  Creating
 Container milvus-standalone  Created
 Container milvus-minio  Starting
 Container milvus-etcd  Starting
 Container milvus-etcd  Started
 Container milvus-minio  Started
 Container milvus-standalone  Starting
 Container milvus-standalone  Started
>>> [Step 3] 等待服务启动 (90s)...
    等待中... (10s/120s)
    ✅ Milvus 服务已就绪
>>> [Step 4] 运行 Benchmark...
Running experiment: milvus-p10 - random-geo-radius-2048-angular-no-filters
established connection
/home/dzh/project/vdtuner/vector-db-benchmark-master/datasets/random-geo-radius-2048-angular/random_geo_100k_no_filters already exists
Experiment stage: Configure
Experiment stage: Upload

0it [00:00, ?it/s]
1it [00:00,  1.56it/s]
64it [00:00, 82.90it/s]
640it [00:01, 963.09it/s]
896it [00:01, 1234.92it/s]
1219it [00:01, 1640.81it/s]
1600it [00:01, 2103.17it/s]
1984it [00:01, 2443.47it/s]
2432it [00:01, 2903.83it/s]
2816it [00:01, 2966.00it/s]
3153it [00:01, 2842.79it/s]
4096it [00:01, 4486.77it/s]
5120it [00:02, 5933.41it/s]
6166it [00:02, 7165.98it/s]
7168it [00:02, 7938.50it/s]
8244it [00:02, 8742.53it/s]
9216it [00:02, 8958.24it/s]
10176it [00:02, 9095.14it/s]
11102it [00:02, 9052.17it/s]
12036it [00:02, 9136.03it/s]
13053it [00:02, 9440.29it/s]
14004it [00:02, 9360.04it/s]
14966it [00:03, 9436.57it/s]
15936it [00:03, 9462.12it/s]
16885it [00:03, 7019.20it/s]
17856it [00:03, 7601.33it/s]
18752it [00:03, 7918.72it/s]
19604it [00:03, 8043.62it/s]
20544it [00:03, 8316.43it/s]
21504it [00:03, 8656.91it/s]
22464it [00:04, 8875.71it/s]
23488it [00:04, 9119.36it/s]
24448it [00:04, 9215.40it/s]
25408it [00:04, 9239.71it/s]
26368it [00:04, 9309.66it/s]
27328it [00:04, 9349.98it/s]
28325it [00:04, 9531.77it/s]
29281it [00:04, 9453.83it/s]
30229it [00:04, 9322.86it/s]
31163it [00:04, 8379.86it/s]
32128it [00:05, 8652.39it/s]
33152it [00:05, 8970.51it/s]
34061it [00:05, 8840.65it/s]
35008it [00:05, 8926.57it/s]
36032it [00:05, 9154.87it/s]
36992it [00:05, 9154.33it/s]
38016it [00:05, 9342.90it/s]
38953it [00:05, 9349.31it/s]
39890it [00:05, 9192.52it/s]
40874it [00:06, 9380.01it/s]
41814it [00:06, 9135.55it/s]
42730it [00:06, 8781.85it/s]
43648it [00:06, 8891.82it/s]
44672it [00:06, 9177.24it/s]
45593it [00:06, 7050.75it/s]
46521it [00:06, 7588.10it/s]
47360it [00:06, 7703.84it/s]
48214it [00:06, 7925.59it/s]
49043it [00:07, 7864.89it/s]
49855it [00:07, 7924.29it/s]
50666it [00:07, 7929.86it/s]
51520it [00:07, 8012.55it/s]
52352it [00:07, 8074.47it/s]
53312it [00:07, 8450.47it/s]
54208it [00:07, 8568.75it/s]
55168it [00:07, 8735.67it/s]
56044it [00:07, 8648.08it/s]
56911it [00:07, 8186.38it/s]
57736it [00:08, 8110.96it/s]
58624it [00:08, 8284.25it/s]
59456it [00:08, 8289.62it/s]
60316it [00:08, 8379.84it/s]
61156it [00:08, 5741.95it/s]
62080it [00:08, 6444.85it/s]
63040it [00:08, 7107.26it/s]
63936it [00:08, 7554.52it/s]
64832it [00:09, 7851.13it/s]
65728it [00:09, 8145.20it/s]
66580it [00:09, 8115.63it/s]
67456it [00:09, 8236.59it/s]
68352it [00:09, 8359.44it/s]
69227it [00:09, 8471.34it/s]
70144it [00:09, 8615.94it/s]
71056it [00:09, 8762.42it/s]
71938it [00:09, 8687.61it/s]
72896it [00:09, 8810.14it/s]
73792it [00:10, 8771.41it/s]
74688it [00:10, 8815.37it/s]
75584it [00:10, 8835.26it/s]
76469it [00:10, 6753.00it/s]
77248it [00:10, 6941.09it/s]
78080it [00:10, 7224.37it/s]
78976it [00:10, 7615.59it/s]
79842it [00:10, 7900.16it/s]
80704it [00:11, 8028.33it/s]
81536it [00:11, 8034.73it/s]
82353it [00:11, 7948.68it/s]
83198it [00:11, 8092.50it/s]
84015it [00:11, 8105.43it/s]
84928it [00:11, 8305.26it/s]
85824it [00:11, 8317.16it/s]
86720it [00:11, 8391.73it/s]
87561it [00:11, 8372.08it/s]
88462it [00:11, 8558.49it/s]
89361it [00:12, 8681.87it/s]
90231it [00:12, 8595.44it/s]
91092it [00:12, 7515.39it/s]
91968it [00:12, 7782.67it/s]
92889it [00:12, 8176.19it/s]
93760it [00:12, 8276.93it/s]
94600it [00:12, 8266.56it/s]
95552it [00:12, 8516.01it/s]
96410it [00:12, 8311.38it/s]
97316it [00:13, 8525.96it/s]
98173it [00:13, 8350.21it/s]
99012it [00:13, 8268.71it/s]
99842it [00:13, 8245.33it/s]
100000it [00:13, 7488.75it/s]
Upload time: 13.945549224037677
Total import time: 44.77163873100653
Experiment stage: Search

0it [00:00, ?it/s]
4it [00:00,  5.04it/s]
14it [00:00, 19.20it/s]
34it [00:01, 50.95it/s]
105it [00:01, 181.60it/s]
191it [00:01, 331.49it/s]
290it [00:01, 489.23it/s]
390it [00:01, 617.30it/s]
483it [00:01, 699.61it/s]
568it [00:01, 738.90it/s]
663it [00:01, 797.15it/s]
754it [00:01, 829.42it/s]
844it [00:01, 848.78it/s]
935it [00:02, 864.74it/s]
1025it [00:02, 866.37it/s]
1117it [00:02, 881.28it/s]
1215it [00:02, 909.83it/s]
1307it [00:02, 912.81it/s]
1399it [00:02, 906.81it/s]
1492it [00:02, 910.63it/s]
1584it [00:02, 901.49it/s]
1684it [00:02, 928.22it/s]
1778it [00:02, 900.05it/s]
1877it [00:03, 924.85it/s]
1970it [00:03, 924.17it/s]
2068it [00:03, 939.48it/s]
2164it [00:03, 945.42it/s]
2260it [00:03, 948.79it/s]
2356it [00:03, 950.69it/s]
2452it [00:03, 939.90it/s]
2547it [00:03, 905.22it/s]
2638it [00:03, 878.86it/s]
2727it [00:03, 869.07it/s]
2815it [00:04, 867.61it/s]
2912it [00:04, 895.32it/s]
3010it [00:04, 919.34it/s]
3103it [00:04, 909.10it/s]
3195it [00:04, 890.24it/s]
3288it [00:04, 899.78it/s]
3379it [00:04, 873.50it/s]
3470it [00:04, 881.51it/s]
3564it [00:04, 897.38it/s]
3656it [00:05, 898.25it/s]
3753it [00:05, 916.68it/s]
3845it [00:05, 902.00it/s]
3936it [00:05, 886.60it/s]
4031it [00:05, 903.58it/s]
4130it [00:05, 927.67it/s]
4223it [00:05, 922.38it/s]
4316it [00:05, 860.13it/s]
4403it [00:05, 856.82it/s]
4491it [00:05, 861.63it/s]
4578it [00:06, 827.31it/s]
4663it [00:06, 832.77it/s]
4750it [00:06, 842.34it/s]
4841it [00:06, 849.38it/s]
4927it [00:06, 833.41it/s]
5013it [00:06, 838.94it/s]
5105it [00:06, 861.18it/s]
5205it [00:06, 900.59it/s]
5296it [00:06, 894.27it/s]
5386it [00:07, 865.69it/s]
5475it [00:07, 872.32it/s]
5563it [00:07, 865.41it/s]
5650it [00:07, 863.56it/s]
5738it [00:07, 867.38it/s]
5827it [00:07, 870.79it/s]
5916it [00:07, 874.64it/s]
6010it [00:07, 891.97it/s]
6105it [00:07, 907.53it/s]
6197it [00:07, 907.88it/s]
6288it [00:08, 899.79it/s]
6379it [00:08, 902.40it/s]
6470it [00:08, 871.86it/s]
6566it [00:08, 896.68it/s]
6657it [00:08, 899.01it/s]
6748it [00:08, 888.37it/s]
6839it [00:08, 894.52it/s]
6929it [00:08, 862.34it/s]
7016it [00:08, 810.43it/s]
7105it [00:08, 831.95it/s]
7204it [00:09, 874.64it/s]
7293it [00:09, 781.21it/s]
7387it [00:09, 823.69it/s]
7479it [00:09, 850.09it/s]
7572it [00:09, 872.45it/s]
7663it [00:09, 882.24it/s]
7753it [00:09, 877.71it/s]
7842it [00:09, 854.80it/s]
7932it [00:09, 866.62it/s]
8024it [00:10, 880.46it/s]
8117it [00:10, 891.32it/s]
8213it [00:10, 910.14it/s]
8305it [00:10, 878.42it/s]
8400it [00:10, 891.36it/s]
8490it [00:10, 887.44it/s]
8581it [00:10, 892.12it/s]
8672it [00:10, 895.42it/s]
8762it [00:10, 862.76it/s]
8859it [00:10, 890.31it/s]
8949it [00:11, 890.64it/s]
9039it [00:11, 885.50it/s]
9134it [00:11, 903.05it/s]
9233it [00:11, 923.85it/s]
9326it [00:11, 916.86it/s]
9418it [00:11, 914.72it/s]
9512it [00:11, 920.50it/s]
9605it [00:11, 910.79it/s]
9700it [00:11, 920.51it/s]
9793it [00:11, 913.69it/s]
9886it [00:12, 917.41it/s]
9978it [00:12, 909.79it/s]
10000it [00:12, 817.72it/s]
Experiment stage: Done
Results saved to:  /home/dzh/project/vdtuner/vector-db-benchmark-master/results
>>> [Step 5] 收尾工作...
    监控日志已保存。
📊 测试结果摘要:
0.38382000000000005
809.6540675399534
0.0037911864928901174
line1:  0.0037911864928901174
line1:  809.6540675399534
line1:  0.38382000000000005
numeric_values:  [0.0037911864928901174, 809.6540675399534, 0.38382000000000005]
[38] 3265 0.38382000000000005 0.0037911864928901174 89
/bin/sh: 1: Syntax error: "(" unexpected
/data/dzh/venv/lib/python3.10/site-packages/botorch/acquisition/multi_objective/monte_carlo.py:110: NumericsWarning: qExpectedHypervolumeImprovement has known numerical issues that lead to suboptimal optimization performance. It is strongly recommended to simply replace

	 qExpectedHypervolumeImprovement 	 --> 	 qLogExpectedHypervolumeImprovement 

instead, which fixes the issues and has the same API. See https://arxiv.org/abs/2310.20708 for details.
  legacy_ei_numerics_warning(legacy_name=type(self).__name__)
--- DEBUG: Starting command:---
=======================================
🛠️  开始测试流程
Engine: milvus-p10 | Dataset: random-geo-radius-2048-angular-no-filters
=======================================
>>> [Step 1] 启动后台监控...
    监控进程 PID: 503429
>>> [Step 2] 重置 Milvus...
 Container milvus-standalone  Stopping
 Container milvus-standalone  Stopped
 Container milvus-standalone  Removing
 Container milvus-standalone  Removed
 Container milvus-minio  Stopping
 Container milvus-etcd  Stopping
 Container milvus-etcd  Stopped
 Container milvus-etcd  Removing
 Container milvus-etcd  Removed
 Container milvus-minio  Stopped
 Container milvus-minio  Removing
 Container milvus-minio  Removed
 Network milvus  Removing
 Network milvus  Removed
    🧹 清理宿主机数据目录: /home/dzh/project/vdtuner/vector-db-benchmark-master/engine/servers/milvus-single-node/volumes
 Network milvus  Creating
 Network milvus  Created
 Container milvus-minio  Creating
 Container milvus-etcd  Creating
 Container milvus-etcd  Created
 Container milvus-minio  Created
 Container milvus-standalone  Creating
 Container milvus-standalone  Created
 Container milvus-minio  Starting
 Container milvus-etcd  Starting
 Container milvus-minio  Started
 Container milvus-etcd  Started
 Container milvus-standalone  Starting
 Container milvus-standalone  Started
>>> [Step 3] 等待服务启动 (90s)...
    等待中... (10s/120s)
    ✅ Milvus 服务已就绪
>>> [Step 4] 运行 Benchmark...
Running experiment: milvus-p10 - random-geo-radius-2048-angular-no-filters
established connection
/home/dzh/project/vdtuner/vector-db-benchmark-master/datasets/random-geo-radius-2048-angular/random_geo_100k_no_filters already exists
Experiment stage: Configure
Experiment stage: Upload

0it [00:00, ?it/s]
1it [00:00,  1.64it/s]
64it [00:00, 78.31it/s]
704it [00:01, 1002.43it/s]
967it [00:01, 1276.85it/s]
1227it [00:01, 1536.41it/s]
1487it [00:01, 1646.45it/s]
1856it [00:01, 1993.84it/s]
2112it [00:01, 2104.29it/s]
2527it [00:01, 2612.53it/s]
2831it [00:01, 2623.03it/s]
3456it [00:01, 3579.71it/s]
4371it [00:02, 5102.80it/s]
5276it [00:02, 6213.07it/s]
6336it [00:02, 7392.91it/s]
7360it [00:02, 8138.16it/s]
8384it [00:02, 8660.88it/s]
9344it [00:02, 8874.01it/s]
10304it [00:02, 9068.46it/s]
11220it [00:02, 9026.54it/s]
12173it [00:02, 9174.13it/s]
13120it [00:03, 9234.40it/s]
14101it [00:03, 9404.85it/s]
15044it [00:03, 9216.15it/s]
16033it [00:03, 9411.76it/s]
16977it [00:03, 6943.29it/s]
17902it [00:03, 7490.74it/s]
18880it [00:03, 7993.84it/s]
19840it [00:03, 8381.21it/s]
20800it [00:03, 8668.87it/s]
21760it [00:04, 8837.77it/s]
22671it [00:04, 8885.99it/s]
23619it [00:04, 9056.10it/s]
24576it [00:04, 9148.89it/s]
25536it [00:04, 9214.24it/s]
26560it [00:04, 9474.41it/s]
27520it [00:04, 9425.14it/s]
28467it [00:04, 9123.25it/s]
29384it [00:04, 9046.71it/s]
30336it [00:04, 9104.24it/s]
31296it [00:05, 9132.74it/s]
32211it [00:05, 8006.64it/s]
33088it [00:05, 8107.92it/s]
34048it [00:05, 8462.37it/s]
35014it [00:05, 8797.35it/s]
36027it [00:05, 9177.71it/s]
36956it [00:05, 9181.56it/s]
37882it [00:05, 8757.73it/s]
38790it [00:05, 8849.15it/s]
39687it [00:06, 8883.94it/s]
40640it [00:06, 8983.26it/s]
41600it [00:06, 9073.58it/s]
42560it [00:06, 9106.04it/s]
43473it [00:06, 9104.68it/s]
44385it [00:06, 8961.84it/s]
45312it [00:06, 8914.34it/s]
46205it [00:06, 8582.91it/s]
47066it [00:06, 8555.56it/s]
47924it [00:07, 8321.22it/s]
48758it [00:07, 7884.40it/s]
49664it [00:07, 8158.23it/s]
50560it [00:07, 8272.30it/s]
51520it [00:07, 8557.80it/s]
52480it [00:07, 8741.68it/s]
53357it [00:07, 8738.62it/s]
54233it [00:07, 8600.79it/s]
55104it [00:07, 8568.46it/s]
56064it [00:07, 8737.06it/s]
57024it [00:08, 8872.69it/s]
57983it [00:08, 9080.54it/s]
58892it [00:08, 8840.03it/s]
59815it [00:08, 8952.93it/s]
60712it [00:08, 6852.06it/s]
61568it [00:08, 7203.77it/s]
62445it [00:08, 7603.48it/s]
63254it [00:08, 7692.66it/s]
64128it [00:08, 7940.63it/s]
64960it [00:09, 8009.42it/s]
65856it [00:09, 8153.14it/s]
66688it [00:09, 8163.29it/s]
67584it [00:09, 8329.99it/s]
68480it [00:09, 8405.52it/s]
69326it [00:09, 8297.06it/s]
70160it [00:09, 8150.45it/s]
70978it [00:09, 8103.75it/s]
71865it [00:09, 8326.09it/s]
72700it [00:10, 8164.60it/s]
73519it [00:10, 8010.52it/s]
74360it [00:10, 8125.82it/s]
75175it [00:10, 8065.29it/s]
75983it [00:10, 5588.58it/s]
76645it [00:10, 5710.71it/s]
77504it [00:10, 6334.72it/s]
78400it [00:10, 6935.15it/s]
79360it [00:10, 7557.99it/s]
80256it [00:11, 7935.55it/s]
81147it [00:11, 8207.39it/s]
82002it [00:11, 8304.81it/s]
82880it [00:11, 8414.56it/s]
83776it [00:11, 8561.81it/s]
84672it [00:11, 8657.98it/s]
85581it [00:11, 8784.89it/s]
86465it [00:11, 8768.46it/s]
87424it [00:11, 8924.13it/s]
88384it [00:12, 9000.35it/s]
89344it [00:12, 9172.51it/s]
90263it [00:12, 5766.07it/s]
91200it [00:12, 6453.95it/s]
92103it [00:12, 7042.83it/s]
92997it [00:12, 7509.55it/s]
93888it [00:12, 7852.27it/s]
94848it [00:12, 8254.19it/s]
95744it [00:13, 8404.46it/s]
96640it [00:13, 8552.12it/s]
97536it [00:13, 8575.80it/s]
98433it [00:13, 8688.28it/s]
99328it [00:13, 8745.64it/s]
100000it [00:13, 7405.77it/s]
Upload time: 13.900436841882765
Total import time: 43.730761006940156
Experiment stage: Search

0it [00:00, ?it/s]
4it [00:00,  5.15it/s]
14it [00:00, 17.73it/s]
52it [00:01, 77.55it/s]
148it [00:01, 245.95it/s]
247it [00:01, 401.14it/s]
342it [00:01, 528.46it/s]
421it [00:01, 565.44it/s]
494it [00:01, 594.22it/s]
565it [00:01, 586.48it/s]
663it [00:01, 688.14it/s]
755it [00:01, 748.97it/s]
852it [00:02, 809.86it/s]
945it [00:02, 843.18it/s]
1034it [00:02, 854.83it/s]
1125it [00:02, 869.63it/s]
1215it [00:02, 870.91it/s]
1304it [00:02, 836.04it/s]
1393it [00:02, 849.15it/s]
1479it [00:02, 771.33it/s]
1574it [00:02, 819.57it/s]
1674it [00:02, 869.19it/s]
1763it [00:03, 871.83it/s]
1852it [00:03, 859.63it/s]
1944it [00:03, 875.48it/s]
2039it [00:03, 880.61it/s]
2128it [00:03, 872.52it/s]
2221it [00:03, 886.78it/s]
2320it [00:03, 915.68it/s]
2414it [00:03, 917.70it/s]
2506it [00:03, 910.83it/s]
2598it [00:04, 908.08it/s]
2689it [00:04, 892.02it/s]
2784it [00:04, 908.28it/s]
2880it [00:04, 922.51it/s]
2973it [00:04, 921.48it/s]
3073it [00:04, 941.40it/s]
3168it [00:04, 941.34it/s]
3263it [00:04, 934.14it/s]
3358it [00:04, 937.67it/s]
3452it [00:04, 927.47it/s]
3545it [00:05, 920.05it/s]
3638it [00:05, 919.98it/s]
3732it [00:05, 921.33it/s]
3828it [00:05, 930.79it/s]
3922it [00:05, 879.47it/s]
4023it [00:05, 916.16it/s]
4116it [00:05, 899.15it/s]
4211it [00:05, 913.45it/s]
4303it [00:05, 876.31it/s]
4392it [00:05, 850.83it/s]
4478it [00:06, 841.89it/s]
4563it [00:06, 837.63it/s]
4648it [00:06, 839.12it/s]
4733it [00:06, 806.74it/s]
4829it [00:06, 848.50it/s]
4915it [00:06, 842.32it/s]
5006it [00:06, 859.32it/s]
5093it [00:06, 845.50it/s]
5178it [00:06, 827.08it/s]
5261it [00:07, 755.00it/s]
5338it [00:07, 754.97it/s]
5419it [00:07, 768.04it/s]
5511it [00:07, 810.48it/s]
5608it [00:07, 856.26it/s]
5697it [00:07, 864.19it/s]
5793it [00:07, 889.43it/s]
5890it [00:07, 910.84it/s]
5982it [00:07, 876.63it/s]
6077it [00:07, 896.63it/s]
6168it [00:08, 893.98it/s]
6258it [00:08, 890.51it/s]
6350it [00:08, 897.94it/s]
6446it [00:08, 915.38it/s]
6542it [00:08, 927.61it/s]
6635it [00:08, 923.15it/s]
6728it [00:08, 905.69it/s]
6819it [00:08, 897.68it/s]
6909it [00:08, 889.37it/s]
6998it [00:09, 870.38it/s]
7086it [00:09, 822.60it/s]
7181it [00:09, 857.51it/s]
7268it [00:09, 850.35it/s]
7364it [00:09, 880.34it/s]
7453it [00:09, 869.92it/s]
7544it [00:09, 878.69it/s]
7637it [00:09, 893.37it/s]
7727it [00:09, 883.48it/s]
7816it [00:09, 873.42it/s]
7906it [00:10, 880.13it/s]
7995it [00:10, 866.14it/s]
8082it [00:10, 865.40it/s]
8173it [00:10, 878.03it/s]
8261it [00:10, 871.28it/s]
8349it [00:10, 801.71it/s]
8442it [00:10, 834.02it/s]
8531it [00:10, 849.72it/s]
8619it [00:10, 857.51it/s]
8709it [00:10, 867.60it/s]
8799it [00:11, 874.90it/s]
8887it [00:11, 871.75it/s]
8980it [00:11, 888.78it/s]
9070it [00:11, 892.01it/s]
9160it [00:11, 849.93it/s]
9246it [00:11, 829.17it/s]
9332it [00:11, 837.62it/s]
9418it [00:11, 843.03it/s]
9503it [00:11, 820.05it/s]
9586it [00:12, 799.28it/s]
9674it [00:12, 822.15it/s]
9769it [00:12, 858.86it/s]
9857it [00:12, 863.77it/s]
9944it [00:12, 844.47it/s]
10000it [00:12, 798.88it/s]
Experiment stage: Done
Results saved to:  /home/dzh/project/vdtuner/vector-db-benchmark-master/results
>>> [Step 5] 收尾工作...
    监控日志已保存。
📊 测试结果摘要:
0.3984
792.6924501926061
0.003933867113664746
line1:  0.003933867113664746
line1:  792.6924501926061
line1:  0.3984
numeric_values:  [0.003933867113664746, 792.6924501926061, 0.3984]
[39] 3355 0.3984 0.003933867113664746 89
/bin/sh: 1: Syntax error: "(" unexpected
/data/dzh/venv/lib/python3.10/site-packages/botorch/acquisition/multi_objective/monte_carlo.py:110: NumericsWarning: qExpectedHypervolumeImprovement has known numerical issues that lead to suboptimal optimization performance. It is strongly recommended to simply replace

	 qExpectedHypervolumeImprovement 	 --> 	 qLogExpectedHypervolumeImprovement 

instead, which fixes the issues and has the same API. See https://arxiv.org/abs/2310.20708 for details.
  legacy_ei_numerics_warning(legacy_name=type(self).__name__)
--- DEBUG: Starting command:---
=======================================
🛠️  开始测试流程
Engine: milvus-p10 | Dataset: random-geo-radius-2048-angular-no-filters
=======================================
>>> [Step 1] 启动后台监控...
    监控进程 PID: 522843
>>> [Step 2] 重置 Milvus...
 Container milvus-standalone  Stopping
 Container milvus-standalone  Stopped
 Container milvus-standalone  Removing
 Container milvus-standalone  Removed
 Container milvus-minio  Stopping
 Container milvus-etcd  Stopping
 Container milvus-etcd  Stopped
 Container milvus-etcd  Removing
 Container milvus-etcd  Removed
 Container milvus-minio  Stopped
 Container milvus-minio  Removing
 Container milvus-minio  Removed
 Network milvus  Removing
 Network milvus  Removed
    🧹 清理宿主机数据目录: /home/dzh/project/vdtuner/vector-db-benchmark-master/engine/servers/milvus-single-node/volumes
 Network milvus  Creating
 Network milvus  Created
 Container milvus-minio  Creating
 Container milvus-etcd  Creating
 Container milvus-etcd  Created
 Container milvus-minio  Created
 Container milvus-standalone  Creating
 Container milvus-standalone  Created
 Container milvus-etcd  Starting
 Container milvus-minio  Starting
 Container milvus-etcd  Started
 Container milvus-minio  Started
 Container milvus-standalone  Starting
 Container milvus-standalone  Started
>>> [Step 3] 等待服务启动 (90s)...
    等待中... (10s/120s)
    ✅ Milvus 服务已就绪
>>> [Step 4] 运行 Benchmark...
Running experiment: milvus-p10 - random-geo-radius-2048-angular-no-filters
established connection
/home/dzh/project/vdtuner/vector-db-benchmark-master/datasets/random-geo-radius-2048-angular/random_geo_100k_no_filters already exists
Experiment stage: Configure
Experiment stage: Upload

0it [00:00, ?it/s]
1it [00:02,  2.10s/it]
768it [00:02, 486.72it/s]
1194it [00:02, 771.40it/s]
1560it [00:02, 994.60it/s]
2022it [00:02, 1430.22it/s]
2384it [00:02, 1488.20it/s]
2816it [00:02, 1905.44it/s]
3584it [00:03, 2914.07it/s]
4672it [00:03, 4483.81it/s]
5696it [00:03, 5749.81it/s]
6656it [00:03, 6644.82it/s]
7667it [00:03, 7526.31it/s]
8640it [00:03, 8089.61it/s]
9600it [00:03, 8456.97it/s]
10624it [00:03, 8927.77it/s]
11568it [00:03, 8997.43it/s]
12544it [00:03, 9145.35it/s]
13568it [00:04, 9451.82it/s]
14556it [00:04, 9575.71it/s]
15552it [00:04, 9680.33it/s]
16530it [00:04, 9682.30it/s]
17505it [00:04, 7331.09it/s]
18401it [00:04, 7725.81it/s]
19361it [00:04, 8202.30it/s]
20288it [00:04, 8458.00it/s]
21248it [00:04, 8716.36it/s]
22272it [00:05, 9006.15it/s]
23196it [00:05, 9043.30it/s]
24128it [00:05, 9069.87it/s]
25089it [00:05, 9224.75it/s]
26048it [00:05, 9229.16it/s]
26977it [00:05, 9224.17it/s]
27968it [00:05, 9423.70it/s]
28928it [00:05, 9423.67it/s]
29873it [00:05, 9352.08it/s]
30810it [00:06, 9264.17it/s]
31738it [00:06, 9014.83it/s]
32642it [00:06, 8462.54it/s]
33604it [00:06, 8786.27it/s]
34560it [00:06, 8932.69it/s]
35520it [00:06, 9076.46it/s]
36480it [00:06, 9188.77it/s]
37440it [00:06, 9276.85it/s]
38400it [00:06, 9299.80it/s]
39332it [00:06, 9279.76it/s]
40262it [00:07, 9194.42it/s]
41183it [00:07, 9148.55it/s]
42099it [00:07, 9071.58it/s]
43007it [00:07, 8819.84it/s]
43919it [00:07, 8906.79it/s]
44864it [00:07, 9003.18it/s]
45882it [00:07, 9348.19it/s]
46819it [00:07, 5959.75it/s]
47680it [00:08, 6508.61it/s]
48640it [00:08, 7162.67it/s]
49536it [00:08, 7584.37it/s]
50436it [00:08, 7952.82it/s]
51328it [00:08, 8189.03it/s]
52224it [00:08, 8347.79it/s]
53120it [00:08, 8456.01it/s]
53990it [00:08, 8400.24it/s]
54848it [00:08, 8374.35it/s]
55787it [00:08, 8667.43it/s]
56664it [00:09, 8626.84it/s]
57600it [00:09, 8774.56it/s]
58483it [00:09, 8765.54it/s]
59363it [00:09, 8398.44it/s]
60208it [00:09, 8172.47it/s]
61030it [00:09, 8002.62it/s]
61834it [00:09, 6658.85it/s]
62720it [00:09, 7145.39it/s]
63680it [00:10, 7665.50it/s]
64640it [00:10, 8129.60it/s]
65477it [00:10, 8069.12it/s]
66301it [00:10, 8111.25it/s]
67124it [00:10, 8098.78it/s]
67943it [00:10, 8026.86it/s]
68752it [00:10, 7728.67it/s]
69563it [00:10, 7831.10it/s]
70351it [00:10, 7711.04it/s]
71126it [00:10, 7675.60it/s]
71896it [00:11, 7665.69it/s]
72665it [00:11, 7636.03it/s]
73472it [00:11, 7693.66it/s]
74243it [00:11, 7664.87it/s]
75136it [00:11, 7963.70it/s]
75933it [00:11, 5373.66it/s]
76760it [00:11, 6013.43it/s]
77587it [00:11, 6554.67it/s]
78528it [00:12, 7282.31it/s]
79424it [00:12, 7700.40it/s]
80256it [00:12, 7837.54it/s]
81100it [00:12, 8006.81it/s]
82029it [00:12, 8374.50it/s]
82944it [00:12, 8522.00it/s]
83840it [00:12, 8540.45it/s]
84736it [00:12, 8550.25it/s]
85632it [00:12, 8644.60it/s]
86528it [00:12, 8614.50it/s]
87424it [00:13, 8610.38it/s]
88320it [00:13, 8700.62it/s]
89216it [00:13, 8748.41it/s]
90176it [00:13, 8917.95it/s]
91072it [00:13, 5573.44it/s]
91786it [00:13, 5667.69it/s]
92544it [00:13, 6037.17it/s]
93370it [00:13, 6568.36it/s]
94103it [00:14, 6589.12it/s]
94912it [00:14, 6935.62it/s]
95744it [00:14, 7234.88it/s]
96677it [00:14, 7814.28it/s]
97536it [00:14, 8009.45it/s]
98368it [00:14, 8015.18it/s]
99184it [00:14, 8041.42it/s]
99998it [00:14, 7842.87it/s]
100000it [00:14, 6753.36it/s]
Upload time: 15.394103266764432
Total import time: 45.81968246400356
Experiment stage: Search

0it [00:00, ?it/s]
4it [00:00,  5.28it/s]
14it [00:00, 18.88it/s]
30it [00:01, 43.19it/s]
79it [00:01, 131.74it/s]
151it [00:01, 260.92it/s]
235it [00:01, 398.60it/s]
319it [00:01, 509.74it/s]
401it [00:01, 590.54it/s]
476it [00:01, 634.02it/s]
553it [00:01, 668.96it/s]
635it [00:01, 711.66it/s]
721it [00:01, 747.87it/s]
803it [00:02, 767.01it/s]
884it [00:02, 770.49it/s]
975it [00:02, 808.44it/s]
1064it [00:02, 830.94it/s]
1150it [00:02, 837.24it/s]
1243it [00:02, 864.32it/s]
1332it [00:02, 870.97it/s]
1420it [00:02, 855.25it/s]
1507it [00:02, 857.84it/s]
1593it [00:02, 830.82it/s]
1686it [00:03, 858.92it/s]
1775it [00:03, 866.13it/s]
1864it [00:03, 872.28it/s]
1956it [00:03, 885.52it/s]
2045it [00:03, 878.10it/s]
2133it [00:03, 850.85it/s]
2219it [00:03, 849.33it/s]
2305it [00:03, 834.70it/s]
2395it [00:03, 853.41it/s]
2482it [00:03, 857.65it/s]
2568it [00:04, 849.68it/s]
2656it [00:04, 855.51it/s]
2742it [00:04, 847.02it/s]
2827it [00:04, 833.43it/s]
2913it [00:04, 839.71it/s]
2998it [00:04, 833.19it/s]
3089it [00:04, 854.60it/s]
3180it [00:04, 870.55it/s]
3268it [00:04, 855.40it/s]
3354it [00:04, 855.75it/s]
3452it [00:05, 887.87it/s]
3541it [00:05, 873.61it/s]
3629it [00:05, 843.50it/s]
3714it [00:05, 808.74it/s]
3799it [00:05, 819.64it/s]
3882it [00:05, 786.89it/s]
3962it [00:05, 787.28it/s]
4042it [00:05, 785.41it/s]
4126it [00:05, 799.05it/s]
4207it [00:06, 800.64it/s]
4288it [00:06, 754.68it/s]
4365it [00:06, 749.92it/s]
4454it [00:06, 784.47it/s]
4547it [00:06, 824.76it/s]
4630it [00:06, 808.78it/s]
4721it [00:06, 837.63it/s]
4808it [00:06, 844.73it/s]
4898it [00:06, 859.15it/s]
5002it [00:06, 911.49it/s]
5094it [00:07, 911.29it/s]
5186it [00:07, 868.86it/s]
5274it [00:07, 867.89it/s]
5362it [00:07, 820.25it/s]
5453it [00:07, 843.36it/s]
5548it [00:07, 871.83it/s]
5637it [00:07, 877.08it/s]
5726it [00:07, 867.07it/s]
5817it [00:07, 876.93it/s]
5905it [00:08, 873.41it/s]
6000it [00:08, 893.45it/s]
6090it [00:08, 873.08it/s]
6184it [00:08, 890.93it/s]
6281it [00:08, 909.71it/s]
6383it [00:08, 940.78it/s]
6478it [00:08, 935.41it/s]
6573it [00:08, 937.29it/s]
6667it [00:08, 898.25it/s]
6758it [00:08, 887.75it/s]
6848it [00:09, 886.03it/s]
6937it [00:09, 799.40it/s]
7019it [00:09, 797.62it/s]
7100it [00:09, 781.32it/s]
7180it [00:09, 786.18it/s]
7268it [00:09, 811.31it/s]
7352it [00:09, 818.45it/s]
7436it [00:09, 811.76it/s]
7522it [00:09, 825.10it/s]
7605it [00:10, 809.50it/s]
7687it [00:10, 707.36it/s]
7775it [00:10, 752.43it/s]
7871it [00:10, 808.71it/s]
7966it [00:10, 843.97it/s]
8053it [00:10, 838.98it/s]
8150it [00:10, 876.52it/s]
8245it [00:10, 895.70it/s]
8336it [00:10, 896.12it/s]
8427it [00:11, 864.45it/s]
8515it [00:11, 860.47it/s]
8602it [00:11, 858.78it/s]
8689it [00:11, 856.14it/s]
8775it [00:11, 839.12it/s]
8860it [00:11, 837.62it/s]
8944it [00:11, 823.35it/s]
9027it [00:11, 760.81it/s]
9104it [00:11, 760.35it/s]
9194it [00:11, 799.48it/s]
9278it [00:12, 808.18it/s]
9362it [00:12, 814.52it/s]
9444it [00:12, 815.62it/s]
9526it [00:12, 790.04it/s]
9609it [00:12, 799.24it/s]
9695it [00:12, 816.34it/s]
9777it [00:12, 794.05it/s]
9857it [00:12, 785.86it/s]
9944it [00:12, 809.39it/s]
10000it [00:12, 770.84it/s]
Experiment stage: Done
Results saved to:  /home/dzh/project/vdtuner/vector-db-benchmark-master/results
>>> [Step 5] 收尾工作...
    监控日志已保存。
📊 测试结果摘要:
0.38833
765.9280987745921
0.003925302671268582
line1:  0.003925302671268582
line1:  765.9280987745921
line1:  0.38833
numeric_values:  [0.003925302671268582, 765.9280987745921, 0.38833]
[40] 3447 0.38833 0.003925302671268582 91
/bin/sh: 1: Syntax error: "(" unexpected
/data/dzh/venv/lib/python3.10/site-packages/botorch/acquisition/multi_objective/monte_carlo.py:110: NumericsWarning: qExpectedHypervolumeImprovement has known numerical issues that lead to suboptimal optimization performance. It is strongly recommended to simply replace

	 qExpectedHypervolumeImprovement 	 --> 	 qLogExpectedHypervolumeImprovement 

instead, which fixes the issues and has the same API. See https://arxiv.org/abs/2310.20708 for details.
  legacy_ei_numerics_warning(legacy_name=type(self).__name__)
--- DEBUG: Starting command:---
=======================================
🛠️  开始测试流程
Engine: milvus-p10 | Dataset: random-geo-radius-2048-angular-no-filters
=======================================
>>> [Step 1] 启动后台监控...
    监控进程 PID: 542940
>>> [Step 2] 重置 Milvus...
 Container milvus-standalone  Stopping
 Container milvus-standalone  Stopped
 Container milvus-standalone  Removing
 Container milvus-standalone  Removed
 Container milvus-minio  Stopping
 Container milvus-etcd  Stopping
 Container milvus-etcd  Stopped
 Container milvus-etcd  Removing
 Container milvus-etcd  Removed
 Container milvus-minio  Stopped
 Container milvus-minio  Removing
 Container milvus-minio  Removed
 Network milvus  Removing
 Network milvus  Removed
    🧹 清理宿主机数据目录: /home/dzh/project/vdtuner/vector-db-benchmark-master/engine/servers/milvus-single-node/volumes
 Network milvus  Creating
 Network milvus  Created
 Container milvus-etcd  Creating
 Container milvus-minio  Creating
 Container milvus-etcd  Created
 Container milvus-minio  Created
 Container milvus-standalone  Creating
 Container milvus-standalone  Created
 Container milvus-etcd  Starting
 Container milvus-minio  Starting
 Container milvus-etcd  Started
 Container milvus-minio  Started
 Container milvus-standalone  Starting
 Container milvus-standalone  Started
>>> [Step 3] 等待服务启动 (90s)...
    等待中... (10s/120s)
    ✅ Milvus 服务已就绪
>>> [Step 4] 运行 Benchmark...
Running experiment: milvus-p10 - random-geo-radius-2048-angular-no-filters
established connection
/home/dzh/project/vdtuner/vector-db-benchmark-master/datasets/random-geo-radius-2048-angular/random_geo_100k_no_filters already exists
Experiment stage: Configure
Experiment stage: Upload

0it [00:00, ?it/s]
1it [00:00,  1.60it/s]
64it [00:00, 86.10it/s]
366it [00:01, 560.92it/s]
576it [00:01, 836.10it/s]
1068it [00:01, 1682.77it/s]
1348it [00:01, 1666.43it/s]
1728it [00:01, 2064.73it/s]
2092it [00:01, 2431.25it/s]
2560it [00:01, 2918.01it/s]
2899it [00:01, 2862.44it/s]
3328it [00:01, 3051.28it/s]
3968it [00:02, 3880.60it/s]
4992it [00:02, 5558.55it/s]
5952it [00:02, 6638.81it/s]
6976it [00:02, 7552.82it/s]
8000it [00:02, 8193.72it/s]
8960it [00:02, 8543.10it/s]
9984it [00:02, 9003.49it/s]
10898it [00:02, 8976.28it/s]
11840it [00:02, 9060.15it/s]
12800it [00:03, 9201.79it/s]
13824it [00:03, 9440.92it/s]
14772it [00:03, 9402.90it/s]
15715it [00:03, 9247.35it/s]
16704it [00:03, 9309.11it/s]
17637it [00:03, 7907.65it/s]
18560it [00:03, 8248.22it/s]
19520it [00:03, 8522.19it/s]
20511it [00:03, 8906.97it/s]
21440it [00:03, 8954.67it/s]
22400it [00:04, 9082.52it/s]
23360it [00:04, 9190.03it/s]
24320it [00:04, 9182.91it/s]
25245it [00:04, 9201.87it/s]
26233it [00:04, 9400.92it/s]
27200it [00:04, 9377.45it/s]
28140it [00:04, 9344.26it/s]
29076it [00:04, 9155.69it/s]
29994it [00:04, 9145.25it/s]
30912it [00:05, 9134.00it/s]
31936it [00:05, 9331.68it/s]
32870it [00:05, 6042.34it/s]
33792it [00:05, 6652.62it/s]
34788it [00:05, 7419.85it/s]
35648it [00:05, 7647.01it/s]
36544it [00:05, 7984.32it/s]
37504it [00:05, 8381.48it/s]
38464it [00:06, 8639.22it/s]
39371it [00:06, 8760.68it/s]
40272it [00:06, 8579.04it/s]
41216it [00:06, 8680.41it/s]
42097it [00:06, 8713.01it/s]
42978it [00:06, 8605.08it/s]
43845it [00:06, 8598.58it/s]
44710it [00:06, 8387.11it/s]
45568it [00:06, 8351.49it/s]
46406it [00:06, 8342.25it/s]
47360it [00:07, 8600.25it/s]
48222it [00:07, 5946.18it/s]
49152it [00:07, 6659.84it/s]
50176it [00:07, 7452.06it/s]
51136it [00:07, 7948.10it/s]
52096it [00:07, 8285.31it/s]
53014it [00:07, 8529.02it/s]
53952it [00:07, 8746.09it/s]
54912it [00:08, 8863.11it/s]
55819it [00:08, 8737.53it/s]
56707it [00:08, 8738.33it/s]
57706it [00:08, 9099.95it/s]
58627it [00:08, 9131.73it/s]
59546it [00:08, 9018.97it/s]
60453it [00:08, 8942.41it/s]
61351it [00:08, 8767.13it/s]
62231it [00:08, 8607.56it/s]
63121it [00:08, 8691.95it/s]
63992it [00:09, 7865.07it/s]
64896it [00:09, 8089.96it/s]
65856it [00:09, 8397.26it/s]
66706it [00:09, 8425.43it/s]
67584it [00:09, 8417.17it/s]
68431it [00:09, 8337.20it/s]
69268it [00:09, 8289.97it/s]
70100it [00:09, 7649.34it/s]
70876it [00:09, 7457.50it/s]
71629it [00:10, 6783.21it/s]
72321it [00:10, 6662.91it/s]
73088it [00:10, 6891.61it/s]
73786it [00:10, 6822.62it/s]
74640it [00:10, 7304.30it/s]
75520it [00:10, 7705.97it/s]
76416it [00:10, 8025.31it/s]
77312it [00:10, 8266.88it/s]
78246it [00:10, 8580.87it/s]
79108it [00:11, 5295.92it/s]
80041it [00:11, 6127.94it/s]
80896it [00:11, 6669.62it/s]
81792it [00:11, 7189.11it/s]
82688it [00:11, 7583.49it/s]
83584it [00:11, 7928.76it/s]
84489it [00:11, 8238.04it/s]
85376it [00:11, 8381.58it/s]
86244it [00:12, 8461.04it/s]
87168it [00:12, 8616.70it/s]
88064it [00:12, 8649.04it/s]
88960it [00:12, 8715.19it/s]
89839it [00:12, 8718.40it/s]
90729it [00:12, 8771.61it/s]
91610it [00:12, 8719.53it/s]
92532it [00:12, 8867.64it/s]
93421it [00:12, 6133.78it/s]
94150it [00:13, 6374.90it/s]
94912it [00:13, 6673.02it/s]
95836it [00:13, 7336.21it/s]
96640it [00:13, 7441.81it/s]
97472it [00:13, 7634.91it/s]
98267it [00:13, 7518.82it/s]
99041it [00:13, 7568.21it/s]
99814it [00:13, 7558.35it/s]
100000it [00:13, 7221.36it/s]
Upload time: 14.39758246857673
Total import time: 45.02578657865524
Experiment stage: Search

0it [00:00, ?it/s]
4it [00:00,  5.20it/s]
14it [00:00, 19.39it/s]
37it [00:00, 56.63it/s]
126it [00:01, 224.70it/s]
217it [00:01, 376.97it/s]
303it [00:01, 493.09it/s]
383it [00:01, 570.14it/s]
470it [00:01, 649.72it/s]
564it [00:01, 729.76it/s]
647it [00:01, 755.34it/s]
740it [00:01, 804.80it/s]
826it [00:01, 796.79it/s]
914it [00:02, 820.18it/s]
1005it [00:02, 844.70it/s]
1099it [00:02, 870.20it/s]
1188it [00:02, 868.57it/s]
1286it [00:02, 901.12it/s]
1378it [00:02, 904.59it/s]
1472it [00:02, 914.43it/s]
1565it [00:02, 917.92it/s]
1658it [00:02, 888.36it/s]
1748it [00:02, 835.28it/s]
1833it [00:03, 834.45it/s]
1920it [00:03, 842.51it/s]
2005it [00:03, 770.61it/s]
2092it [00:03, 797.42it/s]
2186it [00:03, 834.91it/s]
2274it [00:03, 846.32it/s]
2365it [00:03, 863.35it/s]
2452it [00:03, 853.56it/s]
2538it [00:03, 831.29it/s]
2622it [00:04, 808.54it/s]
2714it [00:04, 840.18it/s]
2799it [00:04, 817.69it/s]
2882it [00:04, 793.83it/s]
2962it [00:04, 779.86it/s]
3041it [00:04, 773.72it/s]
3131it [00:04, 807.81it/s]
3221it [00:04, 834.32it/s]
3316it [00:04, 862.42it/s]
3411it [00:04, 884.95it/s]
3502it [00:05, 890.20it/s]
3598it [00:05, 910.10it/s]
3690it [00:05, 912.18it/s]
3782it [00:05, 893.28it/s]
3873it [00:05, 896.49it/s]
3963it [00:05, 890.96it/s]
4064it [00:05, 924.91it/s]
4159it [00:05, 930.13it/s]
4253it [00:05, 932.19it/s]
4348it [00:05, 935.19it/s]
4447it [00:06, 950.45it/s]
4543it [00:06, 945.81it/s]
4638it [00:06, 919.65it/s]
4731it [00:06, 897.21it/s]
4821it [00:06, 878.09it/s]
4909it [00:06, 864.80it/s]
4996it [00:06, 865.72it/s]
5084it [00:06, 869.33it/s]
5179it [00:06, 892.88it/s]
5270it [00:07, 897.08it/s]
5360it [00:07, 838.37it/s]
5452it [00:07, 861.42it/s]
5551it [00:07, 896.97it/s]
5649it [00:07, 918.85it/s]
5742it [00:07, 902.14it/s]
5843it [00:07, 932.28it/s]
5943it [00:07, 949.59it/s]
6039it [00:07, 950.64it/s]
6135it [00:07, 926.38it/s]
6228it [00:08, 921.00it/s]
6324it [00:08, 930.77it/s]
6419it [00:08, 933.88it/s]
6513it [00:08, 933.85it/s]
6607it [00:08, 834.97it/s]
6693it [00:08, 818.54it/s]
6790it [00:08, 859.62it/s]
6878it [00:08, 841.18it/s]
6964it [00:08, 836.13it/s]
7049it [00:09, 812.87it/s]
7140it [00:09, 839.78it/s]
7232it [00:09, 862.64it/s]
7319it [00:09, 852.60it/s]
7409it [00:09, 865.29it/s]
7502it [00:09, 883.97it/s]
7600it [00:09, 911.88it/s]
7692it [00:09, 874.27it/s]
7780it [00:09, 863.98it/s]
7867it [00:09, 835.41it/s]
7951it [00:10, 806.40it/s]
8032it [00:10, 785.44it/s]
8111it [00:10, 768.32it/s]
8188it [00:10, 744.53it/s]
8278it [00:10, 787.11it/s]
8371it [00:10, 825.33it/s]
8456it [00:10, 830.82it/s]
8540it [00:10, 829.78it/s]
8624it [00:10, 824.25it/s]
8718it [00:11, 855.04it/s]
8816it [00:11, 891.19it/s]
8906it [00:11, 893.44it/s]
8996it [00:11, 890.46it/s]
9086it [00:11, 866.08it/s]
9174it [00:11, 863.82it/s]
9261it [00:11, 788.20it/s]
9353it [00:11, 824.08it/s]
9437it [00:11, 818.52it/s]
9523it [00:11, 828.02it/s]
9611it [00:12, 842.57it/s]
9699it [00:12, 853.13it/s]
9785it [00:12, 829.40it/s]
9877it [00:12, 853.05it/s]
9963it [00:12, 835.35it/s]
10000it [00:12, 797.26it/s]
Experiment stage: Done
Results saved to:  /home/dzh/project/vdtuner/vector-db-benchmark-master/results
>>> [Step 5] 收尾工作...
    监控日志已保存。
📊 测试结果摘要:
0.39739
791.6635709405447
0.0037600729148834938
line1:  0.0037600729148834938
line1:  791.6635709405447
line1:  0.39739
numeric_values:  [0.0037600729148834938, 791.6635709405447, 0.39739]
[41] 3538 0.39739 0.0037600729148834938 91
/bin/sh: 1: Syntax error: "(" unexpected
/data/dzh/venv/lib/python3.10/site-packages/botorch/acquisition/multi_objective/monte_carlo.py:110: NumericsWarning: qExpectedHypervolumeImprovement has known numerical issues that lead to suboptimal optimization performance. It is strongly recommended to simply replace

	 qExpectedHypervolumeImprovement 	 --> 	 qLogExpectedHypervolumeImprovement 

instead, which fixes the issues and has the same API. See https://arxiv.org/abs/2310.20708 for details.
  legacy_ei_numerics_warning(legacy_name=type(self).__name__)
--- DEBUG: Starting command:---
=======================================
🛠️  开始测试流程
Engine: milvus-p10 | Dataset: random-geo-radius-2048-angular-no-filters
=======================================
>>> [Step 1] 启动后台监控...
    监控进程 PID: 561688
>>> [Step 2] 重置 Milvus...
 Container milvus-standalone  Stopping
 Container milvus-standalone  Stopped
 Container milvus-standalone  Removing
 Container milvus-standalone  Removed
 Container milvus-minio  Stopping
 Container milvus-etcd  Stopping
 Container milvus-etcd  Stopped
 Container milvus-etcd  Removing
 Container milvus-etcd  Removed
 Container milvus-minio  Stopped
 Container milvus-minio  Removing
 Container milvus-minio  Removed
 Network milvus  Removing
 Network milvus  Removed
    🧹 清理宿主机数据目录: /home/dzh/project/vdtuner/vector-db-benchmark-master/engine/servers/milvus-single-node/volumes
 Network milvus  Creating
 Network milvus  Created
 Container milvus-etcd  Creating
 Container milvus-minio  Creating
 Container milvus-etcd  Created
 Container milvus-minio  Created
 Container milvus-standalone  Creating
 Container milvus-standalone  Created
 Container milvus-etcd  Starting
 Container milvus-minio  Starting
 Container milvus-minio  Started
 Container milvus-etcd  Started
 Container milvus-standalone  Starting
 Container milvus-standalone  Started
>>> [Step 3] 等待服务启动 (90s)...
    等待中... (10s/120s)
    ✅ Milvus 服务已就绪
>>> [Step 4] 运行 Benchmark...
Running experiment: milvus-p10 - random-geo-radius-2048-angular-no-filters
established connection
/home/dzh/project/vdtuner/vector-db-benchmark-master/datasets/random-geo-radius-2048-angular/random_geo_100k_no_filters already exists
Experiment stage: Configure
Experiment stage: Upload

0it [00:00, ?it/s]
1it [00:01,  1.74s/it]
832it [00:01, 624.29it/s]
1251it [00:02, 875.24it/s]
1600it [00:02, 1149.30it/s]
1915it [00:02, 1396.55it/s]
2218it [00:02, 1521.59it/s]
2496it [00:02, 1737.58it/s]
2892it [00:02, 2177.83it/s]
3520it [00:02, 3058.94it/s]
4544it [00:02, 4732.63it/s]
5583it [00:02, 6160.62it/s]
6592it [00:03, 7193.29it/s]
7616it [00:03, 7949.56it/s]
8640it [00:03, 8503.83it/s]
9664it [00:03, 8973.11it/s]
10688it [00:03, 9225.74it/s]
11712it [00:03, 9417.18it/s]
12736it [00:03, 9542.28it/s]
13704it [00:03, 9356.48it/s]
14720it [00:03, 9520.98it/s]
15744it [00:03, 9665.19it/s]
16768it [00:04, 9719.02it/s]
17744it [00:04, 6111.80it/s]
18524it [00:04, 6450.23it/s]
19392it [00:04, 6922.10it/s]
20379it [00:04, 7643.90it/s]
21376it [00:04, 8208.95it/s]
22269it [00:04, 8363.64it/s]
23168it [00:05, 8432.42it/s]
24192it [00:05, 8934.66it/s]
25152it [00:05, 9080.33it/s]
26176it [00:05, 9310.67it/s]
27122it [00:05, 9342.68it/s]
28089it [00:05, 9437.23it/s]
29056it [00:05, 9397.87it/s]
30080it [00:05, 9578.96it/s]
31042it [00:05, 9421.42it/s]
31988it [00:05, 8184.70it/s]
32960it [00:06, 8472.07it/s]
33984it [00:06, 8875.56it/s]
34944it [00:06, 9037.67it/s]
35904it [00:06, 9118.05it/s]
36864it [00:06, 9198.22it/s]
37792it [00:06, 9155.29it/s]
38720it [00:06, 9128.58it/s]
39680it [00:06, 9226.86it/s]
40606it [00:06, 9138.78it/s]
41522it [00:07, 9016.74it/s]
42432it [00:07, 8960.93it/s]
43356it [00:07, 9042.12it/s]
44288it [00:07, 9091.38it/s]
45248it [00:07, 9198.18it/s]
46169it [00:07, 8168.80it/s]
47167it [00:07, 8662.37it/s]
48053it [00:07, 8462.30it/s]
48914it [00:07, 8329.99it/s]
49818it [00:07, 8529.61it/s]
50688it [00:08, 8504.81it/s]
51648it [00:08, 8705.80it/s]
52544it [00:08, 8694.54it/s]
53440it [00:08, 8743.10it/s]
54336it [00:08, 8724.59it/s]
55210it [00:08, 8710.21it/s]
56082it [00:08, 8541.37it/s]
56961it [00:08, 8613.10it/s]
57920it [00:08, 8883.76it/s]
58816it [00:08, 8848.80it/s]
59740it [00:09, 8964.07it/s]
60672it [00:09, 8974.96it/s]
61570it [00:09, 8224.09it/s]
62509it [00:09, 8549.09it/s]
63375it [00:09, 8487.61it/s]
64232it [00:09, 8486.81it/s]
65127it [00:09, 8620.61it/s]
66015it [00:09, 8696.37it/s]
67008it [00:09, 8938.70it/s]
67967it [00:10, 9129.65it/s]
68882it [00:10, 8992.64it/s]
69789it [00:10, 9014.80it/s]
70692it [00:10, 8763.55it/s]
71616it [00:10, 8771.98it/s]
72576it [00:10, 8885.03it/s]
73472it [00:10, 8840.78it/s]
74368it [00:10, 8857.01it/s]
75320it [00:10, 9051.57it/s]
76226it [00:11, 6291.98it/s]
77079it [00:11, 6799.37it/s]
77856it [00:11, 7034.93it/s]
78720it [00:11, 7373.68it/s]
79616it [00:11, 7746.46it/s]
80512it [00:11, 8055.20it/s]
81435it [00:11, 8385.59it/s]
82299it [00:11, 8398.54it/s]
83200it [00:11, 8496.64it/s]
84160it [00:12, 8703.38it/s]
85056it [00:12, 8670.40it/s]
85930it [00:12, 8489.33it/s]
86784it [00:12, 8377.21it/s]
87625it [00:12, 8315.24it/s]
88512it [00:12, 8392.16it/s]
89408it [00:12, 8512.71it/s]
90326it [00:12, 8707.64it/s]
91199it [00:13, 5267.45it/s]
92037it [00:13, 5898.67it/s]
92928it [00:13, 6519.53it/s]
93824it [00:13, 7039.49it/s]
94665it [00:13, 7388.14it/s]
95493it [00:13, 7625.43it/s]
96448it [00:13, 7978.17it/s]
97408it [00:13, 8367.92it/s]
98304it [00:13, 8422.54it/s]
99167it [00:14, 8354.31it/s]
100000it [00:14, 7076.89it/s]
Upload time: 14.693590096198022
Total import time: 44.721874800976366
Experiment stage: Search

0it [00:00, ?it/s]
4it [00:00,  5.28it/s]
14it [00:00, 18.53it/s]
44it [00:01, 65.12it/s]
105it [00:01, 170.13it/s]
184it [00:01, 303.60it/s]
271it [00:01, 433.65it/s]
353it [00:01, 529.48it/s]
430it [00:01, 592.74it/s]
506it [00:01, 636.23it/s]
590it [00:01, 692.79it/s]
666it [00:01, 704.54it/s]
747it [00:01, 730.89it/s]
824it [00:02, 700.79it/s]
897it [00:02, 664.49it/s]
966it [00:02, 665.52it/s]
1042it [00:02, 689.29it/s]
1122it [00:02, 683.06it/s]
1201it [00:02, 712.76it/s]
1274it [00:02, 713.20it/s]
1346it [00:02, 696.49it/s]
1440it [00:02, 765.20it/s]
1526it [00:03, 791.07it/s]
1609it [00:03, 799.90it/s]
1690it [00:03, 762.98it/s]
1778it [00:03, 795.86it/s]
1859it [00:03, 771.03it/s]
1937it [00:03, 729.22it/s]
2015it [00:03, 741.21it/s]
2113it [00:03, 807.84it/s]
2206it [00:03, 842.54it/s]
2291it [00:03, 837.18it/s]
2378it [00:04, 845.69it/s]
2463it [00:04, 820.11it/s]
2557it [00:04, 854.65it/s]
2643it [00:04, 850.81it/s]
2732it [00:04, 861.60it/s]
2824it [00:04, 877.31it/s]
2919it [00:04, 898.12it/s]
3009it [00:04, 892.15it/s]
3109it [00:04, 921.71it/s]
3202it [00:05, 890.00it/s]
3292it [00:05, 890.55it/s]
3382it [00:05, 848.36it/s]
3468it [00:05, 814.46it/s]
3550it [00:05, 808.80it/s]
3632it [00:05, 811.51it/s]
3714it [00:05, 795.49it/s]
3794it [00:05, 780.24it/s]
3883it [00:05, 810.16it/s]
3971it [00:05, 829.32it/s]
4056it [00:06, 833.38it/s]
4159it [00:06, 890.10it/s]
4263it [00:06, 933.14it/s]
4364it [00:06, 955.64it/s]
4461it [00:06, 958.10it/s]
4557it [00:06, 934.94it/s]
4651it [00:06, 869.21it/s]
4739it [00:06, 831.75it/s]
4824it [00:06, 714.57it/s]
4899it [00:07, 707.65it/s]
4990it [00:07, 759.25it/s]
5069it [00:07, 739.76it/s]
5146it [00:07, 742.78it/s]
5222it [00:07, 731.59it/s]
5296it [00:07, 722.46it/s]
5369it [00:07, 724.50it/s]
5461it [00:07, 778.72it/s]
5541it [00:07, 780.33it/s]
5620it [00:08, 770.53it/s]
5716it [00:08, 824.97it/s]
5807it [00:08, 848.77it/s]
5893it [00:08, 761.76it/s]
5972it [00:08, 754.96it/s]
6050it [00:08, 756.57it/s]
6127it [00:08, 722.85it/s]
6201it [00:08, 681.27it/s]
6270it [00:08, 649.99it/s]
6347it [00:09, 681.61it/s]
6422it [00:09, 699.72it/s]
6508it [00:09, 743.61it/s]
6593it [00:09, 772.94it/s]
6671it [00:09, 761.85it/s]
6760it [00:09, 797.77it/s]
6847it [00:09, 818.39it/s]
6931it [00:09, 824.67it/s]
7014it [00:09, 785.59it/s]
7094it [00:10, 561.10it/s]
7160it [00:10, 449.81it/s]
7215it [00:10, 321.06it/s]
7258it [00:10, 335.97it/s]
7301it [00:10, 316.12it/s]
7339it [00:11, 305.27it/s]
7390it [00:11, 347.02it/s]
7450it [00:11, 403.79it/s]
7531it [00:11, 502.66it/s]
7602it [00:11, 552.58it/s]
7682it [00:11, 617.79it/s]
7763it [00:11, 669.63it/s]
7834it [00:11, 638.21it/s]
7920it [00:11, 697.85it/s]
8017it [00:12, 773.95it/s]
8108it [00:12, 812.67it/s]
8202it [00:12, 847.08it/s]
8292it [00:12, 857.35it/s]
8379it [00:12, 788.13it/s]
8465it [00:12, 806.03it/s]
8547it [00:12, 734.86it/s]
8623it [00:12, 729.98it/s]
8698it [00:12, 717.95it/s]
8781it [00:13, 743.95it/s]
8857it [00:13, 739.78it/s]
8939it [00:13, 758.47it/s]
9016it [00:13, 679.82it/s]
9086it [00:13, 450.28it/s]
9143it [00:13, 473.80it/s]
9200it [00:13, 389.53it/s]
9248it [00:14, 371.58it/s]
9317it [00:14, 436.31it/s]
9376it [00:14, 470.27it/s]
9445it [00:14, 523.40it/s]
9516it [00:14, 570.87it/s]
9578it [00:14, 393.31it/s]
9628it [00:14, 372.23it/s]
9702it [00:15, 448.84it/s]
9778it [00:15, 519.75it/s]
9838it [00:15, 523.27it/s]
9922it [00:15, 596.21it/s]
9987it [00:15, 472.51it/s]
10000it [00:15, 639.28it/s]
Experiment stage: Done
Results saved to:  /home/dzh/project/vdtuner/vector-db-benchmark-master/results
>>> [Step 5] 收尾工作...
    监控日志已保存。
📊 测试结果摘要:
0.38428
635.744029160781
0.004577095108106732
line1:  0.004577095108106732
line1:  635.744029160781
line1:  0.38428
numeric_values:  [0.004577095108106732, 635.744029160781, 0.38428]
[42] 3632 0.38428 0.004577095108106732 93
/bin/sh: 1: Syntax error: "(" unexpected
/data/dzh/venv/lib/python3.10/site-packages/botorch/acquisition/multi_objective/monte_carlo.py:110: NumericsWarning: qExpectedHypervolumeImprovement has known numerical issues that lead to suboptimal optimization performance. It is strongly recommended to simply replace

	 qExpectedHypervolumeImprovement 	 --> 	 qLogExpectedHypervolumeImprovement 

instead, which fixes the issues and has the same API. See https://arxiv.org/abs/2310.20708 for details.
  legacy_ei_numerics_warning(legacy_name=type(self).__name__)
--- DEBUG: Starting command:---
=======================================
🛠️  开始测试流程
Engine: milvus-p10 | Dataset: random-geo-radius-2048-angular-no-filters
=======================================
>>> [Step 1] 启动后台监控...
    监控进程 PID: 582227
>>> [Step 2] 重置 Milvus...
 Container milvus-standalone  Stopping
 Container milvus-standalone  Stopped
 Container milvus-standalone  Removing
 Container milvus-standalone  Removed
 Container milvus-etcd  Stopping
 Container milvus-minio  Stopping
 Container milvus-etcd  Stopped
 Container milvus-etcd  Removing
 Container milvus-etcd  Removed
 Container milvus-minio  Stopped
 Container milvus-minio  Removing
 Container milvus-minio  Removed
 Network milvus  Removing
 Network milvus  Removed
    🧹 清理宿主机数据目录: /home/dzh/project/vdtuner/vector-db-benchmark-master/engine/servers/milvus-single-node/volumes
 Network milvus  Creating
 Network milvus  Created
 Container milvus-etcd  Creating
 Container milvus-minio  Creating
 Container milvus-etcd  Created
 Container milvus-minio  Created
 Container milvus-standalone  Creating
 Container milvus-standalone  Created
 Container milvus-minio  Starting
 Container milvus-etcd  Starting
 Container milvus-etcd  Started
 Container milvus-minio  Started
 Container milvus-standalone  Starting
 Container milvus-standalone  Started
>>> [Step 3] 等待服务启动 (90s)...
    等待中... (10s/120s)
    ✅ Milvus 服务已就绪
>>> [Step 4] 运行 Benchmark...
Running experiment: milvus-p10 - random-geo-radius-2048-angular-no-filters
established connection
/home/dzh/project/vdtuner/vector-db-benchmark-master/datasets/random-geo-radius-2048-angular/random_geo_100k_no_filters already exists
Experiment stage: Configure
Experiment stage: Upload

0it [00:00, ?it/s]
1it [00:00,  1.26it/s]
64it [00:00, 95.64it/s]
192it [00:01, 284.09it/s]
704it [00:01, 1197.00it/s]
936it [00:01, 1353.63it/s]
1216it [00:01, 1610.83it/s]
1536it [00:01, 1978.68it/s]
1920it [00:01, 2419.10it/s]
2240it [00:01, 2596.25it/s]
2536it [00:01, 2427.64it/s]
2944it [00:01, 2816.43it/s]
3329it [00:02, 3082.47it/s]
4224it [00:02, 4662.88it/s]
5243it [00:02, 6214.09it/s]
6208it [00:02, 7133.47it/s]
7232it [00:02, 7946.55it/s]
8250it [00:02, 8592.81it/s]
9176it [00:02, 8787.73it/s]
10112it [00:02, 8955.96it/s]
11072it [00:02, 9139.39it/s]
12032it [00:02, 9232.01it/s]
12992it [00:03, 9335.92it/s]
13952it [00:03, 9303.92it/s]
14933it [00:03, 9453.12it/s]
15881it [00:03, 9358.98it/s]
16896it [00:03, 9442.23it/s]
17841it [00:03, 8471.52it/s]
18875it [00:03, 8982.18it/s]
19841it [00:03, 9171.15it/s]
20772it [00:03, 9192.11it/s]
21760it [00:04, 9323.41it/s]
22747it [00:04, 9481.86it/s]
23701it [00:04, 9329.48it/s]
24704it [00:04, 9409.02it/s]
25695it [00:04, 9554.81it/s]
26653it [00:04, 9533.53it/s]
27608it [00:04, 9484.82it/s]
28558it [00:04, 9488.02it/s]
29508it [00:04, 9465.60it/s]
30456it [00:04, 9438.83it/s]
31401it [00:05, 7112.95it/s]
32197it [00:05, 7254.39it/s]
33088it [00:05, 7618.49it/s]
34020it [00:05, 8070.83it/s]
35008it [00:05, 8487.77it/s]
35968it [00:05, 8667.52it/s]
36928it [00:05, 8855.60it/s]
37888it [00:05, 8964.49it/s]
38796it [00:05, 8986.84it/s]
39752it [00:06, 9152.49it/s]
40704it [00:06, 9224.06it/s]
41680it [00:06, 9381.63it/s]
42625it [00:06, 9400.22it/s]
43584it [00:06, 9350.91it/s]
44521it [00:06, 9333.26it/s]
45456it [00:06, 9210.30it/s]
46379it [00:06, 6054.61it/s]
47125it [00:07, 5894.55it/s]
48000it [00:07, 6457.61it/s]
48960it [00:07, 7130.26it/s]
49856it [00:07, 7580.33it/s]
50753it [00:07, 7946.15it/s]
51670it [00:07, 8281.90it/s]
52608it [00:07, 8536.04it/s]
53488it [00:07, 8501.55it/s]
54400it [00:07, 8551.21it/s]
55268it [00:08, 8556.86it/s]
56133it [00:08, 8384.72it/s]
56979it [00:08, 8390.46it/s]
57856it [00:08, 8377.13it/s]
58752it [00:08, 8509.73it/s]
59680it [00:08, 8734.61it/s]
60608it [00:08, 8821.01it/s]
61492it [00:08, 7292.50it/s]
62336it [00:08, 7586.69it/s]
63232it [00:09, 7934.66it/s]
64128it [00:09, 8203.96it/s]
65024it [00:09, 8365.31it/s]
66009it [00:09, 8790.59it/s]
66902it [00:09, 8742.24it/s]
67840it [00:09, 8784.65it/s]
68725it [00:09, 8774.15it/s]
69607it [00:09, 8709.60it/s]
70482it [00:09, 8680.60it/s]
71360it [00:09, 8684.80it/s]
72230it [00:10, 8641.12it/s]
73096it [00:10, 8542.83it/s]
74026it [00:10, 8765.45it/s]
74904it [00:10, 8699.52it/s]
75775it [00:10, 6178.64it/s]
76672it [00:10, 6743.21it/s]
77632it [00:10, 7353.32it/s]
78592it [00:10, 7904.29it/s]
79488it [00:10, 8102.25it/s]
80448it [00:11, 8437.18it/s]
81344it [00:11, 8482.64it/s]
82304it [00:11, 8669.77it/s]
83264it [00:11, 8782.00it/s]
84224it [00:11, 8910.52it/s]
85124it [00:11, 8876.84it/s]
86018it [00:11, 8890.54it/s]
86958it [00:11, 9038.83it/s]
87872it [00:11, 8956.00it/s]
88825it [00:12, 9124.48it/s]
89740it [00:12, 5577.58it/s]
90606it [00:12, 6209.30it/s]
91398it [00:12, 6596.68it/s]
92174it [00:12, 6778.11it/s]
93056it [00:12, 7225.16it/s]
93940it [00:12, 7653.71it/s]
94757it [00:12, 7751.27it/s]
95619it [00:13, 7994.16it/s]
96512it [00:13, 8127.94it/s]
97408it [00:13, 8226.34it/s]
98285it [00:13, 8382.22it/s]
99136it [00:13, 8324.44it/s]
100000it [00:13, 7374.45it/s]
Upload time: 13.94862417737022
Total import time: 44.382172611076385
Experiment stage: Search

0it [00:00, ?it/s]
4it [00:00,  5.29it/s]
14it [00:00, 19.79it/s]
26it [00:00, 37.83it/s]
73it [00:01, 126.38it/s]
166it [00:01, 307.20it/s]
253it [00:01, 443.83it/s]
342it [00:01, 558.37it/s]
425it [00:01, 631.17it/s]
500it [00:01, 660.68it/s]
577it [00:01, 689.72it/s]
656it [00:01, 713.99it/s]
741it [00:01, 752.19it/s]
834it [00:01, 802.93it/s]
932it [00:02, 854.00it/s]
1023it [00:02, 868.13it/s]
1112it [00:02, 865.41it/s]
1205it [00:02, 884.26it/s]
1298it [00:02, 897.70it/s]
1393it [00:02, 912.49it/s]
1485it [00:02, 897.72it/s]
1580it [00:02, 909.25it/s]
1674it [00:02, 918.08it/s]
1766it [00:03, 905.43it/s]
1862it [00:03, 920.09it/s]
1956it [00:03, 923.95it/s]
2049it [00:03, 890.68it/s]
2144it [00:03, 900.83it/s]
2241it [00:03, 919.70it/s]
2334it [00:03, 889.00it/s]
2424it [00:03, 887.67it/s]
2513it [00:03, 887.85it/s]
2603it [00:03, 890.95it/s]
2693it [00:04, 875.85it/s]
2781it [00:04, 861.98it/s]
2868it [00:04, 830.61it/s]
2963it [00:04, 863.21it/s]
3063it [00:04, 900.65it/s]
3154it [00:04, 898.71it/s]
3252it [00:04, 919.08it/s]
3346it [00:04, 924.65it/s]
3439it [00:04, 925.01it/s]
3532it [00:04, 923.24it/s]
3625it [00:05, 916.68it/s]
3718it [00:05, 919.90it/s]
3813it [00:05, 927.27it/s]
3906it [00:05, 906.57it/s]
3997it [00:05, 902.05it/s]
4088it [00:05, 901.11it/s]
4179it [00:05, 891.40it/s]
4269it [00:05, 857.11it/s]
4363it [00:05, 877.17it/s]
4451it [00:06, 869.95it/s]
4543it [00:06, 883.66it/s]
4632it [00:06, 825.31it/s]
4716it [00:06, 808.10it/s]
4798it [00:06, 794.25it/s]
4878it [00:06, 767.92it/s]
4956it [00:06, 757.62it/s]
5032it [00:06, 750.17it/s]
5117it [00:06, 777.68it/s]
5204it [00:06, 801.47it/s]
5285it [00:07, 743.60it/s]
5379it [00:07, 797.10it/s]
5460it [00:07, 731.70it/s]
5535it [00:07, 734.29it/s]
5617it [00:07, 757.29it/s]
5708it [00:07, 798.82it/s]
5804it [00:07, 844.99it/s]
5903it [00:07, 886.13it/s]
5994it [00:07, 890.84it/s]
6084it [00:08, 884.02it/s]
6178it [00:08, 898.13it/s]
6270it [00:08, 904.48it/s]
6369it [00:08, 929.74it/s]
6465it [00:08, 938.08it/s]
6561it [00:08, 942.61it/s]
6656it [00:08, 917.98it/s]
6757it [00:08, 942.78it/s]
6852it [00:08, 935.04it/s]
6946it [00:08, 909.69it/s]
7038it [00:09, 877.87it/s]
7127it [00:09, 859.40it/s]
7214it [00:09, 850.94it/s]
7306it [00:09, 870.11it/s]
7398it [00:09, 884.07it/s]
7487it [00:09, 865.17it/s]
7574it [00:09, 862.45it/s]
7665it [00:09, 875.27it/s]
7760it [00:09, 895.23it/s]
7853it [00:10, 900.05it/s]
7944it [00:10, 886.19it/s]
8033it [00:10, 867.95it/s]
8122it [00:10, 872.38it/s]
8222it [00:10, 908.17it/s]
8313it [00:10, 850.74it/s]
8399it [00:10, 788.10it/s]
8490it [00:10, 819.81it/s]
8585it [00:10, 855.45it/s]
8678it [00:10, 874.98it/s]
8768it [00:11, 879.77it/s]
8862it [00:11, 896.01it/s]
8956it [00:11, 908.20it/s]
9058it [00:11, 940.44it/s]
9158it [00:11, 955.81it/s]
9260it [00:11, 972.22it/s]
9361it [00:11, 980.41it/s]
9460it [00:11, 969.86it/s]
9558it [00:11, 875.63it/s]
9648it [00:12, 811.05it/s]
9731it [00:12, 794.39it/s]
9812it [00:12, 795.50it/s]
9901it [00:12, 820.37it/s]
9996it [00:12, 855.86it/s]
10000it [00:12, 801.52it/s]
Experiment stage: Done
Results saved to:  /home/dzh/project/vdtuner/vector-db-benchmark-master/results
>>> [Step 5] 收尾工作...
    监控日志已保存。
📊 测试结果摘要:
0.3775
795.558506340191
0.0039674936095252635
line1:  0.0039674936095252635
line1:  795.558506340191
line1:  0.3775
numeric_values:  [0.0039674936095252635, 795.558506340191, 0.3775]
[43] 3722 0.3775 0.0039674936095252635 90
/bin/sh: 1: Syntax error: "(" unexpected
/data/dzh/venv/lib/python3.10/site-packages/botorch/acquisition/multi_objective/monte_carlo.py:110: NumericsWarning: qExpectedHypervolumeImprovement has known numerical issues that lead to suboptimal optimization performance. It is strongly recommended to simply replace

	 qExpectedHypervolumeImprovement 	 --> 	 qLogExpectedHypervolumeImprovement 

instead, which fixes the issues and has the same API. See https://arxiv.org/abs/2310.20708 for details.
  legacy_ei_numerics_warning(legacy_name=type(self).__name__)
--- DEBUG: Starting command:---
=======================================
🛠️  开始测试流程
Engine: milvus-p10 | Dataset: random-geo-radius-2048-angular-no-filters
=======================================
>>> [Step 1] 启动后台监控...
    监控进程 PID: 602878
>>> [Step 2] 重置 Milvus...
 Container milvus-standalone  Stopping
 Container milvus-standalone  Stopped
 Container milvus-standalone  Removing
 Container milvus-standalone  Removed
 Container milvus-etcd  Stopping
 Container milvus-minio  Stopping
 Container milvus-etcd  Stopped
 Container milvus-etcd  Removing
 Container milvus-etcd  Removed
 Container milvus-minio  Stopped
 Container milvus-minio  Removing
 Container milvus-minio  Removed
 Network milvus  Removing
 Network milvus  Removed
    🧹 清理宿主机数据目录: /home/dzh/project/vdtuner/vector-db-benchmark-master/engine/servers/milvus-single-node/volumes
 Network milvus  Creating
 Network milvus  Created
 Container milvus-etcd  Creating
 Container milvus-minio  Creating
 Container milvus-etcd  Created
 Container milvus-minio  Created
 Container milvus-standalone  Creating
 Container milvus-standalone  Created
 Container milvus-etcd  Starting
 Container milvus-minio  Starting
 Container milvus-etcd  Started
 Container milvus-minio  Started
 Container milvus-standalone  Starting
 Container milvus-standalone  Started
>>> [Step 3] 等待服务启动 (90s)...
    等待中... (10s/120s)
    ✅ Milvus 服务已就绪
>>> [Step 4] 运行 Benchmark...
Running experiment: milvus-p10 - random-geo-radius-2048-angular-no-filters
established connection
/home/dzh/project/vdtuner/vector-db-benchmark-master/datasets/random-geo-radius-2048-angular/random_geo_100k_no_filters already exists
Experiment stage: Configure
Experiment stage: Upload

0it [00:00, ?it/s]
1it [00:01,  1.76s/it]
768it [00:01, 577.70it/s]
1219it [00:02, 893.70it/s]
1582it [00:02, 1131.31it/s]
2026it [00:02, 1566.34it/s]
2381it [00:02, 1457.96it/s]
2907it [00:02, 2027.23it/s]
3712it [00:02, 3086.33it/s]
4736it [00:02, 4498.79it/s]
5696it [00:02, 5612.17it/s]
6656it [00:03, 6543.90it/s]
7680it [00:03, 7467.45it/s]
8672it [00:03, 8120.55it/s]
9664it [00:03, 8502.64it/s]
10688it [00:03, 8894.81it/s]
11696it [00:03, 9230.50it/s]
12656it [00:03, 9003.36it/s]
13632it [00:03, 9203.92it/s]
14656it [00:03, 9430.10it/s]
15616it [00:04, 9431.78it/s]
16576it [00:04, 9434.79it/s]
17527it [00:04, 6223.90it/s]
18432it [00:04, 6788.42it/s]
19418it [00:04, 7509.00it/s]
20416it [00:04, 8064.71it/s]
21376it [00:04, 8434.08it/s]
22336it [00:04, 8687.51it/s]
23296it [00:04, 8907.59it/s]
24256it [00:05, 9084.51it/s]
25216it [00:05, 9142.30it/s]
26176it [00:05, 9199.92it/s]
27136it [00:05, 9309.59it/s]
28096it [00:05, 9290.58it/s]
29056it [00:05, 9353.87it/s]
30016it [00:05, 9346.79it/s]
30967it [00:05, 9394.31it/s]
31936it [00:05, 9335.08it/s]
32872it [00:06, 5588.41it/s]
33792it [00:06, 6299.68it/s]
34726it [00:06, 6974.82it/s]
35648it [00:06, 7465.33it/s]
36599it [00:06, 7986.43it/s]
37504it [00:06, 8260.85it/s]
38392it [00:06, 8272.17it/s]
39263it [00:06, 8225.33it/s]
40128it [00:07, 8284.59it/s]
41024it [00:07, 8474.38it/s]
41920it [00:07, 8523.16it/s]
42880it [00:07, 8756.93it/s]
43764it [00:07, 8765.72it/s]
44647it [00:07, 8781.50it/s]
45552it [00:07, 8860.13it/s]
46464it [00:07, 8891.85it/s]
47356it [00:07, 8209.72it/s]
48246it [00:08, 8403.14it/s]
49096it [00:08, 8425.78it/s]
50048it [00:08, 8637.11it/s]
50917it [00:08, 8489.46it/s]
51770it [00:08, 8306.97it/s]
52736it [00:08, 8608.07it/s]
53665it [00:08, 8803.72it/s]
54560it [00:08, 8845.92it/s]
55488it [00:08, 8878.31it/s]
56448it [00:08, 9013.16it/s]
57408it [00:09, 9048.69it/s]
58351it [00:09, 9159.58it/s]
59268it [00:09, 9081.91it/s]
60224it [00:09, 9167.16it/s]
61142it [00:09, 9057.85it/s]
62049it [00:09, 5687.63it/s]
62976it [00:09, 6433.11it/s]
63808it [00:09, 6803.24it/s]
64598it [00:10, 7022.90it/s]
65381it [00:10, 7162.99it/s]
66156it [00:10, 7284.70it/s]
66970it [00:10, 7519.49it/s]
67840it [00:10, 7760.23it/s]
68827it [00:10, 8361.12it/s]
69760it [00:10, 8613.85it/s]
70723it [00:10, 8909.98it/s]
71625it [00:10, 8742.84it/s]
72512it [00:10, 8724.85it/s]
73472it [00:11, 8825.37it/s]
74416it [00:11, 9003.86it/s]
75320it [00:11, 8589.11it/s]
76185it [00:11, 7527.49it/s]
76992it [00:11, 7640.21it/s]
77824it [00:11, 7808.90it/s]
78720it [00:11, 8077.12it/s]
79540it [00:11, 8076.83it/s]
80357it [00:11, 8020.91it/s]
81165it [00:12, 8028.68it/s]
82112it [00:12, 8410.64it/s]
83040it [00:12, 8665.45it/s]
83931it [00:12, 8737.39it/s]
84864it [00:12, 8784.96it/s]
85760it [00:12, 8802.53it/s]
86694it [00:12, 8961.03it/s]
87601it [00:12, 8992.67it/s]
88501it [00:12, 8885.51it/s]
89408it [00:12, 8867.51it/s]
90368it [00:13, 8997.05it/s]
91268it [00:13, 6230.02it/s]
92096it [00:13, 6659.70it/s]
92903it [00:13, 7001.99it/s]
93760it [00:13, 7382.00it/s]
94667it [00:13, 7834.77it/s]
95616it [00:13, 8192.05it/s]
96576it [00:13, 8551.02it/s]
97472it [00:14, 8589.14it/s]
98431it [00:14, 8877.01it/s]
99333it [00:14, 8915.87it/s]
100000it [00:14, 6979.96it/s]
Upload time: 14.715996520128101
Total import time: 45.14252411806956
Experiment stage: Search

0it [00:00, ?it/s]
4it [00:00,  5.25it/s]
14it [00:00, 19.85it/s]
25it [00:00, 36.12it/s]
82it [00:01, 145.52it/s]
176it [00:01, 324.97it/s]
262it [00:01, 453.77it/s]
333it [00:01, 510.95it/s]
397it [00:01, 523.56it/s]
479it [00:01, 602.67it/s]
550it [00:01, 621.69it/s]
622it [00:01, 648.33it/s]
701it [00:01, 688.12it/s]
792it [00:02, 751.28it/s]
870it [00:02, 753.68it/s]
969it [00:02, 822.13it/s]
1065it [00:02, 857.90it/s]
1160it [00:02, 884.48it/s]
1259it [00:02, 914.09it/s]
1351it [00:02, 891.26it/s]
1451it [00:02, 921.27it/s]
1552it [00:02, 943.63it/s]
1649it [00:02, 948.92it/s]
1745it [00:03, 910.70it/s]
1837it [00:03, 873.10it/s]
1925it [00:03, 859.27it/s]
2012it [00:03, 845.59it/s]
2097it [00:03, 835.18it/s]
2181it [00:03, 835.13it/s]
2265it [00:03, 815.85it/s]
2347it [00:03, 785.86it/s]
2431it [00:03, 792.48it/s]
2511it [00:04, 789.43it/s]
2598it [00:04, 811.01it/s]
2680it [00:04, 812.88it/s]
2773it [00:04, 845.31it/s]
2869it [00:04, 877.25it/s]
2957it [00:04, 862.27it/s]
3052it [00:04, 886.68it/s]
3148it [00:04, 908.17it/s]
3239it [00:04, 908.01it/s]
3334it [00:04, 919.11it/s]
3426it [00:05, 903.19it/s]
3520it [00:05, 913.91it/s]
3617it [00:05, 929.07it/s]
3710it [00:05, 911.46it/s]
3802it [00:05, 899.05it/s]
3893it [00:05, 896.78it/s]
3985it [00:05, 901.98it/s]
4076it [00:05, 896.53it/s]
4166it [00:05, 893.31it/s]
4256it [00:05, 886.58it/s]
4345it [00:06, 884.56it/s]
4438it [00:06, 896.90it/s]
4529it [00:06, 897.67it/s]
4631it [00:06, 933.62it/s]
4725it [00:06, 925.07it/s]
4818it [00:06, 905.51it/s]
4909it [00:06, 883.04it/s]
4998it [00:06, 871.33it/s]
5086it [00:06, 872.99it/s]
5174it [00:06, 867.52it/s]
5262it [00:07, 865.52it/s]
5352it [00:07, 872.07it/s]
5440it [00:07, 855.01it/s]
5532it [00:07, 871.75it/s]
5620it [00:07, 861.81it/s]
5707it [00:07, 848.41it/s]
5808it [00:07, 894.61it/s]
5901it [00:07, 901.45it/s]
5997it [00:07, 915.88it/s]
6089it [00:08, 877.25it/s]
6186it [00:08, 903.86it/s]
6285it [00:08, 927.81it/s]
6384it [00:08, 945.80it/s]
6479it [00:08, 932.25it/s]
6573it [00:08, 898.64it/s]
6665it [00:08, 894.84it/s]
6755it [00:08, 868.11it/s]
6843it [00:08, 851.06it/s]
6929it [00:08, 837.67it/s]
7013it [00:09, 834.34it/s]
7099it [00:09, 839.43it/s]
7184it [00:09, 827.18it/s]
7274it [00:09, 845.83it/s]
7359it [00:09, 846.34it/s]
7444it [00:09, 843.28it/s]
7534it [00:09, 859.47it/s]
7621it [00:09, 859.40it/s]
7710it [00:09, 845.57it/s]
7795it [00:09, 843.51it/s]
7887it [00:10, 863.67it/s]
7980it [00:10, 881.92it/s]
8069it [00:10, 841.03it/s]
8158it [00:10, 853.13it/s]
8244it [00:10, 845.67it/s]
8329it [00:10, 788.95it/s]
8409it [00:10, 779.82it/s]
8498it [00:10, 809.66it/s]
8583it [00:10, 821.08it/s]
8666it [00:11, 821.47it/s]
8749it [00:11, 819.69it/s]
8843it [00:11, 852.91it/s]
8933it [00:11, 864.05it/s]
9020it [00:11, 845.61it/s]
9105it [00:11, 839.73it/s]
9190it [00:11, 839.58it/s]
9279it [00:11, 853.23it/s]
9365it [00:11, 832.70it/s]
9449it [00:11, 832.96it/s]
9533it [00:12, 824.54it/s]
9616it [00:12, 817.22it/s]
9705it [00:12, 838.11it/s]
9797it [00:12, 861.51it/s]
9888it [00:12, 875.84it/s]
9976it [00:12, 747.24it/s]
10000it [00:12, 789.36it/s]
Experiment stage: Done
Results saved to:  /home/dzh/project/vdtuner/vector-db-benchmark-master/results
>>> [Step 5] 收尾工作...
    监控日志已保存。
📊 测试结果摘要:
0.40693999999999997
780.7607877327151
0.004150319378823042
line1:  0.004150319378823042
line1:  780.7607877327151
line1:  0.40693999999999997
numeric_values:  [0.004150319378823042, 780.7607877327151, 0.40693999999999997]
[44] 3813 0.40693999999999997 0.004150319378823042 90
/bin/sh: 1: Syntax error: "(" unexpected
/data/dzh/venv/lib/python3.10/site-packages/botorch/acquisition/multi_objective/monte_carlo.py:110: NumericsWarning: qExpectedHypervolumeImprovement has known numerical issues that lead to suboptimal optimization performance. It is strongly recommended to simply replace

	 qExpectedHypervolumeImprovement 	 --> 	 qLogExpectedHypervolumeImprovement 

instead, which fixes the issues and has the same API. See https://arxiv.org/abs/2310.20708 for details.
  legacy_ei_numerics_warning(legacy_name=type(self).__name__)
--- DEBUG: Starting command:---
=======================================
🛠️  开始测试流程
Engine: milvus-p10 | Dataset: random-geo-radius-2048-angular-no-filters
=======================================
>>> [Step 1] 启动后台监控...
    监控进程 PID: 622528
>>> [Step 2] 重置 Milvus...
 Container milvus-standalone  Stopping
 Container milvus-standalone  Stopped
 Container milvus-standalone  Removing
 Container milvus-standalone  Removed
 Container milvus-etcd  Stopping
 Container milvus-minio  Stopping
 Container milvus-etcd  Stopped
 Container milvus-etcd  Removing
 Container milvus-etcd  Removed
 Container milvus-minio  Stopped
 Container milvus-minio  Removing
 Container milvus-minio  Removed
 Network milvus  Removing
 Network milvus  Removed
    🧹 清理宿主机数据目录: /home/dzh/project/vdtuner/vector-db-benchmark-master/engine/servers/milvus-single-node/volumes
 Network milvus  Creating
 Network milvus  Created
 Container milvus-minio  Creating
 Container milvus-etcd  Creating
 Container milvus-minio  Created
 Container milvus-etcd  Created
 Container milvus-standalone  Creating
 Container milvus-standalone  Created
 Container milvus-etcd  Starting
 Container milvus-minio  Starting
 Container milvus-minio  Started
 Container milvus-etcd  Started
 Container milvus-standalone  Starting
 Container milvus-standalone  Started
>>> [Step 3] 等待服务启动 (90s)...
    等待中... (10s/120s)
    ✅ Milvus 服务已就绪
>>> [Step 4] 运行 Benchmark...
Running experiment: milvus-p10 - random-geo-radius-2048-angular-no-filters
established connection
/home/dzh/project/vdtuner/vector-db-benchmark-master/datasets/random-geo-radius-2048-angular/random_geo_100k_no_filters already exists
Experiment stage: Configure
Experiment stage: Upload

0it [00:00, ?it/s]
1it [00:00,  1.72it/s]
64it [00:00, 81.32it/s]
640it [00:01, 952.64it/s]
960it [00:01, 1321.11it/s]
1280it [00:01, 1672.88it/s]
1728it [00:01, 2276.32it/s]
2061it [00:01, 2319.50it/s]
2432it [00:01, 2579.88it/s]
2752it [00:01, 2707.85it/s]
3063it [00:01, 2786.95it/s]
3584it [00:01, 3434.45it/s]
4224it [00:02, 4229.58it/s]
5056it [00:02, 5328.62it/s]
6144it [00:02, 6825.59it/s]
7232it [00:02, 7909.13it/s]
8256it [00:02, 8581.89it/s]
9294it [00:02, 9106.38it/s]
10304it [00:02, 9291.25it/s]
11264it [00:02, 9349.71it/s]
12352it [00:02, 9711.74it/s]
13376it [00:02, 9838.81it/s]
14400it [00:03, 9887.83it/s]
15424it [00:03, 9887.54it/s]
16415it [00:03, 7851.39it/s]
17344it [00:03, 8164.24it/s]
18304it [00:03, 8441.31it/s]
19264it [00:03, 8668.66it/s]
20288it [00:03, 8970.47it/s]
21248it [00:03, 9113.38it/s]
22208it [00:03, 9217.36it/s]
23154it [00:04, 9286.78it/s]
24092it [00:04, 9206.92it/s]
25088it [00:04, 9328.47it/s]
26063it [00:04, 9450.90it/s]
27012it [00:04, 9263.89it/s]
27968it [00:04, 9226.97it/s]
28928it [00:04, 9228.14it/s]
29908it [00:04, 9394.25it/s]
30849it [00:05, 6906.84it/s]
31808it [00:05, 7463.62it/s]
32742it [00:05, 7932.49it/s]
33728it [00:05, 8433.88it/s]
34688it [00:05, 8725.87it/s]
35712it [00:05, 9012.38it/s]
36642it [00:05, 9049.84it/s]
37607it [00:05, 9220.97it/s]
38544it [00:05, 9115.90it/s]
39530it [00:05, 9331.10it/s]
40512it [00:06, 9375.97it/s]
41472it [00:06, 9308.61it/s]
42432it [00:06, 9344.72it/s]
43370it [00:06, 9252.93it/s]
44298it [00:06, 9121.53it/s]
45217it [00:06, 9140.94it/s]
46133it [00:06, 7283.45it/s]
46984it [00:06, 7590.63it/s]
47936it [00:06, 8030.02it/s]
48882it [00:07, 8418.63it/s]
49755it [00:07, 8486.06it/s]
50688it [00:07, 8626.62it/s]
51584it [00:07, 8718.14it/s]
52480it [00:07, 8761.98it/s]
53504it [00:07, 9084.38it/s]
54418it [00:07, 8972.52it/s]
55335it [00:07, 9007.24it/s]
56248it [00:07, 9042.92it/s]
57155it [00:07, 8964.72it/s]
58053it [00:08, 8919.80it/s]
59002it [00:08, 9087.47it/s]
59912it [00:08, 9086.83it/s]
60822it [00:08, 6189.37it/s]
61732it [00:08, 6842.44it/s]
62656it [00:08, 7385.53it/s]
63616it [00:08, 7906.05it/s]
64512it [00:08, 8106.30it/s]
65408it [00:09, 8249.27it/s]
66363it [00:09, 8611.78it/s]
67264it [00:09, 8624.09it/s]
68224it [00:09, 8793.60it/s]
69120it [00:09, 8759.98it/s]
70055it [00:09, 8930.82it/s]
70956it [00:09, 8926.05it/s]
71872it [00:09, 8865.20it/s]
72763it [00:09, 8814.26it/s]
73647it [00:09, 8759.83it/s]
74525it [00:10, 8637.95it/s]
75391it [00:10, 5990.59it/s]
76288it [00:10, 6635.24it/s]
77120it [00:10, 7025.70it/s]
78080it [00:10, 7585.48it/s]
78976it [00:10, 7898.24it/s]
79872it [00:10, 8126.97it/s]
80787it [00:10, 8412.91it/s]
81670it [00:11, 8531.62it/s]
82542it [00:11, 8480.01it/s]
83456it [00:11, 8566.72it/s]
84398it [00:11, 8813.98it/s]
85287it [00:11, 8742.17it/s]
86208it [00:11, 8874.65it/s]
87104it [00:11, 8840.54it/s]
88053it [00:11, 9031.39it/s]
88959it [00:11, 9018.11it/s]
89863it [00:12, 5802.20it/s]
90816it [00:12, 6516.65it/s]
91595it [00:12, 6598.53it/s]
92480it [00:12, 7138.92it/s]
93270it [00:12, 7167.88it/s]
94208it [00:12, 7643.46it/s]
95104it [00:12, 7888.82it/s]
95993it [00:12, 8165.30it/s]
96896it [00:12, 8331.63it/s]
97785it [00:13, 8490.94it/s]
98647it [00:13, 8430.93it/s]
99500it [00:13, 8238.53it/s]
100000it [00:13, 7483.24it/s]
Upload time: 13.908750471193343
Total import time: 44.141510527115315
Experiment stage: Search

0it [00:00, ?it/s]
4it [00:00,  5.22it/s]
13it [00:00, 18.10it/s]
25it [00:00, 36.32it/s]
55it [00:01, 89.65it/s]
118it [00:01, 210.75it/s]
205it [00:01, 370.48it/s]
263it [00:01, 422.44it/s]
327it [00:01, 479.10it/s]
404it [00:01, 558.71it/s]
467it [00:01, 476.99it/s]
535it [00:01, 524.43it/s]
594it [00:01, 519.42it/s]
664it [00:02, 565.68it/s]
739it [00:02, 614.86it/s]
805it [00:02, 627.29it/s]
888it [00:02, 684.56it/s]
959it [00:02, 686.31it/s]
1054it [00:02, 762.87it/s]
1132it [00:02, 758.19it/s]
1209it [00:02, 735.75it/s]
1290it [00:02, 756.27it/s]
1374it [00:03, 780.17it/s]
1453it [00:03, 714.39it/s]
1526it [00:03, 708.06it/s]
1602it [00:03, 722.21it/s]
1687it [00:03, 752.76it/s]
1782it [00:03, 809.25it/s]
1876it [00:03, 845.46it/s]
1973it [00:03, 880.15it/s]
2067it [00:03, 896.51it/s]
2164it [00:03, 916.70it/s]
2260it [00:04, 928.09it/s]
2353it [00:04, 903.90it/s]
2449it [00:04, 918.80it/s]
2542it [00:04, 881.93it/s]
2631it [00:04, 857.27it/s]
2722it [00:04, 871.01it/s]
2810it [00:04, 860.04it/s]
2897it [00:04, 848.17it/s]
2982it [00:04, 818.51it/s]
3065it [00:05, 814.24it/s]
3147it [00:05, 734.42it/s]
3222it [00:05, 720.26it/s]
3295it [00:05, 672.21it/s]
3364it [00:05, 666.43it/s]
3432it [00:05, 553.58it/s]
3499it [00:05, 580.54it/s]
3577it [00:05, 631.07it/s]
3658it [00:05, 678.02it/s]
3743it [00:06, 724.78it/s]
3818it [00:06, 714.29it/s]
3898it [00:06, 737.90it/s]
3982it [00:06, 765.54it/s]
4060it [00:06, 756.04it/s]
4139it [00:06, 764.66it/s]
4216it [00:06, 732.60it/s]
4294it [00:06, 744.48it/s]
4378it [00:06, 770.82it/s]
4466it [00:07, 800.60it/s]
4562it [00:07, 845.71it/s]
4647it [00:07, 841.15it/s]
4732it [00:07, 831.05it/s]
4816it [00:07, 822.67it/s]
4899it [00:07, 759.04it/s]
4977it [00:07, 763.54it/s]
5055it [00:07, 724.17it/s]
5129it [00:07, 728.42it/s]
5207it [00:07, 741.88it/s]
5282it [00:08, 734.91it/s]
5359it [00:08, 744.16it/s]
5443it [00:08, 769.17it/s]
5521it [00:08, 753.32it/s]
5611it [00:08, 793.63it/s]
5691it [00:08, 793.89it/s]
5771it [00:08, 786.08it/s]
5868it [00:08, 837.19it/s]
5954it [00:08, 842.61it/s]
6039it [00:09, 834.28it/s]
6129it [00:09, 852.20it/s]
6228it [00:09, 892.86it/s]
6329it [00:09, 927.46it/s]
6425it [00:09, 935.50it/s]
6524it [00:09, 949.69it/s]
6626it [00:09, 968.26it/s]
6727it [00:09, 980.07it/s]
6828it [00:09, 987.85it/s]
6931it [00:09, 1000.30it/s]
7032it [00:10, 995.48it/s] 
7132it [00:10, 926.56it/s]
7226it [00:10, 877.02it/s]
7315it [00:10, 826.82it/s]
7401it [00:10, 835.11it/s]
7490it [00:10, 849.02it/s]
7576it [00:10, 818.24it/s]
7664it [00:10, 834.13it/s]
7760it [00:10, 868.71it/s]
7859it [00:10, 901.19it/s]
7950it [00:11, 884.25it/s]
8039it [00:11, 882.17it/s]
8128it [00:11, 871.07it/s]
8221it [00:11, 887.12it/s]
8310it [00:11, 825.79it/s]
8394it [00:11, 801.53it/s]
8475it [00:11, 799.66it/s]
8556it [00:11, 782.42it/s]
8635it [00:11, 775.38it/s]
8713it [00:12, 747.62it/s]
8789it [00:12, 725.77it/s]
8862it [00:12, 720.54it/s]
8935it [00:12, 677.84it/s]
9019it [00:12, 721.69it/s]
9094it [00:12, 721.82it/s]
9167it [00:12, 694.34it/s]
9242it [00:12, 708.65it/s]
9330it [00:12, 755.93it/s]
9430it [00:13, 824.97it/s]
9514it [00:13, 686.10it/s]
9602it [00:13, 735.10it/s]
9694it [00:13, 783.98it/s]
9776it [00:13, 774.91it/s]
9856it [00:13, 727.70it/s]
9947it [00:13, 775.53it/s]
10000it [00:13, 724.14it/s]
Experiment stage: Done
Results saved to:  /home/dzh/project/vdtuner/vector-db-benchmark-master/results
>>> [Step 5] 收尾工作...
    监控日志已保存。
📊 测试结果摘要:
0.40896000000000005
716.7614922250675
0.004139789915643629
line1:  0.004139789915643629
line1:  716.7614922250675
line1:  0.40896000000000005
numeric_values:  [0.004139789915643629, 716.7614922250675, 0.40896000000000005]
[45] 3904 0.40896000000000005 0.004139789915643629 91
/bin/sh: 1: Syntax error: "(" unexpected
/data/dzh/venv/lib/python3.10/site-packages/botorch/acquisition/multi_objective/monte_carlo.py:110: NumericsWarning: qExpectedHypervolumeImprovement has known numerical issues that lead to suboptimal optimization performance. It is strongly recommended to simply replace

	 qExpectedHypervolumeImprovement 	 --> 	 qLogExpectedHypervolumeImprovement 

instead, which fixes the issues and has the same API. See https://arxiv.org/abs/2310.20708 for details.
  legacy_ei_numerics_warning(legacy_name=type(self).__name__)
--- DEBUG: Starting command:---
=======================================
🛠️  开始测试流程
Engine: milvus-p10 | Dataset: random-geo-radius-2048-angular-no-filters
=======================================
>>> [Step 1] 启动后台监控...
    监控进程 PID: 641271
>>> [Step 2] 重置 Milvus...
 Container milvus-standalone  Stopping
 Container milvus-standalone  Stopped
 Container milvus-standalone  Removing
 Container milvus-standalone  Removed
 Container milvus-minio  Stopping
 Container milvus-etcd  Stopping
 Container milvus-etcd  Stopped
 Container milvus-etcd  Removing
 Container milvus-etcd  Removed
 Container milvus-minio  Stopped
 Container milvus-minio  Removing
 Container milvus-minio  Removed
 Network milvus  Removing
 Network milvus  Removed
    🧹 清理宿主机数据目录: /home/dzh/project/vdtuner/vector-db-benchmark-master/engine/servers/milvus-single-node/volumes
 Network milvus  Creating
 Network milvus  Created
 Container milvus-etcd  Creating
 Container milvus-minio  Creating
 Container milvus-etcd  Created
 Container milvus-minio  Created
 Container milvus-standalone  Creating
 Container milvus-standalone  Created
 Container milvus-etcd  Starting
 Container milvus-minio  Starting
 Container milvus-etcd  Started
 Container milvus-minio  Started
 Container milvus-standalone  Starting
 Container milvus-standalone  Started
>>> [Step 3] 等待服务启动 (90s)...
    等待中... (10s/120s)
    ✅ Milvus 服务已就绪
>>> [Step 4] 运行 Benchmark...
Running experiment: milvus-p10 - random-geo-radius-2048-angular-no-filters
established connection
/home/dzh/project/vdtuner/vector-db-benchmark-master/datasets/random-geo-radius-2048-angular/random_geo_100k_no_filters already exists
Experiment stage: Configure
Experiment stage: Upload

0it [00:00, ?it/s]
1it [00:01,  1.72s/it]
824it [00:01, 631.57it/s]
1309it [00:02, 965.44it/s]
1691it [00:02, 1217.24it/s]
2020it [00:02, 1398.63it/s]
2368it [00:02, 1706.88it/s]
2688it [00:02, 1937.21it/s]
2989it [00:02, 2120.48it/s]
3520it [00:02, 2795.83it/s]
4304it [00:02, 3990.62it/s]
5312it [00:02, 5510.87it/s]
6272it [00:03, 6589.43it/s]
7296it [00:03, 7543.15it/s]
8320it [00:03, 8238.84it/s]
9407it [00:03, 8986.97it/s]
10407it [00:03, 9279.42it/s]
11364it [00:03, 9253.62it/s]
12310it [00:03, 9261.75it/s]
13312it [00:03, 9422.03it/s]
14272it [00:03, 9409.54it/s]
15232it [00:03, 9462.31it/s]
16192it [00:04, 9495.56it/s]
17216it [00:04, 6342.96it/s]
18101it [00:04, 6886.23it/s]
19008it [00:04, 7375.40it/s]
19968it [00:04, 7908.89it/s]
20897it [00:04, 8272.27it/s]
21820it [00:04, 8533.69it/s]
22784it [00:04, 8746.37it/s]
23744it [00:05, 8932.73it/s]
24661it [00:05, 8778.12it/s]
25600it [00:05, 8900.03it/s]
26560it [00:05, 9031.82it/s]
27520it [00:05, 9098.43it/s]
28480it [00:05, 9157.28it/s]
29400it [00:05, 9030.61it/s]
30307it [00:05, 8947.48it/s]
31232it [00:05, 8976.63it/s]
32132it [00:06, 5744.19it/s]
33032it [00:06, 6430.65it/s]
33990it [00:06, 7159.65it/s]
34944it [00:06, 7701.59it/s]
35904it [00:06, 8134.90it/s]
36864it [00:06, 8501.21it/s]
37766it [00:06, 8574.99it/s]
38660it [00:06, 8297.88it/s]
39616it [00:06, 8535.54it/s]
40532it [00:07, 8711.39it/s]
41419it [00:07, 8741.66it/s]
42304it [00:07, 8655.55it/s]
43177it [00:07, 8530.52it/s]
44036it [00:07, 8468.40it/s]
44992it [00:07, 8730.71it/s]
45952it [00:07, 8863.50it/s]
46848it [00:07, 7268.59it/s]
47623it [00:07, 7348.43it/s]
48512it [00:08, 7741.53it/s]
49408it [00:08, 8032.89it/s]
50368it [00:08, 8371.48it/s]
51223it [00:08, 8163.49it/s]
52052it [00:08, 8005.63it/s]
52864it [00:08, 7932.50it/s]
53664it [00:08, 7899.88it/s]
54458it [00:08, 7727.24it/s]
55234it [00:08, 7644.66it/s]
56064it [00:09, 7789.94it/s]
56896it [00:09, 7846.10it/s]
57699it [00:09, 7898.89it/s]
58624it [00:09, 8281.84it/s]
59456it [00:09, 8242.71it/s]
60416it [00:09, 8557.47it/s]
61273it [00:09, 8353.43it/s]
62110it [00:09, 5226.06it/s]
62912it [00:10, 5743.92it/s]
63872it [00:10, 6597.25it/s]
64849it [00:10, 7368.30it/s]
65792it [00:10, 7861.07it/s]
66688it [00:10, 8132.40it/s]
67584it [00:10, 8293.78it/s]
68480it [00:10, 8431.20it/s]
69376it [00:10, 8578.25it/s]
70272it [00:10, 8674.69it/s]
71168it [00:10, 8753.29it/s]
72054it [00:11, 8776.73it/s]
72940it [00:11, 8763.24it/s]
73856it [00:11, 8822.53it/s]
74816it [00:11, 8937.54it/s]
75713it [00:11, 7299.85it/s]
76493it [00:11, 7082.74it/s]
77440it [00:11, 7619.54it/s]
78400it [00:11, 8040.67it/s]
79360it [00:12, 8351.31it/s]
80256it [00:12, 8433.06it/s]
81216it [00:12, 8638.30it/s]
82112it [00:12, 8659.80it/s]
83072it [00:12, 8790.30it/s]
83981it [00:12, 8875.85it/s]
84873it [00:12, 8805.87it/s]
85760it [00:12, 8740.49it/s]
86720it [00:12, 8870.45it/s]
87609it [00:12, 8755.26it/s]
88512it [00:13, 8737.70it/s]
89408it [00:13, 8797.07it/s]
90289it [00:13, 5643.99it/s]
91041it [00:13, 6041.64it/s]
91904it [00:13, 6609.99it/s]
92800it [00:13, 7120.53it/s]
93603it [00:13, 7355.76it/s]
94459it [00:13, 7681.39it/s]
95296it [00:14, 7782.89it/s]
96242it [00:14, 8256.48it/s]
97093it [00:14, 7903.23it/s]
97984it [00:14, 8152.68it/s]
98816it [00:14, 8186.66it/s]
99712it [00:14, 8348.42it/s]
100000it [00:14, 6850.29it/s]
Upload time: 14.984910144936293
Total import time: 46.028623922728
Experiment stage: Search

0it [00:00, ?it/s]
4it [00:00,  5.22it/s]
14it [00:00, 19.03it/s]
32it [00:01, 47.13it/s]
103it [00:01, 179.22it/s]
172it [00:01, 292.04it/s]
242it [00:01, 388.95it/s]
314it [00:01, 473.23it/s]
388it [00:01, 542.48it/s]
469it [00:01, 614.18it/s]
545it [00:01, 653.40it/s]
619it [00:01, 677.34it/s]
699it [00:01, 711.15it/s]
778it [00:02, 733.33it/s]
867it [00:02, 776.95it/s]
961it [00:02, 822.08it/s]
1045it [00:02, 811.34it/s]
1127it [00:02, 801.87it/s]
1208it [00:02, 690.32it/s]
1297it [00:02, 742.66it/s]
1393it [00:02, 800.89it/s]
1491it [00:02, 848.70it/s]
1580it [00:02, 859.80it/s]
1668it [00:03, 847.35it/s]
1758it [00:03, 860.03it/s]
1853it [00:03, 885.78it/s]
1943it [00:03, 885.50it/s]
2032it [00:03, 880.27it/s]
2122it [00:03, 883.16it/s]
2211it [00:03, 858.67it/s]
2298it [00:03, 831.66it/s]
2382it [00:03, 810.48it/s]
2464it [00:04, 804.37it/s]
2555it [00:04, 834.02it/s]
2639it [00:04, 818.81it/s]
2738it [00:04, 867.46it/s]
2826it [00:04, 836.18it/s]
2916it [00:04, 852.62it/s]
3008it [00:04, 871.93it/s]
3096it [00:04, 855.40it/s]
3196it [00:04, 896.41it/s]
3290it [00:04, 906.48it/s]
3386it [00:05, 921.11it/s]
3479it [00:05, 911.56it/s]
3571it [00:05, 908.67it/s]
3662it [00:05, 892.03it/s]
3752it [00:05, 893.89it/s]
3842it [00:05, 881.75it/s]
3931it [00:05, 866.02it/s]
4018it [00:05, 856.75it/s]
4104it [00:05, 823.88it/s]
4187it [00:06, 825.33it/s]
4279it [00:06, 850.67it/s]
4369it [00:06, 862.83it/s]
4456it [00:06, 827.97it/s]
4540it [00:06, 815.97it/s]
4622it [00:06, 801.29it/s]
4703it [00:06, 775.11it/s]
4788it [00:06, 794.84it/s]
4883it [00:06, 839.18it/s]
4968it [00:06, 839.56it/s]
5062it [00:07, 868.31it/s]
5150it [00:07, 860.69it/s]
5237it [00:07, 859.76it/s]
5324it [00:07, 860.34it/s]
5411it [00:07, 862.83it/s]
5498it [00:07, 863.78it/s]
5587it [00:07, 871.35it/s]
5679it [00:07, 883.85it/s]
5768it [00:07, 882.34it/s]
5858it [00:07, 886.60it/s]
5947it [00:08, 883.74it/s]
6036it [00:08, 875.09it/s]
6128it [00:08, 885.77it/s]
6217it [00:08, 801.52it/s]
6308it [00:08, 829.88it/s]
6401it [00:08, 857.72it/s]
6506it [00:08, 910.56it/s]
6598it [00:08, 851.98it/s]
6686it [00:08, 858.67it/s]
6773it [00:09, 845.60it/s]
6859it [00:09, 846.77it/s]
6945it [00:09, 816.26it/s]
7031it [00:09, 828.12it/s]
7123it [00:09, 852.87it/s]
7209it [00:09, 850.76it/s]
7295it [00:09, 849.41it/s]
7381it [00:09, 828.73it/s]
7465it [00:09, 814.20it/s]
7547it [00:09, 788.90it/s]
7627it [00:10, 771.89it/s]
7710it [00:10, 788.04it/s]
7790it [00:10, 782.33it/s]
7869it [00:10, 764.05it/s]
7949it [00:10, 773.34it/s]
8027it [00:10, 767.05it/s]
8104it [00:10, 767.23it/s]
8182it [00:10, 770.85it/s]
8260it [00:10, 764.84it/s]
8337it [00:11, 730.27it/s]
8420it [00:11, 753.80it/s]
8498it [00:11, 760.44it/s]
8582it [00:11, 783.31it/s]
8661it [00:11, 772.68it/s]
8739it [00:11, 756.07it/s]
8815it [00:11, 751.66it/s]
8895it [00:11, 764.92it/s]
8972it [00:11, 734.43it/s]
9051it [00:11, 742.82it/s]
9137it [00:12, 774.93it/s]
9232it [00:12, 825.10it/s]
9328it [00:12, 863.86it/s]
9426it [00:12, 896.80it/s]
9524it [00:12, 920.00it/s]
9617it [00:12, 882.18it/s]
9706it [00:12, 883.27it/s]
9795it [00:12, 867.48it/s]
9894it [00:12, 901.57it/s]
9985it [00:13, 899.00it/s]
10000it [00:13, 767.81it/s]
Experiment stage: Done
Results saved to:  /home/dzh/project/vdtuner/vector-db-benchmark-master/results
>>> [Step 5] 收尾工作...
    监控日志已保存。
📊 测试结果摘要:
0.38943
762.1920891625791
0.003942660172469914
line1:  0.003942660172469914
line1:  762.1920891625791
line1:  0.38943
numeric_values:  [0.003942660172469914, 762.1920891625791, 0.38943]
[46] 3995 0.38943 0.003942660172469914 91
/bin/sh: 1: Syntax error: "(" unexpected
/data/dzh/venv/lib/python3.10/site-packages/botorch/acquisition/multi_objective/monte_carlo.py:110: NumericsWarning: qExpectedHypervolumeImprovement has known numerical issues that lead to suboptimal optimization performance. It is strongly recommended to simply replace

	 qExpectedHypervolumeImprovement 	 --> 	 qLogExpectedHypervolumeImprovement 

instead, which fixes the issues and has the same API. See https://arxiv.org/abs/2310.20708 for details.
  legacy_ei_numerics_warning(legacy_name=type(self).__name__)
--- DEBUG: Starting command:---
=======================================
🛠️  开始测试流程
Engine: milvus-p10 | Dataset: random-geo-radius-2048-angular-no-filters
=======================================
>>> [Step 1] 启动后台监控...
    监控进程 PID: 661328
>>> [Step 2] 重置 Milvus...
 Container milvus-standalone  Stopping
 Container milvus-standalone  Stopped
 Container milvus-standalone  Removing
 Container milvus-standalone  Removed
 Container milvus-minio  Stopping
 Container milvus-etcd  Stopping
 Container milvus-etcd  Stopped
 Container milvus-etcd  Removing
 Container milvus-etcd  Removed
 Container milvus-minio  Stopped
 Container milvus-minio  Removing
 Container milvus-minio  Removed
 Network milvus  Removing
 Network milvus  Removed
    🧹 清理宿主机数据目录: /home/dzh/project/vdtuner/vector-db-benchmark-master/engine/servers/milvus-single-node/volumes
 Network milvus  Creating
 Network milvus  Created
 Container milvus-minio  Creating
 Container milvus-etcd  Creating
 Container milvus-etcd  Created
 Container milvus-minio  Created
 Container milvus-standalone  Creating
 Container milvus-standalone  Created
 Container milvus-etcd  Starting
 Container milvus-minio  Starting
 Container milvus-etcd  Started
 Container milvus-minio  Started
 Container milvus-standalone  Starting
 Container milvus-standalone  Started
>>> [Step 3] 等待服务启动 (90s)...
    等待中... (10s/120s)
    ✅ Milvus 服务已就绪
>>> [Step 4] 运行 Benchmark...
Running experiment: milvus-p10 - random-geo-radius-2048-angular-no-filters
established connection
/home/dzh/project/vdtuner/vector-db-benchmark-master/datasets/random-geo-radius-2048-angular/random_geo_100k_no_filters already exists
Experiment stage: Configure
Experiment stage: Upload

0it [00:00, ?it/s]
1it [00:00,  1.26it/s]
64it [00:00, 85.75it/s]
640it [00:01, 927.36it/s]
960it [00:01, 1292.38it/s]
1183it [00:01, 1452.59it/s]
1536it [00:01, 1888.37it/s]
1920it [00:01, 2278.42it/s]
2206it [00:01, 2270.00it/s]
2596it [00:01, 2673.46it/s]
3136it [00:01, 3326.11it/s]
3797it [00:02, 4186.60it/s]
4736it [00:02, 5562.21it/s]
5760it [00:02, 6799.14it/s]
6720it [00:02, 7535.53it/s]
7736it [00:02, 8288.14it/s]
8704it [00:02, 8659.88it/s]
9728it [00:02, 9085.34it/s]
10648it [00:02, 9088.64it/s]
11648it [00:02, 9242.27it/s]
12608it [00:02, 9288.12it/s]
13632it [00:03, 9489.39it/s]
14592it [00:03, 9450.65it/s]
15552it [00:03, 9357.77it/s]
16512it [00:03, 9427.42it/s]
17456it [00:03, 9395.73it/s]
18397it [00:03, 7217.87it/s]
19317it [00:03, 7702.97it/s]
20288it [00:03, 8162.20it/s]
21184it [00:03, 8334.07it/s]
22179it [00:04, 8780.30it/s]
23168it [00:04, 8931.26it/s]
24128it [00:04, 9072.65it/s]
25152it [00:04, 9347.53it/s]
26112it [00:04, 9337.13it/s]
27136it [00:04, 9527.27it/s]
28096it [00:04, 9539.03it/s]
29120it [00:04, 9614.66it/s]
30085it [00:04, 9428.10it/s]
31040it [00:04, 9439.46it/s]
32000it [00:05, 9436.88it/s]
32945it [00:05, 5580.78it/s]
33856it [00:05, 6254.70it/s]
34816it [00:05, 6959.23it/s]
35776it [00:05, 7510.43it/s]
36769it [00:05, 8120.57it/s]
37696it [00:05, 8399.11it/s]
38601it [00:06, 8367.70it/s]
39484it [00:06, 8237.38it/s]
40340it [00:06, 7961.91it/s]
41160it [00:06, 7753.24it/s]
41952it [00:06, 7784.39it/s]
42742it [00:06, 7796.17it/s]
43547it [00:06, 7868.48it/s]
44379it [00:06, 7998.41it/s]
45184it [00:06, 7747.62it/s]
46144it [00:06, 8195.73it/s]
46968it [00:07, 4539.87it/s]
47786it [00:07, 5217.20it/s]
48640it [00:07, 5903.30it/s]
49501it [00:07, 6526.94it/s]
50304it [00:07, 6894.84it/s]
51200it [00:07, 7375.59it/s]
52096it [00:07, 7749.69it/s]
53056it [00:08, 8199.09it/s]
54016it [00:08, 8561.82it/s]
54912it [00:08, 8626.43it/s]
55796it [00:08, 8660.43it/s]
56678it [00:08, 8618.94it/s]
57551it [00:08, 8411.12it/s]
58432it [00:08, 8489.89it/s]
59328it [00:08, 8572.64it/s]
60288it [00:08, 8746.22it/s]
61184it [00:09, 8722.86it/s]
62059it [00:09, 7614.97it/s]
62912it [00:09, 7851.36it/s]
63828it [00:09, 8212.00it/s]
64768it [00:09, 8426.63it/s]
65728it [00:09, 8599.78it/s]
66598it [00:09, 8432.18it/s]
67456it [00:09, 8460.69it/s]
68307it [00:09, 8226.83it/s]
69134it [00:10, 7867.04it/s]
69926it [00:10, 7684.21it/s]
70720it [00:10, 7700.64it/s]
71493it [00:10, 7557.26it/s]
72320it [00:10, 7664.01it/s]
73216it [00:10, 8027.25it/s]
74112it [00:10, 8224.46it/s]
75008it [00:10, 8376.05it/s]
75848it [00:10, 8283.19it/s]
76736it [00:10, 8432.76it/s]
77632it [00:11, 8524.71it/s]
78567it [00:11, 8766.89it/s]
79445it [00:11, 8637.50it/s]
80320it [00:11, 8643.02it/s]
81216it [00:11, 8651.51it/s]
82082it [00:11, 8600.39it/s]
82943it [00:11, 8545.65it/s]
83798it [00:11, 8520.82it/s]
84729it [00:11, 8753.77it/s]
85605it [00:11, 8715.00it/s]
86528it [00:12, 8764.45it/s]
87405it [00:12, 8488.96it/s]
88256it [00:12, 7931.36it/s]
89152it [00:12, 8171.48it/s]
89976it [00:12, 6218.30it/s]
90752it [00:12, 6562.91it/s]
91513it [00:12, 6825.38it/s]
92288it [00:12, 7008.42it/s]
93184it [00:13, 7448.45it/s]
94080it [00:13, 7864.78it/s]
94912it [00:13, 7897.35it/s]
95872it [00:13, 8260.50it/s]
96710it [00:13, 8199.16it/s]
97600it [00:13, 8339.50it/s]
98440it [00:13, 7986.61it/s]
99264it [00:13, 8048.00it/s]
100000it [00:13, 7227.65it/s]
Upload time: 14.410811888054013
Total import time: 44.83626361005008
Experiment stage: Search

0it [00:00, ?it/s]
4it [00:00,  5.21it/s]
14it [00:00, 19.20it/s]
31it [00:01, 45.46it/s]
104it [00:01, 182.39it/s]
192it [00:01, 337.38it/s]
273it [00:01, 450.19it/s]
364it [00:01, 566.86it/s]
453it [00:01, 652.43it/s]
541it [00:01, 711.91it/s]
634it [00:01, 771.69it/s]
720it [00:01, 795.26it/s]
811it [00:01, 828.00it/s]
902it [00:02, 850.28it/s]
992it [00:02, 862.76it/s]
1089it [00:02, 893.62it/s]
1182it [00:02, 902.81it/s]
1282it [00:02, 930.58it/s]
1382it [00:02, 947.95it/s]
1478it [00:02, 951.08it/s]
1574it [00:02, 782.39it/s]
1663it [00:02, 809.93it/s]
1758it [00:02, 847.06it/s]
1846it [00:03, 832.81it/s]
1932it [00:03, 812.58it/s]
2015it [00:03, 738.35it/s]
2098it [00:03, 761.82it/s]
2198it [00:03, 825.92it/s]
2293it [00:03, 858.68it/s]
2381it [00:03, 860.07it/s]
2476it [00:03, 885.44it/s]
2569it [00:03, 895.64it/s]
2660it [00:04, 883.52it/s]
2756it [00:04, 905.59it/s]
2853it [00:04, 923.97it/s]
2946it [00:04, 924.62it/s]
3039it [00:04, 896.93it/s]
3132it [00:04, 905.56it/s]
3230it [00:04, 924.65it/s]
3323it [00:04, 904.48it/s]
3414it [00:04, 899.02it/s]
3505it [00:04, 884.89it/s]
3594it [00:05, 885.11it/s]
3684it [00:05, 887.58it/s]
3773it [00:05, 885.41it/s]
3862it [00:05, 829.87it/s]
3947it [00:05, 834.36it/s]
4034it [00:05, 843.16it/s]
4119it [00:05, 830.30it/s]
4203it [00:05, 815.67it/s]
4299it [00:05, 856.77it/s]
4385it [00:06, 854.16it/s]
4471it [00:06, 837.10it/s]
4555it [00:06, 799.84it/s]
4641it [00:06, 816.06it/s]
4728it [00:06, 829.84it/s]
4821it [00:06, 857.17it/s]
4917it [00:06, 885.36it/s]
5016it [00:06, 916.18it/s]
5110it [00:06, 922.89it/s]
5203it [00:06, 905.28it/s]
5294it [00:07, 875.46it/s]
5382it [00:07, 872.94it/s]
5470it [00:07, 863.74it/s]
5563it [00:07, 881.11it/s]
5652it [00:07, 873.28it/s]
5746it [00:07, 891.43it/s]
5836it [00:07, 834.70it/s]
5921it [00:07, 832.26it/s]
6011it [00:07, 851.28it/s]
6100it [00:08, 861.67it/s]
6187it [00:08, 856.43it/s]
6275it [00:08, 861.74it/s]
6363it [00:08, 865.70it/s]
6450it [00:08, 841.74it/s]
6540it [00:08, 857.18it/s]
6636it [00:08, 886.51it/s]
6732it [00:08, 899.85it/s]
6823it [00:08, 884.74it/s]
6912it [00:08, 791.61it/s]
6993it [00:09, 731.41it/s]
7068it [00:09, 671.44it/s]
7141it [00:09, 685.40it/s]
7213it [00:09, 692.28it/s]
7290it [00:09, 713.37it/s]
7367it [00:09, 721.75it/s]
7448it [00:09, 665.49it/s]
7522it [00:09, 654.70it/s]
7589it [00:10, 558.63it/s]
7648it [00:10, 410.70it/s]
7696it [00:10, 419.90it/s]
7744it [00:10, 355.88it/s]
7818it [00:10, 434.86it/s]
7895it [00:10, 508.50it/s]
7967it [00:10, 557.85it/s]
8040it [00:11, 595.45it/s]
8121it [00:11, 651.93it/s]
8206it [00:11, 702.19it/s]
8286it [00:11, 729.08it/s]
8376it [00:11, 776.28it/s]
8456it [00:11, 772.84it/s]
8540it [00:11, 790.11it/s]
8631it [00:11, 822.29it/s]
8714it [00:11, 823.36it/s]
8797it [00:11, 817.83it/s]
8885it [00:12, 833.98it/s]
8969it [00:12, 827.88it/s]
9060it [00:12, 851.18it/s]
9146it [00:12, 844.91it/s]
9232it [00:12, 844.88it/s]
9317it [00:12, 836.50it/s]
9401it [00:12, 836.92it/s]
9485it [00:12, 808.26it/s]
9570it [00:12, 807.83it/s]
9660it [00:12, 833.59it/s]
9744it [00:13, 760.87it/s]
9832it [00:13, 791.60it/s]
9913it [00:13, 789.51it/s]
10000it [00:13, 744.27it/s]
Experiment stage: Done
Results saved to:  /home/dzh/project/vdtuner/vector-db-benchmark-master/results
>>> [Step 5] 收尾工作...
    监控日志已保存。
📊 测试结果摘要:
0.41236000000000006
739.3311696595138
0.004063531639985739
line1:  0.004063531639985739
line1:  739.3311696595138
line1:  0.41236000000000006
numeric_values:  [0.004063531639985739, 739.3311696595138, 0.41236000000000006]
[47] 4089 0.41236000000000006 0.004063531639985739 93
/bin/sh: 1: Syntax error: "(" unexpected
/data/dzh/venv/lib/python3.10/site-packages/botorch/acquisition/multi_objective/monte_carlo.py:110: NumericsWarning: qExpectedHypervolumeImprovement has known numerical issues that lead to suboptimal optimization performance. It is strongly recommended to simply replace

	 qExpectedHypervolumeImprovement 	 --> 	 qLogExpectedHypervolumeImprovement 

instead, which fixes the issues and has the same API. See https://arxiv.org/abs/2310.20708 for details.
  legacy_ei_numerics_warning(legacy_name=type(self).__name__)
--- DEBUG: Starting command:---
=======================================
🛠️  开始测试流程
Engine: milvus-p10 | Dataset: random-geo-radius-2048-angular-no-filters
=======================================
>>> [Step 1] 启动后台监控...
    监控进程 PID: 681209
>>> [Step 2] 重置 Milvus...
 Container milvus-standalone  Stopping
 Container milvus-standalone  Stopped
 Container milvus-standalone  Removing
 Container milvus-standalone  Removed
 Container milvus-minio  Stopping
 Container milvus-etcd  Stopping
 Container milvus-etcd  Stopped
 Container milvus-etcd  Removing
 Container milvus-etcd  Removed
 Container milvus-minio  Stopped
 Container milvus-minio  Removing
 Container milvus-minio  Removed
 Network milvus  Removing
 Network milvus  Removed
    🧹 清理宿主机数据目录: /home/dzh/project/vdtuner/vector-db-benchmark-master/engine/servers/milvus-single-node/volumes
 Network milvus  Creating
 Network milvus  Created
 Container milvus-etcd  Creating
 Container milvus-minio  Creating
 Container milvus-etcd  Created
 Container milvus-minio  Created
 Container milvus-standalone  Creating
 Container milvus-standalone  Created
 Container milvus-minio  Starting
 Container milvus-etcd  Starting
 Container milvus-minio  Started
 Container milvus-etcd  Started
 Container milvus-standalone  Starting
 Container milvus-standalone  Started
>>> [Step 3] 等待服务启动 (90s)...
    等待中... (10s/120s)
    ✅ Milvus 服务已就绪
>>> [Step 4] 运行 Benchmark...
Running experiment: milvus-p10 - random-geo-radius-2048-angular-no-filters
established connection
/home/dzh/project/vdtuner/vector-db-benchmark-master/datasets/random-geo-radius-2048-angular/random_geo_100k_no_filters already exists
Experiment stage: Configure
Experiment stage: Upload

0it [00:00, ?it/s]
1it [00:00,  1.46it/s]
64it [00:00, 84.02it/s]
640it [00:01, 973.62it/s]
896it [00:01, 1212.56it/s]
1344it [00:01, 1767.32it/s]
1621it [00:01, 1909.87it/s]
1920it [00:01, 2127.72it/s]
2304it [00:01, 2511.72it/s]
2752it [00:01, 2904.80it/s]
3081it [00:01, 2986.34it/s]
3648it [00:01, 3691.63it/s]
4352it [00:02, 4563.36it/s]
5184it [00:02, 5590.01it/s]
6144it [00:02, 6703.51it/s]
7232it [00:02, 7865.48it/s]
8203it [00:02, 8401.59it/s]
9152it [00:02, 8719.36it/s]
10036it [00:02, 8674.82it/s]
10944it [00:02, 8758.36it/s]
11908it [00:02, 9018.65it/s]
12928it [00:02, 9311.02it/s]
13888it [00:03, 9279.76it/s]
14848it [00:03, 9352.45it/s]
15886it [00:03, 9656.14it/s]
16854it [00:03, 6246.84it/s]
17761it [00:03, 6854.34it/s]
18624it [00:03, 7258.83it/s]
19584it [00:03, 7821.43it/s]
20536it [00:03, 8268.57it/s]
21466it [00:04, 8550.15it/s]
22400it [00:04, 8693.08it/s]
23424it [00:04, 9002.95it/s]
24349it [00:04, 9029.37it/s]
25344it [00:04, 9175.53it/s]
26344it [00:04, 9413.78it/s]
27295it [00:04, 9397.42it/s]
28288it [00:04, 9382.16it/s]
29312it [00:04, 9484.02it/s]
30272it [00:05, 9495.98it/s]
31254it [00:05, 9590.81it/s]
32215it [00:05, 5770.01it/s]
33216it [00:05, 6565.36it/s]
34176it [00:05, 7170.04it/s]
35136it [00:05, 7682.16it/s]
36032it [00:05, 7962.71it/s]
36928it [00:05, 8206.16it/s]
37952it [00:06, 8572.39it/s]
38942it [00:06, 8939.42it/s]
39869it [00:06, 8736.19it/s]
40865it [00:06, 9070.70it/s]
41856it [00:06, 9197.25it/s]
42789it [00:06, 9143.51it/s]
43713it [00:06, 9003.08it/s]
44620it [00:06, 8938.97it/s]
45632it [00:06, 9182.04it/s]
46656it [00:06, 9441.09it/s]
47603it [00:07, 6907.10it/s]
48453it [00:07, 7279.25it/s]
49344it [00:07, 7614.80it/s]
50304it [00:07, 8083.13it/s]
51264it [00:07, 8450.76it/s]
52216it [00:07, 8747.67it/s]
53120it [00:07, 8802.71it/s]
54080it [00:07, 8936.44it/s]
54988it [00:08, 8798.76it/s]
55879it [00:08, 8355.81it/s]
56726it [00:08, 8301.86it/s]
57600it [00:08, 8373.73it/s]
58496it [00:08, 8528.41it/s]
59354it [00:08, 8512.96it/s]
60209it [00:08, 8504.89it/s]
61062it [00:08, 8445.35it/s]
61909it [00:09, 5656.05it/s]
62848it [00:09, 6409.73it/s]
63744it [00:09, 6942.31it/s]
64704it [00:09, 7524.31it/s]
65664it [00:09, 7961.38it/s]
66624it [00:09, 8352.28it/s]
67584it [00:09, 8599.19it/s]
68475it [00:09, 8660.33it/s]
69364it [00:09, 8725.52it/s]
70253it [00:09, 8690.98it/s]
71133it [00:10, 8566.81it/s]
71998it [00:10, 8428.33it/s]
72869it [00:10, 8509.24it/s]
73725it [00:10, 8463.20it/s]
74575it [00:10, 8402.27it/s]
75575it [00:10, 8870.45it/s]
76465it [00:10, 6900.36it/s]
77312it [00:10, 7213.90it/s]
78144it [00:10, 7466.21it/s]
78976it [00:11, 7693.35it/s]
79872it [00:11, 7983.60it/s]
80704it [00:11, 8051.32it/s]
81600it [00:11, 8214.51it/s]
82524it [00:11, 8509.90it/s]
83392it [00:11, 8521.29it/s]
84288it [00:11, 8604.25it/s]
85234it [00:11, 8855.15it/s]
86124it [00:11, 8734.14it/s]
87001it [00:12, 8681.92it/s]
87872it [00:12, 8597.72it/s]
88826it [00:12, 8873.58it/s]
89715it [00:12, 8820.57it/s]
90624it [00:12, 8789.12it/s]
91504it [00:12, 7316.48it/s]
92352it [00:12, 7538.98it/s]
93277it [00:12, 7997.27it/s]
94144it [00:12, 8170.87it/s]
95040it [00:12, 8360.73it/s]
95970it [00:13, 8629.82it/s]
96845it [00:13, 8482.59it/s]
97702it [00:13, 8388.32it/s]
98547it [00:13, 8389.77it/s]
99455it [00:13, 8591.31it/s]
100000it [00:13, 7368.29it/s]
Upload time: 13.978501750621945
Total import time: 43.79168905178085
Experiment stage: Search

0it [00:00, ?it/s]
4it [00:00,  5.22it/s]
14it [00:00, 17.60it/s]
53it [00:01, 78.68it/s]
129it [00:01, 207.08it/s]
200it [00:01, 311.50it/s]
274it [00:01, 410.66it/s]
355it [00:01, 509.13it/s]
425it [00:01, 557.37it/s]
492it [00:01, 585.07it/s]
559it [00:01, 583.15it/s]
656it [00:01, 688.12it/s]
750it [00:01, 757.14it/s]
830it [00:02, 751.89it/s]
923it [00:02, 802.50it/s]
1006it [00:02, 800.04it/s]
1102it [00:02, 845.08it/s]
1189it [00:02, 851.76it/s]
1276it [00:02, 852.00it/s]
1363it [00:02, 855.21it/s]
1449it [00:02, 822.31it/s]
1532it [00:02, 778.32it/s]
1611it [00:03, 727.61it/s]
1707it [00:03, 790.48it/s]
1807it [00:03, 848.54it/s]
1900it [00:03, 871.30it/s]
2000it [00:03, 906.76it/s]
2100it [00:03, 931.52it/s]
2196it [00:03, 938.23it/s]
2291it [00:03, 932.09it/s]
2385it [00:03, 932.24it/s]
2479it [00:03, 931.07it/s]
2573it [00:04, 860.32it/s]
2661it [00:04, 812.71it/s]
2744it [00:04, 801.89it/s]
2838it [00:04, 837.68it/s]
2945it [00:04, 901.25it/s]
3043it [00:04, 922.58it/s]
3139it [00:04, 932.54it/s]
3235it [00:04, 939.60it/s]
3332it [00:04, 948.06it/s]
3428it [00:05, 884.61it/s]
3523it [00:05, 901.42it/s]
3614it [00:05, 893.84it/s]
3704it [00:05, 861.28it/s]
3791it [00:05, 856.28it/s]
3878it [00:05, 815.12it/s]
3961it [00:05, 805.05it/s]
4042it [00:05, 778.58it/s]
4128it [00:05, 800.01it/s]
4209it [00:06, 789.98it/s]
4301it [00:06, 825.95it/s]
4384it [00:06, 822.79it/s]
4472it [00:06, 839.00it/s]
4566it [00:06, 868.58it/s]
4654it [00:06, 867.59it/s]
4748it [00:06, 888.69it/s]
4837it [00:06, 849.58it/s]
4932it [00:06, 877.45it/s]
5021it [00:06, 840.31it/s]
5114it [00:07, 865.22it/s]
5208it [00:07, 885.43it/s]
5310it [00:07, 923.44it/s]
5403it [00:07, 924.93it/s]
5496it [00:07, 887.67it/s]
5586it [00:07, 890.42it/s]
5676it [00:07, 866.59it/s]
5763it [00:07, 848.01it/s]
5849it [00:07, 831.23it/s]
5933it [00:08, 815.47it/s]
6015it [00:08, 793.47it/s]
6097it [00:08, 799.86it/s]
6179it [00:08, 805.60it/s]
6260it [00:08, 764.16it/s]
6341it [00:08, 775.93it/s]
6426it [00:08, 795.87it/s]
6511it [00:08, 811.23it/s]
6599it [00:08, 829.73it/s]
6683it [00:08, 824.19it/s]
6776it [00:09, 854.29it/s]
6862it [00:09, 845.16it/s]
6947it [00:09, 817.14it/s]
7041it [00:09, 852.38it/s]
7143it [00:09, 899.61it/s]
7234it [00:09, 821.11it/s]
7318it [00:09, 753.20it/s]
7402it [00:09, 773.25it/s]
7482it [00:09, 779.51it/s]
7562it [00:10, 784.97it/s]
7645it [00:10, 795.93it/s]
7747it [00:10, 859.20it/s]
7840it [00:10, 879.14it/s]
7932it [00:10, 889.74it/s]
8022it [00:10, 884.01it/s]
8111it [00:10, 866.96it/s]
8198it [00:10, 859.92it/s]
8285it [00:10, 852.42it/s]
8371it [00:10, 841.23it/s]
8459it [00:11, 850.30it/s]
8545it [00:11, 839.37it/s]
8632it [00:11, 846.56it/s]
8717it [00:11, 810.40it/s]
8805it [00:11, 829.66it/s]
8889it [00:11, 822.92it/s]
8972it [00:11, 730.61it/s]
9055it [00:11, 757.06it/s]
9145it [00:11, 795.61it/s]
9227it [00:12, 764.26it/s]
9305it [00:12, 764.56it/s]
9388it [00:12, 782.67it/s]
9477it [00:12, 812.20it/s]
9559it [00:12, 756.63it/s]
9636it [00:12, 704.53it/s]
9716it [00:12, 722.32it/s]
9794it [00:12, 737.12it/s]
9880it [00:12, 770.56it/s]
9971it [00:13, 809.60it/s]
10000it [00:13, 766.16it/s]
Experiment stage: Done
Results saved to:  /home/dzh/project/vdtuner/vector-db-benchmark-master/results
>>> [Step 5] 收尾工作...
    监控日志已保存。
📊 测试结果摘要:
0.39352
759.3700861534558
0.004088135622441768
line1:  0.004088135622441768
line1:  759.3700861534558
line1:  0.39352
numeric_values:  [0.004088135622441768, 759.3700861534558, 0.39352]
[48] 4179 0.39352 0.004088135622441768 89
/bin/sh: 1: Syntax error: "(" unexpected
/data/dzh/venv/lib/python3.10/site-packages/botorch/acquisition/multi_objective/monte_carlo.py:110: NumericsWarning: qExpectedHypervolumeImprovement has known numerical issues that lead to suboptimal optimization performance. It is strongly recommended to simply replace

	 qExpectedHypervolumeImprovement 	 --> 	 qLogExpectedHypervolumeImprovement 

instead, which fixes the issues and has the same API. See https://arxiv.org/abs/2310.20708 for details.
  legacy_ei_numerics_warning(legacy_name=type(self).__name__)
--- DEBUG: Starting command:---
=======================================
🛠️  开始测试流程
Engine: milvus-p10 | Dataset: random-geo-radius-2048-angular-no-filters
=======================================
>>> [Step 1] 启动后台监控...
    监控进程 PID: 701078
>>> [Step 2] 重置 Milvus...
 Container milvus-standalone  Stopping
 Container milvus-standalone  Stopped
 Container milvus-standalone  Removing
 Container milvus-standalone  Removed
 Container milvus-minio  Stopping
 Container milvus-etcd  Stopping
 Container milvus-etcd  Stopped
 Container milvus-etcd  Removing
 Container milvus-etcd  Removed
 Container milvus-minio  Stopped
 Container milvus-minio  Removing
 Container milvus-minio  Removed
 Network milvus  Removing
 Network milvus  Removed
    🧹 清理宿主机数据目录: /home/dzh/project/vdtuner/vector-db-benchmark-master/engine/servers/milvus-single-node/volumes
 Network milvus  Creating
 Network milvus  Created
 Container milvus-etcd  Creating
 Container milvus-minio  Creating
 Container milvus-minio  Created
 Container milvus-etcd  Created
 Container milvus-standalone  Creating
 Container milvus-standalone  Created
 Container milvus-minio  Starting
 Container milvus-etcd  Starting
 Container milvus-minio  Started
 Container milvus-etcd  Started
 Container milvus-standalone  Starting
 Container milvus-standalone  Started
>>> [Step 3] 等待服务启动 (90s)...
    等待中... (10s/120s)
    ✅ Milvus 服务已就绪
>>> [Step 4] 运行 Benchmark...
Running experiment: milvus-p10 - random-geo-radius-2048-angular-no-filters
established connection
/home/dzh/project/vdtuner/vector-db-benchmark-master/datasets/random-geo-radius-2048-angular/random_geo_100k_no_filters already exists
Experiment stage: Configure
Experiment stage: Upload

0it [00:00, ?it/s]
1it [00:00,  1.32it/s]
64it [00:01, 82.06it/s]
576it [00:01, 864.26it/s]
896it [00:01, 1158.97it/s]
1301it [00:01, 1705.81it/s]
1664it [00:01, 2070.19it/s]
1967it [00:01, 2197.45it/s]
2255it [00:01, 2000.46it/s]
2620it [00:01, 2370.65it/s]
3136it [00:01, 3021.49it/s]
4096it [00:02, 4697.67it/s]
5095it [00:02, 6112.68it/s]
6021it [00:02, 6982.10it/s]
7104it [00:02, 7981.74it/s]
8064it [00:02, 8400.73it/s]
9024it [00:02, 8724.48it/s]
9984it [00:02, 8957.64it/s]
11008it [00:02, 9193.73it/s]
12032it [00:02, 9384.99it/s]
13056it [00:02, 9519.54it/s]
14016it [00:03, 9463.70it/s]
15040it [00:03, 9590.20it/s]
16064it [00:03, 9702.02it/s]
17088it [00:03, 9824.54it/s]
18072it [00:03, 7434.46it/s]
18997it [00:03, 7863.16it/s]
20007it [00:03, 8435.95it/s]
20992it [00:03, 8795.30it/s]
22016it [00:04, 9058.89it/s]
22976it [00:04, 9168.82it/s]
23967it [00:04, 9379.59it/s]
24923it [00:04, 9070.35it/s]
25845it [00:04, 9028.38it/s]
26816it [00:04, 9122.10it/s]
27753it [00:04, 9192.23it/s]
28736it [00:04, 9345.02it/s]
29696it [00:04, 9358.99it/s]
30656it [00:04, 9396.44it/s]
31598it [00:05, 7656.37it/s]
32512it [00:05, 7973.36it/s]
33472it [00:05, 8302.78it/s]
34432it [00:05, 8578.86it/s]
35331it [00:05, 8693.13it/s]
36257it [00:05, 8844.55it/s]
37184it [00:05, 8957.28it/s]
38144it [00:05, 9008.40it/s]
39104it [00:05, 9067.04it/s]
40064it [00:06, 9184.31it/s]
40987it [00:06, 9131.40it/s]
41920it [00:06, 9186.65it/s]
42857it [00:06, 9240.70it/s]
43783it [00:06, 9063.73it/s]
44736it [00:06, 9069.45it/s]
45645it [00:06, 8959.10it/s]
46542it [00:06, 8319.06it/s]
47424it [00:06, 8417.81it/s]
48320it [00:06, 8519.91it/s]
49265it [00:07, 8786.74it/s]
50149it [00:07, 8799.46it/s]
51072it [00:07, 8885.07it/s]
51998it [00:07, 8994.87it/s]
52900it [00:07, 8755.53it/s]
53779it [00:07, 8708.51it/s]
54652it [00:07, 8636.49it/s]
55517it [00:07, 8317.92it/s]
56384it [00:07, 8332.12it/s]
57220it [00:08, 8338.50it/s]
58112it [00:08, 8491.36it/s]
59072it [00:08, 8712.29it/s]
59968it [00:08, 5924.40it/s]
60800it [00:08, 6402.63it/s]
61760it [00:08, 7109.44it/s]
62720it [00:08, 7708.52it/s]
63616it [00:08, 7977.75it/s]
64576it [00:09, 8320.00it/s]
65536it [00:09, 8562.30it/s]
66421it [00:09, 8608.04it/s]
67302it [00:09, 8544.27it/s]
68171it [00:09, 8537.08it/s]
69120it [00:09, 8717.02it/s]
69999it [00:09, 8618.96it/s]
70866it [00:09, 8355.20it/s]
71744it [00:09, 8471.62it/s]
72704it [00:09, 8762.78it/s]
73664it [00:10, 8946.84it/s]
74562it [00:10, 7605.00it/s]
75456it [00:10, 7913.93it/s]
76416it [00:10, 8295.07it/s]
77332it [00:10, 8534.71it/s]
78216it [00:10, 8620.97it/s]
79133it [00:10, 8778.95it/s]
80058it [00:10, 8889.37it/s]
80955it [00:10, 8769.73it/s]
81851it [00:11, 8825.19it/s]
82738it [00:11, 8780.25it/s]
83619it [00:11, 8749.97it/s]
84496it [00:11, 8555.75it/s]
85376it [00:11, 8615.05it/s]
86336it [00:11, 8783.25it/s]
87216it [00:11, 8633.62it/s]
88081it [00:11, 8186.74it/s]
88905it [00:11, 6269.17it/s]
89664it [00:12, 6529.26it/s]
90560it [00:12, 7066.28it/s]
91516it [00:12, 7718.48it/s]
92353it [00:12, 7894.05it/s]
93184it [00:12, 7971.25it/s]
94017it [00:12, 8071.15it/s]
94912it [00:12, 8298.40it/s]
95754it [00:12, 8324.33it/s]
96640it [00:12, 8355.12it/s]
97600it [00:12, 8585.94it/s]
98496it [00:13, 8654.60it/s]
99392it [00:13, 8627.23it/s]
100000it [00:13, 7517.12it/s]
Upload time: 13.888165708631277
Total import time: 43.908275038935244
Experiment stage: Search

0it [00:00, ?it/s]
4it [00:00,  5.25it/s]
14it [00:00, 19.64it/s]
29it [00:00, 42.04it/s]
103it [00:01, 181.15it/s]
189it [00:01, 330.99it/s]
273it [00:01, 452.32it/s]
362it [00:01, 563.03it/s]
455it [00:01, 659.30it/s]
538it [00:01, 705.19it/s]
635it [00:01, 778.43it/s]
726it [00:01, 814.97it/s]
827it [00:01, 870.50it/s]
928it [00:02, 910.68it/s]
1022it [00:02, 879.98it/s]
1117it [00:02, 892.82it/s]
1210it [00:02, 902.81it/s]
1307it [00:02, 922.29it/s]
1404it [00:02, 934.25it/s]
1499it [00:02, 924.74it/s]
1592it [00:02, 912.84it/s]
1690it [00:02, 931.10it/s]
1784it [00:02, 912.11it/s]
1877it [00:03, 916.03it/s]
1969it [00:03, 914.88it/s]
2067it [00:03, 932.12it/s]
2161it [00:03, 934.06it/s]
2259it [00:03, 944.47it/s]
2354it [00:03, 929.94it/s]
2448it [00:03, 920.49it/s]
2542it [00:03, 924.69it/s]
2635it [00:03, 921.92it/s]
2728it [00:03, 896.48it/s]
2818it [00:04, 846.56it/s]
2904it [00:04, 809.29it/s]
2986it [00:04, 783.50it/s]
3079it [00:04, 822.11it/s]
3170it [00:04, 845.95it/s]
3256it [00:04, 804.86it/s]
3348it [00:04, 835.01it/s]
3434it [00:04, 838.84it/s]
3529it [00:04, 866.23it/s]
3624it [00:05, 888.71it/s]
3715it [00:05, 894.66it/s]
3810it [00:05, 910.62it/s]
3909it [00:05, 932.85it/s]
4003it [00:05, 913.02it/s]
4098it [00:05, 922.67it/s]
4193it [00:05, 927.32it/s]
4292it [00:05, 944.33it/s]
4393it [00:05, 963.37it/s]
4490it [00:05, 920.62it/s]
4583it [00:06, 917.39it/s]
4676it [00:06, 905.11it/s]
4767it [00:06, 896.07it/s]
4857it [00:06, 891.45it/s]
4947it [00:06, 869.32it/s]
5036it [00:06, 873.67it/s]
5124it [00:06, 850.70it/s]
5210it [00:06, 851.96it/s]
5298it [00:06, 859.86it/s]
5385it [00:07, 792.94it/s]
5476it [00:07, 821.85it/s]
5568it [00:07, 849.61it/s]
5662it [00:07, 874.57it/s]
5751it [00:07, 868.99it/s]
5839it [00:07, 870.30it/s]
5935it [00:07, 895.78it/s]
6026it [00:07, 898.12it/s]
6117it [00:07, 890.12it/s]
6209it [00:07, 898.18it/s]
6299it [00:08, 895.99it/s]
6393it [00:08, 906.36it/s]
6490it [00:08, 923.72it/s]
6583it [00:08, 916.88it/s]
6675it [00:08, 893.90it/s]
6768it [00:08, 901.96it/s]
6859it [00:08, 860.74it/s]
6949it [00:08, 868.84it/s]
7037it [00:08, 838.03it/s]
7130it [00:08, 862.03it/s]
7217it [00:09, 860.08it/s]
7305it [00:09, 864.34it/s]
7392it [00:09, 854.14it/s]
7478it [00:09, 822.92it/s]
7561it [00:09, 803.80it/s]
7657it [00:09, 845.39it/s]
7742it [00:09, 846.18it/s]
7827it [00:09, 808.38it/s]
7910it [00:09, 812.02it/s]
7992it [00:10, 777.66it/s]
8071it [00:10, 757.09it/s]
8172it [00:10, 826.76it/s]
8260it [00:10, 841.42it/s]
8345it [00:10, 833.91it/s]
8445it [00:10, 880.80it/s]
8534it [00:10, 837.23it/s]
8619it [00:10, 815.25it/s]
8713it [00:10, 847.35it/s]
8799it [00:11, 807.03it/s]
8884it [00:11, 818.16it/s]
8968it [00:11, 824.31it/s]
9056it [00:11, 837.97it/s]
9149it [00:11, 862.24it/s]
9242it [00:11, 880.49it/s]
9333it [00:11, 884.06it/s]
9422it [00:11, 874.79it/s]
9511it [00:11, 874.94it/s]
9599it [00:11, 874.31it/s]
9687it [00:12, 871.61it/s]
9776it [00:12, 875.34it/s]
9865it [00:12, 877.22it/s]
9953it [00:12, 857.28it/s]
10000it [00:12, 806.04it/s]
Experiment stage: Done
Results saved to:  /home/dzh/project/vdtuner/vector-db-benchmark-master/results
>>> [Step 5] 收尾工作...
    监控日志已保存。
📊 测试结果摘要:
0.38093
799.5416657637563
0.003938847640529274
line1:  0.003938847640529274
line1:  799.5416657637563
line1:  0.38093
numeric_values:  [0.003938847640529274, 799.5416657637563, 0.38093]
[49] 4269 0.38093 0.003938847640529274 89
/bin/sh: 1: Syntax error: "(" unexpected
/data/dzh/venv/lib/python3.10/site-packages/botorch/acquisition/multi_objective/monte_carlo.py:110: NumericsWarning: qExpectedHypervolumeImprovement has known numerical issues that lead to suboptimal optimization performance. It is strongly recommended to simply replace

	 qExpectedHypervolumeImprovement 	 --> 	 qLogExpectedHypervolumeImprovement 

instead, which fixes the issues and has the same API. See https://arxiv.org/abs/2310.20708 for details.
  legacy_ei_numerics_warning(legacy_name=type(self).__name__)
--- DEBUG: Starting command:---
=======================================
🛠️  开始测试流程
Engine: milvus-p10 | Dataset: random-geo-radius-2048-angular-no-filters
=======================================
>>> [Step 1] 启动后台监控...
    监控进程 PID: 719689
>>> [Step 2] 重置 Milvus...
 Container milvus-standalone  Stopping
 Container milvus-standalone  Stopped
 Container milvus-standalone  Removing
 Container milvus-standalone  Removed
 Container milvus-etcd  Stopping
 Container milvus-minio  Stopping
 Container milvus-etcd  Stopped
 Container milvus-etcd  Removing
 Container milvus-etcd  Removed
 Container milvus-minio  Stopped
 Container milvus-minio  Removing
 Container milvus-minio  Removed
 Network milvus  Removing
 Network milvus  Removed
    🧹 清理宿主机数据目录: /home/dzh/project/vdtuner/vector-db-benchmark-master/engine/servers/milvus-single-node/volumes
 Network milvus  Creating
 Network milvus  Created
 Container milvus-etcd  Creating
 Container milvus-minio  Creating
 Container milvus-etcd  Created
 Container milvus-minio  Created
 Container milvus-standalone  Creating
 Container milvus-standalone  Created
 Container milvus-etcd  Starting
 Container milvus-minio  Starting
 Container milvus-etcd  Started
 Container milvus-minio  Started
 Container milvus-standalone  Starting
 Container milvus-standalone  Started
>>> [Step 3] 等待服务启动 (90s)...
    等待中... (10s/120s)
    ✅ Milvus 服务已就绪
>>> [Step 4] 运行 Benchmark...
Running experiment: milvus-p10 - random-geo-radius-2048-angular-no-filters
established connection
/home/dzh/project/vdtuner/vector-db-benchmark-master/datasets/random-geo-radius-2048-angular/random_geo_100k_no_filters already exists
Experiment stage: Configure
Experiment stage: Upload

0it [00:00, ?it/s]
1it [00:00,  1.57it/s]
64it [00:00, 80.01it/s]
704it [00:01, 1030.91it/s]
984it [00:01, 1225.59it/s]
1225it [00:01, 1292.19it/s]
1432it [00:01, 1429.81it/s]
1792it [00:01, 1846.82it/s]
2048it [00:01, 1984.21it/s]
2432it [00:01, 2322.56it/s]
2880it [00:01, 2816.72it/s]
3712it [00:02, 4223.83it/s]
4608it [00:02, 5483.73it/s]
5632it [00:02, 6768.93it/s]
6617it [00:02, 7640.05it/s]
7616it [00:02, 8300.15it/s]
8576it [00:02, 8560.67it/s]
9600it [00:02, 8933.31it/s]
10624it [00:02, 9264.40it/s]
11561it [00:02, 9180.81it/s]
12608it [00:02, 9404.90it/s]
13568it [00:03, 9441.60it/s]
14528it [00:03, 9485.38it/s]
15488it [00:03, 9497.33it/s]
16440it [00:03, 6298.57it/s]
17326it [00:03, 6859.24it/s]
18240it [00:03, 7311.41it/s]
19200it [00:03, 7855.05it/s]
20096it [00:03, 8137.51it/s]
21056it [00:04, 8438.39it/s]
21949it [00:04, 8574.34it/s]
22860it [00:04, 8726.41it/s]
23808it [00:04, 8855.63it/s]
24710it [00:04, 8884.04it/s]
25621it [00:04, 8949.82it/s]
26524it [00:04, 8961.87it/s]
27426it [00:04, 8738.02it/s]
28305it [00:04, 8708.54it/s]
29248it [00:04, 8891.65it/s]
30208it [00:05, 9020.24it/s]
31168it [00:05, 6755.64it/s]
31931it [00:05, 6687.55it/s]
32768it [00:05, 7074.77it/s]
33687it [00:05, 7621.04it/s]
34530it [00:05, 7838.70it/s]
35456it [00:05, 8146.95it/s]
36352it [00:05, 8271.10it/s]
37312it [00:06, 8555.08it/s]
38208it [00:06, 8598.67it/s]
39078it [00:06, 8624.19it/s]
39948it [00:06, 8441.48it/s]
40798it [00:06, 8028.12it/s]
41728it [00:06, 8254.15it/s]
42560it [00:06, 8230.44it/s]
43456it [00:06, 8429.91it/s]
44352it [00:06, 8467.07it/s]
45248it [00:06, 8608.71it/s]
46144it [00:07, 8704.89it/s]
47017it [00:07, 5702.17it/s]
47872it [00:07, 6255.56it/s]
48768it [00:07, 6800.99it/s]
49664it [00:07, 7295.79it/s]
50503it [00:07, 7580.99it/s]
51392it [00:07, 7891.37it/s]
52224it [00:07, 7959.55it/s]
53056it [00:08, 7949.91it/s]
53888it [00:08, 7983.97it/s]
54784it [00:08, 8242.74it/s]
55654it [00:08, 8374.53it/s]
56500it [00:08, 8349.16it/s]
57344it [00:08, 8305.49it/s]
58240it [00:08, 8456.30it/s]
59136it [00:08, 8554.09it/s]
60096it [00:08, 8725.11it/s]
60970it [00:09, 5440.15it/s]
61824it [00:09, 6013.57it/s]
62784it [00:09, 6775.36it/s]
63680it [00:09, 7252.12it/s]
64640it [00:09, 7752.88it/s]
65536it [00:09, 8040.67it/s]
66409it [00:09, 8229.03it/s]
67270it [00:09, 8258.77it/s]
68161it [00:10, 8443.36it/s]
69056it [00:10, 8559.91it/s]
69952it [00:10, 8539.46it/s]
70848it [00:10, 8632.11it/s]
71744it [00:10, 8603.37it/s]
72640it [00:10, 8666.56it/s]
73529it [00:10, 8731.69it/s]
74406it [00:10, 8742.83it/s]
75283it [00:10, 8438.84it/s]
76131it [00:11, 7606.07it/s]
76992it [00:11, 7871.22it/s]
77888it [00:11, 8120.63it/s]
78804it [00:11, 8415.18it/s]
79680it [00:11, 8489.33it/s]
80576it [00:11, 8548.92it/s]
81472it [00:11, 8593.44it/s]
82368it [00:11, 8583.83it/s]
83264it [00:11, 8561.97it/s]
84160it [00:11, 8597.35it/s]
85056it [00:12, 8577.38it/s]
85952it [00:12, 8660.31it/s]
86848it [00:12, 8713.57it/s]
87755it [00:12, 8818.17it/s]
88638it [00:12, 8594.02it/s]
89499it [00:12, 8139.53it/s]
90319it [00:12, 5563.53it/s]
91184it [00:12, 6229.22it/s]
92032it [00:13, 6730.67it/s]
92943it [00:13, 7327.94it/s]
93843it [00:13, 7769.15it/s]
94720it [00:13, 7966.19it/s]
95648it [00:13, 8332.75it/s]
96531it [00:13, 8473.56it/s]
97408it [00:13, 8558.73it/s]
98280it [00:13, 8341.14it/s]
99155it [00:13, 8458.89it/s]
100000it [00:13, 7172.89it/s]
Upload time: 14.343894890975207
Total import time: 44.15876308595762
Experiment stage: Search

0it [00:00, ?it/s]
4it [00:00,  5.01it/s]
14it [00:00, 18.29it/s]
48it [00:01, 72.78it/s]
128it [00:01, 214.31it/s]
207it [00:01, 339.38it/s]
283it [00:01, 438.99it/s]
361it [00:01, 523.66it/s]
440it [00:01, 593.45it/s]
525it [00:01, 662.34it/s]
614it [00:01, 723.85it/s]
702it [00:01, 768.02it/s]
784it [00:01, 774.57it/s]
865it [00:02, 768.30it/s]
949it [00:02, 787.99it/s]
1039it [00:02, 818.83it/s]
1123it [00:02, 823.44it/s]
1218it [00:02, 856.34it/s]
1305it [00:02, 816.02it/s]
1394it [00:02, 835.80it/s]
1489it [00:02, 868.26it/s]
1583it [00:02, 887.99it/s]
1673it [00:02, 883.40it/s]
1762it [00:03, 881.49it/s]
1851it [00:03, 867.00it/s]
1953it [00:03, 911.50it/s]
2053it [00:03, 937.37it/s]
2149it [00:03, 943.07it/s]
2244it [00:03, 943.87it/s]
2339it [00:03, 878.30it/s]
2439it [00:03, 912.07it/s]
2536it [00:03, 927.76it/s]
2630it [00:04, 914.26it/s]
2722it [00:04, 881.92it/s]
2811it [00:04, 884.17it/s]
2900it [00:04, 869.90it/s]
2988it [00:04, 861.40it/s]
3075it [00:04, 863.19it/s]
3162it [00:04, 734.54it/s]
3239it [00:04, 724.96it/s]
3330it [00:04, 773.45it/s]
3414it [00:05, 791.43it/s]
3514it [00:05, 849.52it/s]
3612it [00:05, 885.98it/s]
3712it [00:05, 917.84it/s]
3815it [00:05, 949.49it/s]
3912it [00:05, 953.13it/s]
4013it [00:05, 969.15it/s]
4112it [00:05, 973.82it/s]
4210it [00:05, 944.88it/s]
4305it [00:05, 907.93it/s]
4397it [00:06, 909.78it/s]
4489it [00:06, 897.59it/s]
4580it [00:06, 865.78it/s]
4667it [00:06, 854.00it/s]
4760it [00:06, 874.83it/s]
4848it [00:06, 864.13it/s]
4935it [00:06, 841.58it/s]
5020it [00:06, 807.34it/s]
5102it [00:06, 782.51it/s]
5193it [00:07, 814.72it/s]
5275it [00:07, 788.43it/s]
5355it [00:07, 785.87it/s]
5434it [00:07, 754.46it/s]
5527it [00:07, 803.48it/s]
5628it [00:07, 862.02it/s]
5719it [00:07, 873.95it/s]
5807it [00:07, 858.39it/s]
5894it [00:07, 813.38it/s]
5987it [00:07, 844.61it/s]
6073it [00:08, 844.00it/s]
6158it [00:08, 809.16it/s]
6240it [00:08, 794.26it/s]
6323it [00:08, 801.68it/s]
6404it [00:08, 758.86it/s]
6482it [00:08, 763.03it/s]
6580it [00:08, 823.22it/s]
6673it [00:08, 852.57it/s]
6775it [00:08, 899.58it/s]
6868it [00:09, 906.92it/s]
6960it [00:09, 887.74it/s]
7050it [00:09, 884.94it/s]
7139it [00:09, 886.19it/s]
7242it [00:09, 925.32it/s]
7335it [00:09, 914.11it/s]
7437it [00:09, 944.77it/s]
7540it [00:09, 968.29it/s]
7637it [00:09, 960.48it/s]
7734it [00:09, 947.03it/s]
7829it [00:10, 926.35it/s]
7922it [00:10, 923.47it/s]
8015it [00:10, 879.69it/s]
8104it [00:10, 878.73it/s]
8193it [00:10, 873.15it/s]
8281it [00:10, 848.83it/s]
8367it [00:10, 769.25it/s]
8456it [00:10, 797.32it/s]
8537it [00:10, 789.67it/s]
8622it [00:11, 805.68it/s]
8718it [00:11, 849.51it/s]
8822it [00:11, 903.37it/s]
8913it [00:11, 793.08it/s]
9007it [00:11, 832.36it/s]
9094it [00:11, 841.69it/s]
9180it [00:11, 836.36it/s]
9267it [00:11, 843.82it/s]
9357it [00:11, 859.60it/s]
9447it [00:12, 869.15it/s]
9537it [00:12, 876.22it/s]
9628it [00:12, 883.88it/s]
9717it [00:12, 867.27it/s]
9804it [00:12, 833.91it/s]
9888it [00:12, 816.64it/s]
9970it [00:12, 764.50it/s]
10000it [00:12, 787.10it/s]
Experiment stage: Done
Results saved to:  /home/dzh/project/vdtuner/vector-db-benchmark-master/results
>>> [Step 5] 收尾工作...
    监控日志已保存。
📊 测试结果摘要:
0.3811
781.8011051583363
0.004020779998973011
line1:  0.004020779998973011
line1:  781.8011051583363
line1:  0.3811
numeric_values:  [0.004020779998973011, 781.8011051583363, 0.3811]
[50] 4358 0.3811 0.004020779998973011 89
/bin/sh: 1: Syntax error: "(" unexpected
/data/dzh/venv/lib/python3.10/site-packages/botorch/acquisition/multi_objective/monte_carlo.py:110: NumericsWarning: qExpectedHypervolumeImprovement has known numerical issues that lead to suboptimal optimization performance. It is strongly recommended to simply replace

	 qExpectedHypervolumeImprovement 	 --> 	 qLogExpectedHypervolumeImprovement 

instead, which fixes the issues and has the same API. See https://arxiv.org/abs/2310.20708 for details.
  legacy_ei_numerics_warning(legacy_name=type(self).__name__)
--- DEBUG: Starting command:---
=======================================
🛠️  开始测试流程
Engine: milvus-p10 | Dataset: random-geo-radius-2048-angular-no-filters
=======================================
>>> [Step 1] 启动后台监控...
    监控进程 PID: 739111
>>> [Step 2] 重置 Milvus...
 Container milvus-standalone  Stopping
 Container milvus-standalone  Stopped
 Container milvus-standalone  Removing
 Container milvus-standalone  Removed
 Container milvus-minio  Stopping
 Container milvus-etcd  Stopping
 Container milvus-etcd  Stopped
 Container milvus-etcd  Removing
 Container milvus-etcd  Removed
 Container milvus-minio  Stopped
 Container milvus-minio  Removing
 Container milvus-minio  Removed
 Network milvus  Removing
 Network milvus  Removed
    🧹 清理宿主机数据目录: /home/dzh/project/vdtuner/vector-db-benchmark-master/engine/servers/milvus-single-node/volumes
 Network milvus  Creating
 Network milvus  Created
 Container milvus-etcd  Creating
 Container milvus-minio  Creating
 Container milvus-minio  Created
 Container milvus-etcd  Created
 Container milvus-standalone  Creating
 Container milvus-standalone  Created
 Container milvus-minio  Starting
 Container milvus-etcd  Starting
 Container milvus-minio  Started
 Container milvus-etcd  Started
 Container milvus-standalone  Starting
 Container milvus-standalone  Started
>>> [Step 3] 等待服务启动 (90s)...
    等待中... (10s/120s)
    ✅ Milvus 服务已就绪
>>> [Step 4] 运行 Benchmark...
Running experiment: milvus-p10 - random-geo-radius-2048-angular-no-filters
established connection
/home/dzh/project/vdtuner/vector-db-benchmark-master/datasets/random-geo-radius-2048-angular/random_geo_100k_no_filters already exists
Experiment stage: Configure
Experiment stage: Upload

0it [00:00, ?it/s]
1it [00:00,  1.68it/s]
64it [00:00, 80.07it/s]
384it [00:01, 541.59it/s]
640it [00:01, 892.48it/s]
1152it [00:01, 1666.41it/s]
1472it [00:01, 1917.69it/s]
1740it [00:01, 1788.41it/s]
2176it [00:01, 2331.52it/s]
2496it [00:01, 2489.34it/s]
2880it [00:01, 2740.72it/s]
3455it [00:02, 3511.22it/s]
4288it [00:02, 4769.61it/s]
5314it [00:02, 6281.17it/s]
6272it [00:02, 7121.35it/s]
7365it [00:02, 8205.70it/s]
8405it [00:02, 8839.84it/s]
9408it [00:02, 9140.89it/s]
10432it [00:02, 9349.91it/s]
11448it [00:02, 9586.53it/s]
12416it [00:02, 9349.93it/s]
13417it [00:03, 9541.59it/s]
14377it [00:03, 9531.13it/s]
15335it [00:03, 9493.35it/s]
16288it [00:03, 9439.30it/s]
17234it [00:03, 7559.75it/s]
18112it [00:03, 7855.71it/s]
19051it [00:03, 8261.35it/s]
19968it [00:03, 8506.53it/s]
20992it [00:03, 8839.18it/s]
21952it [00:04, 9046.60it/s]
23019it [00:04, 9513.29it/s]
23984it [00:04, 9370.72it/s]
24931it [00:04, 9349.04it/s]
25873it [00:04, 9005.37it/s]
26816it [00:04, 9115.61it/s]
27776it [00:04, 9241.05it/s]
28736it [00:04, 9255.07it/s]
29665it [00:04, 9264.47it/s]
30656it [00:04, 9336.76it/s]
31680it [00:05, 9486.71it/s]
32630it [00:05, 6415.96it/s]
33536it [00:05, 6996.22it/s]
34496it [00:05, 7549.63it/s]
35489it [00:05, 8146.20it/s]
36480it [00:05, 8511.75it/s]
37440it [00:05, 8782.70it/s]
38395it [00:05, 8996.88it/s]
39326it [00:06, 8880.89it/s]
40256it [00:06, 8865.07it/s]
41158it [00:06, 8637.60it/s]
42112it [00:06, 8803.64it/s]
43008it [00:06, 8761.27it/s]
43968it [00:06, 8911.96it/s]
44864it [00:06, 8889.50it/s]
45824it [00:06, 8959.14it/s]
46722it [00:07, 6548.97it/s]
47629it [00:07, 7135.39it/s]
48512it [00:07, 7516.92it/s]
49408it [00:07, 7885.03it/s]
50304it [00:07, 8167.99it/s]
51200it [00:07, 8350.17it/s]
52160it [00:07, 8652.88it/s]
53062it [00:07, 8757.48it/s]
53953it [00:07, 8705.44it/s]
54834it [00:07, 8699.88it/s]
55712it [00:08, 8109.22it/s]
56536it [00:08, 7513.10it/s]
57303it [00:08, 7486.78it/s]
58063it [00:08, 7264.30it/s]
58880it [00:08, 7450.81it/s]
59712it [00:08, 7630.02it/s]
60608it [00:08, 7903.23it/s]
61403it [00:08, 6582.59it/s]
62336it [00:08, 7242.18it/s]
63296it [00:09, 7785.71it/s]
64192it [00:09, 8050.73it/s]
65036it [00:09, 8158.63it/s]
65984it [00:09, 8496.03it/s]
66880it [00:09, 8514.11it/s]
67742it [00:09, 8418.41it/s]
68636it [00:09, 8568.97it/s]
69568it [00:09, 8670.10it/s]
70439it [00:09, 8663.64it/s]
71308it [00:10, 8453.56it/s]
72256it [00:10, 8625.37it/s]
73121it [00:10, 8432.79it/s]
73985it [00:10, 8491.10it/s]
74880it [00:10, 8569.97it/s]
75739it [00:10, 6723.67it/s]
76672it [00:10, 7312.80it/s]
77632it [00:10, 7794.55it/s]
78527it [00:10, 8103.12it/s]
79372it [00:11, 8160.27it/s]
80320it [00:11, 8430.90it/s]
81280it [00:11, 8703.31it/s]
82176it [00:11, 8661.38it/s]
83052it [00:11, 8687.66it/s]
83928it [00:11, 8625.25it/s]
84796it [00:11, 8584.65it/s]
85658it [00:11, 8557.32it/s]
86516it [00:11, 8440.89it/s]
87362it [00:11, 8273.47it/s]
88192it [00:12, 8134.80it/s]
89024it [00:12, 8064.30it/s]
89856it [00:12, 8137.25it/s]
90688it [00:12, 8106.24it/s]
91500it [00:12, 5379.22it/s]
92416it [00:12, 6145.23it/s]
93312it [00:12, 6720.64it/s]
94216it [00:12, 7298.02it/s]
95104it [00:13, 7656.65it/s]
95936it [00:13, 7714.59it/s]
96748it [00:13, 7586.95it/s]
97536it [00:13, 7667.68it/s]
98323it [00:13, 7619.72it/s]
99200it [00:13, 7872.70it/s]
100000it [00:13, 7299.83it/s]
Upload time: 14.100124659948051
Total import time: 44.11787678813562
Experiment stage: Search

0it [00:00, ?it/s]
4it [00:00,  5.24it/s]
14it [00:00, 18.79it/s]
30it [00:01, 43.21it/s]
89it [00:01, 151.61it/s]
171it [00:01, 298.68it/s]
247it [00:01, 408.05it/s]
314it [00:01, 474.28it/s]
390it [00:01, 550.05it/s]
469it [00:01, 615.71it/s]
563it [00:01, 705.05it/s]
655it [00:01, 766.00it/s]
747it [00:01, 809.95it/s]
845it [00:02, 856.51it/s]
935it [00:02, 868.80it/s]
1026it [00:02, 879.28it/s]
1117it [00:02, 886.49it/s]
1207it [00:02, 884.94it/s]
1297it [00:02, 879.82it/s]
1386it [00:02, 869.56it/s]
1474it [00:02, 872.05it/s]
1569it [00:02, 893.23it/s]
1659it [00:02, 879.11it/s]
1757it [00:03, 908.06it/s]
1852it [00:03, 919.38it/s]
1945it [00:03, 890.02it/s]
2037it [00:03, 898.08it/s]
2128it [00:03, 876.64it/s]
2224it [00:03, 899.12it/s]
2315it [00:03, 894.28it/s]
2406it [00:03, 898.76it/s]
2497it [00:03, 895.57it/s]
2588it [00:03, 899.64it/s]
2679it [00:04, 882.08it/s]
2768it [00:04, 878.16it/s]
2856it [00:04, 871.54it/s]
2945it [00:04, 872.59it/s]
3033it [00:04, 866.90it/s]
3129it [00:04, 892.08it/s]
3225it [00:04, 911.79it/s]
3318it [00:04, 914.73it/s]
3410it [00:04, 910.79it/s]
3502it [00:04, 899.45it/s]
3592it [00:05, 817.88it/s]
3685it [00:05, 846.58it/s]
3787it [00:05, 894.41it/s]
3878it [00:05, 894.09it/s]
3969it [00:05, 743.70it/s]
4058it [00:05, 779.09it/s]
4149it [00:05, 813.98it/s]
4237it [00:05, 829.69it/s]
4338it [00:06, 879.03it/s]
4437it [00:06, 910.26it/s]
4533it [00:06, 923.67it/s]
4627it [00:06, 911.63it/s]
4721it [00:06, 915.69it/s]
4815it [00:06, 921.08it/s]
4909it [00:06, 921.15it/s]
5002it [00:06, 923.29it/s]
5095it [00:06, 905.17it/s]
5191it [00:06, 919.24it/s]
5284it [00:07, 885.06it/s]
5385it [00:07, 919.13it/s]
5478it [00:07, 908.21it/s]
5572it [00:07, 915.93it/s]
5676it [00:07, 949.22it/s]
5779it [00:07, 972.65it/s]
5877it [00:07, 963.18it/s]
5974it [00:07, 948.83it/s]
6070it [00:07, 937.07it/s]
6167it [00:07, 946.03it/s]
6262it [00:08, 941.82it/s]
6360it [00:08, 950.52it/s]
6456it [00:08, 923.08it/s]
6553it [00:08, 931.34it/s]
6647it [00:08, 926.23it/s]
6740it [00:08, 909.01it/s]
6832it [00:08, 907.60it/s]
6923it [00:08, 839.38it/s]
7008it [00:09, 614.86it/s]
7079it [00:09, 514.11it/s]
7139it [00:09, 482.41it/s]
7203it [00:09, 487.98it/s]
7256it [00:09, 461.65it/s]
7323it [00:09, 508.49it/s]
7378it [00:09, 500.55it/s]
7434it [00:09, 506.18it/s]
7487it [00:10, 488.46it/s]
7587it [00:10, 619.59it/s]
7681it [00:10, 705.78it/s]
7772it [00:10, 762.41it/s]
7861it [00:10, 798.52it/s]
7959it [00:10, 850.73it/s]
8060it [00:10, 896.96it/s]
8163it [00:10, 935.69it/s]
8263it [00:10, 952.98it/s]
8359it [00:11, 876.90it/s]
8449it [00:11, 874.82it/s]
8546it [00:11, 900.67it/s]
8651it [00:11, 943.01it/s]
8747it [00:11, 944.47it/s]
8848it [00:11, 961.47it/s]
8945it [00:11, 955.66it/s]
9041it [00:11, 946.04it/s]
9146it [00:11, 975.76it/s]
9244it [00:11, 942.26it/s]
9339it [00:12, 928.48it/s]
9434it [00:12, 934.55it/s]
9530it [00:12, 938.91it/s]
9625it [00:12, 935.30it/s]
9719it [00:12, 910.85it/s]
9812it [00:12, 914.68it/s]
9904it [00:12, 911.54it/s]
9997it [00:12, 915.55it/s]
10000it [00:12, 781.63it/s]
Experiment stage: Done
Results saved to:  /home/dzh/project/vdtuner/vector-db-benchmark-master/results
>>> [Step 5] 收尾工作...
    监控日志已保存。
📊 测试结果摘要:
0.36573
776.044199474235
0.004160894150845706
line1:  0.004160894150845706
line1:  776.044199474235
line1:  0.36573
numeric_values:  [0.004160894150845706, 776.044199474235, 0.36573]
[51] 4448 0.36573 0.004160894150845706 89
/bin/sh: 1: Syntax error: "(" unexpected
/data/dzh/venv/lib/python3.10/site-packages/botorch/acquisition/multi_objective/monte_carlo.py:110: NumericsWarning: qExpectedHypervolumeImprovement has known numerical issues that lead to suboptimal optimization performance. It is strongly recommended to simply replace

	 qExpectedHypervolumeImprovement 	 --> 	 qLogExpectedHypervolumeImprovement 

instead, which fixes the issues and has the same API. See https://arxiv.org/abs/2310.20708 for details.
  legacy_ei_numerics_warning(legacy_name=type(self).__name__)
--- DEBUG: Starting command:---
=======================================
🛠️  开始测试流程
Engine: milvus-p10 | Dataset: random-geo-radius-2048-angular-no-filters
=======================================
>>> [Step 1] 启动后台监控...
    监控进程 PID: 758470
>>> [Step 2] 重置 Milvus...
 Container milvus-standalone  Stopping
 Container milvus-standalone  Stopped
 Container milvus-standalone  Removing
 Container milvus-standalone  Removed
 Container milvus-etcd  Stopping
 Container milvus-minio  Stopping
 Container milvus-etcd  Stopped
 Container milvus-etcd  Removing
 Container milvus-etcd  Removed
 Container milvus-minio  Stopped
 Container milvus-minio  Removing
 Container milvus-minio  Removed
 Network milvus  Removing
 Network milvus  Removed
    🧹 清理宿主机数据目录: /home/dzh/project/vdtuner/vector-db-benchmark-master/engine/servers/milvus-single-node/volumes
 Network milvus  Creating
 Network milvus  Created
 Container milvus-minio  Creating
 Container milvus-etcd  Creating
 Container milvus-etcd  Created
 Container milvus-minio  Created
 Container milvus-standalone  Creating
 Container milvus-standalone  Created
 Container milvus-minio  Starting
 Container milvus-etcd  Starting
 Container milvus-etcd  Started
 Container milvus-minio  Started
 Container milvus-standalone  Starting
 Container milvus-standalone  Started
>>> [Step 3] 等待服务启动 (90s)...
    等待中... (10s/120s)
    ✅ Milvus 服务已就绪
>>> [Step 4] 运行 Benchmark...
Running experiment: milvus-p10 - random-geo-radius-2048-angular-no-filters
established connection
/home/dzh/project/vdtuner/vector-db-benchmark-master/datasets/random-geo-radius-2048-angular/random_geo_100k_no_filters already exists
Experiment stage: Configure
Experiment stage: Upload

0it [00:00, ?it/s]
1it [00:01,  1.87s/it]
768it [00:01, 544.64it/s]
1216it [00:02, 871.43it/s]
1602it [00:02, 1107.28it/s]
1920it [00:02, 1260.33it/s]
2240it [00:02, 1531.40it/s]
2624it [00:02, 1849.29it/s]
3079it [00:02, 2359.97it/s]
4032it [00:02, 3848.89it/s]
4992it [00:02, 5169.58it/s]
6016it [00:03, 6392.46it/s]
7040it [00:03, 7380.28it/s]
8064it [00:03, 8083.19it/s]
9024it [00:03, 8440.51it/s]
10048it [00:03, 8864.82it/s]
11008it [00:03, 9058.31it/s]
12032it [00:03, 9344.40it/s]
13056it [00:03, 9481.26it/s]
14020it [00:03, 9169.90it/s]
15012it [00:04, 9383.98it/s]
16000it [00:04, 9456.50it/s]
16960it [00:04, 7325.44it/s]
17770it [00:04, 7314.85it/s]
18689it [00:04, 7787.33it/s]
19648it [00:04, 8264.47it/s]
20608it [00:04, 8539.81it/s]
21562it [00:04, 8819.07it/s]
22528it [00:04, 8947.87it/s]
23488it [00:05, 9002.51it/s]
24448it [00:05, 9093.10it/s]
25408it [00:05, 9208.06it/s]
26335it [00:05, 9166.39it/s]
27264it [00:05, 9084.74it/s]
28288it [00:05, 9318.24it/s]
29248it [00:05, 9333.36it/s]
30208it [00:05, 9349.73it/s]
31218it [00:05, 9569.02it/s]
32177it [00:06, 7712.50it/s]
33088it [00:06, 7962.94it/s]
34068it [00:06, 8446.86it/s]
35008it [00:06, 8668.64it/s]
35968it [00:06, 8818.84it/s]
36888it [00:06, 8926.24it/s]
37796it [00:06, 8792.15it/s]
38686it [00:06, 8815.30it/s]
39616it [00:06, 8847.10it/s]
40512it [00:06, 8872.29it/s]
41465it [00:07, 9065.06it/s]
42375it [00:07, 8973.22it/s]
43275it [00:07, 8955.63it/s]
44224it [00:07, 9000.84it/s]
45184it [00:07, 9061.80it/s]
46091it [00:07, 8232.91it/s]
46986it [00:07, 8429.93it/s]
47978it [00:07, 8850.28it/s]
48896it [00:07, 8879.80it/s]
49856it [00:08, 9009.01it/s]
50763it [00:08, 9003.05it/s]
51675it [00:08, 9036.53it/s]
52582it [00:08, 8561.62it/s]
53445it [00:08, 8210.77it/s]
54273it [00:08, 8158.59it/s]
55097it [00:08, 8180.88it/s]
55936it [00:08, 8122.56it/s]
56896it [00:08, 8504.39it/s]
57831it [00:08, 8750.36it/s]
58709it [00:09, 8680.57it/s]
59648it [00:09, 8794.64it/s]
60529it [00:09, 8767.83it/s]
61407it [00:09, 8022.72it/s]
62336it [00:09, 8293.27it/s]
63291it [00:09, 8647.40it/s]
64165it [00:09, 8550.27it/s]
65053it [00:09, 8645.06it/s]
65923it [00:09, 8614.69it/s]
66788it [00:10, 8557.17it/s]
67648it [00:10, 8438.12it/s]
68544it [00:10, 8470.66it/s]
69393it [00:10, 8384.12it/s]
70325it [00:10, 8656.95it/s]
71193it [00:10, 8654.72it/s]
72128it [00:10, 8751.07it/s]
73088it [00:10, 8983.74it/s]
74048it [00:10, 9068.47it/s]
75008it [00:10, 9122.94it/s]
75921it [00:11, 6938.39it/s]
76736it [00:11, 7227.25it/s]
77571it [00:11, 7514.85it/s]
78464it [00:11, 7749.87it/s]
79424it [00:11, 8213.33it/s]
80274it [00:11, 8243.04it/s]
81210it [00:11, 8560.45it/s]
82082it [00:11, 8530.04it/s]
82946it [00:11, 8556.79it/s]
83840it [00:12, 8660.04it/s]
84736it [00:12, 8726.11it/s]
85696it [00:12, 8868.22it/s]
86592it [00:12, 8891.59it/s]
87488it [00:12, 8910.22it/s]
88384it [00:12, 8822.67it/s]
89344it [00:12, 8995.62it/s]
90304it [00:12, 9070.43it/s]
91212it [00:12, 7277.69it/s]
92160it [00:13, 7788.68it/s]
93056it [00:13, 7994.70it/s]
93952it [00:13, 8122.82it/s]
94790it [00:13, 8137.62it/s]
95690it [00:13, 8379.85it/s]
96640it [00:13, 8610.10it/s]
97536it [00:13, 8665.27it/s]
98432it [00:13, 8621.18it/s]
99300it [00:13, 8305.12it/s]
100000it [00:14, 7138.85it/s]
Upload time: 14.573417062871158
Total import time: 44.79564571008086
Experiment stage: Search

0it [00:00, ?it/s]
4it [00:00,  5.24it/s]
14it [00:00, 19.59it/s]
32it [00:00, 47.93it/s]
68it [00:01, 110.83it/s]
159it [00:01, 289.67it/s]
245it [00:01, 427.68it/s]
337it [00:01, 553.95it/s]
427it [00:01, 644.52it/s]
519it [00:01, 719.49it/s]
614it [00:01, 784.48it/s]
700it [00:01, 753.95it/s]
781it [00:01, 757.48it/s]
865it [00:02, 778.17it/s]
946it [00:02, 758.68it/s]
1024it [00:02, 739.50it/s]
1121it [00:02, 802.84it/s]
1211it [00:02, 829.04it/s]
1295it [00:02, 822.17it/s]
1378it [00:02, 818.15it/s]
1461it [00:02, 773.58it/s]
1542it [00:02, 782.83it/s]
1629it [00:02, 807.73it/s]
1715it [00:03, 820.44it/s]
1816it [00:03, 874.30it/s]
1918it [00:03, 915.98it/s]
2012it [00:03, 922.39it/s]
2105it [00:03, 904.93it/s]
2196it [00:03, 855.17it/s]
2283it [00:03, 856.40it/s]
2379it [00:03, 884.84it/s]
2481it [00:03, 922.71it/s]
2574it [00:04, 836.90it/s]
2667it [00:04, 860.65it/s]
2757it [00:04, 869.43it/s]
2853it [00:04, 890.39it/s]
2943it [00:04, 885.63it/s]
3033it [00:04, 876.23it/s]
3122it [00:04, 877.33it/s]
3211it [00:04, 827.91it/s]
3307it [00:04, 863.56it/s]
3395it [00:04, 867.10it/s]
3489it [00:05, 885.86it/s]
3583it [00:05, 899.18it/s]
3674it [00:05, 894.52it/s]
3769it [00:05, 908.15it/s]
3867it [00:05, 927.42it/s]
3960it [00:05, 916.69it/s]
4054it [00:05, 918.94it/s]
4146it [00:05, 898.38it/s]
4236it [00:05, 896.41it/s]
4329it [00:06, 903.75it/s]
4420it [00:06, 889.64it/s]
4519it [00:06, 916.99it/s]
4612it [00:06, 919.21it/s]
4706it [00:06, 920.71it/s]
4799it [00:06, 860.87it/s]
4903it [00:06, 910.79it/s]
5004it [00:06, 938.29it/s]
5099it [00:06, 923.40it/s]
5192it [00:06, 886.90it/s]
5282it [00:07, 873.69it/s]
5370it [00:07, 861.96it/s]
5459it [00:07, 866.80it/s]
5546it [00:07, 831.37it/s]
5637it [00:07, 846.10it/s]
5722it [00:07, 825.92it/s]
5805it [00:07, 777.34it/s]
5884it [00:07, 762.96it/s]
5963it [00:07, 768.54it/s]
6042it [00:08, 774.63it/s]
6134it [00:08, 815.62it/s]
6236it [00:08, 874.93it/s]
6324it [00:08, 851.70it/s]
6417it [00:08, 874.05it/s]
6510it [00:08, 889.57it/s]
6600it [00:08, 882.81it/s]
6691it [00:08, 888.67it/s]
6781it [00:08, 871.63it/s]
6869it [00:08, 863.37it/s]
6956it [00:09, 844.12it/s]
7055it [00:09, 886.17it/s]
7152it [00:09, 909.27it/s]
7244it [00:09, 893.35it/s]
7334it [00:09, 862.63it/s]
7433it [00:09, 898.34it/s]
7524it [00:09, 887.55it/s]
7615it [00:09, 891.08it/s]
7705it [00:09, 879.39it/s]
7799it [00:10, 895.11it/s]
7889it [00:10, 858.12it/s]
7976it [00:10, 861.06it/s]
8063it [00:10, 855.32it/s]
8149it [00:10, 856.63it/s]
8246it [00:10, 889.90it/s]
8336it [00:10, 851.65it/s]
8422it [00:10, 845.82it/s]
8514it [00:10, 865.13it/s]
8603it [00:10, 871.62it/s]
8691it [00:11, 863.12it/s]
8778it [00:11, 848.21it/s]
8867it [00:11, 857.36it/s]
8957it [00:11, 868.18it/s]
9044it [00:11, 860.01it/s]
9131it [00:11, 590.69it/s]
9202it [00:11, 506.25it/s]
9263it [00:12, 473.75it/s]
9317it [00:12, 316.03it/s]
9397it [00:12, 394.77it/s]
9481it [00:12, 478.72it/s]
9566it [00:12, 557.22it/s]
9651it [00:12, 624.87it/s]
9740it [00:12, 690.56it/s]
9830it [00:13, 643.82it/s]
9902it [00:13, 503.47it/s]
9980it [00:13, 561.32it/s]
10000it [00:13, 743.57it/s]
Experiment stage: Done
Results saved to:  /home/dzh/project/vdtuner/vector-db-benchmark-master/results
>>> [Step 5] 收尾工作...
    监控日志已保存。
📊 测试结果摘要:
0.39513000000000004
735.7789534858395
0.0042585890972986805
line1:  0.0042585890972986805
line1:  735.7789534858395
line1:  0.39513000000000004
numeric_values:  [0.0042585890972986805, 735.7789534858395, 0.39513000000000004]
[52] 4540 0.39513000000000004 0.0042585890972986805 91
/bin/sh: 1: Syntax error: "(" unexpected
/data/dzh/venv/lib/python3.10/site-packages/botorch/acquisition/multi_objective/monte_carlo.py:110: NumericsWarning: qExpectedHypervolumeImprovement has known numerical issues that lead to suboptimal optimization performance. It is strongly recommended to simply replace

	 qExpectedHypervolumeImprovement 	 --> 	 qLogExpectedHypervolumeImprovement 

instead, which fixes the issues and has the same API. See https://arxiv.org/abs/2310.20708 for details.
  legacy_ei_numerics_warning(legacy_name=type(self).__name__)
--- DEBUG: Starting command:---
=======================================
🛠️  开始测试流程
Engine: milvus-p10 | Dataset: random-geo-radius-2048-angular-no-filters
=======================================
>>> [Step 1] 启动后台监控...
    监控进程 PID: 778171
>>> [Step 2] 重置 Milvus...
 Container milvus-standalone  Stopping
 Container milvus-standalone  Stopped
 Container milvus-standalone  Removing
 Container milvus-standalone  Removed
 Container milvus-minio  Stopping
 Container milvus-etcd  Stopping
 Container milvus-etcd  Stopped
 Container milvus-etcd  Removing
 Container milvus-etcd  Removed
 Container milvus-minio  Stopped
 Container milvus-minio  Removing
 Container milvus-minio  Removed
 Network milvus  Removing
 Network milvus  Removed
    🧹 清理宿主机数据目录: /home/dzh/project/vdtuner/vector-db-benchmark-master/engine/servers/milvus-single-node/volumes
 Network milvus  Creating
 Network milvus  Created
 Container milvus-etcd  Creating
 Container milvus-minio  Creating
 Container milvus-etcd  Created
 Container milvus-minio  Created
 Container milvus-standalone  Creating
 Container milvus-standalone  Created
 Container milvus-minio  Starting
 Container milvus-etcd  Starting
 Container milvus-etcd  Started
 Container milvus-minio  Started
 Container milvus-standalone  Starting
 Container milvus-standalone  Started
>>> [Step 3] 等待服务启动 (90s)...
    等待中... (10s/120s)
    ✅ Milvus 服务已就绪
>>> [Step 4] 运行 Benchmark...
Running experiment: milvus-p10 - random-geo-radius-2048-angular-no-filters
established connection
/home/dzh/project/vdtuner/vector-db-benchmark-master/datasets/random-geo-radius-2048-angular/random_geo_100k_no_filters already exists
Experiment stage: Configure
Experiment stage: Upload

0it [00:00, ?it/s]
1it [00:01,  1.92s/it]
768it [00:02, 529.80it/s]
1200it [00:02, 811.94it/s]
1545it [00:02, 1004.06it/s]
1828it [00:02, 1158.17it/s]
2112it [00:02, 1380.26it/s]
2432it [00:02, 1659.06it/s]
2880it [00:02, 2187.20it/s]
3648it [00:02, 3297.49it/s]
4352it [00:03, 4097.03it/s]
5376it [00:03, 5547.69it/s]
6336it [00:03, 6557.51it/s]
7296it [00:03, 7286.33it/s]
8256it [00:03, 7911.39it/s]
9280it [00:03, 8482.83it/s]
10240it [00:03, 8715.21it/s]
11264it [00:03, 9050.90it/s]
12288it [00:03, 9287.73it/s]
13232it [00:04, 9209.52it/s]
14208it [00:04, 9278.68it/s]
15232it [00:04, 9525.79it/s]
16256it [00:04, 9592.07it/s]
17280it [00:04, 9684.59it/s]
18252it [00:04, 7632.45it/s]
19264it [00:04, 8163.49it/s]
20224it [00:04, 8446.46it/s]
21187it [00:04, 8763.28it/s]
22144it [00:05, 8985.28it/s]
23137it [00:05, 9252.41it/s]
24109it [00:05, 9385.35it/s]
25062it [00:05, 9380.82it/s]
26011it [00:05, 9309.65it/s]
26966it [00:05, 9379.66it/s]
27910it [00:05, 9215.00it/s]
28871it [00:05, 9329.84it/s]
29810it [00:05, 9347.11it/s]
30747it [00:05, 9213.93it/s]
31744it [00:06, 9306.76it/s]
32676it [00:06, 5754.42it/s]
33419it [00:06, 6059.43it/s]
34368it [00:06, 6752.03it/s]
35154it [00:08, 1326.94it/s]
36096it [00:08, 1821.15it/s]
37025it [00:08, 2421.17it/s]
37888it [00:08, 3057.13it/s]
38848it [00:08, 3874.09it/s]
39808it [00:08, 4744.10it/s]
40687it [00:09, 5471.88it/s]
41600it [00:09, 6195.70it/s]
42560it [00:09, 6931.00it/s]
43520it [00:09, 7535.92it/s]
44428it [00:09, 7917.55it/s]
45376it [00:09, 8287.49it/s]
46289it [00:09, 8501.58it/s]
47200it [00:09, 8647.44it/s]
48128it [00:09, 6338.96it/s]
49024it [00:10, 6914.91it/s]
49920it [00:10, 7380.64it/s]
50816it [00:10, 7768.18it/s]
51712it [00:10, 8079.27it/s]
52568it [00:10, 8024.56it/s]
53404it [00:10, 8099.04it/s]
54272it [00:10, 8213.69it/s]
55168it [00:10, 8386.05it/s]
56064it [00:10, 8433.08it/s]
57010it [00:11, 8730.52it/s]
57891it [00:11, 8699.49it/s]
58766it [00:11, 8695.56it/s]
59712it [00:11, 8787.86it/s]
60608it [00:11, 8748.35it/s]
61568it [00:11, 8908.72it/s]
62528it [00:11, 9077.27it/s]
63437it [00:11, 9021.07it/s]
64340it [00:11, 8069.03it/s]
65280it [00:11, 8376.79it/s]
66133it [00:12, 8131.13it/s]
67072it [00:12, 8469.68it/s]
68032it [00:12, 8745.24it/s]
68928it [00:12, 8803.95it/s]
69888it [00:12, 8996.50it/s]
70848it [00:12, 9099.72it/s]
71764it [00:12, 9116.94it/s]
72679it [00:12, 9087.04it/s]
73590it [00:12, 8882.52it/s]
74496it [00:13, 8811.45it/s]
75392it [00:13, 8825.97it/s]
76352it [00:13, 8910.85it/s]
77312it [00:13, 9022.73it/s]
78215it [00:13, 7312.07it/s]
79104it [00:13, 7710.25it/s]
79919it [00:13, 7724.96it/s]
80768it [00:13, 7855.99it/s]
81656it [00:13, 8140.22it/s]
82488it [00:14, 8024.75it/s]
83328it [00:14, 8088.01it/s]
84224it [00:14, 8266.63it/s]
85163it [00:14, 8591.87it/s]
86028it [00:14, 8468.40it/s]
86889it [00:14, 8509.29it/s]
87744it [00:14, 8249.59it/s]
88576it [00:14, 8203.12it/s]
89399it [00:14, 7795.95it/s]
90184it [00:14, 7720.06it/s]
91072it [00:15, 8027.29it/s]
91969it [00:15, 8299.07it/s]
92803it [00:15, 6669.51it/s]
93721it [00:15, 7298.97it/s]
94607it [00:15, 7709.62it/s]
95488it [00:15, 7913.39it/s]
96448it [00:15, 8275.07it/s]
97344it [00:15, 8443.49it/s]
98240it [00:15, 8576.40it/s]
99136it [00:16, 8581.33it/s]
100000it [00:16, 6190.20it/s]
Upload time: 16.539245524909347
Total import time: 47.78076386079192
Experiment stage: Search

0it [00:00, ?it/s]
4it [00:00,  5.18it/s]
14it [00:00, 19.31it/s]
38it [00:00, 58.18it/s]
107it [00:01, 185.14it/s]
175it [00:01, 295.37it/s]
252it [00:01, 409.94it/s]
327it [00:01, 497.15it/s]
413it [00:01, 592.98it/s]
507it [00:01, 687.77it/s]
593it [00:01, 735.65it/s]
676it [00:01, 762.23it/s]
759it [00:01, 779.84it/s]
841it [00:02, 771.88it/s]
930it [00:02, 805.09it/s]
1013it [00:02, 788.55it/s]
1105it [00:02, 821.37it/s]
1189it [00:02, 826.50it/s]
1273it [00:02, 808.84it/s]
1355it [00:02, 807.29it/s]
1444it [00:02, 829.50it/s]
1533it [00:02, 846.94it/s]
1626it [00:02, 869.28it/s]
1714it [00:03, 869.80it/s]
1802it [00:03, 787.10it/s]
1895it [00:03, 825.58it/s]
1979it [00:03, 816.82it/s]
2062it [00:03, 813.74it/s]
2145it [00:03, 800.49it/s]
2239it [00:03, 840.08it/s]
2331it [00:03, 861.95it/s]
2419it [00:03, 866.12it/s]
2506it [00:03, 849.53it/s]
2592it [00:04, 848.24it/s]
2678it [00:04, 837.83it/s]
2762it [00:04, 819.10it/s]
2846it [00:04, 824.30it/s]
2929it [00:04, 816.92it/s]
3013it [00:04, 822.18it/s]
3096it [00:04, 818.77it/s]
3186it [00:04, 841.05it/s]
3283it [00:04, 878.43it/s]
3371it [00:05, 859.91it/s]
3466it [00:05, 885.47it/s]
3566it [00:05, 919.12it/s]
3669it [00:05, 950.61it/s]
3766it [00:05, 954.78it/s]
3865it [00:05, 964.17it/s]
3963it [00:05, 968.52it/s]
4060it [00:05, 949.16it/s]
4156it [00:05, 889.47it/s]
4246it [00:05, 885.81it/s]
4336it [00:06, 878.35it/s]
4425it [00:06, 863.04it/s]
4517it [00:06, 876.98it/s]
4605it [00:06, 855.44it/s]
4694it [00:06, 865.35it/s]
4781it [00:06, 856.01it/s]
4868it [00:06, 859.82it/s]
4955it [00:06, 817.89it/s]
5038it [00:06, 811.60it/s]
5126it [00:07, 828.14it/s]
5210it [00:07, 821.05it/s]
5293it [00:07, 716.42it/s]
5368it [00:07, 722.57it/s]
5459it [00:07, 772.78it/s]
5538it [00:07, 721.83it/s]
5623it [00:07, 756.44it/s]
5708it [00:07, 781.10it/s]
5808it [00:07, 841.46it/s]
5900it [00:08, 862.48it/s]
5988it [00:08, 863.71it/s]
6075it [00:08, 856.55it/s]
6162it [00:08, 856.93it/s]
6248it [00:08, 830.55it/s]
6332it [00:08, 815.56it/s]
6414it [00:08, 807.58it/s]
6495it [00:08, 774.03it/s]
6590it [00:08, 823.62it/s]
6680it [00:08, 844.59it/s]
6766it [00:09, 847.88it/s]
6852it [00:09, 831.54it/s]
6936it [00:09, 832.33it/s]
7020it [00:09, 829.42it/s]
7115it [00:09, 862.37it/s]
7202it [00:09, 841.61it/s]
7289it [00:09, 849.72it/s]
7376it [00:09, 851.13it/s]
7471it [00:09, 879.46it/s]
7568it [00:09, 903.51it/s]
7659it [00:10, 904.20it/s]
7752it [00:10, 911.08it/s]
7844it [00:10, 894.26it/s]
7935it [00:10, 896.62it/s]
8025it [00:10, 889.06it/s]
8114it [00:10, 879.22it/s]
8202it [00:10, 870.05it/s]
8290it [00:10, 866.16it/s]
8377it [00:10, 829.52it/s]
8461it [00:11, 824.36it/s]
8546it [00:11, 823.97it/s]
8629it [00:11, 674.96it/s]
8716it [00:11, 721.75it/s]
8795it [00:11, 735.83it/s]
8877it [00:11, 758.57it/s]
8967it [00:11, 795.56it/s]
9049it [00:11, 792.21it/s]
9130it [00:11, 765.18it/s]
9208it [00:12, 720.89it/s]
9288it [00:12, 738.49it/s]
9363it [00:12, 733.18it/s]
9442it [00:12, 747.41it/s]
9519it [00:12, 753.20it/s]
9595it [00:12, 749.74it/s]
9671it [00:12, 733.59it/s]
9748it [00:12, 742.42it/s]
9832it [00:12, 768.94it/s]
9915it [00:12, 786.63it/s]
9994it [00:13, 768.48it/s]
10000it [00:13, 764.47it/s]
Experiment stage: Done
Results saved to:  /home/dzh/project/vdtuner/vector-db-benchmark-master/results
>>> [Step 5] 收尾工作...
    监控日志已保存。
📊 测试结果摘要:
0.37501
758.791297478705
0.003823918686248362
line1:  0.003823918686248362
line1:  758.791297478705
line1:  0.37501
numeric_values:  [0.003823918686248362, 758.791297478705, 0.37501]
[53] 4633 0.37501 0.003823918686248362 93
/bin/sh: 1: Syntax error: "(" unexpected
/data/dzh/venv/lib/python3.10/site-packages/botorch/acquisition/multi_objective/monte_carlo.py:110: NumericsWarning: qExpectedHypervolumeImprovement has known numerical issues that lead to suboptimal optimization performance. It is strongly recommended to simply replace

	 qExpectedHypervolumeImprovement 	 --> 	 qLogExpectedHypervolumeImprovement 

instead, which fixes the issues and has the same API. See https://arxiv.org/abs/2310.20708 for details.
  legacy_ei_numerics_warning(legacy_name=type(self).__name__)
--- DEBUG: Starting command:---
=======================================
🛠️  开始测试流程
Engine: milvus-p10 | Dataset: random-geo-radius-2048-angular-no-filters
=======================================
>>> [Step 1] 启动后台监控...
    监控进程 PID: 797540
>>> [Step 2] 重置 Milvus...
 Container milvus-standalone  Stopping
 Container milvus-standalone  Stopped
 Container milvus-standalone  Removing
 Container milvus-standalone  Removed
 Container milvus-etcd  Stopping
 Container milvus-minio  Stopping
 Container milvus-etcd  Stopped
 Container milvus-etcd  Removing
 Container milvus-etcd  Removed
 Container milvus-minio  Stopped
 Container milvus-minio  Removing
 Container milvus-minio  Removed
 Network milvus  Removing
 Network milvus  Removed
    🧹 清理宿主机数据目录: /home/dzh/project/vdtuner/vector-db-benchmark-master/engine/servers/milvus-single-node/volumes
 Network milvus  Creating
 Network milvus  Created
 Container milvus-etcd  Creating
 Container milvus-minio  Creating
 Container milvus-etcd  Created
 Container milvus-minio  Created
 Container milvus-standalone  Creating
 Container milvus-standalone  Created
 Container milvus-etcd  Starting
 Container milvus-minio  Starting
 Container milvus-minio  Started
 Container milvus-etcd  Started
 Container milvus-standalone  Starting
 Container milvus-standalone  Started
>>> [Step 3] 等待服务启动 (90s)...
    等待中... (10s/120s)
    ✅ Milvus 服务已就绪
>>> [Step 4] 运行 Benchmark...
Running experiment: milvus-p10 - random-geo-radius-2048-angular-no-filters
established connection
/home/dzh/project/vdtuner/vector-db-benchmark-master/datasets/random-geo-radius-2048-angular/random_geo_100k_no_filters already exists
Experiment stage: Configure
Experiment stage: Upload

0it [00:00, ?it/s]
1it [00:01,  1.25s/it]
640it [00:01, 650.60it/s]
991it [00:01, 954.92it/s]
1290it [00:01, 1196.66it/s]
1561it [00:01, 1407.53it/s]
1856it [00:01, 1676.13it/s]
2305it [00:01, 2264.61it/s]
2629it [00:02, 2355.96it/s]
2933it [00:02, 2518.21it/s]
3755it [00:02, 3961.40it/s]
4487it [00:02, 4853.02it/s]
5504it [00:02, 6258.42it/s]
6528it [00:02, 7352.55it/s]
7552it [00:02, 8128.12it/s]
8576it [00:02, 8693.48it/s]
9600it [00:02, 9035.51it/s]
10582it [00:02, 9263.07it/s]
11569it [00:03, 9438.89it/s]
12608it [00:03, 9633.65it/s]
13579it [00:03, 9632.18it/s]
14557it [00:03, 9675.24it/s]
15552it [00:03, 9614.05it/s]
16516it [00:03, 6829.85it/s]
17408it [00:03, 7310.27it/s]
18492it [00:03, 8183.43it/s]
19456it [00:04, 8541.28it/s]
20495it [00:04, 9041.58it/s]
21450it [00:04, 9065.19it/s]
22400it [00:04, 9047.39it/s]
23414it [00:04, 9357.78it/s]
24384it [00:04, 9401.16it/s]
25344it [00:04, 9451.15it/s]
26319it [00:04, 9538.39it/s]
27328it [00:04, 9675.87it/s]
28301it [00:04, 9603.41it/s]
29265it [00:05, 9579.56it/s]
30226it [00:05, 9472.90it/s]
31197it [00:05, 9542.53it/s]
32153it [00:05, 5913.91it/s]
33152it [00:05, 6710.21it/s]
34176it [00:05, 7431.14it/s]
35136it [00:05, 7924.90it/s]
36096it [00:05, 8305.12it/s]
37056it [00:06, 8639.43it/s]
37977it [00:06, 8605.35it/s]
38976it [00:06, 8925.97it/s]
39936it [00:06, 9044.18it/s]
40896it [00:06, 9099.91it/s]
41856it [00:06, 9169.13it/s]
42784it [00:06, 9173.64it/s]
43776it [00:06, 9279.96it/s]
44736it [00:06, 9338.62it/s]
45721it [00:07, 9488.29it/s]
46700it [00:07, 9576.71it/s]
47660it [00:07, 6785.48it/s]
48640it [00:07, 7420.34it/s]
49479it [00:07, 7581.75it/s]
50308it [00:07, 7414.64it/s]
51099it [00:07, 7528.17it/s]
51904it [00:07, 7579.42it/s]
52736it [00:07, 7735.68it/s]
53596it [00:08, 7979.08it/s]
54486it [00:08, 8243.11it/s]
55424it [00:08, 8452.65it/s]
56320it [00:08, 8504.71it/s]
57216it [00:08, 8603.33it/s]
58081it [00:08, 8554.61it/s]
58965it [00:08, 8637.68it/s]
59831it [00:08, 8438.07it/s]
60678it [00:08, 8301.09it/s]
61510it [00:09, 6335.42it/s]
62272it [00:09, 6632.31it/s]
63077it [00:09, 6993.98it/s]
63822it [00:09, 7067.13it/s]
64640it [00:09, 7323.22it/s]
65466it [00:09, 7585.95it/s]
66260it [00:09, 7686.80it/s]
67200it [00:09, 8082.04it/s]
68160it [00:09, 8452.20it/s]
69120it [00:10, 8747.21it/s]
70016it [00:10, 8808.74it/s]
70901it [00:10, 8122.29it/s]
71744it [00:10, 8138.62it/s]
72640it [00:10, 8333.37it/s]
73558it [00:10, 8574.96it/s]
74432it [00:10, 8588.83it/s]
75328it [00:10, 8675.87it/s]
76199it [00:10, 7230.21it/s]
77120it [00:11, 7662.18it/s]
77985it [00:11, 7926.68it/s]
78904it [00:11, 8276.32it/s]
79808it [00:11, 8388.22it/s]
80704it [00:11, 8533.47it/s]
81664it [00:11, 8775.60it/s]
82551it [00:11, 8776.39it/s]
83456it [00:11, 8789.82it/s]
84340it [00:11, 8620.35it/s]
85206it [00:11, 8175.84it/s]
86030it [00:12, 8043.79it/s]
86912it [00:12, 8256.35it/s]
87852it [00:12, 8585.67it/s]
88715it [00:12, 8438.77it/s]
89595it [00:12, 8543.51it/s]
90486it [00:12, 8649.83it/s]
91377it [00:12, 8726.13it/s]
92252it [00:12, 8585.59it/s]
93184it [00:12, 8675.00it/s]
94142it [00:13, 8939.41it/s]
95038it [00:13, 8899.06it/s]
95929it [00:13, 8870.78it/s]
96817it [00:13, 8670.14it/s]
97723it [00:13, 8783.39it/s]
98603it [00:13, 8715.44it/s]
99520it [00:13, 8762.50it/s]
100000it [00:13, 7308.18it/s]
Upload time: 14.06774829281494
Total import time: 43.69184894254431
Experiment stage: Search

0it [00:00, ?it/s]
4it [00:00,  5.13it/s]
14it [00:00, 18.55it/s]
37it [00:01, 54.65it/s]
91it [00:01, 149.65it/s]
179it [00:01, 309.12it/s]
273it [00:01, 458.90it/s]
360it [00:01, 560.61it/s]
446it [00:01, 638.85it/s]
532it [00:01, 697.51it/s]
620it [00:01, 746.81it/s]
717it [00:01, 808.48it/s]
809it [00:01, 838.69it/s]
905it [00:02, 873.03it/s]
999it [00:02, 891.14it/s]
1098it [00:02, 918.29it/s]
1192it [00:02, 918.66it/s]
1295it [00:02, 950.72it/s]
1391it [00:02, 933.00it/s]
1486it [00:02, 937.35it/s]
1581it [00:02, 912.99it/s]
1673it [00:02, 905.44it/s]
1764it [00:02, 885.61it/s]
1859it [00:03, 902.68it/s]
1955it [00:03, 914.80it/s]
2053it [00:03, 930.95it/s]
2151it [00:03, 944.38it/s]
2247it [00:03, 946.85it/s]
2342it [00:03, 936.12it/s]
2436it [00:03, 913.71it/s]
2528it [00:03, 894.73it/s]
2618it [00:03, 895.96it/s]
2715it [00:03, 915.40it/s]
2807it [00:04, 912.22it/s]
2908it [00:04, 940.08it/s]
3003it [00:04, 910.28it/s]
3095it [00:04, 875.68it/s]
3183it [00:04, 827.21it/s]
3267it [00:04, 807.82it/s]
3349it [00:04, 788.82it/s]
3431it [00:04, 797.48it/s]
3532it [00:04, 855.79it/s]
3626it [00:05, 878.19it/s]
3718it [00:05, 889.45it/s]
3810it [00:05, 897.22it/s]
3902it [00:05, 902.71it/s]
3999it [00:05, 921.74it/s]
4092it [00:05, 900.84it/s]
4188it [00:05, 916.93it/s]
4280it [00:05, 911.94it/s]
4374it [00:05, 919.17it/s]
4467it [00:05, 892.07it/s]
4557it [00:06, 875.58it/s]
4654it [00:06, 902.76it/s]
4747it [00:06, 906.61it/s]
4838it [00:06, 907.42it/s]
4933it [00:06, 918.06it/s]
5025it [00:06, 837.52it/s]
5111it [00:06, 795.86it/s]
5199it [00:06, 817.92it/s]
5284it [00:06, 824.64it/s]
5371it [00:07, 836.41it/s]
5465it [00:07, 866.26it/s]
5555it [00:07, 873.84it/s]
5647it [00:07, 881.59it/s]
5748it [00:07, 918.61it/s]
5848it [00:07, 941.30it/s]
5943it [00:07, 933.24it/s]
6037it [00:07, 933.82it/s]
6131it [00:07, 919.07it/s]
6224it [00:07, 911.49it/s]
6316it [00:08, 877.18it/s]
6413it [00:08, 901.22it/s]
6504it [00:08, 828.07it/s]
6594it [00:08, 846.12it/s]
6688it [00:08, 870.49it/s]
6784it [00:08, 895.56it/s]
6883it [00:08, 922.27it/s]
6981it [00:08, 937.99it/s]
7076it [00:08, 930.89it/s]
7170it [00:09, 922.54it/s]
7269it [00:09, 940.85it/s]
7364it [00:09, 910.38it/s]
7456it [00:09, 903.00it/s]
7547it [00:09, 888.64it/s]
7642it [00:09, 905.05it/s]
7733it [00:09, 849.82it/s]
7819it [00:09, 811.70it/s]
7901it [00:09, 779.83it/s]
7993it [00:10, 817.81it/s]
8080it [00:10, 830.65it/s]
8175it [00:10, 863.52it/s]
8270it [00:10, 888.00it/s]
8360it [00:10, 785.39it/s]
8443it [00:10, 796.87it/s]
8534it [00:10, 827.05it/s]
8631it [00:10, 865.03it/s]
8725it [00:10, 886.49it/s]
8815it [00:10, 882.21it/s]
8904it [00:11, 871.03it/s]
9007it [00:11, 917.13it/s]
9108it [00:11, 942.48it/s]
9203it [00:11, 942.69it/s]
9310it [00:11, 978.21it/s]
9409it [00:11, 963.74it/s]
9506it [00:11, 933.28it/s]
9600it [00:11, 920.65it/s]
9693it [00:11, 914.08it/s]
9785it [00:12, 909.04it/s]
9880it [00:12, 920.20it/s]
9974it [00:12, 925.33it/s]
10000it [00:12, 817.56it/s]
Experiment stage: Done
Results saved to:  /home/dzh/project/vdtuner/vector-db-benchmark-master/results
>>> [Step 5] 收尾工作...
    监控日志已保存。
📊 测试结果摘要:
0.3665
809.2941439741792
0.0037323002004995935
line1:  0.0037323002004995935
line1:  809.2941439741792
line1:  0.3665
numeric_values:  [0.0037323002004995935, 809.2941439741792, 0.3665]
[54] 4722 0.3665 0.0037323002004995935 88
/bin/sh: 1: Syntax error: "(" unexpected
/data/dzh/venv/lib/python3.10/site-packages/botorch/acquisition/multi_objective/monte_carlo.py:110: NumericsWarning: qExpectedHypervolumeImprovement has known numerical issues that lead to suboptimal optimization performance. It is strongly recommended to simply replace

	 qExpectedHypervolumeImprovement 	 --> 	 qLogExpectedHypervolumeImprovement 

instead, which fixes the issues and has the same API. See https://arxiv.org/abs/2310.20708 for details.
  legacy_ei_numerics_warning(legacy_name=type(self).__name__)
--- DEBUG: Starting command:---
=======================================
🛠️  开始测试流程
Engine: milvus-p10 | Dataset: random-geo-radius-2048-angular-no-filters
=======================================
>>> [Step 1] 启动后台监控...
    监控进程 PID: 816486
>>> [Step 2] 重置 Milvus...
 Container milvus-standalone  Stopping
 Container milvus-standalone  Stopped
 Container milvus-standalone  Removing
 Container milvus-standalone  Removed
 Container milvus-minio  Stopping
 Container milvus-etcd  Stopping
 Container milvus-etcd  Stopped
 Container milvus-etcd  Removing
 Container milvus-etcd  Removed
 Container milvus-minio  Stopped
 Container milvus-minio  Removing
 Container milvus-minio  Removed
 Network milvus  Removing
 Network milvus  Removed
    🧹 清理宿主机数据目录: /home/dzh/project/vdtuner/vector-db-benchmark-master/engine/servers/milvus-single-node/volumes
 Network milvus  Creating
 Network milvus  Created
 Container milvus-etcd  Creating
 Container milvus-minio  Creating
 Container milvus-etcd  Created
 Container milvus-minio  Created
 Container milvus-standalone  Creating
 Container milvus-standalone  Created
 Container milvus-etcd  Starting
 Container milvus-minio  Starting
 Container milvus-etcd  Started
 Container milvus-minio  Started
 Container milvus-standalone  Starting
 Container milvus-standalone  Started
>>> [Step 3] 等待服务启动 (90s)...
    等待中... (10s/120s)
    ✅ Milvus 服务已就绪
>>> [Step 4] 运行 Benchmark...
Running experiment: milvus-p10 - random-geo-radius-2048-angular-no-filters
established connection
/home/dzh/project/vdtuner/vector-db-benchmark-master/datasets/random-geo-radius-2048-angular/random_geo_100k_no_filters already exists
Experiment stage: Configure
Experiment stage: Upload

0it [00:00, ?it/s]
1it [00:00,  1.44it/s]
64it [00:00, 89.18it/s]
256it [00:01, 390.90it/s]
768it [00:01, 1272.21it/s]
1010it [00:01, 1407.79it/s]
1408it [00:01, 1908.09it/s]
1670it [00:01, 1897.69it/s]
1984it [00:01, 2152.29it/s]
2368it [00:01, 2565.72it/s]
2688it [00:01, 2615.27it/s]
3144it [00:01, 3112.47it/s]
3776it [00:02, 3952.50it/s]
4544it [00:02, 4981.26it/s]
5552it [00:02, 6429.28it/s]
6528it [00:02, 7372.12it/s]
7424it [00:02, 7761.33it/s]
8384it [00:02, 8205.47it/s]
9420it [00:02, 8834.36it/s]
10432it [00:02, 9124.23it/s]
11360it [00:02, 9169.58it/s]
12416it [00:02, 9499.62it/s]
13504it [00:03, 9848.29it/s]
14528it [00:03, 9925.77it/s]
15595it [00:03, 10145.55it/s]
16612it [00:03, 10129.02it/s]
17626it [00:03, 8575.19it/s] 
18624it [00:03, 8837.77it/s]
19584it [00:03, 9043.95it/s]
20672it [00:03, 9431.80it/s]
21696it [00:03, 9577.58it/s]
22720it [00:04, 9684.76it/s]
23699it [00:04, 9691.18it/s]
24675it [00:04, 9650.12it/s]
25664it [00:04, 9636.87it/s]
26631it [00:04, 9461.84it/s]
27580it [00:04, 9043.12it/s]
28490it [00:04, 9049.38it/s]
29504it [00:04, 9333.26it/s]
30464it [00:04, 9330.02it/s]
31424it [00:04, 9296.94it/s]
32356it [00:05, 9299.33it/s]
33288it [00:05, 6149.38it/s]
34240it [00:05, 6813.26it/s]
35136it [00:05, 7304.41it/s]
36096it [00:05, 7813.21it/s]
37120it [00:05, 8385.78it/s]
38080it [00:05, 8670.63it/s]
39040it [00:05, 8912.01it/s]
40064it [00:06, 9172.22it/s]
41024it [00:06, 9175.25it/s]
41960it [00:06, 9227.97it/s]
42944it [00:06, 9392.45it/s]
43904it [00:06, 9425.95it/s]
44864it [00:06, 9391.37it/s]
45808it [00:06, 9159.70it/s]
46728it [00:06, 9023.45it/s]
47634it [00:07, 5874.84it/s]
48576it [00:07, 6591.70it/s]
49536it [00:07, 7235.58it/s]
50496it [00:07, 7748.78it/s]
51456it [00:07, 8216.07it/s]
52416it [00:07, 8501.75it/s]
53376it [00:07, 8786.82it/s]
54336it [00:07, 9014.95it/s]
55265it [00:07, 8954.89it/s]
56180it [00:08, 8974.38it/s]
57091it [00:08, 8841.77it/s]
57985it [00:08, 8559.28it/s]
58880it [00:08, 8643.56it/s]
59840it [00:08, 8857.95it/s]
60731it [00:08, 8723.44it/s]
61632it [00:08, 8713.25it/s]
62521it [00:08, 8764.04it/s]
63400it [00:08, 7915.83it/s]
64277it [00:08, 8149.62it/s]
65106it [00:09, 8056.45it/s]
65921it [00:09, 7912.20it/s]
66827it [00:09, 8237.64it/s]
67776it [00:09, 8524.04it/s]
68634it [00:09, 8411.56it/s]
69479it [00:09, 8374.53it/s]
70336it [00:09, 8394.13it/s]
71296it [00:09, 8642.63it/s]
72256it [00:09, 8777.38it/s]
73135it [00:10, 8760.28it/s]
74019it [00:10, 8783.44it/s]
74944it [00:10, 8885.91it/s]
75904it [00:10, 9036.94it/s]
76830it [00:10, 9102.53it/s]
77741it [00:10, 7042.81it/s]
78528it [00:10, 7223.41it/s]
79424it [00:10, 7662.02it/s]
80384it [00:10, 8087.70it/s]
81299it [00:11, 8380.72it/s]
82240it [00:11, 8582.23it/s]
83200it [00:11, 8761.48it/s]
84096it [00:11, 8812.67it/s]
85056it [00:11, 8998.32it/s]
86016it [00:11, 9068.20it/s]
86928it [00:11, 8931.09it/s]
87872it [00:11, 8946.84it/s]
88814it [00:11, 9083.74it/s]
89725it [00:11, 9066.00it/s]
90634it [00:12, 8998.72it/s]
91535it [00:12, 8959.09it/s]
92432it [00:12, 8352.68it/s]
93312it [00:12, 8468.44it/s]
94166it [00:12, 8361.16it/s]
95104it [00:12, 8581.70it/s]
96006it [00:12, 8707.74it/s]
96880it [00:12, 8596.64it/s]
97742it [00:12, 8310.55it/s]
98624it [00:13, 8385.23it/s]
99584it [00:13, 8626.55it/s]
100000it [00:13, 7598.52it/s]
Upload time: 13.579791384749115
Total import time: 45.24553903564811
Experiment stage: Search

0it [00:00, ?it/s]
4it [00:00,  5.22it/s]
14it [00:00, 19.51it/s]
37it [00:00, 56.66it/s]
91it [00:01, 154.12it/s]
168it [00:01, 291.85it/s]
255it [00:01, 431.00it/s]
332it [00:01, 517.58it/s]
427it [00:01, 632.18it/s]
510it [00:01, 682.78it/s]
594it [00:01, 726.58it/s]
688it [00:01, 787.61it/s]
786it [00:01, 843.52it/s]
874it [00:01, 852.37it/s]
962it [00:02, 836.43it/s]
1048it [00:02, 831.13it/s]
1136it [00:02, 844.60it/s]
1229it [00:02, 869.40it/s]
1317it [00:02, 851.99it/s]
1416it [00:02, 891.32it/s]
1515it [00:02, 917.42it/s]
1608it [00:02, 903.78it/s]
1699it [00:02, 864.25it/s]
1786it [00:03, 833.95it/s]
1870it [00:03, 828.54it/s]
1954it [00:03, 815.93it/s]
2039it [00:03, 822.56it/s]
2122it [00:03, 800.66it/s]
2203it [00:03, 789.69it/s]
2303it [00:03, 849.84it/s]
2410it [00:03, 913.62it/s]
2502it [00:03, 912.75it/s]
2594it [00:03, 893.48it/s]
2687it [00:04, 899.32it/s]
2778it [00:04, 872.36it/s]
2869it [00:04, 881.73it/s]
2958it [00:04, 864.94it/s]
3045it [00:04, 851.48it/s]
3131it [00:04, 845.30it/s]
3231it [00:04, 887.66it/s]
3328it [00:04, 911.09it/s]
3420it [00:04, 901.98it/s]
3511it [00:05, 897.12it/s]
3604it [00:05, 906.55it/s]
3695it [00:05, 874.68it/s]
3783it [00:05, 819.62it/s]
3885it [00:05, 873.89it/s]
3986it [00:05, 912.15it/s]
4082it [00:05, 923.83it/s]
4176it [00:05, 923.55it/s]
4275it [00:05, 940.94it/s]
4370it [00:05, 928.21it/s]
4464it [00:06, 909.39it/s]
4556it [00:06, 911.57it/s]
4648it [00:06, 851.42it/s]
4742it [00:06, 874.77it/s]
4831it [00:06, 752.76it/s]
4917it [00:06, 779.44it/s]
5001it [00:06, 795.39it/s]
5083it [00:06, 799.95it/s]
5171it [00:06, 821.44it/s]
5255it [00:07, 817.13it/s]
5345it [00:07, 840.56it/s]
5443it [00:07, 878.82it/s]
5542it [00:07, 908.43it/s]
5644it [00:07, 940.74it/s]
5740it [00:07, 944.17it/s]
5835it [00:07, 886.91it/s]
5925it [00:07, 889.57it/s]
6015it [00:07, 870.91it/s]
6106it [00:08, 881.33it/s]
6196it [00:08, 884.36it/s]
6285it [00:08, 883.00it/s]
6374it [00:08, 863.77it/s]
6461it [00:08, 853.51it/s]
6548it [00:08, 855.94it/s]
6634it [00:08, 848.63it/s]
6719it [00:08, 841.39it/s]
6806it [00:08, 849.72it/s]
6892it [00:08, 766.92it/s]
6971it [00:09, 731.83it/s]
7046it [00:09, 726.73it/s]
7123it [00:09, 738.61it/s]
7210it [00:09, 774.02it/s]
7313it [00:09, 846.84it/s]
7411it [00:09, 883.08it/s]
7511it [00:09, 914.44it/s]
7608it [00:09, 928.75it/s]
7706it [00:09, 941.70it/s]
7801it [00:10, 926.82it/s]
7894it [00:10, 877.35it/s]
7983it [00:10, 860.73it/s]
8070it [00:10, 836.05it/s]
8155it [00:10, 837.99it/s]
8249it [00:10, 865.64it/s]
8336it [00:10, 802.34it/s]
8418it [00:10, 804.52it/s]
8500it [00:10, 782.71it/s]
8583it [00:10, 793.19it/s]
8663it [00:11, 790.05it/s]
8744it [00:11, 795.35it/s]
8826it [00:11, 800.82it/s]
8916it [00:11, 828.11it/s]
9002it [00:11, 835.35it/s]
9086it [00:11, 833.47it/s]
9170it [00:11, 828.22it/s]
9255it [00:11, 834.00it/s]
9339it [00:11, 819.81it/s]
9423it [00:12, 819.66it/s]
9506it [00:12, 810.49it/s]
9600it [00:12, 846.37it/s]
9685it [00:12, 808.93it/s]
9780it [00:12, 847.56it/s]
9877it [00:12, 881.99it/s]
9972it [00:12, 900.18it/s]
10000it [00:12, 789.50it/s]
Experiment stage: Done
Results saved to:  /home/dzh/project/vdtuner/vector-db-benchmark-master/results
>>> [Step 5] 收尾工作...
    监控日志已保存。
📊 测试结果摘要:
0.3803
781.6963181950647
0.003987295366823671
line1:  0.003987295366823671
line1:  781.6963181950647
line1:  0.3803
numeric_values:  [0.003987295366823671, 781.6963181950647, 0.3803]
[55] 4813 0.3803 0.003987295366823671 91
/bin/sh: 1: Syntax error: "(" unexpected
/data/dzh/venv/lib/python3.10/site-packages/botorch/acquisition/multi_objective/monte_carlo.py:110: NumericsWarning: qExpectedHypervolumeImprovement has known numerical issues that lead to suboptimal optimization performance. It is strongly recommended to simply replace

	 qExpectedHypervolumeImprovement 	 --> 	 qLogExpectedHypervolumeImprovement 

instead, which fixes the issues and has the same API. See https://arxiv.org/abs/2310.20708 for details.
  legacy_ei_numerics_warning(legacy_name=type(self).__name__)
--- DEBUG: Starting command:---
=======================================
🛠️  开始测试流程
Engine: milvus-p10 | Dataset: random-geo-radius-2048-angular-no-filters
=======================================
>>> [Step 1] 启动后台监控...
    监控进程 PID: 835462
>>> [Step 2] 重置 Milvus...
 Container milvus-standalone  Stopping
 Container milvus-standalone  Stopped
 Container milvus-standalone  Removing
 Container milvus-standalone  Removed
 Container milvus-minio  Stopping
 Container milvus-etcd  Stopping
 Container milvus-etcd  Stopped
 Container milvus-etcd  Removing
 Container milvus-etcd  Removed
 Container milvus-minio  Stopped
 Container milvus-minio  Removing
 Container milvus-minio  Removed
 Network milvus  Removing
 Network milvus  Removed
    🧹 清理宿主机数据目录: /home/dzh/project/vdtuner/vector-db-benchmark-master/engine/servers/milvus-single-node/volumes
 Network milvus  Creating
 Network milvus  Created
 Container milvus-etcd  Creating
 Container milvus-minio  Creating
 Container milvus-etcd  Created
 Container milvus-minio  Created
 Container milvus-standalone  Creating
 Container milvus-standalone  Created
 Container milvus-minio  Starting
 Container milvus-etcd  Starting
 Container milvus-etcd  Started
 Container milvus-minio  Started
 Container milvus-standalone  Starting
 Container milvus-standalone  Started
>>> [Step 3] 等待服务启动 (90s)...
    等待中... (10s/120s)
    ✅ Milvus 服务已就绪
>>> [Step 4] 运行 Benchmark...
Running experiment: milvus-p10 - random-geo-radius-2048-angular-no-filters
established connection
/home/dzh/project/vdtuner/vector-db-benchmark-master/datasets/random-geo-radius-2048-angular/random_geo_100k_no_filters already exists
Experiment stage: Configure
Experiment stage: Upload

0it [00:00, ?it/s]
1it [00:01,  2.00s/it]
846it [00:02, 564.20it/s]
1343it [00:02, 850.48it/s]
1712it [00:02, 1050.26it/s]
2048it [00:02, 1311.89it/s]
2357it [00:02, 1546.03it/s]
2804it [00:02, 2035.41it/s]
3153it [00:02, 2310.47it/s]
3968it [00:03, 3549.22it/s]
4992it [00:03, 5095.82it/s]
6017it [00:03, 6384.40it/s]
7072it [00:03, 7480.47it/s]
8000it [00:03, 7965.10it/s]
9024it [00:03, 8531.99it/s]
10031it [00:03, 8968.77it/s]
10971it [00:03, 9029.63it/s]
11968it [00:03, 9256.32it/s]
12992it [00:03, 9518.10it/s]
14016it [00:04, 9605.33it/s]
15014it [00:04, 9714.92it/s]
16000it [00:04, 9667.54it/s]
16973it [00:04, 6516.75it/s]
17878it [00:04, 7074.75it/s]
18816it [00:04, 7606.23it/s]
19789it [00:04, 8146.48it/s]
20800it [00:04, 8529.12it/s]
21824it [00:05, 8877.06it/s]
22784it [00:05, 9049.71it/s]
23808it [00:05, 9235.09it/s]
24832it [00:05, 9399.78it/s]
25788it [00:05, 9422.84it/s]
26752it [00:05, 9395.79it/s]
27712it [00:05, 9371.12it/s]
28655it [00:05, 9052.22it/s]
29566it [00:05, 8741.75it/s]
30464it [00:05, 8724.52it/s]
31424it [00:06, 8930.95it/s]
32321it [00:06, 5462.14it/s]
33280it [00:06, 6244.04it/s]
34240it [00:06, 6969.11it/s]
35194it [00:06, 7586.76it/s]
36160it [00:06, 8014.98it/s]
37120it [00:06, 8403.83it/s]
38080it [00:07, 8664.70it/s]
39040it [00:07, 8836.07it/s]
40000it [00:07, 8974.32it/s]
40960it [00:07, 9071.97it/s]
41884it [00:07, 9044.41it/s]
42800it [00:07, 9033.42it/s]
43712it [00:07, 9046.29it/s]
44623it [00:07, 8778.57it/s]
45580it [00:07, 9007.04it/s]
46528it [00:07, 9080.61it/s]
47440it [00:08, 7029.22it/s]
48326it [00:08, 7476.48it/s]
49280it [00:08, 7930.47it/s]
50240it [00:08, 8267.94it/s]
51200it [00:08, 8529.38it/s]
52096it [00:08, 8590.24it/s]
53046it [00:08, 8847.69it/s]
53946it [00:08, 8814.87it/s]
54848it [00:08, 8822.24it/s]
55808it [00:09, 8963.12it/s]
56710it [00:09, 8932.96it/s]
57607it [00:09, 8922.73it/s]
58533it [00:09, 9007.42it/s]
59436it [00:09, 8724.96it/s]
60312it [00:09, 8693.97it/s]
61248it [00:09, 8821.55it/s]
62144it [00:09, 6741.54it/s]
62912it [00:09, 6916.66it/s]
63872it [00:10, 7580.12it/s]
64768it [00:10, 7945.10it/s]
65664it [00:10, 8163.82it/s]
66560it [00:10, 8375.78it/s]
67456it [00:10, 8486.30it/s]
68416it [00:10, 8767.57it/s]
69376it [00:10, 8922.41it/s]
70277it [00:10, 8767.16it/s]
71209it [00:10, 8927.32it/s]
72128it [00:11, 8888.33it/s]
73028it [00:11, 8920.39it/s]
73923it [00:11, 8746.40it/s]
74816it [00:11, 8707.55it/s]
75734it [00:11, 8845.00it/s]
76620it [00:11, 8378.04it/s]
77504it [00:11, 8413.33it/s]
78350it [00:11, 8403.41it/s]
79232it [00:11, 8419.59it/s]
80158it [00:11, 8663.17it/s]
81027it [00:12, 8602.31it/s]
81920it [00:12, 8582.23it/s]
82816it [00:12, 8552.63it/s]
83712it [00:12, 8623.04it/s]
84672it [00:12, 8855.35it/s]
85559it [00:12, 8817.78it/s]
86442it [00:12, 8733.81it/s]
87316it [00:12, 8291.56it/s]
88192it [00:12, 8332.85it/s]
89088it [00:13, 8402.50it/s]
90048it [00:13, 8633.64it/s]
90914it [00:13, 5978.71it/s]
91840it [00:13, 6636.01it/s]
92736it [00:13, 7116.79it/s]
93632it [00:13, 7581.22it/s]
94528it [00:13, 7942.26it/s]
95433it [00:13, 8246.05it/s]
96384it [00:13, 8526.94it/s]
97324it [00:14, 8775.53it/s]
98222it [00:14, 8829.17it/s]
99120it [00:14, 8703.12it/s]
100000it [00:14, 6951.55it/s]
Upload time: 14.981597776990384
Total import time: 45.20683261239901
Experiment stage: Search

0it [00:00, ?it/s]
4it [00:00,  5.28it/s]
14it [00:00, 19.32it/s]
29it [00:00, 41.88it/s]
94it [00:01, 163.38it/s]
177it [00:01, 311.12it/s]
268it [00:01, 454.79it/s]
354it [00:01, 557.13it/s]
444it [00:01, 648.61it/s]
532it [00:01, 711.87it/s]
625it [00:01, 773.41it/s]
717it [00:01, 815.15it/s]
809it [00:01, 842.54it/s]
903it [00:02, 870.56it/s]
993it [00:02, 875.03it/s]
1083it [00:02, 856.89it/s]
1177it [00:02, 880.50it/s]
1267it [00:02, 868.71it/s]
1363it [00:02, 894.36it/s]
1461it [00:02, 917.93it/s]
1554it [00:02, 918.53it/s]
1647it [00:02, 896.38it/s]
1746it [00:02, 922.01it/s]
1841it [00:03, 928.42it/s]
1935it [00:03, 912.24it/s]
2028it [00:03, 916.85it/s]
2123it [00:03, 924.74it/s]
2216it [00:03, 901.66it/s]
2307it [00:03, 867.75it/s]
2403it [00:03, 890.89it/s]
2496it [00:03, 899.63it/s]
2590it [00:03, 910.75it/s]
2691it [00:03, 939.38it/s]
2786it [00:04, 879.18it/s]
2875it [00:04, 867.56it/s]
2967it [00:04, 880.10it/s]
3057it [00:04, 882.95it/s]
3146it [00:04, 863.43it/s]
3242it [00:04, 889.21it/s]
3335it [00:04, 900.92it/s]
3430it [00:04, 913.52it/s]
3529it [00:04, 935.89it/s]
3623it [00:05, 878.58it/s]
3717it [00:05, 894.82it/s]
3814it [00:05, 916.41it/s]
3913it [00:05, 936.36it/s]
4008it [00:05, 915.74it/s]
4100it [00:05, 894.03it/s]
4192it [00:05, 900.61it/s]
4283it [00:05, 889.09it/s]
4373it [00:05, 885.54it/s]
4462it [00:05, 872.09it/s]
4550it [00:06, 872.81it/s]
4638it [00:06, 870.76it/s]
4726it [00:06, 871.88it/s]
4828it [00:06, 913.85it/s]
4920it [00:06, 838.55it/s]
5019it [00:06, 880.76it/s]
5109it [00:06, 862.19it/s]
5203it [00:06, 882.26it/s]
5292it [00:06, 880.88it/s]
5381it [00:07, 877.72it/s]
5474it [00:07, 891.83it/s]
5571it [00:07, 914.23it/s]
5664it [00:07, 918.52it/s]
5757it [00:07, 904.84it/s]
5848it [00:07, 895.01it/s]
5945it [00:07, 916.13it/s]
6038it [00:07, 917.89it/s]
6132it [00:07, 924.38it/s]
6226it [00:07, 926.43it/s]
6319it [00:08, 775.46it/s]
6401it [00:08, 763.28it/s]
6493it [00:08, 803.16it/s]
6591it [00:08, 851.45it/s]
6682it [00:08, 867.73it/s]
6783it [00:08, 908.09it/s]
6876it [00:08, 867.21it/s]
6969it [00:08, 884.30it/s]
7064it [00:08, 901.91it/s]
7157it [00:09, 907.73it/s]
7249it [00:09, 904.21it/s]
7343it [00:09, 912.52it/s]
7439it [00:09, 925.84it/s]
7532it [00:09, 925.83it/s]
7632it [00:09, 944.13it/s]
7728it [00:09, 946.61it/s]
7823it [00:09, 937.75it/s]
7918it [00:09, 939.68it/s]
8013it [00:09, 937.33it/s]
8107it [00:10, 925.54it/s]
8200it [00:10, 896.56it/s]
8291it [00:10, 864.44it/s]
8378it [00:10, 847.05it/s]
8463it [00:10, 830.07it/s]
8550it [00:10, 840.47it/s]
8637it [00:10, 848.83it/s]
8723it [00:10, 840.81it/s]
8818it [00:10, 872.11it/s]
8906it [00:10, 863.54it/s]
9001it [00:11, 887.59it/s]
9090it [00:11, 882.36it/s]
9179it [00:11, 805.92it/s]
9261it [00:11, 771.47it/s]
9340it [00:11, 756.77it/s]
9430it [00:11, 795.98it/s]
9515it [00:11, 808.72it/s]
9602it [00:11, 825.29it/s]
9686it [00:11, 804.84it/s]
9767it [00:12, 777.01it/s]
9861it [00:12, 821.99it/s]
9956it [00:12, 857.01it/s]
10000it [00:12, 810.90it/s]
Experiment stage: Done
Results saved to:  /home/dzh/project/vdtuner/vector-db-benchmark-master/results
>>> [Step 5] 收尾工作...
    监控日志已保存。
📊 测试结果摘要:
0.40435
805.1677313918573
0.003836378012783824
line1:  0.003836378012783824
line1:  805.1677313918573
line1:  0.40435
numeric_values:  [0.003836378012783824, 805.1677313918573, 0.40435]
[56] 4904 0.40435 0.003836378012783824 90
/bin/sh: 1: Syntax error: "(" unexpected
/data/dzh/venv/lib/python3.10/site-packages/botorch/acquisition/multi_objective/monte_carlo.py:110: NumericsWarning: qExpectedHypervolumeImprovement has known numerical issues that lead to suboptimal optimization performance. It is strongly recommended to simply replace

	 qExpectedHypervolumeImprovement 	 --> 	 qLogExpectedHypervolumeImprovement 

instead, which fixes the issues and has the same API. See https://arxiv.org/abs/2310.20708 for details.
  legacy_ei_numerics_warning(legacy_name=type(self).__name__)
--- DEBUG: Starting command:---
=======================================
🛠️  开始测试流程
Engine: milvus-p10 | Dataset: random-geo-radius-2048-angular-no-filters
=======================================
>>> [Step 1] 启动后台监控...
    监控进程 PID: 855097
>>> [Step 2] 重置 Milvus...
 Container milvus-standalone  Stopping
 Container milvus-standalone  Stopped
 Container milvus-standalone  Removing
 Container milvus-standalone  Removed
 Container milvus-etcd  Stopping
 Container milvus-minio  Stopping
 Container milvus-etcd  Stopped
 Container milvus-etcd  Removing
 Container milvus-etcd  Removed
 Container milvus-minio  Stopped
 Container milvus-minio  Removing
 Container milvus-minio  Removed
 Network milvus  Removing
 Network milvus  Removed
    🧹 清理宿主机数据目录: /home/dzh/project/vdtuner/vector-db-benchmark-master/engine/servers/milvus-single-node/volumes
 Network milvus  Creating
 Network milvus  Created
 Container milvus-minio  Creating
 Container milvus-etcd  Creating
 Container milvus-minio  Created
 Container milvus-etcd  Created
 Container milvus-standalone  Creating
 Container milvus-standalone  Created
 Container milvus-minio  Starting
 Container milvus-etcd  Starting
 Container milvus-minio  Started
 Container milvus-etcd  Started
 Container milvus-standalone  Starting
 Container milvus-standalone  Started
>>> [Step 3] 等待服务启动 (90s)...
    等待中... (10s/120s)
    ✅ Milvus 服务已就绪
>>> [Step 4] 运行 Benchmark...
Running experiment: milvus-p10 - random-geo-radius-2048-angular-no-filters
established connection
/home/dzh/project/vdtuner/vector-db-benchmark-master/datasets/random-geo-radius-2048-angular/random_geo_100k_no_filters already exists
Experiment stage: Configure
Experiment stage: Upload

0it [00:00, ?it/s]
1it [00:01,  1.93s/it]
832it [00:02, 570.68it/s]
1285it [00:02, 851.96it/s]
1638it [00:02, 1051.55it/s]
2048it [00:02, 1424.07it/s]
2383it [00:02, 1509.50it/s]
2880it [00:02, 2047.50it/s]
3328it [00:02, 2445.68it/s]
4288it [00:03, 3894.97it/s]
5281it [00:03, 5254.43it/s]
6187it [00:03, 6181.08it/s]
7168it [00:03, 7078.79it/s]
8128it [00:03, 7678.13it/s]
9088it [00:03, 8137.28it/s]
10048it [00:03, 8469.33it/s]
10939it [00:03, 8488.34it/s]
11991it [00:03, 9069.51it/s]
13056it [00:03, 9470.81it/s]
14021it [00:04, 9514.24it/s]
15040it [00:04, 9549.06it/s]
16064it [00:04, 9676.92it/s]
17088it [00:04, 9781.98it/s]
18071it [00:04, 6673.05it/s]
19072it [00:04, 7344.96it/s]
20032it [00:04, 7861.52it/s]
21018it [00:04, 8368.81it/s]
21952it [00:05, 8607.12it/s]
22976it [00:05, 8936.89it/s]
23910it [00:05, 8892.65it/s]
24867it [00:05, 9083.10it/s]
25797it [00:05, 8932.88it/s]
26705it [00:05, 8746.03it/s]
27648it [00:05, 8840.33it/s]
28544it [00:05, 8610.83it/s]
29504it [00:05, 8791.43it/s]
30429it [00:05, 8921.83it/s]
31360it [00:06, 9027.60it/s]
32266it [00:06, 5873.53it/s]
33094it [00:06, 6388.17it/s]
34048it [00:06, 7068.18it/s]
35008it [00:06, 7631.46it/s]
36032it [00:06, 8286.81it/s]
36992it [00:06, 8540.66it/s]
37894it [00:06, 8504.91it/s]
38784it [00:07, 8493.26it/s]
39744it [00:07, 8700.36it/s]
40640it [00:07, 8706.72it/s]
41588it [00:07, 8928.56it/s]
42540it [00:07, 9100.38it/s]
43458it [00:07, 8971.11it/s]
44416it [00:07, 9070.10it/s]
45376it [00:07, 9106.21it/s]
46320it [00:07, 9203.32it/s]
47243it [00:07, 8984.17it/s]
48144it [00:08, 7810.06it/s]
49024it [00:08, 7985.38it/s]
49984it [00:08, 8352.35it/s]
50837it [00:08, 8369.87it/s]
51712it [00:08, 8475.01it/s]
52608it [00:08, 8613.06it/s]
53568it [00:08, 8886.65it/s]
54528it [00:08, 9067.12it/s]
55519it [00:08, 9315.16it/s]
56454it [00:09, 9208.95it/s]
57378it [00:09, 9181.18it/s]
58298it [00:09, 8926.97it/s]
59194it [00:09, 8935.68it/s]
60096it [00:09, 8923.45it/s]
60992it [00:09, 8888.06it/s]
61882it [00:09, 8043.16it/s]
62702it [00:09, 7968.88it/s]
63510it [00:09, 7805.39it/s]
64384it [00:10, 8067.13it/s]
65216it [00:10, 8022.22it/s]
66112it [00:10, 8146.55it/s]
66944it [00:10, 8089.96it/s]
67776it [00:10, 8155.11it/s]
68672it [00:10, 8372.31it/s]
69568it [00:10, 8499.76it/s]
70467it [00:10, 8643.57it/s]
71360it [00:10, 8636.10it/s]
72225it [00:10, 7947.77it/s]
73088it [00:11, 8049.01it/s]
74016it [00:11, 8396.97it/s]
74880it [00:11, 8325.73it/s]
75776it [00:11, 8390.36it/s]
76619it [00:11, 5612.61it/s]
77521it [00:11, 6347.93it/s]
78392it [00:11, 6904.59it/s]
79296it [00:11, 7368.83it/s]
80192it [00:12, 7716.55it/s]
81077it [00:12, 8023.51it/s]
81922it [00:12, 8051.17it/s]
82798it [00:12, 8251.32it/s]
83648it [00:12, 8303.01it/s]
84544it [00:12, 8490.83it/s]
85455it [00:12, 8671.71it/s]
86336it [00:12, 8573.74it/s]
87200it [00:12, 8528.07it/s]
88058it [00:12, 8376.26it/s]
88899it [00:13, 8218.83it/s]
89792it [00:13, 8413.71it/s]
90636it [00:13, 5788.58it/s]
91548it [00:13, 6531.62it/s]
92416it [00:13, 7031.72it/s]
93312it [00:13, 7477.26it/s]
94208it [00:13, 7803.31it/s]
95104it [00:13, 8082.21it/s]
96000it [00:14, 8261.23it/s]
96960it [00:14, 8608.73it/s]
97887it [00:14, 8798.86it/s]
98782it [00:14, 8768.45it/s]
99670it [00:14, 8797.68it/s]
100000it [00:14, 6894.25it/s]
Upload time: 14.931112174876034
Total import time: 44.95419467892498
Experiment stage: Search

0it [00:00, ?it/s]
4it [00:00,  5.23it/s]
14it [00:00, 18.86it/s]
35it [00:01, 52.09it/s]
87it [00:01, 144.78it/s]
171it [00:01, 297.85it/s]
238it [00:01, 386.61it/s]
321it [00:01, 498.36it/s]
415it [00:01, 615.20it/s]
488it [00:01, 622.44it/s]
573it [00:01, 683.39it/s]
654it [00:01, 717.28it/s]
731it [00:01, 721.73it/s]
819it [00:02, 764.44it/s]
904it [00:02, 788.34it/s]
985it [00:02, 778.92it/s]
1066it [00:02, 786.20it/s]
1146it [00:02, 775.01it/s]
1225it [00:02, 735.30it/s]
1323it [00:02, 802.57it/s]
1415it [00:02, 834.43it/s]
1507it [00:02, 858.07it/s]
1598it [00:02, 872.23it/s]
1686it [00:03, 855.83it/s]
1783it [00:03, 888.16it/s]
1887it [00:03, 929.97it/s]
1981it [00:03, 916.21it/s]
2073it [00:03, 889.65it/s]
2163it [00:03, 869.61it/s]
2258it [00:03, 890.49it/s]
2348it [00:03, 880.51it/s]
2437it [00:03, 818.35it/s]
2520it [00:04, 799.08it/s]
2601it [00:04, 766.70it/s]
2681it [00:04, 772.60it/s]
2771it [00:04, 804.02it/s]
2866it [00:04, 844.91it/s]
2953it [00:04, 850.79it/s]
3039it [00:04, 849.68it/s]
3125it [00:04, 817.01it/s]
3212it [00:04, 829.45it/s]
3300it [00:04, 837.30it/s]
3384it [00:05, 829.67it/s]
3468it [00:05, 822.62it/s]
3555it [00:05, 832.52it/s]
3639it [00:05, 827.97it/s]
3726it [00:05, 837.24it/s]
3810it [00:05, 818.07it/s]
3892it [00:05, 793.20it/s]
3972it [00:05, 783.10it/s]
4051it [00:06, 652.07it/s]
4130it [00:06, 686.35it/s]
4220it [00:06, 741.16it/s]
4297it [00:06, 728.15it/s]
4383it [00:06, 762.76it/s]
4473it [00:06, 801.19it/s]
4561it [00:06, 822.41it/s]
4645it [00:06, 820.12it/s]
4730it [00:06, 827.97it/s]
4814it [00:06, 822.72it/s]
4897it [00:07, 819.32it/s]
4980it [00:07, 811.48it/s]
5062it [00:07, 761.94it/s]
5145it [00:07, 777.57it/s]
5237it [00:07, 816.27it/s]
5328it [00:07, 842.81it/s]
5413it [00:07, 830.23it/s]
5497it [00:07, 828.91it/s]
5581it [00:07, 822.63it/s]
5666it [00:07, 828.16it/s]
5753it [00:08, 837.09it/s]
5846it [00:08, 864.31it/s]
5933it [00:08, 855.04it/s]
6024it [00:08, 869.30it/s]
6115it [00:08, 880.45it/s]
6215it [00:08, 915.07it/s]
6313it [00:08, 932.29it/s]
6407it [00:08, 933.55it/s]
6502it [00:08, 937.32it/s]
6596it [00:08, 914.51it/s]
6688it [00:09, 900.55it/s]
6779it [00:09, 847.57it/s]
6870it [00:09, 864.47it/s]
6960it [00:09, 873.68it/s]
7056it [00:09, 898.46it/s]
7150it [00:09, 908.67it/s]
7242it [00:09, 909.99it/s]
7334it [00:09, 902.93it/s]
7425it [00:09, 857.20it/s]
7512it [00:10, 800.26it/s]
7594it [00:10, 724.76it/s]
7689it [00:10, 781.08it/s]
7782it [00:10, 819.40it/s]
7880it [00:10, 813.36it/s]
7963it [00:10, 812.50it/s]
8051it [00:10, 830.68it/s]
8142it [00:10, 852.54it/s]
8228it [00:10, 853.07it/s]
8314it [00:11, 764.55it/s]
8404it [00:11, 799.12it/s]
8494it [00:11, 825.32it/s]
8578it [00:11, 744.13it/s]
8661it [00:11, 767.01it/s]
8740it [00:11, 740.44it/s]
8816it [00:11, 700.19it/s]
8911it [00:11, 762.17it/s]
9000it [00:11, 797.15it/s]
9092it [00:12, 831.87it/s]
9177it [00:12, 820.10it/s]
9260it [00:12, 822.91it/s]
9343it [00:12, 808.66it/s]
9426it [00:12, 812.16it/s]
9508it [00:12, 767.63it/s]
9586it [00:12, 748.00it/s]
9673it [00:12, 766.91it/s]
9751it [00:12, 748.35it/s]
9833it [00:13, 766.98it/s]
9925it [00:13, 810.27it/s]
10000it [00:13, 756.99it/s]
Experiment stage: Done
Results saved to:  /home/dzh/project/vdtuner/vector-db-benchmark-master/results
>>> [Step 5] 收尾工作...
    监控日志已保存。
📊 测试结果摘要:
0.37513
749.3392825208754
0.004199276445433495
line1:  0.004199276445433495
line1:  749.3392825208754
line1:  0.37513
numeric_values:  [0.004199276445433495, 749.3392825208754, 0.37513]
[57] 4995 0.37513 0.004199276445433495 91
/bin/sh: 1: Syntax error: "(" unexpected
/data/dzh/venv/lib/python3.10/site-packages/botorch/acquisition/multi_objective/monte_carlo.py:110: NumericsWarning: qExpectedHypervolumeImprovement has known numerical issues that lead to suboptimal optimization performance. It is strongly recommended to simply replace

	 qExpectedHypervolumeImprovement 	 --> 	 qLogExpectedHypervolumeImprovement 

instead, which fixes the issues and has the same API. See https://arxiv.org/abs/2310.20708 for details.
  legacy_ei_numerics_warning(legacy_name=type(self).__name__)
--- DEBUG: Starting command:---
=======================================
🛠️  开始测试流程
Engine: milvus-p10 | Dataset: random-geo-radius-2048-angular-no-filters
=======================================
>>> [Step 1] 启动后台监控...
    监控进程 PID: 873977
>>> [Step 2] 重置 Milvus...
 Container milvus-standalone  Stopping
 Container milvus-standalone  Stopped
 Container milvus-standalone  Removing
 Container milvus-standalone  Removed
 Container milvus-etcd  Stopping
 Container milvus-minio  Stopping
 Container milvus-etcd  Stopped
 Container milvus-etcd  Removing
 Container milvus-etcd  Removed
 Container milvus-minio  Stopped
 Container milvus-minio  Removing
 Container milvus-minio  Removed
 Network milvus  Removing
 Network milvus  Removed
    🧹 清理宿主机数据目录: /home/dzh/project/vdtuner/vector-db-benchmark-master/engine/servers/milvus-single-node/volumes
 Network milvus  Creating
 Network milvus  Created
 Container milvus-minio  Creating
 Container milvus-etcd  Creating
 Container milvus-minio  Created
 Container milvus-etcd  Created
 Container milvus-standalone  Creating
 Container milvus-standalone  Created
 Container milvus-minio  Starting
 Container milvus-etcd  Starting
 Container milvus-minio  Started
 Container milvus-etcd  Started
 Container milvus-standalone  Starting
 Container milvus-standalone  Started
>>> [Step 3] 等待服务启动 (90s)...
    等待中... (10s/120s)
    ✅ Milvus 服务已就绪
>>> [Step 4] 运行 Benchmark...
Running experiment: milvus-p10 - random-geo-radius-2048-angular-no-filters
established connection
/home/dzh/project/vdtuner/vector-db-benchmark-master/datasets/random-geo-radius-2048-angular/random_geo_100k_no_filters already exists
Experiment stage: Configure
Experiment stage: Upload

0it [00:00, ?it/s]
1it [00:00,  1.62it/s]
64it [00:00, 78.37it/s]
704it [00:01, 1007.54it/s]
974it [00:01, 1269.79it/s]
1231it [00:01, 1493.35it/s]
1728it [00:01, 2095.21it/s]
2020it [00:01, 2083.52it/s]
2432it [00:01, 2541.60it/s]
2880it [00:01, 2970.90it/s]
3520it [00:01, 3816.86it/s]
4480it [00:02, 5325.04it/s]
5443it [00:02, 6504.78it/s]
6380it [00:02, 7310.16it/s]
7360it [00:02, 7973.94it/s]
8384it [00:02, 8591.01it/s]
9344it [00:02, 8779.33it/s]
10349it [00:02, 9149.22it/s]
11277it [00:02, 9097.18it/s]
12224it [00:02, 9127.61it/s]
13236it [00:02, 9418.26it/s]
14183it [00:03, 9358.92it/s]
15168it [00:03, 9423.64it/s]
16192it [00:03, 9639.36it/s]
17158it [00:03, 7752.48it/s]
18120it [00:03, 8225.59it/s]
19072it [00:03, 8497.43it/s]
19968it [00:03, 8619.61it/s]
20878it [00:03, 8754.07it/s]
21774it [00:03, 8515.33it/s]
22641it [00:04, 8481.47it/s]
23500it [00:04, 8359.47it/s]
24344it [00:04, 7902.75it/s]
25280it [00:04, 8292.08it/s]
26176it [00:04, 8448.21it/s]
27072it [00:04, 8471.22it/s]
27925it [00:04, 8345.25it/s]
28763it [00:04, 8323.94it/s]
29598it [00:04, 8250.90it/s]
30425it [00:04, 8109.97it/s]
31238it [00:05, 8031.43it/s]
32043it [00:05, 7951.48it/s]
32896it [00:05, 8066.40it/s]
33704it [00:05, 8070.20it/s]
34556it [00:05, 8202.17it/s]
35456it [00:05, 8250.96it/s]
36416it [00:05, 8568.14it/s]
37364it [00:05, 8834.56it/s]
38309it [00:05, 9015.95it/s]
39254it [00:06, 9144.10it/s]
40192it [00:06, 9176.90it/s]
41152it [00:06, 9173.60it/s]
42095it [00:06, 9249.14it/s]
43021it [00:06, 9176.35it/s]
43939it [00:06, 8975.74it/s]
44864it [00:06, 8970.78it/s]
45762it [00:06, 8912.46it/s]
46656it [00:06, 8911.74it/s]
47548it [00:07, 6739.61it/s]
48448it [00:07, 7274.29it/s]
49408it [00:07, 7866.73it/s]
50309it [00:07, 8171.26it/s]
51170it [00:07, 8162.54it/s]
52032it [00:07, 8198.80it/s]
52979it [00:07, 8558.80it/s]
53852it [00:07, 8603.32it/s]
54784it [00:07, 8751.63it/s]
55668it [00:07, 8712.45it/s]
56546it [00:08, 8690.89it/s]
57431it [00:08, 8737.11it/s]
58308it [00:08, 8730.76it/s]
59200it [00:08, 8701.21it/s]
60072it [00:08, 8528.05it/s]
60928it [00:08, 8449.63it/s]
61775it [00:08, 7179.73it/s]
62656it [00:08, 7598.75it/s]
63483it [00:08, 7781.10it/s]
64384it [00:09, 8084.61it/s]
65280it [00:09, 8273.37it/s]
66236it [00:09, 8643.26it/s]
67111it [00:09, 8518.25it/s]
68032it [00:09, 8682.81it/s]
68955it [00:09, 8841.92it/s]
69844it [00:09, 8733.04it/s]
70784it [00:09, 8806.09it/s]
71744it [00:09, 8957.95it/s]
72642it [00:09, 8782.90it/s]
73525it [00:10, 8795.82it/s]
74406it [00:10, 8740.64it/s]
75328it [00:10, 8774.55it/s]
76224it [00:10, 8792.56it/s]
77104it [00:10, 5343.73it/s]
78012it [00:10, 6103.79it/s]
78912it [00:10, 6726.24it/s]
79808it [00:11, 7228.60it/s]
80768it [00:11, 7758.95it/s]
81621it [00:11, 7942.86it/s]
82496it [00:11, 8136.31it/s]
83388it [00:11, 8356.12it/s]
84254it [00:11, 8397.27it/s]
85184it [00:11, 8598.03it/s]
86059it [00:11, 8433.39it/s]
86914it [00:11, 8381.83it/s]
87760it [00:11, 8274.99it/s]
88640it [00:12, 8398.92it/s]
89600it [00:12, 8632.41it/s]
90496it [00:12, 8640.65it/s]
91362it [00:12, 5951.32it/s]
92109it [00:12, 6289.06it/s]
93056it [00:12, 7024.51it/s]
94016it [00:12, 7657.20it/s]
94976it [00:12, 8128.63it/s]
95958it [00:12, 8593.17it/s]
96896it [00:13, 8708.90it/s]
97889it [00:13, 9056.07it/s]
98817it [00:13, 8944.04it/s]
99727it [00:13, 8788.08it/s]
100000it [00:13, 7436.07it/s]
Upload time: 13.826779715716839
Total import time: 44.25937047088519
Experiment stage: Search

0it [00:00, ?it/s]
4it [00:00,  5.13it/s]
14it [00:00, 19.22it/s]
36it [00:01, 54.65it/s]
86it [00:01, 144.00it/s]
170it [00:01, 298.48it/s]
247it [00:01, 411.91it/s]
329it [00:01, 515.50it/s]
424it [00:01, 629.91it/s]
506it [00:01, 682.04it/s]
591it [00:01, 727.66it/s]
672it [00:01, 741.44it/s]
765it [00:01, 794.26it/s]
849it [00:02, 806.87it/s]
943it [00:02, 845.87it/s]
1037it [00:02, 870.32it/s]
1132it [00:02, 888.17it/s]
1222it [00:02, 888.56it/s]
1312it [00:02, 887.91it/s]
1402it [00:02, 890.35it/s]
1496it [00:02, 902.88it/s]
1596it [00:02, 930.44it/s]
1691it [00:02, 927.87it/s]
1784it [00:03, 920.01it/s]
1877it [00:03, 919.27it/s]
1969it [00:03, 868.52it/s]
2057it [00:03, 815.20it/s]
2143it [00:03, 827.19it/s]
2235it [00:03, 851.97it/s]
2321it [00:03, 833.95it/s]
2408it [00:03, 842.98it/s]
2507it [00:03, 884.35it/s]
2603it [00:03, 904.71it/s]
2700it [00:04, 921.90it/s]
2795it [00:04, 929.69it/s]
2889it [00:04, 927.34it/s]
2985it [00:04, 934.86it/s]
3079it [00:04, 922.41it/s]
3172it [00:04, 907.70it/s]
3263it [00:04, 866.47it/s]
3351it [00:04, 840.73it/s]
3437it [00:04, 844.01it/s]
3529it [00:05, 864.96it/s]
3617it [00:05, 867.41it/s]
3707it [00:05, 876.86it/s]
3799it [00:05, 888.91it/s]
3889it [00:05, 864.58it/s]
3976it [00:05, 846.95it/s]
4074it [00:05, 883.74it/s]
4163it [00:05, 877.04it/s]
4254it [00:05, 886.53it/s]
4358it [00:05, 929.80it/s]
4452it [00:06, 923.37it/s]
4545it [00:06, 912.30it/s]
4637it [00:06, 871.77it/s]
4725it [00:06, 867.90it/s]
4816it [00:06, 877.89it/s]
4905it [00:06, 873.48it/s]
4993it [00:06, 872.87it/s]
5084it [00:06, 883.27it/s]
5173it [00:06, 873.42it/s]
5261it [00:06, 855.50it/s]
5349it [00:07, 860.23it/s]
5440it [00:07, 872.84it/s]
5536it [00:07, 895.76it/s]
5631it [00:07, 911.03it/s]
5726it [00:07, 919.87it/s]
5819it [00:07, 912.93it/s]
5911it [00:07, 910.41it/s]
6003it [00:07, 909.82it/s]
6095it [00:07, 900.00it/s]
6186it [00:08, 889.95it/s]
6278it [00:08, 896.25it/s]
6368it [00:08, 878.16it/s]
6456it [00:08, 839.33it/s]
6541it [00:08, 830.76it/s]
6627it [00:08, 835.74it/s]
6717it [00:08, 853.68it/s]
6803it [00:08, 854.75it/s]
6891it [00:08, 862.11it/s]
6978it [00:08, 839.97it/s]
7067it [00:09, 852.07it/s]
7153it [00:09, 807.46it/s]
7235it [00:09, 793.65it/s]
7315it [00:09, 765.58it/s]
7392it [00:09, 755.57it/s]
7468it [00:09, 706.34it/s]
7554it [00:09, 746.12it/s]
7649it [00:09, 802.80it/s]
7746it [00:09, 849.33it/s]
7832it [00:10, 840.19it/s]
7921it [00:10, 853.63it/s]
8007it [00:10, 824.35it/s]
8090it [00:10, 797.99it/s]
8176it [00:10, 814.68it/s]
8278it [00:10, 871.83it/s]
8366it [00:10, 816.75it/s]
8455it [00:10, 834.74it/s]
8556it [00:10, 880.91it/s]
8651it [00:10, 899.55it/s]
8742it [00:11, 900.40it/s]
8833it [00:11, 876.88it/s]
8922it [00:11, 876.27it/s]
9010it [00:11, 865.84it/s]
9098it [00:11, 869.41it/s]
9186it [00:11, 832.56it/s]
9283it [00:11, 869.47it/s]
9376it [00:11, 886.11it/s]
9469it [00:11, 897.97it/s]
9562it [00:12, 904.73it/s]
9661it [00:12, 927.63it/s]
9762it [00:12, 949.65it/s]
9866it [00:12, 972.13it/s]
9964it [00:12, 961.92it/s]
10000it [00:12, 801.86it/s]
Experiment stage: Done
Results saved to:  /home/dzh/project/vdtuner/vector-db-benchmark-master/results
>>> [Step 5] 收尾工作...
    监控日志已保存。
📊 测试结果摘要:
0.40383
795.2241282536996
0.003852744027972221
line1:  0.003852744027972221
line1:  795.2241282536996
line1:  0.40383
numeric_values:  [0.003852744027972221, 795.2241282536996, 0.40383]
[58] 5084 0.40383 0.003852744027972221 89
/bin/sh: 1: Syntax error: "(" unexpected
/data/dzh/venv/lib/python3.10/site-packages/botorch/acquisition/multi_objective/monte_carlo.py:110: NumericsWarning: qExpectedHypervolumeImprovement has known numerical issues that lead to suboptimal optimization performance. It is strongly recommended to simply replace

	 qExpectedHypervolumeImprovement 	 --> 	 qLogExpectedHypervolumeImprovement 

instead, which fixes the issues and has the same API. See https://arxiv.org/abs/2310.20708 for details.
  legacy_ei_numerics_warning(legacy_name=type(self).__name__)
--- DEBUG: Starting command:---
=======================================
🛠️  开始测试流程
Engine: milvus-p10 | Dataset: random-geo-radius-2048-angular-no-filters
=======================================
>>> [Step 1] 启动后台监控...
    监控进程 PID: 892351
>>> [Step 2] 重置 Milvus...
 Container milvus-standalone  Stopping
 Container milvus-standalone  Stopped
 Container milvus-standalone  Removing
 Container milvus-standalone  Removed
 Container milvus-etcd  Stopping
 Container milvus-minio  Stopping
 Container milvus-etcd  Stopped
 Container milvus-etcd  Removing
 Container milvus-etcd  Removed
 Container milvus-minio  Stopped
 Container milvus-minio  Removing
 Container milvus-minio  Removed
 Network milvus  Removing
 Network milvus  Removed
    🧹 清理宿主机数据目录: /home/dzh/project/vdtuner/vector-db-benchmark-master/engine/servers/milvus-single-node/volumes
 Network milvus  Creating
 Network milvus  Created
 Container milvus-minio  Creating
 Container milvus-etcd  Creating
 Container milvus-etcd  Created
 Container milvus-minio  Created
 Container milvus-standalone  Creating
 Container milvus-standalone  Created
 Container milvus-minio  Starting
 Container milvus-etcd  Starting
 Container milvus-etcd  Started
 Container milvus-minio  Started
 Container milvus-standalone  Starting
 Container milvus-standalone  Started
>>> [Step 3] 等待服务启动 (90s)...
    等待中... (10s/120s)
    ✅ Milvus 服务已就绪
>>> [Step 4] 运行 Benchmark...
Running experiment: milvus-p10 - random-geo-radius-2048-angular-no-filters
established connection
/home/dzh/project/vdtuner/vector-db-benchmark-master/datasets/random-geo-radius-2048-angular/random_geo_100k_no_filters already exists
Experiment stage: Configure
Experiment stage: Upload

0it [00:00, ?it/s]
1it [00:00,  1.95it/s]
64it [00:01, 73.63it/s]
768it [00:01, 1032.61it/s]
1042it [00:01, 1262.23it/s]
1295it [00:01, 1432.64it/s]
1530it [00:01, 1587.75it/s]
1759it [00:01, 1699.81it/s]
1984it [00:01, 1812.07it/s]
2496it [00:01, 2534.87it/s]
2785it [00:01, 2544.14it/s]
3520it [00:02, 3779.20it/s]
4416it [00:02, 5110.95it/s]
5376it [00:02, 6271.05it/s]
6400it [00:02, 7344.26it/s]
7488it [00:02, 8257.04it/s]
8556it [00:02, 8951.58it/s]
9471it [00:02, 9003.13it/s]
10432it [00:02, 9162.50it/s]
11456it [00:02, 9370.36it/s]
12401it [00:02, 9393.46it/s]
13346it [00:03, 9381.43it/s]
14336it [00:03, 9515.12it/s]
15296it [00:03, 9480.72it/s]
16320it [00:03, 9636.20it/s]
17285it [00:03, 6846.12it/s]
18304it [00:03, 7596.93it/s]
19328it [00:03, 8175.77it/s]
20289it [00:03, 8544.78it/s]
21312it [00:04, 8952.59it/s]
22319it [00:04, 9262.29it/s]
23281it [00:04, 9331.24it/s]
24256it [00:04, 9340.66it/s]
25216it [00:04, 9351.82it/s]
26176it [00:04, 9369.21it/s]
27136it [00:04, 9375.19it/s]
28152it [00:04, 9604.76it/s]
29118it [00:04, 9478.15it/s]
30070it [00:04, 9479.33it/s]
31021it [00:05, 9463.27it/s]
31970it [00:05, 7326.86it/s]
32960it [00:05, 7908.80it/s]
33815it [00:05, 8048.48it/s]
34754it [00:05, 8409.53it/s]
35732it [00:05, 8789.90it/s]
36672it [00:05, 8878.09it/s]
37632it [00:05, 8991.33it/s]
38588it [00:05, 9155.23it/s]
39552it [00:06, 9227.89it/s]
40576it [00:06, 9400.79it/s]
41522it [00:06, 8999.36it/s]
42496it [00:06, 9131.68it/s]
43456it [00:06, 9200.12it/s]
44380it [00:06, 9163.15it/s]
45299it [00:06, 9096.25it/s]
46271it [00:06, 9278.44it/s]
47201it [00:07, 5991.64it/s]
48082it [00:07, 6593.62it/s]
48960it [00:07, 7037.05it/s]
49846it [00:07, 7490.07it/s]
50757it [00:07, 7914.46it/s]
51628it [00:07, 8129.23it/s]
52544it [00:07, 8399.55it/s]
53464it [00:07, 8627.28it/s]
54352it [00:07, 8679.33it/s]
55258it [00:07, 8789.91it/s]
56170it [00:08, 8886.67it/s]
57068it [00:08, 8742.82it/s]
57984it [00:08, 8823.86it/s]
58872it [00:08, 8707.89it/s]
59747it [00:08, 8244.92it/s]
60608it [00:08, 8284.14it/s]
61442it [00:08, 6127.19it/s]
62208it [00:08, 6444.05it/s]
63040it [00:09, 6874.59it/s]
63872it [00:09, 7218.61it/s]
64704it [00:09, 7488.69it/s]
65600it [00:09, 7777.38it/s]
66496it [00:09, 8048.95it/s]
67392it [00:09, 8239.23it/s]
68305it [00:09, 8494.80it/s]
69165it [00:09, 8508.85it/s]
70024it [00:09, 8310.70it/s]
70959it [00:09, 8611.81it/s]
71826it [00:10, 8299.05it/s]
72662it [00:10, 8237.23it/s]
73490it [00:10, 8225.00it/s]
74432it [00:10, 8450.43it/s]
75392it [00:10, 8712.43it/s]
76265it [00:10, 6660.15it/s]
77056it [00:10, 6896.86it/s]
77888it [00:10, 7240.04it/s]
78720it [00:10, 7466.92it/s]
79552it [00:11, 7688.26it/s]
80448it [00:11, 7948.35it/s]
81280it [00:11, 8006.24it/s]
82112it [00:11, 8006.45it/s]
82944it [00:11, 8052.28it/s]
83840it [00:11, 8206.72it/s]
84736it [00:11, 8345.09it/s]
85574it [00:11, 8310.38it/s]
86460it [00:11, 8470.72it/s]
87310it [00:12, 8148.21it/s]
88192it [00:12, 8255.78it/s]
89088it [00:12, 8338.58it/s]
89924it [00:12, 8306.47it/s]
90756it [00:12, 5183.26it/s]
91588it [00:12, 5830.28it/s]
92480it [00:12, 6493.32it/s]
93376it [00:12, 7091.55it/s]
94272it [00:13, 7482.19it/s]
95232it [00:13, 7967.58it/s]
96128it [00:13, 8176.78it/s]
97024it [00:13, 8378.05it/s]
97900it [00:13, 8486.26it/s]
98775it [00:13, 8562.01it/s]
99648it [00:13, 8473.59it/s]
100000it [00:13, 7292.77it/s]
Upload time: 14.085665999911726
Total import time: 44.713144863024354
Experiment stage: Search

0it [00:00, ?it/s]
4it [00:00,  5.23it/s]
12it [00:00, 16.76it/s]
23it [00:00, 33.64it/s]
50it [00:01, 80.65it/s]
117it [00:01, 212.12it/s]
204it [00:01, 371.06it/s]
298it [00:01, 516.58it/s]
393it [00:01, 631.32it/s]
485it [00:01, 709.33it/s]
571it [00:01, 751.65it/s]
660it [00:01, 789.36it/s]
744it [00:01, 796.71it/s]
827it [00:02, 778.67it/s]
908it [00:02, 770.94it/s]
1004it [00:02, 824.48it/s]
1094it [00:02, 846.09it/s]
1187it [00:02, 869.16it/s]
1275it [00:02, 849.05it/s]
1362it [00:02, 850.19it/s]
1460it [00:02, 887.10it/s]
1552it [00:02, 890.21it/s]
1642it [00:02, 885.04it/s]
1731it [00:03, 872.54it/s]
1819it [00:03, 869.65it/s]
1908it [00:03, 875.46it/s]
1996it [00:03, 859.46it/s]
2083it [00:03, 825.00it/s]
2166it [00:03, 789.99it/s]
2246it [00:03, 771.29it/s]
2324it [00:03, 760.89it/s]
2401it [00:03, 734.77it/s]
2475it [00:04, 711.03it/s]
2551it [00:04, 723.71it/s]
2630it [00:04, 738.11it/s]
2716it [00:04, 771.81it/s]
2813it [00:04, 827.10it/s]
2907it [00:04, 857.59it/s]
3005it [00:04, 891.62it/s]
3096it [00:04, 896.37it/s]
3190it [00:04, 906.18it/s]
3281it [00:04, 871.28it/s]
3371it [00:05, 879.38it/s]
3462it [00:05, 887.82it/s]
3554it [00:05, 894.65it/s]
3645it [00:05, 898.19it/s]
3742it [00:05, 917.28it/s]
3834it [00:05, 907.85it/s]
3925it [00:05, 896.39it/s]
4020it [00:05, 911.12it/s]
4113it [00:05, 915.79it/s]
4205it [00:05, 910.67it/s]
4297it [00:06, 881.11it/s]
4386it [00:06, 868.45it/s]
4474it [00:06, 864.91it/s]
4564it [00:06, 873.86it/s]
4656it [00:06, 885.53it/s]
4754it [00:06, 913.26it/s]
4849it [00:06, 922.31it/s]
4945it [00:06, 932.33it/s]
5040it [00:06, 937.27it/s]
5134it [00:06, 930.61it/s]
5228it [00:07, 926.16it/s]
5321it [00:07, 916.67it/s]
5413it [00:07, 885.97it/s]
5504it [00:07, 892.63it/s]
5594it [00:07, 887.72it/s]
5685it [00:07, 892.65it/s]
5775it [00:07, 887.49it/s]
5864it [00:07, 885.76it/s]
5954it [00:07, 885.28it/s]
6046it [00:08, 893.13it/s]
6136it [00:08, 884.25it/s]
6225it [00:08, 880.20it/s]
6314it [00:08, 882.08it/s]
6406it [00:08, 891.71it/s]
6501it [00:08, 907.29it/s]
6599it [00:08, 927.90it/s]
6694it [00:08, 934.44it/s]
6792it [00:08, 946.91it/s]
6887it [00:08, 925.79it/s]
6980it [00:09, 905.32it/s]
7071it [00:09, 892.50it/s]
7167it [00:09, 911.62it/s]
7265it [00:09, 930.36it/s]
7359it [00:09, 910.38it/s]
7455it [00:09, 923.18it/s]
7554it [00:09, 941.60it/s]
7649it [00:09, 918.40it/s]
7742it [00:09, 868.16it/s]
7839it [00:09, 896.54it/s]
7930it [00:10, 857.10it/s]
8027it [00:10, 887.36it/s]
8130it [00:10, 927.99it/s]
8224it [00:10, 929.37it/s]
8318it [00:10, 920.83it/s]
8411it [00:10, 897.50it/s]
8505it [00:10, 907.26it/s]
8596it [00:10, 898.55it/s]
8687it [00:10, 885.90it/s]
8784it [00:11, 908.15it/s]
8877it [00:11, 913.69it/s]
8969it [00:11, 909.63it/s]
9061it [00:11, 900.11it/s]
9156it [00:11, 912.41it/s]
9249it [00:11, 910.80it/s]
9343it [00:11, 918.53it/s]
9438it [00:11, 924.73it/s]
9532it [00:11, 927.48it/s]
9625it [00:11, 921.00it/s]
9718it [00:12, 906.02it/s]
9810it [00:12, 907.78it/s]
9901it [00:12, 858.91it/s]
9988it [00:12, 852.79it/s]
10000it [00:12, 807.49it/s]
Experiment stage: Done
Results saved to:  /home/dzh/project/vdtuner/vector-db-benchmark-master/results
>>> [Step 5] 收尾工作...
    监控日志已保存。
📊 测试结果摘要:
0.37931000000000004
798.8540280397501
0.003782254760153591
line1:  0.003782254760153591
line1:  798.8540280397501
line1:  0.37931000000000004
numeric_values:  [0.003782254760153591, 798.8540280397501, 0.37931000000000004]
[59] 5175 0.37931000000000004 0.003782254760153591 90
/bin/sh: 1: Syntax error: "(" unexpected
/data/dzh/venv/lib/python3.10/site-packages/botorch/acquisition/multi_objective/monte_carlo.py:110: NumericsWarning: qExpectedHypervolumeImprovement has known numerical issues that lead to suboptimal optimization performance. It is strongly recommended to simply replace

	 qExpectedHypervolumeImprovement 	 --> 	 qLogExpectedHypervolumeImprovement 

instead, which fixes the issues and has the same API. See https://arxiv.org/abs/2310.20708 for details.
  legacy_ei_numerics_warning(legacy_name=type(self).__name__)
--- DEBUG: Starting command:---
=======================================
🛠️  开始测试流程
Engine: milvus-p10 | Dataset: random-geo-radius-2048-angular-no-filters
=======================================
>>> [Step 1] 启动后台监控...
    监控进程 PID: 911062
>>> [Step 2] 重置 Milvus...
 Container milvus-standalone  Stopping
 Container milvus-standalone  Stopped
 Container milvus-standalone  Removing
 Container milvus-standalone  Removed
 Container milvus-etcd  Stopping
 Container milvus-minio  Stopping
 Container milvus-etcd  Stopped
 Container milvus-etcd  Removing
 Container milvus-etcd  Removed
 Container milvus-minio  Stopped
 Container milvus-minio  Removing
 Container milvus-minio  Removed
 Network milvus  Removing
 Network milvus  Removed
    🧹 清理宿主机数据目录: /home/dzh/project/vdtuner/vector-db-benchmark-master/engine/servers/milvus-single-node/volumes
 Network milvus  Creating
 Network milvus  Created
 Container milvus-minio  Creating
 Container milvus-etcd  Creating
 Container milvus-etcd  Created
 Container milvus-minio  Created
 Container milvus-standalone  Creating
 Container milvus-standalone  Created
 Container milvus-minio  Starting
 Container milvus-etcd  Starting
 Container milvus-etcd  Started
 Container milvus-minio  Started
 Container milvus-standalone  Starting
 Container milvus-standalone  Started
>>> [Step 3] 等待服务启动 (90s)...
    等待中... (10s/120s)
    ✅ Milvus 服务已就绪
>>> [Step 4] 运行 Benchmark...
Running experiment: milvus-p10 - random-geo-radius-2048-angular-no-filters
established connection
/home/dzh/project/vdtuner/vector-db-benchmark-master/datasets/random-geo-radius-2048-angular/random_geo_100k_no_filters already exists
Experiment stage: Configure
Experiment stage: Upload

0it [00:00, ?it/s]
1it [00:00,  1.60it/s]
64it [00:00, 83.62it/s]
704it [00:01, 1052.96it/s]
1024it [00:01, 1390.36it/s]
1285it [00:01, 1485.61it/s]
1516it [00:01, 1654.95it/s]
1856it [00:01, 2046.17it/s]
2176it [00:01, 2301.17it/s]
2752it [00:01, 3010.27it/s]
3200it [00:01, 3360.17it/s]
3904it [00:01, 4317.93it/s]
4800it [00:02, 5562.27it/s]
5632it [00:02, 6317.93it/s]
6575it [00:02, 7194.87it/s]
7424it [00:02, 7561.91it/s]
8320it [00:02, 7943.36it/s]
9216it [00:02, 8218.19it/s]
10112it [00:02, 8364.85it/s]
10956it [00:02, 8322.62it/s]
11840it [00:02, 8390.11it/s]
12736it [00:02, 8506.71it/s]
13632it [00:03, 8566.52it/s]
14491it [00:03, 8547.66it/s]
15360it [00:03, 8449.85it/s]
16207it [00:03, 6014.21it/s]
17057it [00:03, 6583.73it/s]
17920it [00:03, 6991.51it/s]
18816it [00:03, 7458.54it/s]
19712it [00:03, 7827.48it/s]
20608it [00:04, 8005.15it/s]
21504it [00:04, 8193.59it/s]
22345it [00:04, 8233.85it/s]
23184it [00:04, 8263.42it/s]
24022it [00:04, 8268.68it/s]
24896it [00:04, 8332.45it/s]
25760it [00:04, 8422.48it/s]
26607it [00:04, 8358.81it/s]
27446it [00:04, 8365.24it/s]
28288it [00:04, 8262.17it/s]
29120it [00:05, 8207.36it/s]
30016it [00:05, 8330.21it/s]
30912it [00:05, 7308.99it/s]
31668it [00:05, 6829.39it/s]
32512it [00:05, 7143.11it/s]
33348it [00:05, 7468.25it/s]
34176it [00:05, 7669.02it/s]
35008it [00:05, 7806.59it/s]
35840it [00:05, 7828.45it/s]
36672it [00:06, 7959.96it/s]
37474it [00:06, 7969.81it/s]
38275it [00:06, 7748.84it/s]
39211it [00:06, 8214.37it/s]
40166it [00:06, 8604.53it/s]
41054it [00:06, 8685.46it/s]
41926it [00:06, 8501.51it/s]
42853it [00:06, 8725.93it/s]
43729it [00:06, 8700.36it/s]
44601it [00:06, 8664.70it/s]
45469it [00:07, 5518.27it/s]
46208it [00:07, 5876.68it/s]
47104it [00:07, 6573.24it/s]
48000it [00:07, 7094.41it/s]
48896it [00:07, 7555.80it/s]
49856it [00:07, 8051.56it/s]
50710it [00:07, 8121.95it/s]
51557it [00:08, 8000.29it/s]
52381it [00:08, 7854.45it/s]
53184it [00:08, 7827.84it/s]
54028it [00:08, 8001.92it/s]
54976it [00:08, 8336.79it/s]
55817it [00:08, 8301.08it/s]
56652it [00:08, 8232.38it/s]
57479it [00:08, 8033.80it/s]
58368it [00:08, 8240.50it/s]
59247it [00:08, 8400.40it/s]
60090it [00:09, 6896.37it/s]
60864it [00:09, 7036.74it/s]
61760it [00:09, 7546.62it/s]
62656it [00:09, 7822.91it/s]
63552it [00:09, 8138.59it/s]
64448it [00:09, 8349.50it/s]
65344it [00:09, 8498.56it/s]
66204it [00:09, 8216.04it/s]
67136it [00:09, 8496.91it/s]
68036it [00:10, 8642.08it/s]
68928it [00:10, 8653.03it/s]
69871it [00:10, 8880.32it/s]
70784it [00:10, 8814.61it/s]
71680it [00:10, 8797.43it/s]
72598it [00:10, 8909.17it/s]
73491it [00:10, 8894.49it/s]
74382it [00:10, 7316.22it/s]
75328it [00:10, 7839.56it/s]
76254it [00:11, 8221.19it/s]
77184it [00:11, 8428.78it/s]
78126it [00:11, 8707.39it/s]
79016it [00:11, 8624.90it/s]
79892it [00:11, 8663.48it/s]
80768it [00:11, 8631.73it/s]
81664it [00:11, 8650.54it/s]
82560it [00:11, 8726.45it/s]
83436it [00:11, 8282.91it/s]
84288it [00:11, 8271.41it/s]
85120it [00:12, 8050.02it/s]
85952it [00:12, 8089.76it/s]
86784it [00:12, 8087.74it/s]
87680it [00:12, 8323.58it/s]
88640it [00:12, 8567.65it/s]
89498it [00:12, 7597.01it/s]
90278it [00:12, 7297.67it/s]
91022it [00:12, 7128.44it/s]
91745it [00:12, 7029.40it/s]
92544it [00:13, 7216.06it/s]
93440it [00:13, 7622.51it/s]
94336it [00:13, 7958.91it/s]
95232it [00:13, 8215.93it/s]
96128it [00:13, 8366.07it/s]
97024it [00:13, 8412.74it/s]
97868it [00:13, 8386.67it/s]
98709it [00:13, 7970.39it/s]
99607it [00:13, 8257.02it/s]
100000it [00:13, 7165.57it/s]
Upload time: 14.330869052093476
Total import time: 44.7656833617948
Experiment stage: Search

0it [00:00, ?it/s]
4it [00:00,  5.18it/s]
14it [00:00, 19.77it/s]
27it [00:00, 39.65it/s]
73it [00:01, 125.57it/s]
146it [00:01, 262.06it/s]
224it [00:01, 387.09it/s]
310it [00:01, 508.02it/s]
391it [00:01, 588.98it/s]
472it [00:01, 649.49it/s]
552it [00:01, 691.26it/s]
635it [00:01, 729.61it/s]
713it [00:01, 724.17it/s]
789it [00:02, 722.38it/s]
874it [00:02, 759.12it/s]
952it [00:02, 755.30it/s]
1029it [00:02, 747.77it/s]
1112it [00:02, 771.24it/s]
1198it [00:02, 795.49it/s]
1283it [00:02, 808.37it/s]
1365it [00:02, 787.12it/s]
1448it [00:02, 797.82it/s]
1531it [00:02, 806.51it/s]
1621it [00:03, 833.31it/s]
1712it [00:03, 854.89it/s]
1808it [00:03, 882.60it/s]
1897it [00:03, 860.50it/s]
1984it [00:03, 854.49it/s]
2070it [00:03, 795.02it/s]
2162it [00:03, 827.99it/s]
2247it [00:03, 832.31it/s]
2331it [00:03, 825.51it/s]
2427it [00:03, 863.16it/s]
2528it [00:04, 905.54it/s]
2621it [00:04, 911.58it/s]
2713it [00:04, 900.52it/s]
2804it [00:04, 891.29it/s]
2894it [00:04, 876.54it/s]
2984it [00:04, 882.39it/s]
3073it [00:04, 848.47it/s]
3159it [00:04, 851.47it/s]
3245it [00:04, 836.66it/s]
3329it [00:05, 826.79it/s]
3417it [00:05, 841.44it/s]
3502it [00:05, 839.53it/s]
3587it [00:05, 837.00it/s]
3671it [00:05, 799.12it/s]
3766it [00:05, 840.43it/s]
3859it [00:05, 864.83it/s]
3946it [00:05, 858.97it/s]
4033it [00:05, 861.87it/s]
4120it [00:05, 855.19it/s]
4206it [00:06, 801.71it/s]
4287it [00:06, 789.05it/s]
4377it [00:06, 817.07it/s]
4460it [00:06, 800.33it/s]
4557it [00:06, 848.56it/s]
4645it [00:06, 856.71it/s]
4736it [00:06, 868.81it/s]
4829it [00:06, 885.41it/s]
4922it [00:06, 897.31it/s]
5012it [00:07, 860.24it/s]
5099it [00:07, 861.58it/s]
5192it [00:07, 878.42it/s]
5281it [00:07, 861.28it/s]
5368it [00:07, 845.40it/s]
5461it [00:07, 868.93it/s]
5554it [00:07, 885.71it/s]
5643it [00:07, 833.75it/s]
5736it [00:07, 859.05it/s]
5825it [00:07, 867.36it/s]
5913it [00:08, 827.56it/s]
5997it [00:08, 820.92it/s]
6091it [00:08, 854.38it/s]
6189it [00:08, 888.84it/s]
6282it [00:08, 899.10it/s]
6373it [00:08, 876.82it/s]
6462it [00:08, 832.87it/s]
6551it [00:08, 847.85it/s]
6641it [00:08, 862.36it/s]
6728it [00:08, 861.61it/s]
6815it [00:09, 861.19it/s]
6902it [00:09, 859.22it/s]
6989it [00:09, 795.91it/s]
7075it [00:09, 812.52it/s]
7168it [00:09, 822.01it/s]
7262it [00:09, 854.82it/s]
7349it [00:09, 816.72it/s]
7434it [00:09, 825.79it/s]
7518it [00:09, 824.96it/s]
7608it [00:10, 845.93it/s]
7693it [00:10, 832.93it/s]
7777it [00:10, 800.11it/s]
7858it [00:10, 769.99it/s]
7940it [00:10, 783.45it/s]
8019it [00:10, 664.23it/s]
8098it [00:10, 688.98it/s]
8187it [00:10, 738.83it/s]
8269it [00:10, 759.20it/s]
8353it [00:11, 779.79it/s]
8433it [00:11, 746.47it/s]
8518it [00:11, 773.16it/s]
8607it [00:11, 804.64it/s]
8703it [00:11, 847.60it/s]
8789it [00:11, 829.87it/s]
8887it [00:11, 872.33it/s]
8975it [00:11, 825.22it/s]
9059it [00:11, 805.57it/s]
9141it [00:12, 808.81it/s]
9225it [00:12, 816.58it/s]
9313it [00:12, 832.87it/s]
9401it [00:12, 839.78it/s]
9496it [00:12, 869.94it/s]
9587it [00:12, 881.55it/s]
9676it [00:12, 881.02it/s]
9765it [00:12, 869.79it/s]
9853it [00:12, 859.60it/s]
9941it [00:12, 859.69it/s]
10000it [00:13, 767.04it/s]
Experiment stage: Done
Results saved to:  /home/dzh/project/vdtuner/vector-db-benchmark-master/results
>>> [Step 5] 收尾工作...
    监控日志已保存。
📊 测试结果摘要:
0.39048
760.0899098034484
0.0040666094282642
line1:  0.0040666094282642
line1:  760.0899098034484
line1:  0.39048
numeric_values:  [0.0040666094282642, 760.0899098034484, 0.39048]
[60] 5266 0.39048 0.0040666094282642 90
/bin/sh: 1: Syntax error: "(" unexpected
/data/dzh/venv/lib/python3.10/site-packages/botorch/acquisition/multi_objective/monte_carlo.py:110: NumericsWarning: qExpectedHypervolumeImprovement has known numerical issues that lead to suboptimal optimization performance. It is strongly recommended to simply replace

	 qExpectedHypervolumeImprovement 	 --> 	 qLogExpectedHypervolumeImprovement 

instead, which fixes the issues and has the same API. See https://arxiv.org/abs/2310.20708 for details.
  legacy_ei_numerics_warning(legacy_name=type(self).__name__)
--- DEBUG: Starting command:---
=======================================
🛠️  开始测试流程
Engine: milvus-p10 | Dataset: random-geo-radius-2048-angular-no-filters
=======================================
>>> [Step 1] 启动后台监控...
    监控进程 PID: 930327
>>> [Step 2] 重置 Milvus...
 Container milvus-standalone  Stopping
 Container milvus-standalone  Stopped
 Container milvus-standalone  Removing
 Container milvus-standalone  Removed
 Container milvus-minio  Stopping
 Container milvus-etcd  Stopping
 Container milvus-etcd  Stopped
 Container milvus-etcd  Removing
 Container milvus-etcd  Removed
 Container milvus-minio  Stopped
 Container milvus-minio  Removing
 Container milvus-minio  Removed
 Network milvus  Removing
 Network milvus  Removed
    🧹 清理宿主机数据目录: /home/dzh/project/vdtuner/vector-db-benchmark-master/engine/servers/milvus-single-node/volumes
 Network milvus  Creating
 Network milvus  Created
 Container milvus-etcd  Creating
 Container milvus-minio  Creating
 Container milvus-etcd  Created
 Container milvus-minio  Created
 Container milvus-standalone  Creating
 Container milvus-standalone  Created
 Container milvus-etcd  Starting
 Container milvus-minio  Starting
 Container milvus-minio  Started
 Container milvus-etcd  Started
 Container milvus-standalone  Starting
 Container milvus-standalone  Started
>>> [Step 3] 等待服务启动 (90s)...
    等待中... (10s/120s)
    ✅ Milvus 服务已就绪
>>> [Step 4] 运行 Benchmark...
Running experiment: milvus-p10 - random-geo-radius-2048-angular-no-filters
established connection
/home/dzh/project/vdtuner/vector-db-benchmark-master/datasets/random-geo-radius-2048-angular/random_geo_100k_no_filters already exists
Experiment stage: Configure
Experiment stage: Upload

0it [00:00, ?it/s]
1it [00:00,  1.38it/s]
64it [00:01, 76.98it/s]
579it [00:01, 823.87it/s]
821it [00:01, 1095.89it/s]
1061it [00:01, 1342.71it/s]
1344it [00:01, 1667.64it/s]
1596it [00:01, 1827.82it/s]
1981it [00:01, 2332.42it/s]
2271it [00:01, 2310.78it/s]
2541it [00:01, 2175.67it/s]
2880it [00:02, 2465.39it/s]
3392it [00:02, 3145.84it/s]
4352it [00:02, 4859.98it/s]
5376it [00:02, 6298.89it/s]
6400it [00:02, 7373.89it/s]
7437it [00:02, 8231.49it/s]
8384it [00:02, 8520.99it/s]
9426it [00:02, 9074.07it/s]
10432it [00:02, 9267.13it/s]
11456it [00:02, 9428.83it/s]
12421it [00:03, 9493.06it/s]
13440it [00:03, 9602.59it/s]
14404it [00:03, 9463.62it/s]
15424it [00:03, 9589.65it/s]
16401it [00:03, 9642.19it/s]
17367it [00:03, 6097.25it/s]
18256it [00:03, 6684.33it/s]
19137it [00:03, 7175.38it/s]
20160it [00:04, 7908.18it/s]
21148it [00:04, 8422.52it/s]
22081it [00:04, 8668.65it/s]
23104it [00:04, 8996.88it/s]
24043it [00:04, 8923.79it/s]
24963it [00:04, 8865.75it/s]
25920it [00:04, 9060.80it/s]
26880it [00:04, 9147.32it/s]
27840it [00:04, 9265.02it/s]
28800it [00:04, 9349.49it/s]
29760it [00:05, 9397.16it/s]
30784it [00:05, 9581.79it/s]
31745it [00:05, 7574.36it/s]
32725it [00:05, 8130.93it/s]
33600it [00:05, 8168.49it/s]
34458it [00:05, 8275.25it/s]
35392it [00:05, 8561.84it/s]
36352it [00:05, 8755.64it/s]
37336it [00:05, 9065.72it/s]
38272it [00:06, 9071.71it/s]
39189it [00:06, 8935.26it/s]
40090it [00:06, 8640.10it/s]
40961it [00:06, 8080.40it/s]
41984it [00:06, 8620.39it/s]
43008it [00:06, 8928.86it/s]
44005it [00:06, 9222.96it/s]
44935it [00:06, 9226.37it/s]
45863it [00:07, 5984.51it/s]
46610it [00:07, 6197.49it/s]
47547it [00:07, 6925.76it/s]
48340it [00:07, 6974.80it/s]
49118it [00:07, 7180.43it/s]
49922it [00:07, 7409.79it/s]
50749it [00:07, 7646.29it/s]
51648it [00:07, 7955.67it/s]
52544it [00:07, 8169.26it/s]
53488it [00:08, 8535.04it/s]
54355it [00:08, 8253.92it/s]
55270it [00:08, 8509.96it/s]
56130it [00:08, 8264.29it/s]
56964it [00:08, 7711.07it/s]
57746it [00:08, 7660.36it/s]
58560it [00:08, 7729.18it/s]
59339it [00:08, 7538.42it/s]
60097it [00:08, 6893.19it/s]
60864it [00:09, 7079.11it/s]
61582it [00:09, 6630.22it/s]
62528it [00:09, 7330.91it/s]
63320it [00:09, 7493.80it/s]
64216it [00:09, 7908.48it/s]
65152it [00:09, 8228.62it/s]
65990it [00:09, 8272.21it/s]
66864it [00:09, 8408.44it/s]
67709it [00:09, 8287.45it/s]
68541it [00:10, 8293.12it/s]
69440it [00:10, 8375.80it/s]
70306it [00:10, 8458.40it/s]
71170it [00:10, 8511.49it/s]
72064it [00:10, 8634.82it/s]
72929it [00:10, 8568.42it/s]
73787it [00:10, 8010.62it/s]
74626it [00:10, 8117.55it/s]
75569it [00:10, 8495.19it/s]
76425it [00:10, 7333.24it/s]
77319it [00:11, 7757.50it/s]
78148it [00:11, 7902.56it/s]
78959it [00:11, 7939.01it/s]
79832it [00:11, 8164.64it/s]
80704it [00:11, 8214.32it/s]
81593it [00:11, 8409.30it/s]
82441it [00:11, 8306.66it/s]
83277it [00:11, 8284.96it/s]
84109it [00:11, 8209.76it/s]
84956it [00:12, 8284.96it/s]
85787it [00:12, 8087.26it/s]
86598it [00:12, 7843.62it/s]
87488it [00:12, 8133.80it/s]
88384it [00:12, 8309.26it/s]
89280it [00:12, 8406.00it/s]
90123it [00:12, 7465.97it/s]
90889it [00:12, 7254.26it/s]
91712it [00:12, 7511.08it/s]
92577it [00:12, 7828.21it/s]
93440it [00:13, 8048.24it/s]
94254it [00:13, 7885.40it/s]
95149it [00:13, 8190.89it/s]
96000it [00:13, 8254.40it/s]
96830it [00:13, 8139.78it/s]
97728it [00:13, 8248.37it/s]
98624it [00:13, 8376.83it/s]
99566it [00:13, 8680.90it/s]
100000it [00:13, 7213.06it/s]
Upload time: 14.280020780395716
Total import time: 44.09298411011696
Experiment stage: Search

0it [00:00, ?it/s]
4it [00:00,  5.23it/s]
14it [00:00, 19.51it/s]
31it [00:00, 46.40it/s]
74it [00:01, 124.41it/s]
164it [00:01, 298.30it/s]
240it [00:01, 409.89it/s]
332it [00:01, 540.02it/s]
421it [00:01, 632.19it/s]
508it [00:01, 697.60it/s]
597it [00:01, 749.58it/s]
688it [00:01, 795.56it/s]
780it [00:01, 829.65it/s]
867it [00:01, 833.41it/s]
953it [00:02, 823.32it/s]
1038it [00:02, 821.48it/s]
1132it [00:02, 853.77it/s]
1229it [00:02, 886.67it/s]
1320it [00:02, 892.40it/s]
1417it [00:02, 914.81it/s]
1509it [00:02, 897.21it/s]
1601it [00:02, 903.79it/s]
1695it [00:02, 912.65it/s]
1789it [00:03, 917.07it/s]
1881it [00:03, 905.80it/s]
1977it [00:03, 920.10it/s]
2070it [00:03, 920.42it/s]
2163it [00:03, 907.50it/s]
2254it [00:03, 860.75it/s]
2341it [00:03, 794.92it/s]
2422it [00:03, 776.91it/s]
2515it [00:03, 817.45it/s]
2607it [00:03, 846.10it/s]
2703it [00:04, 876.72it/s]
2804it [00:04, 911.66it/s]
2896it [00:04, 886.63it/s]
2986it [00:04, 829.18it/s]
3070it [00:04, 814.81it/s]
3165it [00:04, 846.55it/s]
3257it [00:04, 866.73it/s]
3347it [00:04, 873.68it/s]
3435it [00:04, 841.32it/s]
3520it [00:05, 834.62it/s]
3605it [00:05, 837.72it/s]
3702it [00:05, 874.32it/s]
3792it [00:05, 874.32it/s]
3882it [00:05, 880.30it/s]
3972it [00:05, 884.16it/s]
4063it [00:05, 890.08it/s]
4153it [00:05, 887.51it/s]
4252it [00:05, 913.61it/s]
4344it [00:05, 913.02it/s]
4436it [00:06, 905.21it/s]
4530it [00:06, 914.38it/s]
4622it [00:06, 910.81it/s]
4714it [00:06, 881.76it/s]
4803it [00:06, 859.28it/s]
4892it [00:06, 862.08it/s]
4979it [00:06, 848.87it/s]
5065it [00:06, 819.55it/s]
5148it [00:06, 794.89it/s]
5228it [00:07, 779.66it/s]
5307it [00:07, 754.27it/s]
5389it [00:07, 771.97it/s]
5474it [00:07, 794.16it/s]
5560it [00:07, 812.16it/s]
5642it [00:07, 808.23it/s]
5725it [00:07, 812.37it/s]
5815it [00:07, 836.89it/s]
5899it [00:07, 791.78it/s]
5979it [00:07, 782.55it/s]
6066it [00:08, 806.20it/s]
6150it [00:08, 815.23it/s]
6245it [00:08, 853.59it/s]
6348it [00:08, 903.57it/s]
6446it [00:08, 925.65it/s]
6540it [00:08, 928.68it/s]
6634it [00:08, 885.53it/s]
6724it [00:08, 871.90it/s]
6812it [00:08, 857.04it/s]
6898it [00:09, 828.27it/s]
6983it [00:09, 832.95it/s]
7071it [00:09, 845.86it/s]
7163it [00:09, 866.42it/s]
7250it [00:09, 839.17it/s]
7338it [00:09, 849.73it/s]
7424it [00:09, 828.26it/s]
7511it [00:09, 837.24it/s]
7604it [00:09, 864.00it/s]
7695it [00:09, 875.85it/s]
7784it [00:10, 879.36it/s]
7873it [00:10, 827.16it/s]
7957it [00:10, 823.13it/s]
8046it [00:10, 840.99it/s]
8131it [00:10, 837.41it/s]
8217it [00:10, 841.96it/s]
8302it [00:10, 783.96it/s]
8392it [00:10, 814.43it/s]
8484it [00:10, 842.88it/s]
8572it [00:11, 852.44it/s]
8660it [00:11, 858.45it/s]
8749it [00:11, 867.56it/s]
8851it [00:11, 909.89it/s]
8949it [00:11, 930.21it/s]
9043it [00:11, 918.40it/s]
9136it [00:11, 903.15it/s]
9227it [00:11, 876.38it/s]
9323it [00:11, 899.02it/s]
9414it [00:11, 827.59it/s]
9499it [00:12, 833.17it/s]
9584it [00:12, 835.92it/s]
9675it [00:12, 856.49it/s]
9766it [00:12, 864.42it/s]
9859it [00:12, 881.67it/s]
9948it [00:12, 824.08it/s]
10000it [00:12, 789.66it/s]
Experiment stage: Done
Results saved to:  /home/dzh/project/vdtuner/vector-db-benchmark-master/results
>>> [Step 5] 收尾工作...
    监控日志已保存。
📊 测试结果摘要:
0.41139
782.2438863139604
0.003963559842668472
line1:  0.003963559842668472
line1:  782.2438863139604
line1:  0.41139
numeric_values:  [0.003963559842668472, 782.2438863139604, 0.41139]
[61] 5355 0.41139 0.003963559842668472 89
/bin/sh: 1: Syntax error: "(" unexpected
/data/dzh/venv/lib/python3.10/site-packages/botorch/acquisition/multi_objective/monte_carlo.py:110: NumericsWarning: qExpectedHypervolumeImprovement has known numerical issues that lead to suboptimal optimization performance. It is strongly recommended to simply replace

	 qExpectedHypervolumeImprovement 	 --> 	 qLogExpectedHypervolumeImprovement 

instead, which fixes the issues and has the same API. See https://arxiv.org/abs/2310.20708 for details.
  legacy_ei_numerics_warning(legacy_name=type(self).__name__)
--- DEBUG: Starting command:---
=======================================
🛠️  开始测试流程
Engine: milvus-p10 | Dataset: random-geo-radius-2048-angular-no-filters
=======================================
>>> [Step 1] 启动后台监控...
    监控进程 PID: 949768
>>> [Step 2] 重置 Milvus...
 Container milvus-standalone  Stopping
 Container milvus-standalone  Stopped
 Container milvus-standalone  Removing
 Container milvus-standalone  Removed
 Container milvus-etcd  Stopping
 Container milvus-minio  Stopping
 Container milvus-etcd  Stopped
 Container milvus-etcd  Removing
 Container milvus-etcd  Removed
 Container milvus-minio  Stopped
 Container milvus-minio  Removing
 Container milvus-minio  Removed
 Network milvus  Removing
 Network milvus  Removed
    🧹 清理宿主机数据目录: /home/dzh/project/vdtuner/vector-db-benchmark-master/engine/servers/milvus-single-node/volumes
 Network milvus  Creating
 Network milvus  Created
 Container milvus-etcd  Creating
 Container milvus-minio  Creating
 Container milvus-etcd  Created
 Container milvus-minio  Created
 Container milvus-standalone  Creating
 Container milvus-standalone  Created
 Container milvus-etcd  Starting
 Container milvus-minio  Starting
 Container milvus-minio  Started
 Container milvus-etcd  Started
 Container milvus-standalone  Starting
 Container milvus-standalone  Started
>>> [Step 3] 等待服务启动 (90s)...
    等待中... (10s/120s)
    ✅ Milvus 服务已就绪
>>> [Step 4] 运行 Benchmark...
Running experiment: milvus-p10 - random-geo-radius-2048-angular-no-filters
established connection
/home/dzh/project/vdtuner/vector-db-benchmark-master/datasets/random-geo-radius-2048-angular/random_geo_100k_no_filters already exists
Experiment stage: Configure
Experiment stage: Upload

0it [00:00, ?it/s]
1it [00:04,  4.04s/it]
832it [00:04, 282.28it/s]
1237it [00:04, 422.09it/s]
1728it [00:04, 663.54it/s]
2036it [00:04, 826.52it/s]
2321it [00:04, 1014.55it/s]
2624it [00:04, 1236.72it/s]
3236it [00:05, 1934.98it/s]
3968it [00:05, 2832.22it/s]
4893it [00:05, 4078.15it/s]
5854it [00:05, 5279.22it/s]
6784it [00:05, 6203.81it/s]
7745it [00:05, 7057.31it/s]
8581it [00:05, 7381.45it/s]
9415it [00:05, 7643.31it/s]
10304it [00:05, 7950.53it/s]
11266it [00:05, 8426.85it/s]
12224it [00:06, 8721.05it/s]
13124it [00:06, 8790.67it/s]
14080it [00:06, 8890.75it/s]
15040it [00:06, 9033.33it/s]
15953it [00:06, 8840.36it/s]
16845it [00:06, 8344.88it/s]
17690it [00:06, 6091.20it/s]
18688it [00:06, 6963.66it/s]
19715it [00:07, 7769.46it/s]
20672it [00:07, 8200.56it/s]
21632it [00:07, 8574.06it/s]
22539it [00:07, 8614.13it/s]
23552it [00:07, 9002.12it/s]
24640it [00:07, 9435.06it/s]
25603it [00:07, 9486.04it/s]
26624it [00:07, 9618.85it/s]
27596it [00:07, 9482.54it/s]
28577it [00:07, 9571.15it/s]
29568it [00:08, 9592.86it/s]
30592it [00:08, 9703.28it/s]
31616it [00:08, 9754.35it/s]
32594it [00:08, 9036.10it/s]
33509it [00:08, 8652.30it/s]
34496it [00:08, 8923.57it/s]
35503it [00:08, 9245.05it/s]
36455it [00:08, 9323.14it/s]
37394it [00:08, 9130.16it/s]
38312it [00:08, 9141.11it/s]
39296it [00:09, 9261.75it/s]
40317it [00:09, 9538.63it/s]
41274it [00:09, 9510.43it/s]
42240it [00:09, 9485.86it/s]
43200it [00:09, 9390.57it/s]
44141it [00:09, 9389.27it/s]
45081it [00:09, 9118.83it/s]
46016it [00:09, 9141.31it/s]
46976it [00:09, 9243.96it/s]
47902it [00:10, 8758.92it/s]
48784it [00:10, 8193.38it/s]
49664it [00:10, 8270.37it/s]
50551it [00:10, 8437.60it/s]
51456it [00:10, 8579.99it/s]
52416it [00:10, 8788.00it/s]
53299it [00:10, 8497.56it/s]
54153it [00:10, 8316.08it/s]
55040it [00:10, 8367.02it/s]
55936it [00:10, 8529.75it/s]
56832it [00:11, 8610.92it/s]
57728it [00:11, 8577.63it/s]
58587it [00:11, 8502.39it/s]
59520it [00:11, 8673.47it/s]
60389it [00:11, 8653.05it/s]
61297it [00:11, 8778.28it/s]
62195it [00:11, 8837.17it/s]
63080it [00:11, 6286.06it/s]
63940it [00:12, 6822.37it/s]
64832it [00:12, 7254.23it/s]
65728it [00:12, 7671.97it/s]
66587it [00:12, 7919.12it/s]
67420it [00:12, 7887.91it/s]
68288it [00:12, 8029.09it/s]
69184it [00:12, 8213.93it/s]
70080it [00:12, 8315.38it/s]
70923it [00:12, 8290.62it/s]
71872it [00:12, 8551.16it/s]
72768it [00:13, 8551.47it/s]
73632it [00:13, 8576.64it/s]
74493it [00:13, 8585.31it/s]
75392it [00:13, 8636.06it/s]
76352it [00:13, 8836.91it/s]
77312it [00:13, 8967.03it/s]
78210it [00:13, 8532.07it/s]
79168it [00:13, 8714.61it/s]
80064it [00:13, 8736.67it/s]
80960it [00:14, 8705.77it/s]
81856it [00:14, 8711.12it/s]
82737it [00:14, 8739.32it/s]
83612it [00:14, 8601.66it/s]
84480it [00:14, 8507.12it/s]
85332it [00:14, 8476.94it/s]
86208it [00:14, 8480.21it/s]
87057it [00:14, 8181.01it/s]
87897it [00:14, 8243.80it/s]
88768it [00:14, 8290.61it/s]
89600it [00:15, 8292.56it/s]
90472it [00:15, 8417.79it/s]
91328it [00:15, 8342.18it/s]
92288it [00:15, 8655.68it/s]
93155it [00:15, 7464.49it/s]
94016it [00:15, 7764.48it/s]
94912it [00:15, 8056.88it/s]
95776it [00:15, 8220.87it/s]
96647it [00:15, 8360.05it/s]
97536it [00:16, 8420.95it/s]
98432it [00:16, 8562.70it/s]
99328it [00:16, 8678.21it/s]
100000it [00:16, 6130.64it/s]
Upload time: 16.68474359996617
Total import time: 47.30496834078804
Experiment stage: Search

0it [00:00, ?it/s]
4it [00:00,  5.21it/s]
11it [00:00, 14.81it/s]
36it [00:00, 56.31it/s]
67it [00:01, 107.17it/s]
122it [00:01, 205.88it/s]
186it [00:01, 309.96it/s]
256it [00:01, 406.32it/s]
327it [00:01, 487.07it/s]
404it [00:01, 564.61it/s]
484it [00:01, 630.23it/s]
565it [00:01, 674.09it/s]
638it [00:01, 689.02it/s]
728it [00:02, 748.77it/s]
821it [00:02, 800.30it/s]
916it [00:02, 842.53it/s]
1008it [00:02, 862.29it/s]
1096it [00:02, 770.11it/s]
1185it [00:02, 802.61it/s]
1272it [00:02, 816.22it/s]
1356it [00:02, 808.89it/s]
1442it [00:02, 820.85it/s]
1525it [00:02, 822.28it/s]
1611it [00:03, 832.92it/s]
1697it [00:03, 840.11it/s]
1782it [00:03, 835.10it/s]
1866it [00:03, 800.64it/s]
1947it [00:03, 776.37it/s]
2033it [00:03, 799.70it/s]
2131it [00:03, 850.26it/s]
2219it [00:03, 857.50it/s]
2306it [00:03, 842.64it/s]
2391it [00:04, 833.18it/s]
2475it [00:04, 818.92it/s]
2559it [00:04, 824.72it/s]
2649it [00:04, 844.13it/s]
2734it [00:04, 815.37it/s]
2817it [00:04, 818.56it/s]
2910it [00:04, 847.23it/s]
2995it [00:04, 840.58it/s]
3080it [00:04, 842.81it/s]
3165it [00:04, 808.15it/s]
3247it [00:05, 797.96it/s]
3347it [00:05, 854.85it/s]
3441it [00:05, 879.20it/s]
3535it [00:05, 895.51it/s]
3636it [00:05, 927.92it/s]
3732it [00:05, 936.67it/s]
3826it [00:05, 917.27it/s]
3918it [00:05, 864.57it/s]
4006it [00:05, 868.15it/s]
4097it [00:05, 878.31it/s]
4192it [00:06, 897.71it/s]
4283it [00:06, 884.31it/s]
4372it [00:06, 839.78it/s]
4458it [00:06, 841.04it/s]
4543it [00:06, 824.76it/s]
4626it [00:06, 824.50it/s]
4709it [00:06, 823.37it/s]
4792it [00:06, 810.23it/s]
4874it [00:06, 805.82it/s]
4968it [00:07, 844.39it/s]
5053it [00:07, 828.42it/s]
5137it [00:07, 792.54it/s]
5217it [00:07, 788.68it/s]
5297it [00:07, 754.43it/s]
5378it [00:07, 769.09it/s]
5458it [00:07, 775.94it/s]
5548it [00:07, 807.51it/s]
5630it [00:07, 791.98it/s]
5718it [00:07, 816.63it/s]
5803it [00:08, 826.21it/s]
5886it [00:08, 789.05it/s]
5966it [00:08, 768.20it/s]
6044it [00:08, 705.98it/s]
6145it [00:08, 786.88it/s]
6235it [00:08, 809.06it/s]
6322it [00:08, 825.10it/s]
6406it [00:08, 820.18it/s]
6489it [00:08, 801.25it/s]
6570it [00:09, 756.76it/s]
6647it [00:09, 752.13it/s]
6723it [00:09, 743.63it/s]
6801it [00:09, 751.70it/s]
6893it [00:09, 796.90it/s]
6974it [00:09, 798.88it/s]
7055it [00:09, 784.28it/s]
7139it [00:09, 799.14it/s]
7227it [00:09, 818.12it/s]
7309it [00:10, 817.39it/s]
7397it [00:10, 835.71it/s]
7489it [00:10, 857.84it/s]
7575it [00:10, 818.23it/s]
7658it [00:10, 799.52it/s]
7739it [00:10, 769.78it/s]
7817it [00:10, 756.12it/s]
7900it [00:10, 774.20it/s]
7978it [00:10, 752.78it/s]
8058it [00:10, 765.72it/s]
8137it [00:11, 769.41it/s]
8223it [00:11, 794.38it/s]
8303it [00:11, 787.73it/s]
8393it [00:11, 813.06it/s]
8483it [00:11, 837.19it/s]
8567it [00:11, 827.37it/s]
8651it [00:11, 830.40it/s]
8735it [00:11, 831.95it/s]
8829it [00:11, 862.36it/s]
8918it [00:11, 869.56it/s]
9006it [00:12, 848.53it/s]
9093it [00:12, 851.12it/s]
9179it [00:12, 823.18it/s]
9262it [00:12, 796.88it/s]
9342it [00:12, 766.78it/s]
9421it [00:12, 772.13it/s]
9511it [00:12, 807.85it/s]
9593it [00:12, 756.24it/s]
9670it [00:12, 726.04it/s]
9755it [00:13, 758.98it/s]
9835it [00:13, 768.77it/s]
9914it [00:13, 772.74it/s]
9997it [00:13, 785.23it/s]
10000it [00:13, 746.70it/s]
Experiment stage: Done
Results saved to:  /home/dzh/project/vdtuner/vector-db-benchmark-master/results
>>> [Step 5] 收尾工作...
    监控日志已保存。
📊 测试结果摘要:
0.38310999999999995
741.0736429756162
0.004185226722620426
line1:  0.004185226722620426
line1:  741.0736429756162
line1:  0.38310999999999995
numeric_values:  [0.004185226722620426, 741.0736429756162, 0.38310999999999995]
[62] 5611 0.38310999999999995 0.004185226722620426 255
/bin/sh: 1: Syntax error: "(" unexpected
/data/dzh/venv/lib/python3.10/site-packages/botorch/acquisition/multi_objective/monte_carlo.py:110: NumericsWarning: qExpectedHypervolumeImprovement has known numerical issues that lead to suboptimal optimization performance. It is strongly recommended to simply replace

	 qExpectedHypervolumeImprovement 	 --> 	 qLogExpectedHypervolumeImprovement 

instead, which fixes the issues and has the same API. See https://arxiv.org/abs/2310.20708 for details.
  legacy_ei_numerics_warning(legacy_name=type(self).__name__)
--- DEBUG: Starting command:---
=======================================
🛠️  开始测试流程
Engine: milvus-p10 | Dataset: random-geo-radius-2048-angular-no-filters
=======================================
>>> [Step 1] 启动后台监控...
    监控进程 PID: 971676
>>> [Step 2] 重置 Milvus...
 Container milvus-standalone  Stopping
 Container milvus-standalone  Stopped
 Container milvus-standalone  Removing
 Container milvus-standalone  Removed
 Container milvus-minio  Stopping
 Container milvus-etcd  Stopping
 Container milvus-etcd  Stopped
 Container milvus-etcd  Removing
 Container milvus-etcd  Removed
 Container milvus-minio  Stopped
 Container milvus-minio  Removing
 Container milvus-minio  Removed
 Network milvus  Removing
 Network milvus  Removed
    🧹 清理宿主机数据目录: /home/dzh/project/vdtuner/vector-db-benchmark-master/engine/servers/milvus-single-node/volumes
 Network milvus  Creating
 Network milvus  Created
 Container milvus-etcd  Creating
 Container milvus-minio  Creating
 Container milvus-etcd  Created
 Container milvus-minio  Created
 Container milvus-standalone  Creating
 Container milvus-standalone  Created
 Container milvus-etcd  Starting
 Container milvus-minio  Starting
 Container milvus-minio  Started
 Container milvus-etcd  Started
 Container milvus-standalone  Starting
 Container milvus-standalone  Started
>>> [Step 3] 等待服务启动 (90s)...
    等待中... (10s/120s)
    ✅ Milvus 服务已就绪
>>> [Step 4] 运行 Benchmark...
Running experiment: milvus-p10 - random-geo-radius-2048-angular-no-filters
established connection
/home/dzh/project/vdtuner/vector-db-benchmark-master/datasets/random-geo-radius-2048-angular/random_geo_100k_no_filters already exists
Experiment stage: Configure
Experiment stage: Upload

0it [00:00, ?it/s]
1it [00:00,  2.10it/s]
64it [00:01, 71.40it/s]
896it [00:01, 1195.05it/s]
1249it [00:01, 1324.69it/s]
1728it [00:01, 1875.91it/s]
2070it [00:01, 1887.29it/s]
2489it [00:01, 2324.16it/s]
2822it [00:01, 2430.59it/s]
3776it [00:01, 4009.21it/s]
4672it [00:02, 5157.60it/s]
5680it [00:02, 6414.68it/s]
6656it [00:02, 7307.51it/s]
7680it [00:02, 8046.26it/s]
8704it [00:02, 8577.31it/s]
9721it [00:02, 9029.96it/s]
10658it [00:02, 9113.66it/s]
11593it [00:02, 9026.90it/s]
12513it [00:02, 8967.92it/s]
13504it [00:02, 9218.31it/s]
14464it [00:03, 9281.99it/s]
15399it [00:03, 9207.23it/s]
16384it [00:03, 9331.73it/s]
17321it [00:03, 5691.94it/s]
18240it [00:03, 6333.64it/s]
19200it [00:03, 7040.30it/s]
20032it [00:03, 7247.25it/s]
20850it [00:04, 7437.74it/s]
21696it [00:04, 7639.92it/s]
22592it [00:04, 7861.98it/s]
23415it [00:04, 7167.40it/s]
24167it [00:04, 7251.60it/s]
24960it [00:04, 7338.00it/s]
25792it [00:04, 7497.92it/s]
26624it [00:04, 7621.95it/s]
27456it [00:04, 7738.25it/s]
28416it [00:05, 8210.53it/s]
29248it [00:05, 8184.93it/s]
30336it [00:05, 8901.61it/s]
31360it [00:05, 9239.60it/s]
32288it [00:05, 5962.18it/s]
33262it [00:05, 6764.71it/s]
34176it [00:05, 7279.69it/s]
35188it [00:05, 7985.58it/s]
36096it [00:06, 8250.09it/s]
37064it [00:06, 8638.47it/s]
37980it [00:06, 8642.30it/s]
38881it [00:06, 8517.16it/s]
39758it [00:06, 8316.73it/s]
40608it [00:06, 8327.93it/s]
41454it [00:06, 8251.19it/s]
42304it [00:06, 8321.22it/s]
43214it [00:06, 8546.90it/s]
44074it [00:06, 8465.83it/s]
44976it [00:07, 8627.97it/s]
45842it [00:07, 8622.64it/s]
46720it [00:07, 8547.60it/s]
47577it [00:07, 6577.34it/s]
48448it [00:07, 7044.48it/s]
49280it [00:07, 7348.87it/s]
50240it [00:07, 7950.56it/s]
51124it [00:07, 8196.30it/s]
51973it [00:07, 8088.60it/s]
52803it [00:08, 8124.99it/s]
53699it [00:08, 8364.55it/s]
54592it [00:08, 8472.72it/s]
55488it [00:08, 8577.62it/s]
56352it [00:08, 8300.02it/s]
57188it [00:08, 8217.41it/s]
58048it [00:08, 8242.38it/s]
58944it [00:08, 8405.99it/s]
59904it [00:08, 8628.13it/s]
60800it [00:08, 8691.02it/s]
61671it [00:09, 6657.46it/s]
62408it [00:09, 6808.54it/s]
63232it [00:09, 7111.02it/s]
64100it [00:09, 7528.79it/s]
64896it [00:09, 7622.21it/s]
65728it [00:09, 7770.27it/s]
66638it [00:09, 8149.91it/s]
67468it [00:09, 8174.97it/s]
68296it [00:10, 8022.60it/s]
69120it [00:10, 8059.92it/s]
69952it [00:10, 8029.04it/s]
70759it [00:10, 7989.09it/s]
71561it [00:10, 7729.60it/s]
72338it [00:10, 7670.69it/s]
73152it [00:10, 7699.81it/s]
73924it [00:10, 7577.85it/s]
74751it [00:10, 7777.40it/s]
75531it [00:10, 7447.23it/s]
76280it [00:11, 6536.48it/s]
76955it [00:11, 6257.73it/s]
77760it [00:11, 6717.22it/s]
78672it [00:11, 7372.28it/s]
79552it [00:11, 7701.21it/s]
80503it [00:11, 8215.07it/s]
81344it [00:11, 8229.98it/s]
82240it [00:11, 8441.25it/s]
83107it [00:11, 8508.19it/s]
84032it [00:12, 8601.20it/s]
84928it [00:12, 8614.32it/s]
85824it [00:12, 8707.66it/s]
86784it [00:12, 8880.32it/s]
87725it [00:12, 9035.71it/s]
88640it [00:12, 8972.71it/s]
89539it [00:12, 8736.15it/s]
90432it [00:12, 8745.53it/s]
91337it [00:12, 8833.90it/s]
92222it [00:13, 8016.03it/s]
93039it [00:13, 8005.33it/s]
93850it [00:13, 8020.33it/s]
94720it [00:13, 8114.41it/s]
95537it [00:13, 7939.91it/s]
96335it [00:13, 7807.63it/s]
97152it [00:13, 7894.07it/s]
97984it [00:13, 7994.27it/s]
98786it [00:13, 7732.26it/s]
99562it [00:13, 7520.87it/s]
100000it [00:14, 7136.03it/s]
Upload time: 14.559018104802817
Total import time: 44.975447985809296
Experiment stage: Search

0it [00:00, ?it/s]
4it [00:00,  5.24it/s]
11it [00:00, 15.26it/s]
24it [00:00, 36.07it/s]
54it [00:01, 88.04it/s]
105it [00:01, 181.91it/s]
187it [00:01, 335.11it/s]
271it [00:01, 463.36it/s]
358it [00:01, 571.82it/s]
454it [00:01, 678.14it/s]
541it [00:01, 729.26it/s]
629it [00:01, 768.75it/s]
711it [00:01, 780.16it/s]
793it [00:02, 757.30it/s]
879it [00:02, 786.48it/s]
960it [00:02, 788.23it/s]
1041it [00:02, 748.53it/s]
1121it [00:02, 762.90it/s]
1221it [00:02, 829.87it/s]
1324it [00:02, 886.00it/s]
1421it [00:02, 910.14it/s]
1513it [00:02, 861.68it/s]
1601it [00:02, 810.53it/s]
1684it [00:03, 781.09it/s]
1765it [00:03, 786.75it/s]
1845it [00:03, 759.98it/s]
1922it [00:03, 717.64it/s]
1997it [00:03, 724.86it/s]
2071it [00:03, 698.43it/s]
2142it [00:03, 688.09it/s]
2220it [00:03, 712.29it/s]
2307it [00:03, 753.59it/s]
2387it [00:04, 755.71it/s]
2476it [00:04, 792.55it/s]
2556it [00:04, 792.47it/s]
2636it [00:04, 761.67it/s]
2720it [00:04, 782.96it/s]
2799it [00:04, 784.81it/s]
2882it [00:04, 797.28it/s]
2962it [00:04, 774.67it/s]
3040it [00:04, 728.40it/s]
3114it [00:05, 715.42it/s]
3203it [00:05, 763.80it/s]
3302it [00:05, 828.53it/s]
3396it [00:05, 858.75it/s]
3487it [00:05, 873.64it/s]
3575it [00:05, 861.11it/s]
3665it [00:05, 871.10it/s]
3772it [00:05, 927.76it/s]
3870it [00:05, 941.48it/s]
3969it [00:05, 954.38it/s]
4065it [00:06, 885.95it/s]
4161it [00:06, 905.21it/s]
4265it [00:06, 943.51it/s]
4368it [00:06, 966.81it/s]
4471it [00:06, 984.20it/s]
4570it [00:06, 821.32it/s]
4673it [00:06, 873.48it/s]
4772it [00:06, 903.49it/s]
4866it [00:06, 894.41it/s]
4958it [00:07, 860.33it/s]
5048it [00:07, 869.26it/s]
5137it [00:07, 824.25it/s]
5221it [00:07, 825.62it/s]
5305it [00:07, 817.85it/s]
5388it [00:07, 796.73it/s]
5469it [00:07, 796.52it/s]
5553it [00:07, 806.85it/s]
5634it [00:07, 770.40it/s]
5712it [00:08, 750.49it/s]
5791it [00:08, 761.33it/s]
5868it [00:08, 735.66it/s]
5943it [00:08, 736.67it/s]
6017it [00:08, 737.23it/s]
6102it [00:08, 769.51it/s]
6180it [00:08, 761.23it/s]
6268it [00:08, 789.98it/s]
6350it [00:08, 787.33it/s]
6441it [00:08, 822.48it/s]
6524it [00:09, 650.00it/s]
6597it [00:09, 669.22it/s]
6685it [00:09, 723.97it/s]
6774it [00:09, 768.36it/s]
6864it [00:09, 804.62it/s]
6958it [00:09, 841.53it/s]
7045it [00:09, 842.48it/s]
7138it [00:09, 867.23it/s]
7226it [00:09, 845.53it/s]
7314it [00:10, 854.38it/s]
7406it [00:10, 873.15it/s]
7494it [00:10, 830.71it/s]
7585it [00:10, 852.98it/s]
7671it [00:10, 825.14it/s]
7755it [00:10, 790.11it/s]
7838it [00:10, 799.51it/s]
7919it [00:10, 789.07it/s]
8000it [00:10, 794.77it/s]
8090it [00:11, 824.71it/s]
8173it [00:11, 823.38it/s]
8264it [00:11, 846.30it/s]
8349it [00:11, 826.48it/s]
8432it [00:11, 793.87it/s]
8527it [00:11, 837.30it/s]
8620it [00:11, 862.57it/s]
8707it [00:11, 849.25it/s]
8804it [00:11, 882.25it/s]
8900it [00:11, 903.11it/s]
8991it [00:12, 836.91it/s]
9076it [00:12, 830.33it/s]
9168it [00:12, 852.44it/s]
9254it [00:12, 842.81it/s]
9339it [00:12, 838.09it/s]
9425it [00:12, 842.39it/s]
9510it [00:12, 838.10it/s]
9594it [00:12, 830.30it/s]
9678it [00:12, 795.15it/s]
9762it [00:13, 807.51it/s]
9847it [00:13, 816.05it/s]
9931it [00:13, 819.59it/s]
10000it [00:13, 751.82it/s]
Experiment stage: Done
Results saved to:  /home/dzh/project/vdtuner/vector-db-benchmark-master/results
>>> [Step 5] 收尾工作...
    监控日志已保存。
📊 测试结果摘要:
0.38493
746.5353758808404
0.004065821785479784
line1:  0.004065821785479784
line1:  746.5353758808404
line1:  0.38493
numeric_values:  [0.004065821785479784, 746.5353758808404, 0.38493]
[63] 5769 0.38493 0.004065821785479784 158
/bin/sh: 1: Syntax error: "(" unexpected
/data/dzh/venv/lib/python3.10/site-packages/botorch/acquisition/multi_objective/monte_carlo.py:110: NumericsWarning: qExpectedHypervolumeImprovement has known numerical issues that lead to suboptimal optimization performance. It is strongly recommended to simply replace

	 qExpectedHypervolumeImprovement 	 --> 	 qLogExpectedHypervolumeImprovement 

instead, which fixes the issues and has the same API. See https://arxiv.org/abs/2310.20708 for details.
  legacy_ei_numerics_warning(legacy_name=type(self).__name__)
--- DEBUG: Starting command:---
=======================================
🛠️  开始测试流程
Engine: milvus-p10 | Dataset: random-geo-radius-2048-angular-no-filters
=======================================
>>> [Step 1] 启动后台监控...
    监控进程 PID: 993277
>>> [Step 2] 重置 Milvus...
 Container milvus-standalone  Stopping
 Container milvus-standalone  Stopped
 Container milvus-standalone  Removing
 Container milvus-standalone  Removed
 Container milvus-etcd  Stopping
 Container milvus-minio  Stopping
 Container milvus-etcd  Stopped
 Container milvus-etcd  Removing
 Container milvus-etcd  Removed
 Container milvus-minio  Stopped
 Container milvus-minio  Removing
 Container milvus-minio  Removed
 Network milvus  Removing
 Network milvus  Removed
    🧹 清理宿主机数据目录: /home/dzh/project/vdtuner/vector-db-benchmark-master/engine/servers/milvus-single-node/volumes
 Network milvus  Creating
 Network milvus  Created
 Container milvus-minio  Creating
 Container milvus-etcd  Creating
 Container milvus-etcd  Created
 Container milvus-minio  Created
 Container milvus-standalone  Creating
 Container milvus-standalone  Created
 Container milvus-etcd  Starting
 Container milvus-minio  Starting
 Container milvus-etcd  Started
 Container milvus-minio  Started
 Container milvus-standalone  Starting
 Container milvus-standalone  Started
>>> [Step 3] 等待服务启动 (90s)...
    等待中... (10s/120s)
    ✅ Milvus 服务已就绪
>>> [Step 4] 运行 Benchmark...
Running experiment: milvus-p10 - random-geo-radius-2048-angular-no-filters
established connection
/home/dzh/project/vdtuner/vector-db-benchmark-master/datasets/random-geo-radius-2048-angular/random_geo_100k_no_filters already exists
Experiment stage: Configure
Experiment stage: Upload

0it [00:00, ?it/s]
1it [00:00,  2.03it/s]
64it [00:00, 78.29it/s]
384it [00:01, 531.64it/s]
640it [00:01, 871.80it/s]
1152it [00:01, 1679.35it/s]
1435it [00:01, 1709.99it/s]
1683it [00:01, 1847.81it/s]
1984it [00:01, 2018.34it/s]
2240it [00:01, 2078.47it/s]
2752it [00:01, 2669.06it/s]
3197it [00:02, 3115.79it/s]
3840it [00:02, 3929.65it/s]
4864it [00:02, 5590.03it/s]
5854it [00:02, 6784.60it/s]
6784it [00:02, 7469.75it/s]
7808it [00:02, 8171.42it/s]
8768it [00:02, 8514.61it/s]
9745it [00:02, 8878.86it/s]
10752it [00:02, 9125.10it/s]
11712it [00:02, 9182.45it/s]
12672it [00:03, 9193.08it/s]
13596it [00:03, 9202.71it/s]
14520it [00:03, 9047.62it/s]
15428it [00:03, 8865.39it/s]
16320it [00:03, 8857.53it/s]
17216it [00:03, 6006.56it/s]
18048it [00:03, 6506.42it/s]
18944it [00:03, 7092.72it/s]
19840it [00:04, 7528.91it/s]
20864it [00:04, 8166.12it/s]
21916it [00:04, 8808.46it/s]
22912it [00:04, 9051.34it/s]
23883it [00:04, 9238.43it/s]
24893it [00:04, 9486.79it/s]
25860it [00:04, 8918.93it/s]
26771it [00:04, 8848.50it/s]
27776it [00:04, 9162.36it/s]
28736it [00:04, 9284.38it/s]
29696it [00:05, 9264.20it/s]
30628it [00:05, 9205.70it/s]
31553it [00:05, 7162.05it/s]
32512it [00:05, 7721.77it/s]
33408it [00:05, 7991.43it/s]
34304it [00:05, 8240.82it/s]
35196it [00:05, 8428.30it/s]
36066it [00:05, 8434.09it/s]
36928it [00:05, 8482.10it/s]
37824it [00:06, 8535.36it/s]
38720it [00:06, 8562.12it/s]
39744it [00:06, 8969.53it/s]
40704it [00:06, 9071.92it/s]
41728it [00:06, 9253.15it/s]
42688it [00:06, 9289.78it/s]
43649it [00:06, 9382.86it/s]
44608it [00:06, 9354.65it/s]
45568it [00:06, 8572.61it/s]
46439it [00:07, 8233.16it/s]
47424it [00:07, 8560.37it/s]
48320it [00:07, 8547.65it/s]
49182it [00:07, 8027.02it/s]
50048it [00:07, 8198.69it/s]
51008it [00:07, 8467.92it/s]
51921it [00:07, 8655.20it/s]
52928it [00:07, 8932.05it/s]
53888it [00:07, 9041.54it/s]
54796it [00:08, 8718.35it/s]
55680it [00:08, 8723.03it/s]
56640it [00:08, 8915.62it/s]
57600it [00:08, 9034.45it/s]
58506it [00:08, 8976.50it/s]
59405it [00:08, 8939.93it/s]
60300it [00:08, 8891.23it/s]
61248it [00:08, 8117.23it/s]
62144it [00:08, 8303.27it/s]
63074it [00:08, 8582.14it/s]
63943it [00:09, 8581.39it/s]
64832it [00:09, 8648.28it/s]
65792it [00:09, 8872.02it/s]
66688it [00:09, 8804.13it/s]
67584it [00:09, 8762.32it/s]
68480it [00:09, 8720.86it/s]
69440it [00:09, 8861.74it/s]
70336it [00:09, 8794.80it/s]
71238it [00:09, 8859.21it/s]
72125it [00:09, 8750.73it/s]
73001it [00:10, 8468.96it/s]
73850it [00:10, 8466.89it/s]
74698it [00:10, 8376.97it/s]
75584it [00:10, 8487.34it/s]
76544it [00:10, 8764.98it/s]
77422it [00:10, 6073.16it/s]
78336it [00:10, 6702.10it/s]
79232it [00:10, 7212.46it/s]
80128it [00:11, 7556.55it/s]
81020it [00:11, 7917.80it/s]
81920it [00:11, 8144.24it/s]
82847it [00:11, 8459.37it/s]
83776it [00:11, 8591.44it/s]
84672it [00:11, 8588.34it/s]
85568it [00:11, 8647.77it/s]
86528it [00:11, 8806.20it/s]
87424it [00:11, 8785.61it/s]
88320it [00:12, 8761.43it/s]
89200it [00:12, 8748.47it/s]
90078it [00:12, 8707.20it/s]
91000it [00:12, 8858.05it/s]
91888it [00:12, 8840.21it/s]
92773it [00:12, 8631.27it/s]
93659it [00:12, 8697.29it/s]
94530it [00:12, 8628.06it/s]
95394it [00:12, 8566.00it/s]
96256it [00:12, 8574.24it/s]
97152it [00:13, 8671.64it/s]
98048it [00:13, 8633.67it/s]
99004it [00:13, 8906.24it/s]
99896it [00:13, 8866.56it/s]
100000it [00:13, 7494.75it/s]
Upload time: 13.76974628213793
Total import time: 44.78118400136009
Experiment stage: Search

0it [00:00, ?it/s]
4it [00:01,  2.37it/s]
14it [00:01,  9.40it/s]
54it [00:01, 46.50it/s]
144it [00:02, 148.35it/s]
236it [00:02, 260.36it/s]
326it [00:02, 370.24it/s]
418it [00:02, 478.16it/s]
506it [00:02, 566.03it/s]
588it [00:02, 626.57it/s]
676it [00:02, 690.67it/s]
770it [00:02, 755.84it/s]
865it [00:02, 808.82it/s]
955it [00:02, 828.24it/s]
1044it [00:03, 840.10it/s]
1134it [00:03, 854.05it/s]
1233it [00:03, 892.96it/s]
1325it [00:03, 899.40it/s]
1417it [00:03, 867.66it/s]
1511it [00:03, 885.76it/s]
1601it [00:03, 886.67it/s]
1693it [00:03, 894.67it/s]
1788it [00:03, 907.22it/s]
1880it [00:04, 899.77it/s]
1973it [00:04, 907.81it/s]
2064it [00:04, 869.93it/s]
2162it [00:04, 899.64it/s]
2255it [00:04, 907.90it/s]
2349it [00:04, 912.68it/s]
2451it [00:04, 941.94it/s]
2549it [00:04, 950.97it/s]
2645it [00:04, 945.96it/s]
2740it [00:04, 910.11it/s]
2832it [00:05, 893.61it/s]
2926it [00:05, 906.31it/s]
3022it [00:05, 916.98it/s]
3115it [00:05, 918.39it/s]
3207it [00:05, 907.29it/s]
3299it [00:05, 910.97it/s]
3391it [00:05, 898.58it/s]
3481it [00:05, 895.62it/s]
3571it [00:05, 876.13it/s]
3659it [00:05, 870.40it/s]
3753it [00:06, 888.40it/s]
3853it [00:06, 920.54it/s]
3948it [00:06, 925.88it/s]
4043it [00:06, 931.48it/s]
4137it [00:06, 906.81it/s]
4232it [00:06, 919.27it/s]
4332it [00:06, 942.49it/s]
4427it [00:06, 942.72it/s]
4522it [00:06, 928.03it/s]
4615it [00:06, 907.18it/s]
4706it [00:07, 891.15it/s]
4796it [00:07, 782.18it/s]
4887it [00:07, 814.98it/s]
4974it [00:07, 828.16it/s]
5060it [00:07, 837.04it/s]
5145it [00:07, 810.17it/s]
5227it [00:07, 800.91it/s]
5316it [00:07, 820.18it/s]
5399it [00:07, 808.96it/s]
5481it [00:08, 700.37it/s]
5565it [00:08, 735.60it/s]
5653it [00:08, 773.36it/s]
5743it [00:08, 802.71it/s]
5834it [00:08, 830.59it/s]
5919it [00:08, 791.47it/s]
6000it [00:08, 782.10it/s]
6096it [00:08, 831.61it/s]
6187it [00:08, 851.40it/s]
6274it [00:09, 856.22it/s]
6361it [00:09, 831.00it/s]
6445it [00:09, 769.39it/s]
6524it [00:09, 768.69it/s]
6602it [00:09, 769.66it/s]
6697it [00:09, 819.74it/s]
6784it [00:09, 832.40it/s]
6877it [00:09, 859.56it/s]
6975it [00:09, 894.38it/s]
7065it [00:10, 888.84it/s]
7155it [00:10, 887.71it/s]
7248it [00:10, 898.69it/s]
7340it [00:10, 903.46it/s]
7431it [00:10, 891.74it/s]
7523it [00:10, 895.70it/s]
7613it [00:10, 890.48it/s]
7704it [00:10, 891.40it/s]
7801it [00:10, 911.88it/s]
7893it [00:10, 902.48it/s]
7984it [00:11, 898.26it/s]
8086it [00:11, 932.18it/s]
8193it [00:11, 970.26it/s]
8291it [00:11, 917.12it/s]
8385it [00:11, 923.43it/s]
8494it [00:11, 971.17it/s]
8592it [00:11, 971.16it/s]
8690it [00:11, 953.27it/s]
8786it [00:11, 949.77it/s]
8882it [00:11, 923.24it/s]
8975it [00:12, 905.73it/s]
9072it [00:12, 920.95it/s]
9168it [00:12, 930.77it/s]
9262it [00:12, 889.03it/s]
9352it [00:12, 884.65it/s]
9441it [00:12, 867.73it/s]
9532it [00:12, 879.75it/s]
9621it [00:12, 861.19it/s]
9710it [00:12, 869.25it/s]
9800it [00:13, 877.35it/s]
9888it [00:13, 872.31it/s]
9976it [00:13, 874.23it/s]
10000it [00:13, 753.94it/s]
Experiment stage: Done
Results saved to:  /home/dzh/project/vdtuner/vector-db-benchmark-master/results
>>> [Step 5] 收尾工作...
    监控日志已保存。
📊 测试结果摘要:
0.38241
747.7417236030119
0.0036807036492973563
line1:  0.0036807036492973563
line1:  747.7417236030119
line1:  0.38241
numeric_values:  [0.0036807036492973563, 747.7417236030119, 0.38241]
[64] 6001 0.38241 0.0036807036492973563 231
/bin/sh: 1: Syntax error: "(" unexpected
/data/dzh/venv/lib/python3.10/site-packages/botorch/acquisition/multi_objective/monte_carlo.py:110: NumericsWarning: qExpectedHypervolumeImprovement has known numerical issues that lead to suboptimal optimization performance. It is strongly recommended to simply replace

	 qExpectedHypervolumeImprovement 	 --> 	 qLogExpectedHypervolumeImprovement 

instead, which fixes the issues and has the same API. See https://arxiv.org/abs/2310.20708 for details.
  legacy_ei_numerics_warning(legacy_name=type(self).__name__)
--- DEBUG: Starting command:---
=======================================
🛠️  开始测试流程
Engine: milvus-p10 | Dataset: random-geo-radius-2048-angular-no-filters
=======================================
>>> [Step 1] 启动后台监控...
    监控进程 PID: 1017437
>>> [Step 2] 重置 Milvus...
 Container milvus-standalone  Stopping
 Container milvus-standalone  Stopped
 Container milvus-standalone  Removing
 Container milvus-standalone  Removed
 Container milvus-minio  Stopping
 Container milvus-etcd  Stopping
 Container milvus-etcd  Stopped
 Container milvus-etcd  Removing
 Container milvus-etcd  Removed
 Container milvus-minio  Stopped
 Container milvus-minio  Removing
 Container milvus-minio  Removed
 Network milvus  Removing
 Network milvus  Removed
    🧹 清理宿主机数据目录: /home/dzh/project/vdtuner/vector-db-benchmark-master/engine/servers/milvus-single-node/volumes
 Network milvus  Creating
 Network milvus  Created
 Container milvus-etcd  Creating
 Container milvus-minio  Creating
 Container milvus-etcd  Created
 Container milvus-minio  Created
 Container milvus-standalone  Creating
 Container milvus-standalone  Created
 Container milvus-etcd  Starting
 Container milvus-minio  Starting
 Container milvus-minio  Started
 Container milvus-etcd  Started
 Container milvus-standalone  Starting
 Container milvus-standalone  Started
>>> [Step 3] 等待服务启动 (90s)...
    等待中... (10s/120s)
    ✅ Milvus 服务已就绪
>>> [Step 4] 运行 Benchmark...
Running experiment: milvus-p10 - random-geo-radius-2048-angular-no-filters
established connection
/home/dzh/project/vdtuner/vector-db-benchmark-master/datasets/random-geo-radius-2048-angular/random_geo_100k_no_filters already exists
Experiment stage: Configure
Experiment stage: Upload

0it [00:00, ?it/s]
1it [00:00,  1.45it/s]
64it [00:01, 79.82it/s]
704it [00:01, 1012.83it/s]
960it [00:01, 1232.03it/s]
1428it [00:01, 1897.92it/s]
1748it [00:01, 2105.97it/s]
2053it [00:01, 1915.39it/s]
2310it [00:01, 2045.67it/s]
2880it [00:01, 2890.53it/s]
3264it [00:01, 3078.58it/s]
3840it [00:02, 3723.65it/s]
4736it [00:02, 5103.21it/s]
5593it [00:02, 6059.09it/s]
6464it [00:02, 6725.50it/s]
7296it [00:02, 7129.81it/s]
8128it [00:02, 7457.60it/s]
8960it [00:02, 7595.70it/s]
9792it [00:02, 7720.34it/s]
10624it [00:02, 7879.72it/s]
11648it [00:02, 8440.66it/s]
12608it [00:03, 8670.60it/s]
13568it [00:03, 8837.08it/s]
14464it [00:03, 8811.26it/s]
15424it [00:03, 8926.74it/s]
16387it [00:03, 9131.45it/s]
17302it [00:03, 6485.65it/s]
18057it [00:03, 6665.42it/s]
18894it [00:03, 7083.29it/s]
19712it [00:04, 7298.62it/s]
20717it [00:04, 8037.38it/s]
21663it [00:04, 8431.29it/s]
22592it [00:04, 8600.30it/s]
23488it [00:04, 8639.20it/s]
24384it [00:04, 8643.04it/s]
25345it [00:04, 8922.56it/s]
26304it [00:04, 8971.08it/s]
27208it [00:04, 8766.92it/s]
28141it [00:04, 8928.90it/s]
29039it [00:05, 8905.03it/s]
29933it [00:05, 8870.92it/s]
30823it [00:05, 8723.70it/s]
31718it [00:05, 8789.58it/s]
32599it [00:05, 6782.26it/s]
33472it [00:05, 7182.05it/s]
34339it [00:05, 7564.54it/s]
35142it [00:05, 7566.65it/s]
36032it [00:06, 7843.74it/s]
36866it [00:06, 7981.74it/s]
37760it [00:06, 8121.58it/s]
38599it [00:06, 8198.20it/s]
39429it [00:06, 8087.94it/s]
40320it [00:06, 8182.07it/s]
41143it [00:06, 8178.98it/s]
42048it [00:06, 8323.76it/s]
42883it [00:06, 7953.50it/s]
43776it [00:06, 8128.54it/s]
44608it [00:07, 8171.33it/s]
45440it [00:07, 8186.88it/s]
46261it [00:07, 7909.47it/s]
47055it [00:07, 7714.01it/s]
47901it [00:07, 7926.67it/s]
48697it [00:07, 7856.80it/s]
49485it [00:07, 7783.83it/s]
50304it [00:07, 7856.98it/s]
51200it [00:07, 8092.62it/s]
52096it [00:07, 8294.86it/s]
52981it [00:08, 8456.78it/s]
53888it [00:08, 8583.85it/s]
54747it [00:08, 8574.55it/s]
55616it [00:08, 8599.55it/s]
56512it [00:08, 8653.52it/s]
57378it [00:08, 8451.50it/s]
58240it [00:08, 8406.87it/s]
59126it [00:08, 8537.23it/s]
59981it [00:08, 8391.78it/s]
60822it [00:09, 8121.15it/s]
61637it [00:09, 7826.59it/s]
62423it [00:09, 7806.05it/s]
63206it [00:09, 7722.67it/s]
63980it [00:09, 6302.16it/s]
64723it [00:09, 6582.91it/s]
65536it [00:09, 6928.43it/s]
66338it [00:09, 7225.55it/s]
67173it [00:09, 7540.19it/s]
67968it [00:10, 7655.83it/s]
68833it [00:10, 7942.56it/s]
69638it [00:10, 7826.53it/s]
70484it [00:10, 8010.56it/s]
71296it [00:10, 7934.95it/s]
72094it [00:10, 7763.61it/s]
72909it [00:10, 7874.98it/s]
73792it [00:10, 8151.75it/s]
74688it [00:10, 8353.92it/s]
75620it [00:10, 8638.60it/s]
76486it [00:11, 8631.68it/s]
77351it [00:11, 8598.44it/s]
78272it [00:11, 6743.85it/s]
79040it [00:11, 6887.48it/s]
80000it [00:11, 7503.30it/s]
80896it [00:11, 7869.31it/s]
81717it [00:11, 7849.27it/s]
82620it [00:11, 8178.58it/s]
83457it [00:11, 8114.06it/s]
84337it [00:12, 8310.40it/s]
85248it [00:12, 8444.11it/s]
86100it [00:12, 8430.31it/s]
86960it [00:12, 8479.79it/s]
87814it [00:12, 8497.24it/s]
88704it [00:12, 8505.27it/s]
89600it [00:12, 8530.02it/s]
90455it [00:12, 8475.13it/s]
91392it [00:12, 8633.74it/s]
92288it [00:12, 8717.58it/s]
93161it [00:13, 6072.47it/s]
93895it [00:13, 6359.77it/s]
94720it [00:13, 6755.88it/s]
95499it [00:13, 7021.51it/s]
96304it [00:13, 7297.38it/s]
97088it [00:13, 7365.79it/s]
97856it [00:13, 7393.92it/s]
98624it [00:13, 7415.69it/s]
99432it [00:14, 7606.47it/s]
100000it [00:14, 7078.33it/s]
Upload time: 14.706487908959389
Total import time: 44.100349909160286
Experiment stage: Search

0it [00:00, ?it/s]
4it [00:00,  5.26it/s]
14it [00:00, 19.80it/s]
32it [00:00, 48.78it/s]
87it [00:01, 151.24it/s]
161it [00:01, 284.16it/s]
246it [00:01, 421.60it/s]
329it [00:01, 523.05it/s]
401it [00:01, 575.55it/s]
493it [00:01, 670.23it/s]
582it [00:01, 730.78it/s]
671it [00:01, 775.78it/s]
755it [00:01, 789.99it/s]
840it [00:01, 806.34it/s]
930it [00:02, 831.93it/s]
1015it [00:02, 769.03it/s]
1103it [00:02, 799.66it/s]
1185it [00:02, 789.63it/s]
1276it [00:02, 822.59it/s]
1361it [00:02, 828.99it/s]
1445it [00:02, 814.08it/s]
1530it [00:02, 824.20it/s]
1619it [00:02, 839.39it/s]
1706it [00:03, 845.43it/s]
1792it [00:03, 848.89it/s]
1890it [00:03, 886.25it/s]
1991it [00:03, 920.79it/s]
2093it [00:03, 949.20it/s]
2189it [00:03, 936.88it/s]
2283it [00:03, 922.61it/s]
2377it [00:03, 927.19it/s]
2477it [00:03, 941.82it/s]
2572it [00:03, 912.35it/s]
2664it [00:04, 898.29it/s]
2755it [00:04, 900.22it/s]
2846it [00:04, 889.15it/s]
2936it [00:04, 888.77it/s]
3028it [00:04, 896.79it/s]
3121it [00:04, 906.28it/s]
3212it [00:04, 797.68it/s]
3303it [00:04, 824.23it/s]
3394it [00:04, 845.40it/s]
3481it [00:05, 851.77it/s]
3574it [00:05, 872.72it/s]
3663it [00:05, 876.93it/s]
3752it [00:05, 865.64it/s]
3845it [00:05, 883.27it/s]
3934it [00:05, 873.43it/s]
4022it [00:05, 866.31it/s]
4114it [00:05, 881.45it/s]
4209it [00:05, 900.81it/s]
4303it [00:05, 912.03it/s]
4404it [00:06, 939.22it/s]
4499it [00:06, 885.53it/s]
4589it [00:06, 880.04it/s]
4686it [00:06, 905.18it/s]
4778it [00:06, 906.35it/s]
4869it [00:06, 873.10it/s]
4959it [00:06, 880.05it/s]
5048it [00:06, 868.93it/s]
5141it [00:06, 884.70it/s]
5238it [00:06, 908.45it/s]
5330it [00:07, 905.78it/s]
5421it [00:07, 886.06it/s]
5518it [00:07, 909.68it/s]
5610it [00:07, 902.45it/s]
5701it [00:07, 881.59it/s]
5790it [00:07, 856.62it/s]
5876it [00:07, 838.44it/s]
5961it [00:07, 828.46it/s]
6044it [00:07, 810.55it/s]
6136it [00:08, 839.46it/s]
6226it [00:08, 855.46it/s]
6312it [00:08, 807.12it/s]
6394it [00:08, 754.61it/s]
6492it [00:08, 815.89it/s]
6595it [00:08, 873.51it/s]
6698it [00:08, 916.00it/s]
6799it [00:08, 941.12it/s]
6902it [00:08, 965.16it/s]
7000it [00:09, 960.22it/s]
7097it [00:09, 923.28it/s]
7190it [00:09, 909.38it/s]
7282it [00:09, 902.93it/s]
7373it [00:09, 882.43it/s]
7462it [00:09, 872.39it/s]
7550it [00:09, 865.74it/s]
7642it [00:09, 880.42it/s]
7732it [00:09, 884.09it/s]
7828it [00:09, 903.74it/s]
7925it [00:10, 922.83it/s]
8024it [00:10, 941.86it/s]
8119it [00:10, 938.46it/s]
8213it [00:10, 907.55it/s]
8304it [00:10, 907.10it/s]
8396it [00:10, 909.37it/s]
8488it [00:10, 909.63it/s]
8584it [00:10, 922.74it/s]
8677it [00:10, 911.77it/s]
8775it [00:10, 930.87it/s]
8873it [00:11, 945.32it/s]
8968it [00:11, 916.75it/s]
9060it [00:11, 910.86it/s]
9160it [00:11, 934.70it/s]
9254it [00:11, 926.82it/s]
9361it [00:11, 966.84it/s]
9458it [00:11, 949.59it/s]
9554it [00:11, 937.20it/s]
9648it [00:11, 861.32it/s]
9744it [00:12, 886.91it/s]
9834it [00:12, 879.77it/s]
9923it [00:12, 865.95it/s]
10000it [00:12, 811.90it/s]
Experiment stage: Done
Results saved to:  /home/dzh/project/vdtuner/vector-db-benchmark-master/results
>>> [Step 5] 收尾工作...
    监控日志已保存。
📊 测试结果摘要:
0.37724
805.5312401916342
0.003770185937173663
line1:  0.003770185937173663
line1:  805.5312401916342
line1:  0.37724
numeric_values:  [0.003770185937173663, 805.5312401916342, 0.37724]
[65] 6254 0.37724 0.003770185937173663 252
/bin/sh: 1: Syntax error: "(" unexpected
/data/dzh/venv/lib/python3.10/site-packages/botorch/acquisition/multi_objective/monte_carlo.py:110: NumericsWarning: qExpectedHypervolumeImprovement has known numerical issues that lead to suboptimal optimization performance. It is strongly recommended to simply replace

	 qExpectedHypervolumeImprovement 	 --> 	 qLogExpectedHypervolumeImprovement 

instead, which fixes the issues and has the same API. See https://arxiv.org/abs/2310.20708 for details.
  legacy_ei_numerics_warning(legacy_name=type(self).__name__)
--- DEBUG: Starting command:---
=======================================
🛠️  开始测试流程
Engine: milvus-p10 | Dataset: random-geo-radius-2048-angular-no-filters
=======================================
>>> [Step 1] 启动后台监控...
    监控进程 PID: 1039821
>>> [Step 2] 重置 Milvus...
 Container milvus-standalone  Stopping
 Container milvus-standalone  Stopped
 Container milvus-standalone  Removing
 Container milvus-standalone  Removed
 Container milvus-minio  Stopping
 Container milvus-etcd  Stopping
 Container milvus-etcd  Stopped
 Container milvus-etcd  Removing
 Container milvus-etcd  Removed
 Container milvus-minio  Stopped
 Container milvus-minio  Removing
 Container milvus-minio  Removed
 Network milvus  Removing
 Network milvus  Removed
    🧹 清理宿主机数据目录: /home/dzh/project/vdtuner/vector-db-benchmark-master/engine/servers/milvus-single-node/volumes
 Network milvus  Creating
 Network milvus  Created
 Container milvus-minio  Creating
 Container milvus-etcd  Creating
 Container milvus-etcd  Created
 Container milvus-minio  Created
 Container milvus-standalone  Creating
 Container milvus-standalone  Created
 Container milvus-etcd  Starting
 Container milvus-minio  Starting
 Container milvus-etcd  Started
 Container milvus-minio  Started
 Container milvus-standalone  Starting
 Container milvus-standalone  Started
>>> [Step 3] 等待服务启动 (90s)...
    等待中... (10s/120s)
    ✅ Milvus 服务已就绪
>>> [Step 4] 运行 Benchmark...
Running experiment: milvus-p10 - random-geo-radius-2048-angular-no-filters
established connection
/home/dzh/project/vdtuner/vector-db-benchmark-master/datasets/random-geo-radius-2048-angular/random_geo_100k_no_filters already exists
Experiment stage: Configure
Experiment stage: Upload

0it [00:00, ?it/s]
1it [00:00,  1.74it/s]
64it [00:00, 83.05it/s]
256it [00:01, 367.24it/s]
768it [00:01, 1169.71it/s]
1024it [00:01, 1395.64it/s]
1408it [00:01, 1840.83it/s]
1658it [00:01, 1845.25it/s]
1887it [00:01, 1874.89it/s]
2432it [00:01, 2614.64it/s]
2725it [00:01, 2471.42it/s]
3136it [00:02, 2841.09it/s]
3712it [00:02, 3568.77it/s]
4607it [00:02, 5007.70it/s]
5568it [00:02, 6202.29it/s]
6592it [00:02, 7287.49it/s]
7488it [00:02, 7655.20it/s]
8468it [00:02, 8269.03it/s]
9385it [00:02, 8530.27it/s]
10298it [00:02, 8705.62it/s]
11179it [00:02, 8566.03it/s]
12096it [00:03, 8633.64it/s]
13056it [00:03, 8841.43it/s]
14080it [00:03, 9157.14it/s]
15104it [00:03, 9356.58it/s]
16108it [00:03, 9555.94it/s]
17088it [00:03, 9583.54it/s]
18048it [00:03, 6825.65it/s]
19016it [00:03, 7484.33it/s]
19904it [00:04, 7782.97it/s]
20864it [00:04, 8207.32it/s]
21847it [00:04, 8644.94it/s]
22757it [00:04, 8700.46it/s]
23675it [00:04, 8835.71it/s]
24582it [00:04, 8800.15it/s]
25536it [00:04, 8984.59it/s]
26496it [00:04, 9103.44it/s]
27467it [00:04, 9280.28it/s]
28444it [00:04, 9423.96it/s]
29392it [00:05, 9161.20it/s]
30339it [00:05, 9251.00it/s]
31268it [00:05, 9192.25it/s]
32256it [00:05, 9355.63it/s]
33194it [00:05, 6373.37it/s]
34112it [00:05, 6992.15it/s]
35072it [00:05, 7615.08it/s]
35968it [00:05, 7922.26it/s]
36928it [00:05, 8335.35it/s]
37888it [00:06, 8591.71it/s]
38807it [00:06, 8759.16it/s]
39712it [00:06, 8437.17it/s]
40578it [00:06, 8463.97it/s]
41472it [00:06, 8506.77it/s]
42368it [00:06, 8558.67it/s]
43328it [00:06, 8760.89it/s]
44257it [00:06, 8913.85it/s]
45153it [00:06, 8869.15it/s]
46043it [00:07, 8763.49it/s]
46976it [00:07, 8834.65it/s]
47936it [00:07, 8964.54it/s]
48834it [00:07, 6746.33it/s]
49758it [00:07, 7342.50it/s]
50564it [00:07, 7514.87it/s]
51487it [00:07, 7971.55it/s]
52366it [00:07, 8196.66it/s]
53303it [00:07, 8527.82it/s]
54181it [00:08, 8509.27it/s]
55104it [00:08, 8651.00it/s]
56064it [00:08, 8810.23it/s]
57024it [00:08, 8984.57it/s]
57929it [00:08, 8954.77it/s]
58829it [00:08, 8958.30it/s]
59772it [00:08, 9097.22it/s]
60685it [00:08, 8816.02it/s]
61570it [00:08, 8499.38it/s]
62528it [00:08, 8708.91it/s]
63403it [00:09, 8595.12it/s]
64265it [00:09, 7418.22it/s]
65152it [00:09, 7795.99it/s]
66054it [00:09, 8128.68it/s]
66944it [00:09, 8201.29it/s]
67779it [00:09, 8196.07it/s]
68609it [00:09, 8061.72it/s]
69423it [00:09, 7791.49it/s]
70209it [00:09, 7584.99it/s]
71040it [00:10, 7788.77it/s]
71824it [00:10, 7687.68it/s]
72606it [00:10, 7725.00it/s]
73463it [00:10, 7970.89it/s]
74304it [00:10, 7972.40it/s]
75200it [00:10, 8148.39it/s]
76096it [00:10, 8373.13it/s]
76992it [00:10, 8447.15it/s]
77888it [00:10, 8488.30it/s]
78738it [00:11, 6076.86it/s]
79616it [00:11, 6634.09it/s]
80512it [00:11, 7174.91it/s]
81344it [00:11, 7463.55it/s]
82304it [00:11, 7937.26it/s]
83200it [00:11, 8115.39it/s]
84096it [00:11, 8330.46it/s]
84957it [00:11, 8409.81it/s]
85839it [00:11, 8527.89it/s]
86720it [00:12, 8558.15it/s]
87584it [00:12, 8498.59it/s]
88440it [00:12, 8507.81it/s]
89295it [00:12, 8344.28it/s]
90163it [00:12, 8441.73it/s]
91010it [00:12, 8255.37it/s]
91840it [00:12, 8115.42it/s]
92736it [00:12, 8325.08it/s]
93571it [00:12, 8027.98it/s]
94400it [00:13, 7984.29it/s]
95296it [00:13, 8170.85it/s]
96256it [00:13, 8551.60it/s]
97114it [00:13, 8203.73it/s]
97948it [00:13, 8242.19it/s]
98803it [00:13, 8329.58it/s]
99639it [00:13, 8296.24it/s]
100000it [00:13, 7305.84it/s]
Upload time: 14.294593645259738
Total import time: 44.47693524509668
Experiment stage: Search

0it [00:00, ?it/s]
4it [00:00,  5.26it/s]
12it [00:00, 16.96it/s]
32it [00:00, 50.47it/s]
61it [00:01, 98.13it/s]
114it [00:01, 194.89it/s]
201it [00:01, 358.38it/s]
283it [00:01, 477.02it/s]
361it [00:01, 557.74it/s]
451it [00:01, 652.52it/s]
534it [00:01, 702.83it/s]
621it [00:01, 749.65it/s]
715it [00:01, 800.53it/s]
806it [00:01, 832.11it/s]
905it [00:02, 878.56it/s]
995it [00:02, 872.09it/s]
1086it [00:02, 881.30it/s]
1178it [00:02, 892.47it/s]
1268it [00:02, 868.08it/s]
1360it [00:02, 882.18it/s]
1455it [00:02, 901.98it/s]
1546it [00:02, 903.92it/s]
1641it [00:02, 915.74it/s]
1733it [00:03, 889.58it/s]
1823it [00:03, 879.81it/s]
1914it [00:03, 888.01it/s]
2003it [00:03, 871.41it/s]
2100it [00:03, 898.19it/s]
2198it [00:03, 920.79it/s]
2296it [00:03, 935.64it/s]
2390it [00:03, 909.47it/s]
2489it [00:03, 930.63it/s]
2590it [00:03, 952.63it/s]
2686it [00:04, 932.95it/s]
2780it [00:04, 926.44it/s]
2873it [00:04, 907.39it/s]
2964it [00:04, 886.82it/s]
3057it [00:04, 896.52it/s]
3154it [00:04, 915.15it/s]
3250it [00:04, 925.72it/s]
3343it [00:04, 924.54it/s]
3436it [00:04, 916.86it/s]
3528it [00:04, 904.01it/s]
3619it [00:05, 868.27it/s]
3707it [00:05, 866.45it/s]
3794it [00:05, 857.71it/s]
3886it [00:05, 873.83it/s]
3974it [00:05, 860.65it/s]
4061it [00:05, 845.27it/s]
4146it [00:05, 837.89it/s]
4236it [00:05, 853.71it/s]
4329it [00:05, 854.50it/s]
4422it [00:06, 873.60it/s]
4510it [00:06, 859.63it/s]
4597it [00:06, 856.61it/s]
4683it [00:06, 853.65it/s]
4783it [00:06, 895.86it/s]
4884it [00:06, 926.86it/s]
4977it [00:06, 892.04it/s]
5073it [00:06, 910.35it/s]
5165it [00:06, 909.37it/s]
5257it [00:06, 894.04it/s]
5347it [00:07, 885.97it/s]
5438it [00:07, 891.61it/s]
5528it [00:07, 887.53it/s]
5620it [00:07, 896.66it/s]
5720it [00:07, 925.37it/s]
5813it [00:07, 924.85it/s]
5906it [00:07, 889.34it/s]
5996it [00:07, 878.54it/s]
6085it [00:07, 877.70it/s]
6173it [00:08, 834.12it/s]
6257it [00:08, 821.86it/s]
6340it [00:08, 820.23it/s]
6432it [00:08, 847.48it/s]
6517it [00:08, 829.56it/s]
6613it [00:08, 862.60it/s]
6700it [00:08, 828.72it/s]
6784it [00:08, 821.60it/s]
6886it [00:08, 876.71it/s]
6989it [00:08, 917.19it/s]
7082it [00:09, 909.40it/s]
7174it [00:09, 896.04it/s]
7264it [00:09, 889.34it/s]
7354it [00:09, 877.75it/s]
7446it [00:09, 887.49it/s]
7539it [00:09, 897.64it/s]
7629it [00:09, 868.92it/s]
7722it [00:09, 884.51it/s]
7811it [00:09, 870.40it/s]
7899it [00:09, 833.57it/s]
7983it [00:10, 784.71it/s]
8063it [00:10, 734.92it/s]
8138it [00:10, 712.26it/s]
8210it [00:10, 707.69it/s]
8290it [00:10, 732.45it/s]
8364it [00:10, 712.00it/s]
8451it [00:10, 753.96it/s]
8536it [00:10, 781.33it/s]
8628it [00:10, 821.41it/s]
8711it [00:11, 823.28it/s]
8794it [00:11, 809.59it/s]
8879it [00:11, 821.32it/s]
8973it [00:11, 854.83it/s]
9059it [00:11, 853.51it/s]
9145it [00:11, 823.22it/s]
9233it [00:11, 826.00it/s]
9316it [00:11, 816.35it/s]
9420it [00:11, 872.97it/s]
9508it [00:12, 754.50it/s]
9587it [00:12, 756.21it/s]
9670it [00:12, 773.50it/s]
9753it [00:12, 788.94it/s]
9840it [00:12, 811.63it/s]
9923it [00:12, 805.38it/s]
10000it [00:12, 789.42it/s]
Experiment stage: Done
Results saved to:  /home/dzh/project/vdtuner/vector-db-benchmark-master/results
>>> [Step 5] 收尾工作...
    监控日志已保存。
📊 测试结果摘要:
0.38353000000000004
782.7143667201458
0.003850158653222024
line1:  0.003850158653222024
line1:  782.7143667201458
line1:  0.38353000000000004
numeric_values:  [0.003850158653222024, 782.7143667201458, 0.38353000000000004]
[66] 6463 0.38353000000000004 0.003850158653222024 209
/bin/sh: 1: Syntax error: "(" unexpected
/data/dzh/venv/lib/python3.10/site-packages/botorch/acquisition/multi_objective/monte_carlo.py:110: NumericsWarning: qExpectedHypervolumeImprovement has known numerical issues that lead to suboptimal optimization performance. It is strongly recommended to simply replace

	 qExpectedHypervolumeImprovement 	 --> 	 qLogExpectedHypervolumeImprovement 

instead, which fixes the issues and has the same API. See https://arxiv.org/abs/2310.20708 for details.
  legacy_ei_numerics_warning(legacy_name=type(self).__name__)
--- DEBUG: Starting command:---
=======================================
🛠️  开始测试流程
Engine: milvus-p10 | Dataset: random-geo-radius-2048-angular-no-filters
=======================================
>>> [Step 1] 启动后台监控...
    监控进程 PID: 1061195
>>> [Step 2] 重置 Milvus...
 Container milvus-standalone  Stopping
 Container milvus-standalone  Stopped
 Container milvus-standalone  Removing
 Container milvus-standalone  Removed
 Container milvus-minio  Stopping
 Container milvus-etcd  Stopping
 Container milvus-etcd  Stopped
 Container milvus-etcd  Removing
 Container milvus-etcd  Removed
 Container milvus-minio  Stopped
 Container milvus-minio  Removing
 Container milvus-minio  Removed
 Network milvus  Removing
 Network milvus  Removed
    🧹 清理宿主机数据目录: /home/dzh/project/vdtuner/vector-db-benchmark-master/engine/servers/milvus-single-node/volumes
 Network milvus  Creating
 Network milvus  Created
 Container milvus-etcd  Creating
 Container milvus-minio  Creating
 Container milvus-etcd  Created
 Container milvus-minio  Created
 Container milvus-standalone  Creating
 Container milvus-standalone  Created
 Container milvus-minio  Starting
 Container milvus-etcd  Starting
 Container milvus-etcd  Started
 Container milvus-minio  Started
 Container milvus-standalone  Starting
 Container milvus-standalone  Started
>>> [Step 3] 等待服务启动 (90s)...
    等待中... (10s/120s)
    ✅ Milvus 服务已就绪
>>> [Step 4] 运行 Benchmark...
Running experiment: milvus-p10 - random-geo-radius-2048-angular-no-filters
established connection
/home/dzh/project/vdtuner/vector-db-benchmark-master/datasets/random-geo-radius-2048-angular/random_geo_100k_no_filters already exists
Experiment stage: Configure
Experiment stage: Upload

0it [00:00, ?it/s]
1it [00:00,  1.61it/s]
64it [00:01, 73.59it/s]
640it [00:01, 870.64it/s]
960it [00:01, 1239.28it/s]
1280it [00:01, 1489.59it/s]
1536it [00:01, 1563.88it/s]
1792it [00:01, 1764.23it/s]
2048it [00:01, 1945.51it/s]
2496it [00:01, 2419.94it/s]
2944it [00:01, 2908.58it/s]
3584it [00:02, 3782.56it/s]
4288it [00:02, 4351.09it/s]
5312it [00:02, 5848.22it/s]
6294it [00:02, 6928.91it/s]
7322it [00:02, 7866.75it/s]
8320it [00:02, 8456.86it/s]
9344it [00:02, 8897.05it/s]
10363it [00:02, 9272.66it/s]
11392it [00:02, 9482.22it/s]
12372it [00:03, 9573.41it/s]
13337it [00:03, 9551.71it/s]
14336it [00:03, 9650.12it/s]
15360it [00:03, 9709.00it/s]
16334it [00:03, 9702.35it/s]
17322it [00:03, 9754.61it/s]
18299it [00:03, 6042.15it/s]
19264it [00:03, 6773.34it/s]
20288it [00:04, 7505.06it/s]
21248it [00:04, 7948.60it/s]
22144it [00:04, 8191.00it/s]
23145it [00:04, 8678.72it/s]
24070it [00:04, 8693.57it/s]
25022it [00:04, 8924.49it/s]
25944it [00:04, 8976.39it/s]
26944it [00:04, 9237.59it/s]
27891it [00:04, 9305.00it/s]
28833it [00:04, 9106.15it/s]
29760it [00:05, 9046.45it/s]
30784it [00:05, 9302.54it/s]
31719it [00:05, 7789.23it/s]
32541it [00:05, 7738.03it/s]
33536it [00:05, 8216.22it/s]
34432it [00:05, 8405.63it/s]
35392it [00:05, 8612.01it/s]
36288it [00:05, 8703.18it/s]
37184it [00:05, 8758.58it/s]
38080it [00:06, 8746.17it/s]
39064it [00:06, 9064.50it/s]
39978it [00:06, 9086.32it/s]
40896it [00:06, 9008.69it/s]
41920it [00:06, 9278.66it/s]
42850it [00:06, 9091.91it/s]
43776it [00:06, 8993.08it/s]
44677it [00:06, 8971.79it/s]
45592it [00:06, 9023.40it/s]
46507it [00:06, 9060.55it/s]
47414it [00:07, 7559.68it/s]
48320it [00:07, 7936.91it/s]
49281it [00:07, 8390.51it/s]
50176it [00:07, 8436.62it/s]
51072it [00:07, 8567.61it/s]
51968it [00:07, 8651.64it/s]
52897it [00:07, 8836.16it/s]
53789it [00:07, 8819.77it/s]
54677it [00:07, 8738.95it/s]
55616it [00:08, 8782.82it/s]
56512it [00:08, 8729.71it/s]
57387it [00:08, 8735.01it/s]
58304it [00:08, 8810.97it/s]
59200it [00:08, 8776.27it/s]
60079it [00:08, 8115.44it/s]
60992it [00:08, 8320.89it/s]
61888it [00:08, 8494.80it/s]
62784it [00:08, 8517.91it/s]
63728it [00:09, 8784.00it/s]
64640it [00:09, 8844.90it/s]
65536it [00:09, 8871.13it/s]
66496it [00:09, 9049.47it/s]
67403it [00:09, 9043.88it/s]
68352it [00:09, 9100.25it/s]
69263it [00:09, 8760.83it/s]
70144it [00:09, 8696.92it/s]
71040it [00:09, 8686.39it/s]
71936it [00:09, 8696.41it/s]
72807it [00:10, 8451.11it/s]
73728it [00:10, 8484.88it/s]
74578it [00:10, 8413.04it/s]
75432it [00:10, 8449.49it/s]
76278it [00:10, 7181.63it/s]
77056it [00:10, 7268.78it/s]
77952it [00:10, 7718.92it/s]
78848it [00:10, 7980.07it/s]
79663it [00:10, 7877.65it/s]
80512it [00:11, 8019.06it/s]
81323it [00:11, 7964.11it/s]
82240it [00:11, 8281.86it/s]
83200it [00:11, 8608.66it/s]
84096it [00:11, 8703.19it/s]
84992it [00:11, 8762.07it/s]
85871it [00:11, 8760.37it/s]
86749it [00:11, 8764.65it/s]
87647it [00:11, 8806.19it/s]
88553it [00:11, 8881.70it/s]
89442it [00:12, 8876.49it/s]
90368it [00:12, 8881.37it/s]
91257it [00:12, 7293.64it/s]
92160it [00:12, 7659.42it/s]
93096it [00:12, 8113.75it/s]
93999it [00:12, 8366.78it/s]
94912it [00:12, 8469.27it/s]
95872it [00:12, 8744.99it/s]
96768it [00:12, 8806.48it/s]
97659it [00:13, 8784.51it/s]
98545it [00:13, 8716.01it/s]
99422it [00:13, 8449.62it/s]
100000it [00:13, 7500.65it/s]
Upload time: 13.945129279978573
Total import time: 44.94409920601174
Experiment stage: Search

0it [00:00, ?it/s]
4it [00:00,  5.23it/s]
14it [00:00, 18.70it/s]
50it [00:01, 77.49it/s]
80it [00:01, 119.31it/s]
156it [00:01, 257.84it/s]
248it [00:01, 414.26it/s]
323it [00:01, 498.65it/s]
410it [00:01, 596.96it/s]
500it [00:01, 678.95it/s]
592it [00:01, 744.28it/s]
674it [00:01, 762.78it/s]
763it [00:01, 797.50it/s]
847it [00:02, 771.87it/s]
939it [00:02, 812.86it/s]
1023it [00:02, 811.59it/s]
1118it [00:02, 850.90it/s]
1217it [00:02, 884.64it/s]
1313it [00:02, 903.18it/s]
1406it [00:02, 909.26it/s]
1498it [00:02, 910.88it/s]
1591it [00:02, 914.99it/s]
1683it [00:02, 905.38it/s]
1774it [00:03, 904.23it/s]
1865it [00:03, 902.05it/s]
1956it [00:03, 899.36it/s]
2046it [00:03, 881.12it/s]
2146it [00:03, 915.18it/s]
2249it [00:03, 947.58it/s]
2345it [00:03, 950.60it/s]
2450it [00:03, 979.94it/s]
2549it [00:03, 937.39it/s]
2644it [00:03, 918.58it/s]
2737it [00:04, 880.71it/s]
2830it [00:04, 894.06it/s]
2920it [00:04, 888.03it/s]
3010it [00:04, 876.27it/s]
3106it [00:04, 898.36it/s]
3200it [00:04, 910.35it/s]
3292it [00:04, 904.29it/s]
3383it [00:04, 877.18it/s]
3471it [00:04, 841.67it/s]
3564it [00:05, 863.98it/s]
3655it [00:05, 873.17it/s]
3752it [00:05, 901.23it/s]
3843it [00:05, 884.83it/s]
3934it [00:05, 888.29it/s]
4024it [00:05, 854.75it/s]
4110it [00:05, 839.15it/s]
4195it [00:05, 798.59it/s]
4284it [00:05, 823.81it/s]
4372it [00:06, 832.74it/s]
4466it [00:06, 861.65it/s]
4559it [00:06, 881.49it/s]
4648it [00:06, 845.10it/s]
4745it [00:06, 879.82it/s]
4846it [00:06, 914.28it/s]
4938it [00:06, 897.65it/s]
5029it [00:06, 891.45it/s]
5119it [00:06, 892.97it/s]
5209it [00:06, 867.15it/s]
5297it [00:07, 870.62it/s]
5385it [00:07, 859.25it/s]
5478it [00:07, 877.68it/s]
5566it [00:07, 857.89it/s]
5652it [00:07, 846.55it/s]
5741it [00:07, 859.12it/s]
5832it [00:07, 873.14it/s]
5925it [00:07, 885.01it/s]
6014it [00:07, 866.66it/s]
6101it [00:07, 860.80it/s]
6188it [00:08, 844.68it/s]
6274it [00:08, 848.22it/s]
6365it [00:08, 864.13it/s]
6452it [00:08, 781.06it/s]
6535it [00:08, 794.37it/s]
6616it [00:08, 784.83it/s]
6702it [00:08, 805.15it/s]
6789it [00:08, 821.24it/s]
6879it [00:08, 843.73it/s]
6971it [00:09, 862.58it/s]
7058it [00:09, 853.27it/s]
7144it [00:09, 816.46it/s]
7227it [00:09, 799.72it/s]
7310it [00:09, 805.43it/s]
7391it [00:09, 774.87it/s]
7474it [00:09, 788.74it/s]
7554it [00:09, 789.06it/s]
7634it [00:09, 779.38it/s]
7719it [00:09, 796.19it/s]
7799it [00:10, 756.61it/s]
7876it [00:10, 743.58it/s]
7957it [00:10, 761.45it/s]
8054it [00:10, 819.96it/s]
8151it [00:10, 861.79it/s]
8248it [00:10, 890.53it/s]
8338it [00:10, 887.49it/s]
8435it [00:10, 909.64it/s]
8532it [00:10, 925.24it/s]
8625it [00:11, 921.90it/s]
8718it [00:11, 895.16it/s]
8808it [00:11, 884.03it/s]
8897it [00:11, 856.08it/s]
8985it [00:11, 860.64it/s]
9072it [00:11, 842.81it/s]
9157it [00:11, 812.05it/s]
9239it [00:11, 777.12it/s]
9318it [00:11, 742.19it/s]
9393it [00:12, 742.63it/s]
9478it [00:12, 772.42it/s]
9556it [00:12, 770.79it/s]
9641it [00:12, 792.19it/s]
9727it [00:12, 810.85it/s]
9809it [00:12, 810.83it/s]
9891it [00:12, 742.61it/s]
9970it [00:12, 755.08it/s]
10000it [00:12, 781.64it/s]
Experiment stage: Done
Results saved to:  /home/dzh/project/vdtuner/vector-db-benchmark-master/results
>>> [Step 5] 收尾工作...
    监控日志已保存。
📊 测试结果摘要:
0.38775
776.1023315737277
0.00406208967324346
line1:  0.00406208967324346
line1:  776.1023315737277
line1:  0.38775
numeric_values:  [0.00406208967324346, 776.1023315737277, 0.38775]
[67] 6724 0.38775 0.00406208967324346 260
/bin/sh: 1: Syntax error: "(" unexpected
/data/dzh/venv/lib/python3.10/site-packages/botorch/acquisition/multi_objective/monte_carlo.py:110: NumericsWarning: qExpectedHypervolumeImprovement has known numerical issues that lead to suboptimal optimization performance. It is strongly recommended to simply replace

	 qExpectedHypervolumeImprovement 	 --> 	 qLogExpectedHypervolumeImprovement 

instead, which fixes the issues and has the same API. See https://arxiv.org/abs/2310.20708 for details.
  legacy_ei_numerics_warning(legacy_name=type(self).__name__)
--- DEBUG: Starting command:---
=======================================
🛠️  开始测试流程
Engine: milvus-p10 | Dataset: random-geo-radius-2048-angular-no-filters
=======================================
>>> [Step 1] 启动后台监控...
    监控进程 PID: 1082733
>>> [Step 2] 重置 Milvus...
 Container milvus-standalone  Stopping
 Container milvus-standalone  Stopped
 Container milvus-standalone  Removing
 Container milvus-standalone  Removed
 Container milvus-etcd  Stopping
 Container milvus-minio  Stopping
 Container milvus-etcd  Stopped
 Container milvus-etcd  Removing
 Container milvus-etcd  Removed
 Container milvus-minio  Stopped
 Container milvus-minio  Removing
 Container milvus-minio  Removed
 Network milvus  Removing
 Network milvus  Removed
    🧹 清理宿主机数据目录: /home/dzh/project/vdtuner/vector-db-benchmark-master/engine/servers/milvus-single-node/volumes
 Network milvus  Creating
 Network milvus  Created
 Container milvus-minio  Creating
 Container milvus-etcd  Creating
 Container milvus-etcd  Created
 Container milvus-minio  Created
 Container milvus-standalone  Creating
 Container milvus-standalone  Created
 Container milvus-etcd  Starting
 Container milvus-minio  Starting
 Container milvus-minio  Started
 Container milvus-etcd  Started
 Container milvus-standalone  Starting
 Container milvus-standalone  Started
>>> [Step 3] 等待服务启动 (90s)...
    等待中... (10s/120s)
    ✅ Milvus 服务已就绪
>>> [Step 4] 运行 Benchmark...
Running experiment: milvus-p10 - random-geo-radius-2048-angular-no-filters
established connection
/home/dzh/project/vdtuner/vector-db-benchmark-master/datasets/random-geo-radius-2048-angular/random_geo_100k_no_filters already exists
Experiment stage: Configure
Experiment stage: Upload

0it [00:00, ?it/s]
1it [00:00,  1.42it/s]
64it [00:00, 81.32it/s]
689it [00:01, 1032.70it/s]
982it [00:01, 1322.03it/s]
1344it [00:01, 1768.82it/s]
1645it [00:01, 1918.44it/s]
1984it [00:01, 2181.23it/s]
2268it [00:01, 2138.85it/s]
2527it [00:01, 2219.83it/s]
3328it [00:01, 3641.16it/s]
3840it [00:02, 3955.84it/s]
4672it [00:02, 5060.65it/s]
5632it [00:02, 6272.12it/s]
6645it [00:02, 7354.89it/s]
7552it [00:02, 7803.00it/s]
8512it [00:02, 8222.98it/s]
9472it [00:02, 8480.91it/s]
10368it [00:02, 8528.30it/s]
11275it [00:02, 8685.25it/s]
12224it [00:02, 8788.29it/s]
13120it [00:03, 8790.77it/s]
14016it [00:03, 8744.20it/s]
14912it [00:03, 8726.72it/s]
15808it [00:03, 8769.89it/s]
16949it [00:03, 9546.97it/s]
17906it [00:03, 5717.46it/s]
18752it [00:03, 6239.29it/s]
19670it [00:03, 6894.91it/s]
20544it [00:04, 7336.25it/s]
21440it [00:04, 7717.28it/s]
22356it [00:04, 8102.75it/s]
23232it [00:04, 8220.90it/s]
24096it [00:04, 8280.93it/s]
25005it [00:04, 8511.48it/s]
25914it [00:04, 8678.39it/s]
26798it [00:04, 8687.26it/s]
27678it [00:04, 8432.77it/s]
28544it [00:05, 8466.60it/s]
29485it [00:05, 8740.73it/s]
30400it [00:05, 8800.15it/s]
31296it [00:05, 8753.75it/s]
32175it [00:05, 8764.05it/s]
33054it [00:05, 6530.42it/s]
33856it [00:05, 6817.66it/s]
34752it [00:05, 7267.06it/s]
35583it [00:05, 7541.03it/s]
36416it [00:06, 7678.67it/s]
37312it [00:06, 7985.70it/s]
38229it [00:06, 8320.69it/s]
39168it [00:06, 8524.59it/s]
40128it [00:06, 8733.28it/s]
41088it [00:06, 8958.54it/s]
42048it [00:06, 9056.56it/s]
43008it [00:06, 9155.75it/s]
43928it [00:06, 9094.80it/s]
44870it [00:06, 9189.53it/s]
45824it [00:07, 9180.00it/s]
46766it [00:07, 9250.14it/s]
47693it [00:07, 8424.12it/s]
48550it [00:07, 8416.61it/s]
49402it [00:07, 8090.90it/s]
50220it [00:07, 7776.15it/s]
51005it [00:07, 7782.59it/s]
51789it [00:07, 7452.28it/s]
52544it [00:07, 7436.23it/s]
53371it [00:08, 7671.86it/s]
54263it [00:08, 8031.01it/s]
55168it [00:08, 8231.06it/s]
55994it [00:08, 8226.03it/s]
56896it [00:08, 8358.95it/s]
57734it [00:08, 8189.81it/s]
58560it [00:08, 8187.65it/s]
59380it [00:08, 7816.24it/s]
60166it [00:08, 7494.03it/s]
60928it [00:09, 7395.63it/s]
61696it [00:09, 7347.96it/s]
62444it [00:09, 7385.26it/s]
63184it [00:09, 7068.42it/s]
64000it [00:09, 7350.93it/s]
64768it [00:09, 7344.90it/s]
65600it [00:09, 7498.71it/s]
66432it [00:09, 7647.20it/s]
67264it [00:09, 7720.47it/s]
68096it [00:09, 7774.75it/s]
68885it [00:10, 7807.60it/s]
69696it [00:10, 7845.09it/s]
70498it [00:10, 7896.26it/s]
71296it [00:10, 7911.15it/s]
72088it [00:10, 7798.76it/s]
72896it [00:10, 7788.52it/s]
73676it [00:10, 7653.77it/s]
74496it [00:10, 7716.52it/s]
75277it [00:10, 7743.23it/s]
76052it [00:10, 7684.96it/s]
76864it [00:11, 7671.29it/s]
77632it [00:11, 7668.59it/s]
78399it [00:11, 6273.66it/s]
79168it [00:11, 6522.14it/s]
79990it [00:11, 6970.32it/s]
80768it [00:11, 7144.34it/s]
81549it [00:11, 7330.05it/s]
82304it [00:11, 7355.70it/s]
83076it [00:11, 7460.12it/s]
83840it [00:12, 7471.47it/s]
84608it [00:12, 7465.24it/s]
85504it [00:12, 7834.41it/s]
86394it [00:12, 8146.56it/s]
87296it [00:12, 8324.71it/s]
88192it [00:12, 8407.65it/s]
89034it [00:12, 8123.55it/s]
89860it [00:12, 8162.52it/s]
90679it [00:12, 8068.27it/s]
91520it [00:13, 8049.47it/s]
92480it [00:13, 8407.38it/s]
93322it [00:13, 5653.20it/s]
94208it [00:13, 6313.32it/s]
95104it [00:13, 6889.89it/s]
96000it [00:13, 7402.69it/s]
96896it [00:13, 7805.47it/s]
97732it [00:13, 7798.83it/s]
98688it [00:14, 8168.68it/s]
99584it [00:14, 8331.25it/s]
100000it [00:14, 7065.65it/s]
Upload time: 14.570320124737918
Total import time: 44.56925247889012
Experiment stage: Search

0it [00:00, ?it/s]
4it [00:00,  5.14it/s]
14it [00:00, 19.43it/s]
36it [00:00, 54.85it/s]
68it [00:01, 106.96it/s]
134it [00:01, 229.29it/s]
224it [00:01, 389.76it/s]
310it [00:01, 509.22it/s]
400it [00:01, 613.04it/s]
483it [00:01, 672.77it/s]
573it [00:01, 736.01it/s]
654it [00:01, 753.06it/s]
743it [00:01, 783.04it/s]
832it [00:02, 811.90it/s]
920it [00:02, 831.44it/s]
1007it [00:02, 841.52it/s]
1096it [00:02, 853.00it/s]
1183it [00:02, 842.99it/s]
1268it [00:02, 835.88it/s]
1369it [00:02, 886.44it/s]
1459it [00:02, 886.79it/s]
1548it [00:02, 872.30it/s]
1636it [00:02, 861.74it/s]
1723it [00:03, 860.62it/s]
1814it [00:03, 872.73it/s]
1902it [00:03, 856.04it/s]
1988it [00:03, 844.36it/s]
2086it [00:03, 881.13it/s]
2183it [00:03, 904.02it/s]
2274it [00:03, 899.39it/s]
2365it [00:03, 887.66it/s]
2461it [00:03, 906.28it/s]
2560it [00:03, 930.00it/s]
2654it [00:04, 890.03it/s]
2744it [00:04, 863.81it/s]
2831it [00:04, 808.85it/s]
2930it [00:04, 857.89it/s]
3017it [00:04, 843.47it/s]
3103it [00:04, 794.06it/s]
3184it [00:04, 790.54it/s]
3282it [00:04, 843.21it/s]
3371it [00:04, 855.03it/s]
3458it [00:05, 853.29it/s]
3544it [00:05, 818.42it/s]
3643it [00:05, 865.83it/s]
3731it [00:05, 868.19it/s]
3819it [00:05, 808.28it/s]
3901it [00:05, 785.96it/s]
3994it [00:05, 824.76it/s]
4078it [00:05, 819.15it/s]
4161it [00:05, 816.14it/s]
4245it [00:06, 821.90it/s]
4328it [00:06, 823.97it/s]
4424it [00:06, 863.02it/s]
4513it [00:06, 870.96it/s]
4609it [00:06, 896.00it/s]
4700it [00:06, 897.20it/s]
4796it [00:06, 915.50it/s]
4891it [00:06, 924.80it/s]
4984it [00:06, 896.18it/s]
5074it [00:06, 866.19it/s]
5161it [00:07, 835.25it/s]
5245it [00:07, 794.87it/s]
5331it [00:07, 808.52it/s]
5417it [00:07, 819.88it/s]
5500it [00:07, 821.39it/s]
5583it [00:07, 823.49it/s]
5669it [00:07, 826.03it/s]
5753it [00:07, 826.62it/s]
5839it [00:07, 831.70it/s]
5928it [00:07, 848.07it/s]
6014it [00:08, 847.42it/s]
6106it [00:08, 866.50it/s]
6201it [00:08, 889.41it/s]
6298it [00:08, 912.62it/s]
6397it [00:08, 931.49it/s]
6494it [00:08, 940.83it/s]
6589it [00:08, 898.53it/s]
6680it [00:08, 884.81it/s]
6769it [00:08, 809.49it/s]
6852it [00:09, 800.42it/s]
6934it [00:09, 805.53it/s]
7023it [00:09, 829.28it/s]
7107it [00:09, 830.85it/s]
7191it [00:09, 813.70it/s]
7281it [00:09, 836.30it/s]
7368it [00:09, 844.68it/s]
7455it [00:09, 850.84it/s]
7546it [00:09, 866.77it/s]
7633it [00:09, 823.07it/s]
7716it [00:10, 818.69it/s]
7799it [00:10, 771.80it/s]
7884it [00:10, 793.01it/s]
7972it [00:10, 817.45it/s]
8056it [00:10, 822.46it/s]
8145it [00:10, 836.26it/s]
8229it [00:10, 820.27it/s]
8312it [00:10, 819.19it/s]
8395it [00:10, 819.06it/s]
8483it [00:11, 835.92it/s]
8570it [00:11, 843.83it/s]
8658it [00:11, 853.77it/s]
8761it [00:11, 904.65it/s]
8865it [00:11, 942.78it/s]
8960it [00:11, 905.31it/s]
9051it [00:11, 893.70it/s]
9141it [00:11, 888.60it/s]
9231it [00:11, 850.05it/s]
9317it [00:12, 714.83it/s]
9419it [00:12, 790.01it/s]
9524it [00:12, 858.63it/s]
9624it [00:12, 896.32it/s]
9717it [00:12, 810.98it/s]
9817it [00:12, 858.60it/s]
9913it [00:12, 886.28it/s]
10000it [00:12, 783.04it/s]
Experiment stage: Done
Results saved to:  /home/dzh/project/vdtuner/vector-db-benchmark-master/results
>>> [Step 5] 收尾工作...
    监控日志已保存。
📊 测试结果摘要:
0.3909
777.1403443879
0.003940410120412707
line1:  0.003940410120412707
line1:  777.1403443879
line1:  0.3909
numeric_values:  [0.003940410120412707, 777.1403443879, 0.3909]
[68] 6942 0.3909 0.003940410120412707 218
/bin/sh: 1: Syntax error: "(" unexpected
/data/dzh/venv/lib/python3.10/site-packages/botorch/acquisition/multi_objective/monte_carlo.py:110: NumericsWarning: qExpectedHypervolumeImprovement has known numerical issues that lead to suboptimal optimization performance. It is strongly recommended to simply replace

	 qExpectedHypervolumeImprovement 	 --> 	 qLogExpectedHypervolumeImprovement 

instead, which fixes the issues and has the same API. See https://arxiv.org/abs/2310.20708 for details.
  legacy_ei_numerics_warning(legacy_name=type(self).__name__)
--- DEBUG: Starting command:---
=======================================
🛠️  开始测试流程
Engine: milvus-p10 | Dataset: random-geo-radius-2048-angular-no-filters
=======================================
>>> [Step 1] 启动后台监控...
    监控进程 PID: 1102998
>>> [Step 2] 重置 Milvus...
 Container milvus-standalone  Stopping
 Container milvus-standalone  Stopped
 Container milvus-standalone  Removing
 Container milvus-standalone  Removed
 Container milvus-etcd  Stopping
 Container milvus-minio  Stopping
 Container milvus-etcd  Stopped
 Container milvus-etcd  Removing
 Container milvus-etcd  Removed
 Container milvus-minio  Stopped
 Container milvus-minio  Removing
 Container milvus-minio  Removed
 Network milvus  Removing
 Network milvus  Removed
    🧹 清理宿主机数据目录: /home/dzh/project/vdtuner/vector-db-benchmark-master/engine/servers/milvus-single-node/volumes
 Network milvus  Creating
 Network milvus  Created
 Container milvus-minio  Creating
 Container milvus-etcd  Creating
 Container milvus-minio  Created
 Container milvus-etcd  Created
 Container milvus-standalone  Creating
 Container milvus-standalone  Created
 Container milvus-minio  Starting
 Container milvus-etcd  Starting
 Container milvus-minio  Started
 Container milvus-etcd  Started
 Container milvus-standalone  Starting
 Container milvus-standalone  Started
>>> [Step 3] 等待服务启动 (90s)...
    等待中... (10s/120s)
    ✅ Milvus 服务已就绪
>>> [Step 4] 运行 Benchmark...
Running experiment: milvus-p10 - random-geo-radius-2048-angular-no-filters
established connection
/home/dzh/project/vdtuner/vector-db-benchmark-master/datasets/random-geo-radius-2048-angular/random_geo_100k_no_filters already exists
Experiment stage: Configure
Experiment stage: Upload

0it [00:00, ?it/s]
1it [00:00,  1.13it/s]
64it [00:01, 81.13it/s]
640it [00:01, 933.76it/s]
960it [00:01, 1333.74it/s]
1296it [00:01, 1735.01it/s]
1600it [00:01, 1973.58it/s]
1886it [00:01, 1975.60it/s]
2304it [00:01, 2432.98it/s]
2600it [00:01, 2482.25it/s]
3200it [00:01, 3372.09it/s]
4160it [00:02, 4972.82it/s]
4707it [00:02, 4817.13it/s]
5632it [00:02, 5941.20it/s]
6592it [00:02, 6944.17it/s]
7488it [00:02, 7508.37it/s]
8384it [00:02, 7842.05it/s]
9280it [00:02, 8080.48it/s]
10163it [00:02, 8297.14it/s]
11008it [00:02, 8244.26it/s]
11840it [00:03, 7827.71it/s]
12736it [00:03, 8143.31it/s]
13632it [00:03, 8328.40it/s]
14541it [00:03, 8548.99it/s]
15424it [00:03, 8535.00it/s]
16291it [00:03, 8573.97it/s]
17216it [00:03, 6454.99it/s]
17984it [00:03, 6682.61it/s]
18818it [00:03, 7097.79it/s]
19712it [00:04, 7543.65it/s]
20608it [00:04, 7913.81it/s]
21536it [00:04, 8295.86it/s]
22400it [00:04, 8325.64it/s]
23251it [00:04, 8252.41it/s]
24192it [00:04, 8511.88it/s]
25152it [00:04, 8773.05it/s]
26112it [00:04, 9004.55it/s]
27018it [00:04, 8635.58it/s]
27904it [00:04, 8670.09it/s]
28864it [00:05, 8846.99it/s]
29824it [00:05, 9023.05it/s]
30912it [00:05, 9468.91it/s]
31861it [00:05, 5872.04it/s]
32770it [00:05, 6533.72it/s]
33792it [00:05, 7334.58it/s]
34689it [00:05, 7733.03it/s]
35584it [00:05, 7998.71it/s]
36592it [00:06, 8557.23it/s]
37506it [00:06, 8668.45it/s]
38464it [00:06, 8775.13it/s]
39446it [00:06, 9071.43it/s]
40376it [00:06, 8996.37it/s]
41291it [00:06, 8811.32it/s]
42184it [00:06, 8586.81it/s]
43072it [00:06, 8599.08it/s]
43938it [00:06, 8396.95it/s]
44783it [00:07, 8245.37it/s]
45632it [00:07, 8188.07it/s]
46453it [00:07, 5620.84it/s]
47282it [00:07, 6206.22it/s]
48128it [00:07, 6663.23it/s]
49024it [00:07, 7240.77it/s]
49920it [00:07, 7678.14it/s]
50816it [00:07, 7989.06it/s]
51654it [00:08, 8070.32it/s]
52489it [00:08, 8124.28it/s]
53321it [00:08, 7735.77it/s]
54208it [00:08, 8019.53it/s]
55099it [00:08, 8273.07it/s]
55937it [00:08, 8097.42it/s]
56801it [00:08, 8252.96it/s]
57664it [00:08, 8227.27it/s]
58552it [00:08, 8416.67it/s]
59398it [00:08, 8365.23it/s]
60238it [00:09, 6638.79it/s]
61172it [00:09, 7312.20it/s]
62049it [00:09, 7694.66it/s]
62912it [00:09, 7928.90it/s]
63744it [00:09, 8005.44it/s]
64640it [00:09, 8272.36it/s]
65536it [00:09, 8460.41it/s]
66457it [00:09, 8678.94it/s]
67392it [00:09, 8766.91it/s]
68321it [00:10, 8919.72it/s]
69248it [00:10, 8910.09it/s]
70144it [00:10, 8905.45it/s]
71040it [00:10, 8880.03it/s]
71936it [00:10, 8781.44it/s]
72832it [00:10, 8747.32it/s]
73728it [00:10, 8749.46it/s]
74604it [00:10, 8715.29it/s]
75476it [00:10, 6542.83it/s]
76224it [00:11, 6727.41it/s]
77076it [00:11, 7183.43it/s]
77897it [00:11, 7457.00it/s]
78791it [00:11, 7865.82it/s]
79680it [00:11, 8141.60it/s]
80576it [00:11, 8264.28it/s]
81419it [00:11, 8108.62it/s]
82304it [00:11, 8312.14it/s]
83264it [00:11, 8556.03it/s]
84160it [00:12, 8615.29it/s]
85054it [00:12, 8709.61it/s]
85929it [00:12, 8541.27it/s]
86786it [00:12, 8480.33it/s]
87636it [00:12, 8311.55it/s]
88512it [00:12, 8357.61it/s]
89350it [00:12, 8232.48it/s]
90176it [00:12, 8179.55it/s]
90995it [00:12, 6535.91it/s]
91776it [00:13, 6840.52it/s]
92672it [00:13, 7360.24it/s]
93504it [00:13, 7557.45it/s]
94317it [00:13, 7716.04it/s]
95109it [00:13, 7755.83it/s]
95936it [00:13, 7832.81it/s]
96770it [00:13, 7979.72it/s]
97685it [00:13, 8322.28it/s]
98560it [00:13, 8405.60it/s]
99520it [00:13, 8626.66it/s]
100000it [00:14, 7135.96it/s]
Upload time: 14.469767662230879
Total import time: 44.45629422320053
Experiment stage: Search

0it [00:00, ?it/s]
4it [00:00,  5.22it/s]
13it [00:00, 17.66it/s]
40it [00:00, 62.07it/s]
70it [00:01, 109.36it/s]
121it [00:01, 197.99it/s]
206it [00:01, 354.05it/s]
256it [00:01, 332.23it/s]
342it [00:01, 456.64it/s]
413it [00:01, 520.44it/s]
495it [00:01, 599.27it/s]
595it [00:01, 709.07it/s]
676it [00:01, 736.14it/s]
755it [00:02, 742.92it/s]
833it [00:02, 680.73it/s]
915it [00:02, 718.45it/s]
997it [00:02, 742.45it/s]
1088it [00:02, 787.98it/s]
1186it [00:02, 839.08it/s]
1286it [00:02, 885.58it/s]
1393it [00:02, 938.60it/s]
1492it [00:02, 952.82it/s]
1588it [00:03, 904.72it/s]
1680it [00:03, 886.01it/s]
1770it [00:03, 857.21it/s]
1857it [00:03, 848.25it/s]
1955it [00:03, 883.02it/s]
2057it [00:03, 922.37it/s]
2161it [00:03, 954.09it/s]
2260it [00:03, 962.21it/s]
2357it [00:03, 961.15it/s]
2454it [00:03, 936.56it/s]
2548it [00:04, 882.77it/s]
2639it [00:04, 887.67it/s]
2729it [00:04, 873.94it/s]
2817it [00:04, 873.67it/s]
2905it [00:04, 860.38it/s]
2998it [00:04, 878.40it/s]
3096it [00:04, 905.71it/s]
3190it [00:04, 913.94it/s]
3282it [00:04, 857.18it/s]
3369it [00:05, 840.39it/s]
3454it [00:05, 817.89it/s]
3537it [00:05, 799.67it/s]
3621it [00:05, 809.04it/s]
3724it [00:05, 871.07it/s]
3815it [00:05, 878.22it/s]
3904it [00:05, 866.15it/s]
3991it [00:05, 785.67it/s]
4072it [00:05, 773.28it/s]
4151it [00:06, 763.41it/s]
4240it [00:06, 798.62it/s]
4321it [00:06, 795.92it/s]
4402it [00:06, 781.89it/s]
4487it [00:06, 799.97it/s]
4568it [00:06, 797.59it/s]
4654it [00:06, 812.44it/s]
4736it [00:06, 769.17it/s]
4827it [00:06, 807.85it/s]
4911it [00:06, 810.32it/s]
4993it [00:07, 782.68it/s]
5072it [00:07, 761.05it/s]
5149it [00:07, 737.30it/s]
5224it [00:07, 739.37it/s]
5306it [00:07, 761.51it/s]
5383it [00:07, 750.56it/s]
5459it [00:07, 707.85it/s]
5531it [00:07, 676.33it/s]
5600it [00:07, 649.81it/s]
5674it [00:08, 667.36it/s]
5742it [00:08, 634.87it/s]
5813it [00:08, 654.63it/s]
5888it [00:08, 667.42it/s]
5956it [00:08, 646.37it/s]
6042it [00:08, 705.50it/s]
6133it [00:08, 761.97it/s]
6220it [00:08, 793.16it/s]
6311it [00:08, 826.90it/s]
6395it [00:09, 794.22it/s]
6476it [00:09, 757.54it/s]
6556it [00:09, 768.62it/s]
6646it [00:09, 804.69it/s]
6745it [00:09, 856.51it/s]
6838it [00:09, 877.87it/s]
6927it [00:09, 856.00it/s]
7022it [00:09, 881.13it/s]
7114it [00:09, 889.91it/s]
7204it [00:09, 833.20it/s]
7289it [00:10, 788.90it/s]
7390it [00:10, 849.01it/s]
7477it [00:10, 847.74it/s]
7563it [00:10, 845.10it/s]
7652it [00:10, 850.76it/s]
7745it [00:10, 871.89it/s]
7833it [00:10, 870.20it/s]
7928it [00:10, 893.03it/s]
8024it [00:10, 905.41it/s]
8115it [00:11, 853.61it/s]
8202it [00:11, 846.27it/s]
8288it [00:11, 802.28it/s]
8370it [00:11, 802.15it/s]
8451it [00:11, 772.86it/s]
8538it [00:11, 799.88it/s]
8632it [00:11, 837.10it/s]
8721it [00:11, 852.05it/s]
8812it [00:11, 867.57it/s]
8900it [00:11, 867.18it/s]
8987it [00:12, 849.14it/s]
9073it [00:12, 721.84it/s]
9149it [00:12, 729.64it/s]
9225it [00:12, 717.73it/s]
9308it [00:12, 747.89it/s]
9385it [00:12, 720.72it/s]
9459it [00:12, 654.50it/s]
9534it [00:12, 678.45it/s]
9604it [00:13, 641.52it/s]
9673it [00:13, 653.68it/s]
9740it [00:13, 622.01it/s]
9825it [00:13, 683.55it/s]
9895it [00:13, 672.62it/s]
9964it [00:13, 664.57it/s]
10000it [00:13, 732.83it/s]
Experiment stage: Done
Results saved to:  /home/dzh/project/vdtuner/vector-db-benchmark-master/results
>>> [Step 5] 收尾工作...
    监控日志已保存。
📊 测试结果摘要:
0.38400999999999996
727.7617178852848
0.004125837935134768
line1:  0.004125837935134768
line1:  727.7617178852848
line1:  0.38400999999999996
numeric_values:  [0.004125837935134768, 727.7617178852848, 0.38400999999999996]
[69] 7117 0.38400999999999996 0.004125837935134768 174
/bin/sh: 1: Syntax error: "(" unexpected
/data/dzh/venv/lib/python3.10/site-packages/botorch/acquisition/multi_objective/monte_carlo.py:110: NumericsWarning: qExpectedHypervolumeImprovement has known numerical issues that lead to suboptimal optimization performance. It is strongly recommended to simply replace

	 qExpectedHypervolumeImprovement 	 --> 	 qLogExpectedHypervolumeImprovement 

instead, which fixes the issues and has the same API. See https://arxiv.org/abs/2310.20708 for details.
  legacy_ei_numerics_warning(legacy_name=type(self).__name__)
--- DEBUG: Starting command:---
=======================================
🛠️  开始测试流程
Engine: milvus-p10 | Dataset: random-geo-radius-2048-angular-no-filters
=======================================
>>> [Step 1] 启动后台监控...
    监控进程 PID: 1126580
>>> [Step 2] 重置 Milvus...
 Container milvus-standalone  Stopping
 Container milvus-standalone  Stopped
 Container milvus-standalone  Removing
 Container milvus-standalone  Removed
 Container milvus-etcd  Stopping
 Container milvus-minio  Stopping
 Container milvus-etcd  Stopped
 Container milvus-etcd  Removing
 Container milvus-etcd  Removed
 Container milvus-minio  Stopped
 Container milvus-minio  Removing
 Container milvus-minio  Removed
 Network milvus  Removing
 Network milvus  Removed
    🧹 清理宿主机数据目录: /home/dzh/project/vdtuner/vector-db-benchmark-master/engine/servers/milvus-single-node/volumes
 Network milvus  Creating
 Network milvus  Created
 Container milvus-minio  Creating
 Container milvus-etcd  Creating
 Container milvus-etcd  Created
 Container milvus-minio  Created
 Container milvus-standalone  Creating
 Container milvus-standalone  Created
 Container milvus-minio  Starting
 Container milvus-etcd  Starting
 Container milvus-etcd  Started
 Container milvus-minio  Started
 Container milvus-standalone  Starting
 Container milvus-standalone  Started
>>> [Step 3] 等待服务启动 (90s)...
    等待中... (10s/120s)
    ✅ Milvus 服务已就绪
>>> [Step 4] 运行 Benchmark...
Running experiment: milvus-p10 - random-geo-radius-2048-angular-no-filters
established connection
/home/dzh/project/vdtuner/vector-db-benchmark-master/datasets/random-geo-radius-2048-angular/random_geo_100k_no_filters already exists
Experiment stage: Configure
Experiment stage: Upload

0it [00:00, ?it/s]
1it [00:00,  1.60it/s]
64it [00:00, 87.83it/s]
256it [00:01, 387.04it/s]
704it [00:01, 1091.22it/s]
960it [00:01, 1382.00it/s]
1344it [00:01, 1909.91it/s]
1664it [00:01, 2202.74it/s]
1984it [00:01, 2181.38it/s]
2496it [00:01, 2846.37it/s]
2823it [00:01, 2683.19it/s]
3456it [00:01, 3552.08it/s]
4052it [00:02, 4175.68it/s]
4736it [00:02, 4832.77it/s]
5696it [00:02, 6099.35it/s]
6656it [00:02, 7079.40it/s]
7552it [00:02, 7549.38it/s]
8512it [00:02, 8083.57it/s]
9474it [00:02, 8529.42it/s]
10496it [00:02, 8905.14it/s]
11456it [00:02, 9055.25it/s]
12416it [00:02, 9175.48it/s]
13354it [00:03, 9235.36it/s]
14281it [00:03, 9124.05it/s]
15232it [00:03, 9171.81it/s]
16192it [00:03, 9294.20it/s]
17216it [00:03, 8727.12it/s]
18111it [00:03, 8788.70it/s]
19124it [00:03, 9170.00it/s]
20093it [00:03, 9317.67it/s]
21031it [00:03, 9110.52it/s]
22016it [00:04, 9203.54it/s]
22940it [00:04, 9108.91it/s]
23854it [00:04, 9106.64it/s]
24767it [00:04, 8938.65it/s]
25663it [00:04, 8928.43it/s]
26557it [00:04, 8732.44it/s]
27456it [00:04, 8751.38it/s]
28352it [00:04, 8763.19it/s]
29229it [00:04, 8558.32it/s]
30143it [00:04, 8726.28it/s]
31109it [00:05, 8999.81it/s]
32144it [00:05, 9397.68it/s]
33086it [00:05, 6969.06it/s]
33920it [00:05, 7292.77it/s]
34880it [00:05, 7868.96it/s]
35776it [00:05, 8052.35it/s]
36736it [00:05, 8351.67it/s]
37760it [00:05, 8784.03it/s]
38720it [00:06, 8975.73it/s]
39680it [00:06, 9064.77it/s]
40600it [00:06, 9057.89it/s]
41536it [00:06, 9109.24it/s]
42496it [00:06, 9142.27it/s]
43456it [00:06, 9266.98it/s]
44387it [00:06, 9217.32it/s]
45312it [00:06, 9199.57it/s]
46234it [00:06, 9200.03it/s]
47168it [00:06, 9167.47it/s]
48086it [00:07, 9135.90it/s]
49001it [00:07, 6174.35it/s]
49904it [00:07, 6809.46it/s]
50807it [00:07, 7344.68it/s]
51638it [00:07, 7591.46it/s]
52465it [00:07, 7677.87it/s]
53321it [00:07, 7919.24it/s]
54209it [00:07, 8189.28it/s]
55104it [00:07, 8346.88it/s]
56000it [00:08, 8466.04it/s]
56898it [00:08, 8615.34it/s]
57792it [00:08, 8703.65it/s]
58670it [00:08, 8683.07it/s]
59544it [00:08, 8449.75it/s]
60416it [00:08, 8501.55it/s]
61312it [00:08, 8561.35it/s]
62208it [00:08, 8515.25it/s]
63062it [00:09, 5680.66it/s]
63808it [00:09, 6036.91it/s]
64704it [00:09, 6709.25it/s]
65540it [00:09, 7124.41it/s]
66432it [00:09, 7596.16it/s]
67392it [00:09, 7998.15it/s]
68288it [00:09, 8217.61it/s]
69184it [00:09, 8342.50it/s]
70133it [00:09, 8670.17it/s]
71017it [00:10, 8407.72it/s]
71871it [00:10, 8444.01it/s]
72768it [00:10, 8489.55it/s]
73664it [00:10, 8549.35it/s]
74560it [00:10, 8640.10it/s]
75456it [00:10, 8591.12it/s]
76352it [00:10, 8635.43it/s]
77312it [00:10, 8802.41it/s]
78194it [00:10, 7674.96it/s]
79006it [00:10, 7793.08it/s]
79936it [00:11, 8152.13it/s]
80896it [00:11, 8449.68it/s]
81842it [00:11, 8735.99it/s]
82726it [00:11, 8641.86it/s]
83648it [00:11, 8682.17it/s]
84578it [00:11, 8860.15it/s]
85503it [00:11, 8973.52it/s]
86404it [00:11, 8717.25it/s]
87296it [00:11, 8725.58it/s]
88254it [00:12, 8973.99it/s]
89154it [00:12, 8672.69it/s]
90025it [00:12, 8617.73it/s]
90890it [00:12, 8464.14it/s]
91776it [00:12, 8455.40it/s]
92623it [00:12, 6107.42it/s]
93376it [00:12, 6384.97it/s]
94208it [00:12, 6796.13it/s]
95168it [00:12, 7435.79it/s]
96064it [00:13, 7812.72it/s]
96972it [00:13, 8161.60it/s]
97856it [00:13, 8346.95it/s]
98713it [00:13, 8332.03it/s]
99648it [00:13, 8549.65it/s]
100000it [00:13, 7388.21it/s]
Upload time: 13.972957097925246
Total import time: 45.356029379181564
Experiment stage: Search

0it [00:00, ?it/s]
4it [00:00,  5.18it/s]
14it [00:00, 19.39it/s]
29it [00:00, 42.20it/s]
65it [00:01, 105.88it/s]
151it [00:01, 273.75it/s]
240it [00:01, 421.56it/s]
324it [00:01, 527.98it/s]
391it [00:01, 552.93it/s]
478it [00:01, 638.43it/s]
565it [00:01, 702.62it/s]
660it [00:01, 772.65it/s]
761it [00:01, 838.33it/s]
863it [00:02, 889.18it/s]
961it [00:02, 914.55it/s]
1055it [00:02, 915.78it/s]
1148it [00:02, 912.82it/s]
1242it [00:02, 917.35it/s]
1335it [00:02, 911.63it/s]
1427it [00:02, 904.25it/s]
1518it [00:02, 886.59it/s]
1607it [00:02, 869.95it/s]
1695it [00:02, 761.93it/s]
1774it [00:03, 756.27it/s]
1860it [00:03, 780.98it/s]
1942it [00:03, 790.88it/s]
2038it [00:03, 838.79it/s]
2136it [00:03, 877.84it/s]
2235it [00:03, 909.83it/s]
2334it [00:03, 932.89it/s]
2428it [00:03, 917.12it/s]
2522it [00:03, 915.07it/s]
2620it [00:04, 933.16it/s]
2714it [00:04, 914.89it/s]
2811it [00:04, 930.51it/s]
2914it [00:04, 959.50it/s]
3011it [00:04, 952.69it/s]
3110it [00:04, 961.19it/s]
3207it [00:04, 935.13it/s]
3301it [00:04, 888.91it/s]
3391it [00:04, 848.51it/s]
3477it [00:04, 835.70it/s]
3568it [00:05, 854.98it/s]
3654it [00:05, 838.20it/s]
3739it [00:05, 827.99it/s]
3822it [00:05, 802.61it/s]
3905it [00:05, 808.99it/s]
3999it [00:05, 844.28it/s]
4091it [00:05, 865.12it/s]
4178it [00:05, 833.72it/s]
4265it [00:05, 843.39it/s]
4354it [00:06, 844.54it/s]
4441it [00:06, 851.25it/s]
4530it [00:06, 857.60it/s]
4624it [00:06, 879.84it/s]
4713it [00:06, 878.85it/s]
4801it [00:06, 865.08it/s]
4893it [00:06, 880.16it/s]
4982it [00:06, 880.19it/s]
5071it [00:06, 832.51it/s]
5155it [00:06, 802.99it/s]
5236it [00:07, 783.08it/s]
5315it [00:07, 778.20it/s]
5408it [00:07, 820.28it/s]
5500it [00:07, 848.75it/s]
5591it [00:07, 864.92it/s]
5681it [00:07, 872.15it/s]
5769it [00:07, 866.22it/s]
5857it [00:07, 868.26it/s]
5944it [00:07, 863.31it/s]
6031it [00:08, 826.93it/s]
6119it [00:08, 841.90it/s]
6214it [00:08, 871.91it/s]
6312it [00:08, 901.68it/s]
6403it [00:08, 899.49it/s]
6494it [00:08, 892.56it/s]
6589it [00:08, 908.70it/s]
6683it [00:08, 916.36it/s]
6783it [00:08, 938.77it/s]
6877it [00:08, 928.18it/s]
6970it [00:09, 924.23it/s]
7063it [00:09, 911.80it/s]
7155it [00:09, 913.42it/s]
7248it [00:09, 916.59it/s]
7340it [00:09, 914.67it/s]
7432it [00:09, 875.68it/s]
7529it [00:09, 900.63it/s]
7624it [00:09, 911.23it/s]
7716it [00:09, 902.39it/s]
7809it [00:09, 907.78it/s]
7900it [00:10, 894.59it/s]
7990it [00:10, 880.17it/s]
8085it [00:10, 897.84it/s]
8175it [00:10, 883.34it/s]
8274it [00:10, 912.33it/s]
8366it [00:10, 870.08it/s]
8465it [00:10, 903.73it/s]
8556it [00:10, 901.23it/s]
8650it [00:10, 910.35it/s]
8742it [00:10, 897.56it/s]
8832it [00:11, 898.17it/s]
8932it [00:11, 927.82it/s]
9025it [00:11, 917.09it/s]
9117it [00:11, 889.83it/s]
9207it [00:11, 884.52it/s]
9296it [00:11, 877.54it/s]
9394it [00:11, 902.71it/s]
9485it [00:11, 903.17it/s]
9577it [00:11, 906.70it/s]
9668it [00:12, 892.94it/s]
9758it [00:12, 888.82it/s]
9848it [00:12, 890.16it/s]
9938it [00:12, 881.79it/s]
10000it [00:12, 805.93it/s]
Experiment stage: Done
Results saved to:  /home/dzh/project/vdtuner/vector-db-benchmark-master/results
>>> [Step 5] 收尾工作...
    监控日志已保存。
📊 测试结果摘要:
0.3755
799.8641421285073
0.0037575406720861786
line1:  0.0037575406720861786
line1:  799.8641421285073
line1:  0.3755
numeric_values:  [0.0037575406720861786, 799.8641421285073, 0.3755]
[70] 7338 0.3755 0.0037575406720861786 221
/bin/sh: 1: Syntax error: "(" unexpected
/data/dzh/venv/lib/python3.10/site-packages/botorch/acquisition/multi_objective/monte_carlo.py:110: NumericsWarning: qExpectedHypervolumeImprovement has known numerical issues that lead to suboptimal optimization performance. It is strongly recommended to simply replace

	 qExpectedHypervolumeImprovement 	 --> 	 qLogExpectedHypervolumeImprovement 

instead, which fixes the issues and has the same API. See https://arxiv.org/abs/2310.20708 for details.
  legacy_ei_numerics_warning(legacy_name=type(self).__name__)
--- DEBUG: Starting command:---
=======================================
🛠️  开始测试流程
Engine: milvus-p10 | Dataset: random-geo-radius-2048-angular-no-filters
=======================================
>>> [Step 1] 启动后台监控...
    监控进程 PID: 1154623
>>> [Step 2] 重置 Milvus...
 Container milvus-standalone  Stopping
 Container milvus-standalone  Stopped
 Container milvus-standalone  Removing
 Container milvus-standalone  Removed
 Container milvus-etcd  Stopping
 Container milvus-minio  Stopping
 Container milvus-etcd  Stopped
 Container milvus-etcd  Removing
 Container milvus-etcd  Removed
 Container milvus-minio  Stopped
 Container milvus-minio  Removing
 Container milvus-minio  Removed
 Network milvus  Removing
 Network milvus  Removed
    🧹 清理宿主机数据目录: /home/dzh/project/vdtuner/vector-db-benchmark-master/engine/servers/milvus-single-node/volumes
 Network milvus  Creating
 Network milvus  Created
 Container milvus-etcd  Creating
 Container milvus-minio  Creating
 Container milvus-etcd  Created
 Container milvus-minio  Created
 Container milvus-standalone  Creating
 Container milvus-standalone  Created
 Container milvus-minio  Starting
 Container milvus-etcd  Starting
 Container milvus-minio  Started
 Container milvus-etcd  Started
 Container milvus-standalone  Starting
 Container milvus-standalone  Started
>>> [Step 3] 等待服务启动 (90s)...
    等待中... (10s/120s)
    ✅ Milvus 服务已就绪
>>> [Step 4] 运行 Benchmark...
Running experiment: milvus-p10 - random-geo-radius-2048-angular-no-filters
established connection
/home/dzh/project/vdtuner/vector-db-benchmark-master/datasets/random-geo-radius-2048-angular/random_geo_100k_no_filters already exists
Experiment stage: Configure
Experiment stage: Upload

0it [00:00, ?it/s]
1it [00:00,  1.37it/s]
64it [00:00, 84.15it/s]
448it [00:01, 673.53it/s]
832it [00:01, 1243.34it/s]
1250it [00:01, 1848.59it/s]
1561it [00:01, 1815.94it/s]
1826it [00:01, 1930.27it/s]
2079it [00:01, 2041.80it/s]
2624it [00:01, 2783.66it/s]
2945it [00:01, 2622.78it/s]
3648it [00:02, 3660.65it/s]
4193it [00:02, 4122.40it/s]
5120it [00:02, 5503.95it/s]
6016it [00:02, 6373.19it/s]
6912it [00:02, 7098.12it/s]
7872it [00:02, 7743.41it/s]
8804it [00:02, 8198.18it/s]
9664it [00:02, 8251.23it/s]
10502it [00:02, 7893.65it/s]
11431it [00:02, 8290.92it/s]
12271it [00:03, 8228.18it/s]
13125it [00:03, 8317.96it/s]
14080it [00:03, 8563.86it/s]
14976it [00:03, 8606.18it/s]
15915it [00:03, 8835.45it/s]
16832it [00:03, 8819.37it/s]
17716it [00:03, 6648.43it/s]
18624it [00:03, 7203.16it/s]
19640it [00:04, 7955.94it/s]
20608it [00:04, 8337.85it/s]
21632it [00:04, 8842.19it/s]
22656it [00:04, 9141.54it/s]
23616it [00:04, 9179.03it/s]
24640it [00:04, 9345.17it/s]
25600it [00:04, 9294.85it/s]
26560it [00:04, 9354.32it/s]
27520it [00:04, 9308.94it/s]
28480it [00:04, 9313.68it/s]
29441it [00:05, 9398.69it/s]
30400it [00:05, 9439.15it/s]
31407it [00:05, 9625.50it/s]
32372it [00:05, 9538.17it/s]
33328it [00:05, 6458.08it/s]
34240it [00:05, 7012.74it/s]
35200it [00:05, 7564.48it/s]
36224it [00:05, 8148.52it/s]
37184it [00:06, 8474.00it/s]
38085it [00:06, 8498.58it/s]
39040it [00:06, 8691.75it/s]
39937it [00:06, 8719.40it/s]
40896it [00:06, 8923.16it/s]
41856it [00:06, 8995.86it/s]
42766it [00:06, 8957.14it/s]
43669it [00:06, 8810.10it/s]
44608it [00:06, 8883.25it/s]
45500it [00:06, 8761.91it/s]
46400it [00:07, 8694.33it/s]
47360it [00:07, 8926.44it/s]
48255it [00:07, 5340.63it/s]
49152it [00:07, 6050.06it/s]
50070it [00:07, 6743.10it/s]
50997it [00:07, 7350.05it/s]
51926it [00:07, 7845.59it/s]
52800it [00:07, 8070.13it/s]
53742it [00:08, 8442.34it/s]
54656it [00:08, 8615.24it/s]
55613it [00:08, 8887.88it/s]
56527it [00:08, 8729.53it/s]
57418it [00:08, 8632.21it/s]
58304it [00:08, 8656.25it/s]
59200it [00:08, 8734.66it/s]
60080it [00:08, 8717.58it/s]
60957it [00:08, 8666.06it/s]
61827it [00:09, 8417.73it/s]
62720it [00:09, 8500.19it/s]
63573it [00:09, 8073.34it/s]
64386it [00:09, 7799.30it/s]
65253it [00:09, 8043.12it/s]
66112it [00:09, 8062.53it/s]
66922it [00:09, 7866.64it/s]
67776it [00:09, 7965.67it/s]
68608it [00:09, 8061.48it/s]
69504it [00:09, 8180.28it/s]
70324it [00:10, 8055.38it/s]
71131it [00:10, 8026.39it/s]
71935it [00:10, 7928.95it/s]
72768it [00:10, 7971.47it/s]
73608it [00:10, 8096.33it/s]
74496it [00:10, 8286.26it/s]
75392it [00:10, 8403.68it/s]
76288it [00:10, 8503.85it/s]
77184it [00:10, 8546.84it/s]
78039it [00:11, 6043.95it/s]
78784it [00:11, 6360.19it/s]
79680it [00:11, 6999.99it/s]
80576it [00:11, 7472.71it/s]
81472it [00:11, 7838.91it/s]
82368it [00:11, 8093.54it/s]
83264it [00:11, 8309.92it/s]
84160it [00:11, 8453.89it/s]
85056it [00:11, 8588.71it/s]
85952it [00:12, 8686.53it/s]
86893it [00:12, 8898.95it/s]
87790it [00:12, 8810.83it/s]
88690it [00:12, 8866.07it/s]
89580it [00:12, 8700.71it/s]
90453it [00:12, 8589.80it/s]
91315it [00:12, 8451.46it/s]
92224it [00:12, 5897.83it/s]
92922it [00:13, 5858.47it/s]
93760it [00:13, 6420.08it/s]
94592it [00:13, 6873.72it/s]
95424it [00:13, 7238.59it/s]
96256it [00:13, 7529.25it/s]
97088it [00:13, 7668.20it/s]
97920it [00:13, 7836.80it/s]
98752it [00:13, 7973.52it/s]
99648it [00:13, 8220.30it/s]
100000it [00:13, 7190.00it/s]
Upload time: 14.328889165073633
Total import time: 44.92520670918748
Experiment stage: Search

0it [00:00, ?it/s]
4it [00:00,  5.04it/s]
14it [00:01, 16.57it/s]
40it [00:01, 54.54it/s]
133it [00:01, 214.01it/s]
215it [00:01, 338.91it/s]
312it [00:01, 482.55it/s]
399it [00:01, 577.38it/s]
477it [00:01, 628.60it/s]
574it [00:01, 719.38it/s]
667it [00:01, 776.78it/s]
764it [00:01, 824.43it/s]
853it [00:02, 820.68it/s]
940it [00:02, 806.47it/s]
1037it [00:02, 852.04it/s]
1125it [00:02, 853.53it/s]
1231it [00:02, 912.70it/s]
1344it [00:02, 972.18it/s]
1443it [00:02, 952.46it/s]
1540it [00:02, 912.80it/s]
1633it [00:02, 916.30it/s]
1726it [00:02, 911.78it/s]
1818it [00:03, 900.73it/s]
1913it [00:03, 912.76it/s]
2011it [00:03, 932.36it/s]
2105it [00:03, 922.81it/s]
2208it [00:03, 953.38it/s]
2304it [00:03, 953.07it/s]
2400it [00:03, 954.28it/s]
2496it [00:03, 936.55it/s]
2592it [00:03, 943.31it/s]
2687it [00:03, 932.67it/s]
2781it [00:04, 931.86it/s]
2881it [00:04, 950.42it/s]
2979it [00:04, 958.23it/s]
3075it [00:04, 922.92it/s]
3171it [00:04, 932.28it/s]
3265it [00:04, 927.64it/s]
3364it [00:04, 945.00it/s]
3459it [00:04, 933.75it/s]
3553it [00:04, 929.52it/s]
3647it [00:05, 913.12it/s]
3739it [00:05, 887.59it/s]
3829it [00:05, 889.18it/s]
3920it [00:05, 894.26it/s]
4010it [00:05, 890.26it/s]
4100it [00:05, 890.35it/s]
4202it [00:05, 925.58it/s]
4295it [00:05, 922.61it/s]
4388it [00:05, 903.26it/s]
4479it [00:05, 892.27it/s]
4569it [00:06, 879.58it/s]
4658it [00:06, 864.05it/s]
4752it [00:06, 885.57it/s]
4842it [00:06, 888.03it/s]
4931it [00:06, 886.38it/s]
5020it [00:06, 880.51it/s]
5110it [00:06, 885.34it/s]
5199it [00:06, 881.37it/s]
5288it [00:06, 879.16it/s]
5376it [00:06, 871.79it/s]
5468it [00:07, 883.40it/s]
5560it [00:07, 890.34it/s]
5650it [00:07, 881.61it/s]
5739it [00:07, 857.85it/s]
5825it [00:07, 816.01it/s]
5908it [00:07, 769.41it/s]
5986it [00:07, 716.31it/s]
6072it [00:07, 754.58it/s]
6165it [00:07, 802.80it/s]
6261it [00:08, 847.18it/s]
6357it [00:08, 878.32it/s]
6452it [00:08, 897.09it/s]
6543it [00:08, 893.65it/s]
6636it [00:08, 902.92it/s]
6727it [00:08, 834.43it/s]
6812it [00:08, 835.25it/s]
6898it [00:08, 840.86it/s]
6983it [00:08, 832.11it/s]
7071it [00:09, 844.90it/s]
7163it [00:09, 864.86it/s]
7266it [00:09, 910.92it/s]
7364it [00:09, 931.15it/s]
7458it [00:09, 925.42it/s]
7551it [00:09, 914.93it/s]
7648it [00:09, 929.16it/s]
7743it [00:09, 933.59it/s]
7837it [00:09, 846.58it/s]
7940it [00:09, 896.48it/s]
8041it [00:10, 926.12it/s]
8142it [00:10, 950.11it/s]
8247it [00:10, 976.37it/s]
8346it [00:10, 928.58it/s]
8446it [00:10, 948.33it/s]
8542it [00:10, 921.51it/s]
8642it [00:10, 930.95it/s]
8736it [00:10, 931.75it/s]
8839it [00:10, 957.51it/s]
8936it [00:11, 951.96it/s]
9032it [00:11, 934.07it/s]
9128it [00:11, 939.97it/s]
9223it [00:11, 875.43it/s]
9316it [00:11, 889.76it/s]
9406it [00:11, 839.58it/s]
9504it [00:11, 878.20it/s]
9596it [00:11, 889.59it/s]
9686it [00:11, 890.74it/s]
9776it [00:11, 892.93it/s]
9868it [00:12, 898.95it/s]
9961it [00:12, 901.68it/s]
10000it [00:12, 819.29it/s]
Experiment stage: Done
Results saved to:  /home/dzh/project/vdtuner/vector-db-benchmark-master/results
>>> [Step 5] 收尾工作...
    监控日志已保存。
📊 测试结果摘要:
0.42314000000000007
812.9428731903121
0.0037715265294536947
line1:  0.0037715265294536947
line1:  812.9428731903121
line1:  0.42314000000000007
numeric_values:  [0.0037715265294536947, 812.9428731903121, 0.42314000000000007]
[71] 7542 0.42314000000000007 0.0037715265294536947 204
/bin/sh: 1: Syntax error: "(" unexpected
/data/dzh/venv/lib/python3.10/site-packages/botorch/acquisition/multi_objective/monte_carlo.py:110: NumericsWarning: qExpectedHypervolumeImprovement has known numerical issues that lead to suboptimal optimization performance. It is strongly recommended to simply replace

	 qExpectedHypervolumeImprovement 	 --> 	 qLogExpectedHypervolumeImprovement 

instead, which fixes the issues and has the same API. See https://arxiv.org/abs/2310.20708 for details.
  legacy_ei_numerics_warning(legacy_name=type(self).__name__)
--- DEBUG: Starting command:---
=======================================
🛠️  开始测试流程
Engine: milvus-p10 | Dataset: random-geo-radius-2048-angular-no-filters
=======================================
>>> [Step 1] 启动后台监控...
    监控进程 PID: 1182216
>>> [Step 2] 重置 Milvus...
 Container milvus-standalone  Stopping
 Container milvus-standalone  Stopped
 Container milvus-standalone  Removing
 Container milvus-standalone  Removed
 Container milvus-minio  Stopping
 Container milvus-etcd  Stopping
 Container milvus-etcd  Stopped
 Container milvus-etcd  Removing
 Container milvus-etcd  Removed
 Container milvus-minio  Stopped
 Container milvus-minio  Removing
 Container milvus-minio  Removed
 Network milvus  Removing
 Network milvus  Removed
    🧹 清理宿主机数据目录: /home/dzh/project/vdtuner/vector-db-benchmark-master/engine/servers/milvus-single-node/volumes
 Network milvus  Creating
 Network milvus  Created
 Container milvus-etcd  Creating
 Container milvus-minio  Creating
 Container milvus-etcd  Created
 Container milvus-minio  Created
 Container milvus-standalone  Creating
 Container milvus-standalone  Created
 Container milvus-minio  Starting
 Container milvus-etcd  Starting
 Container milvus-minio  Started
 Container milvus-etcd  Started
 Container milvus-standalone  Starting
 Container milvus-standalone  Started
>>> [Step 3] 等待服务启动 (90s)...
    等待中... (10s/120s)
    ✅ Milvus 服务已就绪
>>> [Step 4] 运行 Benchmark...
Running experiment: milvus-p10 - random-geo-radius-2048-angular-no-filters
established connection
/home/dzh/project/vdtuner/vector-db-benchmark-master/datasets/random-geo-radius-2048-angular/random_geo_100k_no_filters already exists
Experiment stage: Configure
Experiment stage: Upload

0it [00:00, ?it/s]
1it [00:00,  1.42it/s]
64it [00:00, 81.37it/s]
384it [00:01, 558.47it/s]
704it [00:01, 991.88it/s]
1043it [00:01, 1465.70it/s]
1408it [00:01, 1861.91it/s]
1673it [00:01, 1755.52it/s]
2112it [00:01, 2288.48it/s]
2396it [00:01, 2393.65it/s]
2822it [00:01, 2839.22it/s]
3264it [00:02, 3129.73it/s]
3904it [00:02, 3977.79it/s]
4928it [00:02, 5604.46it/s]
5952it [00:02, 6867.45it/s]
6720it [00:02, 7082.68it/s]
7616it [00:02, 7611.05it/s]
8640it [00:02, 8346.23it/s]
9664it [00:02, 8801.99it/s]
10688it [00:02, 9145.96it/s]
11712it [00:02, 9377.77it/s]
12672it [00:03, 9406.19it/s]
13760it [00:03, 9706.90it/s]
14733it [00:03, 9488.32it/s]
15685it [00:03, 9258.89it/s]
16614it [00:03, 7933.91it/s]
17440it [00:03, 7932.39it/s]
18368it [00:03, 8246.45it/s]
19305it [00:03, 8556.93it/s]
20224it [00:03, 8628.35it/s]
21120it [00:04, 8722.23it/s]
22064it [00:04, 8929.60it/s]
23010it [00:04, 9084.22it/s]
23936it [00:04, 9067.00it/s]
24960it [00:04, 9312.59it/s]
25920it [00:04, 9348.20it/s]
26857it [00:04, 9161.96it/s]
27775it [00:04, 9159.21it/s]
28693it [00:04, 9109.24it/s]
29632it [00:04, 9175.88it/s]
30551it [00:05, 9172.83it/s]
31513it [00:05, 9304.86it/s]
32444it [00:05, 6507.21it/s]
33344it [00:05, 7066.71it/s]
34304it [00:05, 7604.46it/s]
35205it [00:05, 7967.08it/s]
36160it [00:05, 8340.27it/s]
37120it [00:05, 8619.39it/s]
38109it [00:06, 8976.72it/s]
39033it [00:06, 8913.01it/s]
39943it [00:06, 8930.90it/s]
40849it [00:06, 8850.99it/s]
41744it [00:06, 8694.46it/s]
42653it [00:06, 8808.10it/s]
43539it [00:06, 8784.25it/s]
44504it [00:06, 9037.65it/s]
45411it [00:06, 8189.44it/s]
46247it [00:06, 8104.78it/s]
47104it [00:07, 6872.56it/s]
47908it [00:07, 7164.45it/s]
48704it [00:07, 7302.97it/s]
49536it [00:07, 7531.21it/s]
50309it [00:07, 7437.45it/s]
51072it [00:07, 7428.18it/s]
51824it [00:07, 7028.63it/s]
52537it [00:07, 6693.76it/s]
53215it [00:08, 6677.10it/s]
53956it [00:08, 6880.85it/s]
54720it [00:08, 7021.48it/s]
55427it [00:08, 6914.63it/s]
56192it [00:08, 6959.49it/s]
57024it [00:08, 7253.65it/s]
57846it [00:08, 7531.34it/s]
58624it [00:08, 7498.28it/s]
59403it [00:08, 7582.53it/s]
60288it [00:08, 7922.59it/s]
61184it [00:09, 8173.42it/s]
62144it [00:09, 8563.82it/s]
63002it [00:09, 6432.88it/s]
63936it [00:09, 7080.13it/s]
64832it [00:09, 7481.90it/s]
65752it [00:09, 7936.24it/s]
66688it [00:09, 8290.39it/s]
67648it [00:09, 8527.36it/s]
68544it [00:09, 8634.31it/s]
69425it [00:10, 8494.23it/s]
70287it [00:10, 8451.62it/s]
71168it [00:10, 8453.95it/s]
72046it [00:10, 8548.22it/s]
72906it [00:10, 8328.58it/s]
73743it [00:10, 8298.48it/s]
74624it [00:10, 8392.91it/s]
75466it [00:10, 8382.96it/s]
76352it [00:10, 8518.83it/s]
77312it [00:11, 8742.86it/s]
78187it [00:11, 7419.18it/s]
78976it [00:11, 7514.29it/s]
79808it [00:11, 7654.68it/s]
80768it [00:11, 8112.11it/s]
81664it [00:11, 8346.02it/s]
82511it [00:11, 8230.72it/s]
83354it [00:11, 8287.24it/s]
84189it [00:11, 8027.22it/s]
85057it [00:12, 8214.19it/s]
85888it [00:12, 8230.28it/s]
86784it [00:12, 8316.83it/s]
87618it [00:12, 8100.81it/s]
88431it [00:12, 7963.82it/s]
89230it [00:12, 7933.76it/s]
90112it [00:12, 8052.00it/s]
90954it [00:12, 8158.53it/s]
91881it [00:12, 8482.97it/s]
92800it [00:12, 8600.07it/s]
93661it [00:13, 5736.18it/s]
94464it [00:13, 6191.80it/s]
95360it [00:13, 6794.06it/s]
96244it [00:13, 7307.75it/s]
97088it [00:13, 7516.93it/s]
97984it [00:13, 7792.36it/s]
98944it [00:13, 8183.65it/s]
99791it [00:13, 8024.26it/s]
100000it [00:13, 7159.81it/s]
Upload time: 14.551687743980438
Total import time: 45.36500399094075
Experiment stage: Search

0it [00:00, ?it/s]
4it [00:00,  5.18it/s]
13it [00:00, 18.35it/s]
26it [00:00, 38.59it/s]
55it [00:01, 90.29it/s]
115it [00:01, 206.01it/s]
191it [00:01, 341.64it/s]
280it [00:01, 483.23it/s]
370it [00:01, 594.74it/s]
464it [00:01, 689.93it/s]
552it [00:01, 742.39it/s]
641it [00:01, 784.88it/s]
725it [00:01, 791.14it/s]
813it [00:01, 815.42it/s]
897it [00:02, 818.18it/s]
984it [00:02, 832.44it/s]
1077it [00:02, 860.05it/s]
1165it [00:02, 864.95it/s]
1253it [00:02, 858.92it/s]
1340it [00:02, 850.79it/s]
1433it [00:02, 871.87it/s]
1521it [00:02, 860.81it/s]
1608it [00:02, 847.58it/s]
1693it [00:03, 835.83it/s]
1779it [00:03, 840.11it/s]
1864it [00:03, 838.29it/s]
1948it [00:03, 823.93it/s]
2033it [00:03, 829.58it/s]
2124it [00:03, 852.08it/s]
2224it [00:03, 892.65it/s]
2316it [00:03, 899.19it/s]
2407it [00:03, 901.50it/s]
2498it [00:03, 893.37it/s]
2588it [00:04, 881.23it/s]
2681it [00:04, 892.92it/s]
2771it [00:04, 881.11it/s]
2860it [00:04, 843.65it/s]
2951it [00:04, 861.70it/s]
3051it [00:04, 901.53it/s]
3157it [00:04, 945.50it/s]
3256it [00:04, 954.52it/s]
3352it [00:04, 938.09it/s]
3447it [00:04, 924.65it/s]
3540it [00:05, 900.90it/s]
3631it [00:05, 898.23it/s]
3721it [00:05, 884.81it/s]
3810it [00:05, 873.00it/s]
3901it [00:05, 882.79it/s]
3996it [00:05, 900.90it/s]
4096it [00:05, 927.83it/s]
4189it [00:05, 910.17it/s]
4281it [00:05, 910.39it/s]
4373it [00:06, 903.88it/s]
4472it [00:06, 926.84it/s]
4576it [00:06, 959.41it/s]
4673it [00:06, 955.83it/s]
4769it [00:06, 935.13it/s]
4863it [00:06, 914.46it/s]
4955it [00:06, 897.79it/s]
5045it [00:06, 861.37it/s]
5133it [00:06, 865.71it/s]
5221it [00:06, 868.67it/s]
5309it [00:07, 848.45it/s]
5402it [00:07, 871.37it/s]
5490it [00:07, 861.93it/s]
5577it [00:07, 862.30it/s]
5664it [00:07, 853.67it/s]
5760it [00:07, 875.15it/s]
5848it [00:07, 875.78it/s]
5936it [00:07, 859.17it/s]
6028it [00:07, 875.36it/s]
6119it [00:07, 884.59it/s]
6208it [00:08, 878.27it/s]
6296it [00:08, 859.52it/s]
6383it [00:08, 842.22it/s]
6471it [00:08, 851.60it/s]
6557it [00:08, 844.09it/s]
6653it [00:08, 877.66it/s]
6741it [00:08, 874.38it/s]
6832it [00:08, 881.97it/s]
6921it [00:08, 878.25it/s]
7013it [00:09, 889.44it/s]
7102it [00:09, 886.19it/s]
7193it [00:09, 891.87it/s]
7283it [00:09, 884.86it/s]
7372it [00:09, 881.74it/s]
7461it [00:09, 863.20it/s]
7548it [00:09, 790.02it/s]
7633it [00:09, 805.10it/s]
7725it [00:09, 835.82it/s]
7810it [00:09, 813.43it/s]
7892it [00:10, 808.32it/s]
7974it [00:10, 806.73it/s]
8057it [00:10, 812.74it/s]
8142it [00:10, 823.04it/s]
8225it [00:10, 789.58it/s]
8305it [00:10, 748.67it/s]
8385it [00:10, 762.49it/s]
8470it [00:10, 785.31it/s]
8557it [00:10, 808.04it/s]
8643it [00:11, 821.85it/s]
8738it [00:11, 858.80it/s]
8825it [00:11, 823.61it/s]
8908it [00:11, 799.23it/s]
9009it [00:11, 857.51it/s]
9097it [00:11, 862.90it/s]
9188it [00:11, 866.38it/s]
9277it [00:11, 871.18it/s]
9365it [00:11, 853.70it/s]
9451it [00:11, 817.95it/s]
9534it [00:12, 817.95it/s]
9621it [00:12, 831.48it/s]
9705it [00:12, 816.63it/s]
9787it [00:12, 792.32it/s]
9867it [00:12, 787.05it/s]
9948it [00:12, 791.39it/s]
10000it [00:12, 789.96it/s]
Experiment stage: Done
Results saved to:  /home/dzh/project/vdtuner/vector-db-benchmark-master/results
>>> [Step 5] 收尾工作...
    监控日志已保存。
📊 测试结果摘要:
0.42288000000000003
783.5090862325695
0.003818072727881372
line1:  0.003818072727881372
line1:  783.5090862325695
line1:  0.42288000000000003
numeric_values:  [0.003818072727881372, 783.5090862325695, 0.42288000000000003]
[72] 7757 0.42288000000000003 0.003818072727881372 214
/bin/sh: 1: Syntax error: "(" unexpected
/data/dzh/venv/lib/python3.10/site-packages/botorch/acquisition/multi_objective/monte_carlo.py:110: NumericsWarning: qExpectedHypervolumeImprovement has known numerical issues that lead to suboptimal optimization performance. It is strongly recommended to simply replace

	 qExpectedHypervolumeImprovement 	 --> 	 qLogExpectedHypervolumeImprovement 

instead, which fixes the issues and has the same API. See https://arxiv.org/abs/2310.20708 for details.
  legacy_ei_numerics_warning(legacy_name=type(self).__name__)
--- DEBUG: Starting command:---
=======================================
🛠️  开始测试流程
Engine: milvus-p10 | Dataset: random-geo-radius-2048-angular-no-filters
=======================================
>>> [Step 1] 启动后台监控...
    监控进程 PID: 1210368
>>> [Step 2] 重置 Milvus...
 Container milvus-standalone  Stopping
 Container milvus-standalone  Stopped
 Container milvus-standalone  Removing
 Container milvus-standalone  Removed
 Container milvus-etcd  Stopping
 Container milvus-minio  Stopping
 Container milvus-etcd  Stopped
 Container milvus-etcd  Removing
 Container milvus-etcd  Removed
 Container milvus-minio  Stopped
 Container milvus-minio  Removing
 Container milvus-minio  Removed
 Network milvus  Removing
 Network milvus  Removed
    🧹 清理宿主机数据目录: /home/dzh/project/vdtuner/vector-db-benchmark-master/engine/servers/milvus-single-node/volumes
 Network milvus  Creating
 Network milvus  Created
 Container milvus-etcd  Creating
 Container milvus-minio  Creating
 Container milvus-etcd  Created
 Container milvus-minio  Created
 Container milvus-standalone  Creating
 Container milvus-standalone  Created
 Container milvus-minio  Starting
 Container milvus-etcd  Starting
 Container milvus-minio  Started
 Container milvus-etcd  Started
 Container milvus-standalone  Starting
 Container milvus-standalone  Started
>>> [Step 3] 等待服务启动 (90s)...
    等待中... (10s/120s)
    ✅ Milvus 服务已就绪
>>> [Step 4] 运行 Benchmark...
Running experiment: milvus-p10 - random-geo-radius-2048-angular-no-filters
established connection
/home/dzh/project/vdtuner/vector-db-benchmark-master/datasets/random-geo-radius-2048-angular/random_geo_100k_no_filters already exists
Experiment stage: Configure
Experiment stage: Upload

0it [00:00, ?it/s]
1it [00:01,  1.37s/it]
704it [00:01, 651.69it/s]
1048it [00:01, 969.36it/s]
1382it [00:01, 1231.45it/s]
1677it [00:01, 1502.85it/s]
1970it [00:01, 1620.95it/s]
2304it [00:02, 1957.64it/s]
2624it [00:02, 2224.61it/s]
3136it [00:02, 2887.87it/s]
3968it [00:02, 4240.21it/s]
4736it [00:02, 5129.15it/s]
5760it [00:02, 6485.26it/s]
6720it [00:02, 7289.77it/s]
7680it [00:02, 7860.59it/s]
8640it [00:02, 8334.80it/s]
9606it [00:03, 8718.06it/s]
10498it [00:03, 8743.50it/s]
11520it [00:03, 9125.51it/s]
12480it [00:03, 9185.68it/s]
13504it [00:03, 9350.39it/s]
14505it [00:03, 9542.84it/s]
15488it [00:03, 9527.56it/s]
16448it [00:03, 5516.75it/s]
17408it [00:04, 6236.74it/s]
18205it [00:04, 6481.58it/s]
19136it [00:04, 7078.15it/s]
20032it [00:04, 7495.90it/s]
21056it [00:04, 8129.47it/s]
22024it [00:04, 8545.15it/s]
22976it [00:04, 8747.54it/s]
23942it [00:04, 9004.53it/s]
24960it [00:04, 9285.86it/s]
25955it [00:05, 9477.37it/s]
26944it [00:05, 9476.42it/s]
27904it [00:05, 9467.58it/s]
28858it [00:05, 9215.82it/s]
29815it [00:05, 9317.77it/s]
30752it [00:05, 8380.44it/s]
31680it [00:05, 8581.16it/s]
32640it [00:05, 8813.78it/s]
33591it [00:05, 9010.73it/s]
34543it [00:05, 9157.34it/s]
35467it [00:06, 9098.73it/s]
36399it [00:06, 9162.90it/s]
37320it [00:06, 8962.89it/s]
38272it [00:06, 9043.99it/s]
39204it [00:06, 9124.01it/s]
40119it [00:06, 9025.19it/s]
41024it [00:06, 8977.86it/s]
41984it [00:06, 9039.77it/s]
42944it [00:06, 9127.68it/s]
43858it [00:06, 9074.56it/s]
44766it [00:07, 9036.56it/s]
45670it [00:07, 5248.17it/s]
46528it [00:07, 5890.17it/s]
47488it [00:07, 6688.72it/s]
48448it [00:07, 7323.16it/s]
49344it [00:07, 7735.48it/s]
50240it [00:07, 8049.38it/s]
51196it [00:08, 8463.44it/s]
52093it [00:08, 8461.33it/s]
52975it [00:08, 8539.08it/s]
53888it [00:08, 8570.18it/s]
54793it [00:08, 8707.68it/s]
55677it [00:08, 8731.59it/s]
56560it [00:08, 8437.75it/s]
57412it [00:08, 8267.21it/s]
58245it [00:08, 7991.45it/s]
59050it [00:08, 8000.92it/s]
59888it [00:09, 8109.31it/s]
60702it [00:09, 6062.22it/s]
61568it [00:09, 6618.30it/s]
62336it [00:09, 6882.27it/s]
63232it [00:09, 7428.60it/s]
64192it [00:09, 7945.17it/s]
65024it [00:09, 7938.81it/s]
65924it [00:09, 8238.16it/s]
66767it [00:10, 8260.79it/s]
67712it [00:10, 8534.84it/s]
68648it [00:10, 8774.95it/s]
69556it [00:10, 8864.29it/s]
70448it [00:10, 8785.81it/s]
71331it [00:10, 8753.45it/s]
72256it [00:10, 8765.51it/s]
73213it [00:10, 9000.49it/s]
74115it [00:10, 8807.94it/s]
74998it [00:11, 5570.79it/s]
75904it [00:11, 6268.23it/s]
76800it [00:11, 6822.99it/s]
77696it [00:11, 7322.61it/s]
78552it [00:11, 7641.87it/s]
79467it [00:11, 8048.30it/s]
80323it [00:11, 8079.71it/s]
81280it [00:11, 8403.31it/s]
82176it [00:11, 8500.66it/s]
83072it [00:12, 8516.55it/s]
83968it [00:12, 8636.12it/s]
84864it [00:12, 8713.69it/s]
85760it [00:12, 8765.49it/s]
86642it [00:12, 8728.82it/s]
87519it [00:12, 8642.01it/s]
88386it [00:12, 8604.93it/s]
89249it [00:12, 8558.20it/s]
90176it [00:12, 8277.59it/s]
91008it [00:13, 7899.87it/s]
91891it [00:13, 8159.04it/s]
92736it [00:13, 8203.72it/s]
93561it [00:13, 8154.99it/s]
94380it [00:13, 8091.45it/s]
95240it [00:13, 8239.40it/s]
96192it [00:13, 8486.62it/s]
97088it [00:13, 8587.71it/s]
98048it [00:13, 8822.74it/s]
98955it [00:13, 8894.74it/s]
99846it [00:14, 8405.26it/s]
100000it [00:14, 7106.75it/s]
Upload time: 14.465021152980626
Total import time: 45.48857257794589
Experiment stage: Search

0it [00:00, ?it/s]
4it [00:00,  5.18it/s]
13it [00:00, 18.42it/s]
25it [00:00, 36.61it/s]
45it [00:01, 69.99it/s]
94it [00:01, 164.84it/s]
189it [00:01, 356.29it/s]
285it [00:01, 512.00it/s]
371it [00:01, 605.10it/s]
456it [00:01, 671.39it/s]
545it [00:01, 733.29it/s]
631it [00:01, 769.28it/s]
713it [00:01, 775.48it/s]
797it [00:01, 792.55it/s]
887it [00:02, 822.92it/s]
980it [00:02, 853.66it/s]
1068it [00:02, 857.64it/s]
1156it [00:02, 861.90it/s]
1244it [00:02, 865.34it/s]
1331it [00:02, 835.67it/s]
1417it [00:02, 841.45it/s]
1504it [00:02, 849.38it/s]
1600it [00:02, 878.95it/s]
1689it [00:03, 879.02it/s]
1784it [00:03, 899.19it/s]
1875it [00:03, 883.18it/s]
1964it [00:03, 872.82it/s]
2052it [00:03, 871.07it/s]
2140it [00:03, 847.21it/s]
2225it [00:03, 833.77it/s]
2316it [00:03, 853.21it/s]
2402it [00:03, 813.82it/s]
2494it [00:03, 843.69it/s]
2585it [00:04, 861.30it/s]
2682it [00:04, 890.56it/s]
2772it [00:04, 889.63it/s]
2862it [00:04, 863.50it/s]
2949it [00:04, 864.04it/s]
3036it [00:04, 860.97it/s]
3124it [00:04, 865.94it/s]
3216it [00:04, 879.31it/s]
3314it [00:04, 906.83it/s]
3408it [00:04, 915.17it/s]
3500it [00:05, 843.54it/s]
3586it [00:05, 762.97it/s]
3678it [00:05, 803.66it/s]
3768it [00:05, 825.70it/s]
3858it [00:05, 843.53it/s]
3954it [00:05, 875.74it/s]
4044it [00:05, 881.27it/s]
4135it [00:05, 885.41it/s]
4225it [00:05, 873.81it/s]
4313it [00:06, 871.83it/s]
4403it [00:06, 879.64it/s]
4492it [00:06, 836.10it/s]
4577it [00:06, 821.81it/s]
4664it [00:06, 834.98it/s]
4749it [00:06, 836.85it/s]
4833it [00:06, 811.56it/s]
4915it [00:06, 796.36it/s]
4995it [00:06, 789.14it/s]
5077it [00:07, 794.04it/s]
5157it [00:07, 757.78it/s]
5245it [00:07, 791.52it/s]
5329it [00:07, 803.29it/s]
5410it [00:07, 741.55it/s]
5492it [00:07, 760.43it/s]
5569it [00:07, 739.31it/s]
5644it [00:07, 722.08it/s]
5717it [00:07, 723.58it/s]
5805it [00:07, 768.04it/s]
5883it [00:08, 760.55it/s]
5964it [00:08, 771.97it/s]
6042it [00:08, 757.90it/s]
6118it [00:08, 742.06it/s]
6193it [00:08, 733.09it/s]
6282it [00:08, 777.15it/s]
6367it [00:08, 797.13it/s]
6458it [00:08, 829.50it/s]
6549it [00:08, 850.04it/s]
6637it [00:09, 855.77it/s]
6727it [00:09, 866.94it/s]
6830it [00:09, 914.38it/s]
6922it [00:09, 907.78it/s]
7019it [00:09, 923.58it/s]
7112it [00:09, 884.34it/s]
7201it [00:09, 879.40it/s]
7290it [00:09, 863.58it/s]
7377it [00:09, 834.75it/s]
7461it [00:09, 801.69it/s]
7542it [00:10, 765.79it/s]
7622it [00:10, 774.44it/s]
7704it [00:10, 785.93it/s]
7785it [00:10, 791.05it/s]
7866it [00:10, 794.73it/s]
7946it [00:10, 785.81it/s]
8033it [00:10, 808.93it/s]
8115it [00:10, 762.57it/s]
8202it [00:10, 789.18it/s]
8282it [00:11, 757.72it/s]
8359it [00:11, 753.60it/s]
8446it [00:11, 786.17it/s]
8531it [00:11, 801.65it/s]
8627it [00:11, 846.61it/s]
8734it [00:11, 910.80it/s]
8832it [00:11, 931.10it/s]
8926it [00:11, 927.22it/s]
9019it [00:11, 899.91it/s]
9115it [00:11, 915.71it/s]
9207it [00:12, 886.60it/s]
9296it [00:12, 727.29it/s]
9374it [00:12, 715.69it/s]
9452it [00:12, 730.33it/s]
9534it [00:12, 750.58it/s]
9611it [00:12, 749.58it/s]
9691it [00:12, 762.73it/s]
9769it [00:12, 695.78it/s]
9860it [00:13, 752.42it/s]
9938it [00:13, 757.52it/s]
10000it [00:13, 759.27it/s]
Experiment stage: Done
Results saved to:  /home/dzh/project/vdtuner/vector-db-benchmark-master/results
>>> [Step 5] 收尾工作...
    监控日志已保存。
📊 测试结果摘要:
0.38017
753.8107380248626
0.003912896150723099
line1:  0.003912896150723099
line1:  753.8107380248626
line1:  0.38017
numeric_values:  [0.003912896150723099, 753.8107380248626, 0.38017]
[73] 7985 0.38017 0.003912896150723099 228
/bin/sh: 1: Syntax error: "(" unexpected
/data/dzh/venv/lib/python3.10/site-packages/botorch/acquisition/multi_objective/monte_carlo.py:110: NumericsWarning: qExpectedHypervolumeImprovement has known numerical issues that lead to suboptimal optimization performance. It is strongly recommended to simply replace

	 qExpectedHypervolumeImprovement 	 --> 	 qLogExpectedHypervolumeImprovement 

instead, which fixes the issues and has the same API. See https://arxiv.org/abs/2310.20708 for details.
  legacy_ei_numerics_warning(legacy_name=type(self).__name__)
--- DEBUG: Starting command:---
=======================================
🛠️  开始测试流程
Engine: milvus-p10 | Dataset: random-geo-radius-2048-angular-no-filters
=======================================
>>> [Step 1] 启动后台监控...
    监控进程 PID: 1239439
>>> [Step 2] 重置 Milvus...
 Container milvus-standalone  Stopping
 Container milvus-standalone  Stopped
 Container milvus-standalone  Removing
 Container milvus-standalone  Removed
 Container milvus-minio  Stopping
 Container milvus-etcd  Stopping
 Container milvus-etcd  Stopped
 Container milvus-etcd  Removing
 Container milvus-minio  Stopped
 Container milvus-minio  Removing
 Container milvus-etcd  Removed
 Container milvus-minio  Removed
 Network milvus  Removing
 Network milvus  Removed
    🧹 清理宿主机数据目录: /home/dzh/project/vdtuner/vector-db-benchmark-master/engine/servers/milvus-single-node/volumes
 Network milvus  Creating
 Network milvus  Created
 Container milvus-etcd  Creating
 Container milvus-minio  Creating
 Container milvus-etcd  Created
 Container milvus-minio  Created
 Container milvus-standalone  Creating
 Container milvus-standalone  Created
 Container milvus-etcd  Starting
 Container milvus-minio  Starting
 Container milvus-etcd  Started
 Container milvus-minio  Started
 Container milvus-standalone  Starting
 Container milvus-standalone  Started
>>> [Step 3] 等待服务启动 (90s)...
    等待中... (10s/120s)
    ✅ Milvus 服务已就绪
>>> [Step 4] 运行 Benchmark...
Running experiment: milvus-p10 - random-geo-radius-2048-angular-no-filters
established connection
/home/dzh/project/vdtuner/vector-db-benchmark-master/datasets/random-geo-radius-2048-angular/random_geo_100k_no_filters already exists
Experiment stage: Configure
Experiment stage: Upload

0it [00:00, ?it/s]
1it [00:01,  1.03s/it]
576it [00:01, 698.40it/s]
911it [00:01, 1021.38it/s]
1199it [00:01, 1157.31it/s]
1728it [00:01, 1842.74it/s]
2112it [00:01, 2173.55it/s]
2560it [00:01, 2539.89it/s]
2903it [00:01, 2409.15it/s]
3606it [00:02, 3426.06it/s]
4224it [00:02, 4047.48it/s]
5248it [00:02, 5550.06it/s]
6144it [00:02, 6382.11it/s]
7168it [00:02, 7385.40it/s]
8192it [00:02, 8106.05it/s]
9152it [00:02, 8390.10it/s]
10112it [00:02, 8646.20it/s]
11127it [00:02, 9076.81it/s]
12096it [00:03, 9232.98it/s]
13120it [00:03, 9476.96it/s]
14080it [00:03, 9479.61it/s]
15104it [00:03, 9593.13it/s]
16128it [00:03, 9763.06it/s]
17108it [00:03, 9708.23it/s]
18082it [00:03, 6174.15it/s]
19008it [00:03, 6763.74it/s]
19968it [00:04, 7386.07it/s]
20992it [00:04, 8020.90it/s]
21952it [00:04, 8416.61it/s]
22912it [00:04, 8709.35it/s]
23936it [00:04, 9033.39it/s]
24918it [00:04, 9254.75it/s]
25920it [00:04, 9396.63it/s]
26880it [00:04, 9160.84it/s]
27840it [00:04, 9272.87it/s]
28800it [00:04, 9321.99it/s]
29782it [00:05, 9466.75it/s]
30735it [00:05, 9163.17it/s]
31680it [00:05, 9099.04it/s]
32640it [00:05, 9188.65it/s]
33562it [00:05, 6312.26it/s]
34518it [00:05, 7032.53it/s]
35456it [00:05, 7548.99it/s]
36416it [00:05, 8028.85it/s]
37376it [00:06, 8423.93it/s]
38304it [00:06, 8658.34it/s]
39272it [00:06, 8945.99it/s]
40256it [00:06, 9119.50it/s]
41190it [00:06, 9170.97it/s]
42123it [00:06, 8982.42it/s]
43072it [00:06, 9046.09it/s]
43985it [00:06, 9068.21it/s]
44928it [00:06, 9128.02it/s]
45845it [00:06, 9018.06it/s]
46750it [00:07, 9015.97it/s]
47720it [00:07, 9217.18it/s]
48644it [00:07, 5838.94it/s]
49472it [00:07, 6311.11it/s]
50304it [00:07, 6751.09it/s]
51200it [00:07, 7279.14it/s]
52051it [00:07, 7599.44it/s]
52936it [00:07, 7938.39it/s]
53824it [00:08, 8118.55it/s]
54784it [00:08, 8451.74it/s]
55680it [00:08, 8556.21it/s]
56600it [00:08, 8737.43it/s]
57536it [00:08, 8845.67it/s]
58496it [00:08, 8982.57it/s]
59401it [00:08, 8967.94it/s]
60303it [00:08, 8869.22it/s]
61194it [00:08, 8755.74it/s]
62113it [00:08, 8882.19it/s]
63004it [00:09, 5657.83it/s]
63886it [00:09, 6325.42it/s]
64769it [00:09, 6905.87it/s]
65728it [00:09, 7566.74it/s]
66688it [00:09, 8080.13it/s]
67617it [00:09, 8408.70it/s]
68544it [00:09, 8640.73it/s]
69504it [00:09, 8854.65it/s]
70418it [00:10, 8910.01it/s]
71360it [00:10, 9051.63it/s]
72280it [00:10, 8777.40it/s]
73170it [00:10, 8750.20it/s]
74053it [00:10, 8688.54it/s]
74944it [00:10, 8657.23it/s]
75904it [00:10, 8871.15it/s]
76800it [00:10, 8873.00it/s]
77760it [00:10, 9027.25it/s]
78665it [00:11, 7208.06it/s]
79510it [00:11, 7520.06it/s]
80384it [00:11, 7821.81it/s]
81280it [00:11, 8130.81it/s]
82122it [00:11, 8162.81it/s]
82980it [00:11, 8280.67it/s]
83823it [00:11, 8256.82it/s]
84672it [00:11, 8301.54it/s]
85510it [00:11, 8281.01it/s]
86344it [00:11, 8172.11it/s]
87189it [00:12, 8253.11it/s]
88018it [00:12, 8200.16it/s]
88896it [00:12, 8365.57it/s]
89779it [00:12, 8502.78it/s]
90631it [00:12, 8224.46it/s]
91457it [00:12, 8163.18it/s]
92288it [00:12, 8178.35it/s]
93108it [00:12, 6889.14it/s]
93938it [00:12, 7256.67it/s]
94822it [00:13, 7686.19it/s]
95680it [00:13, 7838.86it/s]
96533it [00:13, 8033.56it/s]
97408it [00:13, 8212.49it/s]
98240it [00:13, 8224.38it/s]
99136it [00:13, 8356.60it/s]
100000it [00:13, 7304.83it/s]
Upload time: 14.10504579776898
Total import time: 45.322241636924446
Experiment stage: Search

0it [00:00, ?it/s]
4it [00:00,  5.20it/s]
14it [00:00, 19.02it/s]
32it [00:01, 47.11it/s]
63it [00:01, 99.10it/s]
131it [00:01, 227.43it/s]
210it [00:01, 362.39it/s]
290it [00:01, 473.31it/s]
372it [00:01, 552.41it/s]
459it [00:01, 637.38it/s]
540it [00:01, 684.92it/s]
618it [00:01, 709.48it/s]
694it [00:01, 714.69it/s]
769it [00:02, 706.79it/s]
850it [00:02, 735.95it/s]
929it [00:02, 750.92it/s]
1006it [00:02, 742.08it/s]
1082it [00:02, 738.66it/s]
1171it [00:02, 781.58it/s]
1262it [00:02, 818.49it/s]
1351it [00:02, 837.65it/s]
1436it [00:02, 839.25it/s]
1521it [00:02, 819.00it/s]
1604it [00:03, 784.52it/s]
1687it [00:03, 795.64it/s]
1767it [00:03, 766.45it/s]
1845it [00:03, 762.57it/s]
1922it [00:03, 761.91it/s]
2001it [00:03, 766.95it/s]
2083it [00:03, 782.25it/s]
2162it [00:03, 759.62it/s]
2239it [00:03, 753.47it/s]
2315it [00:04, 749.81it/s]
2397it [00:04, 759.48it/s]
2474it [00:04, 752.92it/s]
2557it [00:04, 774.88it/s]
2635it [00:04, 761.56it/s]
2718it [00:04, 778.36it/s]
2797it [00:04, 781.07it/s]
2894it [00:04, 835.87it/s]
2978it [00:04, 782.89it/s]
3064it [00:04, 803.77it/s]
3146it [00:05, 805.20it/s]
3228it [00:05, 808.67it/s]
3310it [00:05, 773.53it/s]
3389it [00:05, 775.93it/s]
3467it [00:05, 764.12it/s]
3544it [00:05, 763.67it/s]
3628it [00:05, 785.66it/s]
3707it [00:05, 767.78it/s]
3784it [00:05, 764.93it/s]
3865it [00:05, 772.18it/s]
3951it [00:06, 794.21it/s]
4035it [00:06, 806.28it/s]
4116it [00:06, 779.04it/s]
4195it [00:06, 762.05it/s]
4272it [00:06, 762.81it/s]
4350it [00:06, 765.70it/s]
4431it [00:06, 776.84it/s]
4514it [00:06, 791.05it/s]
4599it [00:06, 808.40it/s]
4683it [00:07, 815.61it/s]
4765it [00:07, 762.13it/s]
4859it [00:07, 811.08it/s]
4958it [00:07, 862.55it/s]
5046it [00:07, 808.64it/s]
5129it [00:07, 804.20it/s]
5220it [00:07, 832.89it/s]
5316it [00:07, 867.85it/s]
5411it [00:07, 889.70it/s]
5501it [00:08, 786.35it/s]
5583it [00:08, 712.96it/s]
5673it [00:08, 760.14it/s]
5752it [00:08, 748.25it/s]
5845it [00:08, 797.03it/s]
5934it [00:08, 820.06it/s]
6018it [00:08, 787.69it/s]
6098it [00:08, 779.62it/s]
6188it [00:08, 811.81it/s]
6270it [00:09, 791.98it/s]
6356it [00:09, 810.90it/s]
6438it [00:09, 791.77it/s]
6518it [00:09, 784.50it/s]
6605it [00:09, 808.97it/s]
6690it [00:09, 819.81it/s]
6773it [00:09, 793.99it/s]
6854it [00:09, 797.75it/s]
6935it [00:09, 789.66it/s]
7015it [00:09, 781.12it/s]
7094it [00:10, 773.65it/s]
7183it [00:10, 805.43it/s]
7277it [00:10, 843.67it/s]
7362it [00:10, 844.70it/s]
7452it [00:10, 858.89it/s]
7538it [00:10, 803.91it/s]
7620it [00:10, 805.27it/s]
7702it [00:10, 758.23it/s]
7791it [00:10, 794.79it/s]
7872it [00:11, 730.58it/s]
7947it [00:11, 735.19it/s]
8022it [00:11, 711.33it/s]
8105it [00:11, 742.79it/s]
8181it [00:11, 722.57it/s]
8254it [00:11, 669.64it/s]
8325it [00:11, 679.49it/s]
8394it [00:11, 666.09it/s]
8464it [00:11, 675.16it/s]
8551it [00:12, 720.64it/s]
8624it [00:12, 451.54it/s]
8682it [00:12, 436.36it/s]
8735it [00:12, 409.24it/s]
8815it [00:12, 479.71it/s]
8870it [00:12, 425.50it/s]
8942it [00:13, 489.66it/s]
9017it [00:13, 550.91it/s]
9095it [00:13, 607.41it/s]
9181it [00:13, 674.36it/s]
9267it [00:13, 724.19it/s]
9356it [00:13, 770.44it/s]
9450it [00:13, 817.94it/s]
9552it [00:13, 872.46it/s]
9649it [00:13, 898.85it/s]
9743it [00:13, 908.42it/s]
9835it [00:14, 901.62it/s]
9926it [00:14, 815.12it/s]
10000it [00:14, 701.04it/s]
Experiment stage: Done
Results saved to:  /home/dzh/project/vdtuner/vector-db-benchmark-master/results
>>> [Step 5] 收尾工作...
    监控日志已保存。
📊 测试结果摘要:
0.37505
696.1263396195205
0.004205664317123592
line1:  0.004205664317123592
line1:  696.1263396195205
line1:  0.37505
numeric_values:  [0.004205664317123592, 696.1263396195205, 0.37505]
[74] 8191 0.37505 0.004205664317123592 205
/bin/sh: 1: Syntax error: "(" unexpected
/data/dzh/venv/lib/python3.10/site-packages/botorch/acquisition/multi_objective/monte_carlo.py:110: NumericsWarning: qExpectedHypervolumeImprovement has known numerical issues that lead to suboptimal optimization performance. It is strongly recommended to simply replace

	 qExpectedHypervolumeImprovement 	 --> 	 qLogExpectedHypervolumeImprovement 

instead, which fixes the issues and has the same API. See https://arxiv.org/abs/2310.20708 for details.
  legacy_ei_numerics_warning(legacy_name=type(self).__name__)
--- DEBUG: Starting command:---
=======================================
🛠️  开始测试流程
Engine: milvus-p10 | Dataset: random-geo-radius-2048-angular-no-filters
=======================================
>>> [Step 1] 启动后台监控...
    监控进程 PID: 1265422
>>> [Step 2] 重置 Milvus...
 Container milvus-standalone  Stopping
 Container milvus-standalone  Stopped
 Container milvus-standalone  Removing
 Container milvus-standalone  Removed
 Container milvus-minio  Stopping
 Container milvus-etcd  Stopping
 Container milvus-etcd  Stopped
 Container milvus-etcd  Removing
 Container milvus-etcd  Removed
 Container milvus-minio  Stopped
 Container milvus-minio  Removing
 Container milvus-minio  Removed
 Network milvus  Removing
 Network milvus  Removed
    🧹 清理宿主机数据目录: /home/dzh/project/vdtuner/vector-db-benchmark-master/engine/servers/milvus-single-node/volumes
 Network milvus  Creating
 Network milvus  Created
 Container milvus-minio  Creating
 Container milvus-etcd  Creating
 Container milvus-minio  Created
 Container milvus-etcd  Created
 Container milvus-standalone  Creating
 Container milvus-standalone  Created
 Container milvus-minio  Starting
 Container milvus-etcd  Starting
 Container milvus-etcd  Started
 Container milvus-minio  Started
 Container milvus-standalone  Starting
 Container milvus-standalone  Started
>>> [Step 3] 等待服务启动 (90s)...
    等待中... (10s/120s)
    ✅ Milvus 服务已就绪
>>> [Step 4] 运行 Benchmark...
Running experiment: milvus-p10 - random-geo-radius-2048-angular-no-filters
established connection
/home/dzh/project/vdtuner/vector-db-benchmark-master/datasets/random-geo-radius-2048-angular/random_geo_100k_no_filters already exists
Experiment stage: Configure
Experiment stage: Upload

0it [00:00, ?it/s]
1it [00:00,  1.07it/s]
280it [00:01, 370.15it/s]
640it [00:01, 877.32it/s]
896it [00:01, 1139.17it/s]
1267it [00:01, 1657.04it/s]
1549it [00:01, 1817.01it/s]
1856it [00:01, 2008.51it/s]
2116it [00:01, 2085.04it/s]
2368it [00:01, 2087.17it/s]
2816it [00:01, 2552.61it/s]
3520it [00:02, 3612.54it/s]
4464it [00:02, 5143.43it/s]
5440it [00:02, 6397.02it/s]
6474it [00:02, 7501.92it/s]
7488it [00:02, 8187.61it/s]
8512it [00:02, 8776.77it/s]
9472it [00:02, 8928.55it/s]
10496it [00:02, 9270.55it/s]
11456it [00:02, 9340.90it/s]
12433it [00:02, 9466.03it/s]
13386it [00:03, 9483.84it/s]
14339it [00:03, 9470.08it/s]
15339it [00:03, 9626.73it/s]
16383it [00:03, 9868.54it/s]
17372it [00:03, 7807.10it/s]
18240it [00:03, 8002.36it/s]
19200it [00:03, 8370.73it/s]
20160it [00:03, 8659.03it/s]
21184it [00:03, 8988.06it/s]
22106it [00:04, 8909.94it/s]
23040it [00:04, 8931.99it/s]
24000it [00:04, 9070.11it/s]
24960it [00:04, 9150.13it/s]
25984it [00:04, 9328.38it/s]
26944it [00:04, 9315.21it/s]
27879it [00:04, 9215.25it/s]
28803it [00:04, 8991.62it/s]
29747it [00:04, 9112.30it/s]
30661it [00:05, 8902.81it/s]
31680it [00:05, 9153.94it/s]
32597it [00:05, 6539.01it/s]
33536it [00:05, 7161.77it/s]
34560it [00:05, 7862.96it/s]
35520it [00:05, 8272.62it/s]
36480it [00:05, 8535.93it/s]
37379it [00:05, 8633.30it/s]
38336it [00:05, 8828.77it/s]
39296it [00:06, 9009.74it/s]
40244it [00:06, 9145.04it/s]
41171it [00:06, 8847.29it/s]
42109it [00:06, 8999.37it/s]
43017it [00:06, 8833.89it/s]
43946it [00:06, 8965.35it/s]
44848it [00:06, 8964.25it/s]
45760it [00:06, 8990.95it/s]
46720it [00:06, 9071.04it/s]
47629it [00:07, 8023.11it/s]
48454it [00:07, 6245.39it/s]
49312it [00:07, 6782.37it/s]
50176it [00:07, 7230.06it/s]
51069it [00:07, 7673.28it/s]
51904it [00:07, 7841.80it/s]
52800it [00:07, 8107.12it/s]
53636it [00:07, 7556.97it/s]
54592it [00:08, 8023.50it/s]
55521it [00:08, 8375.74it/s]
56384it [00:08, 8442.52it/s]
57344it [00:08, 8671.98it/s]
58240it [00:08, 8659.69it/s]
59200it [00:08, 8881.49it/s]
60096it [00:08, 8894.06it/s]
60992it [00:08, 8851.16it/s]
61888it [00:08, 8812.40it/s]
62784it [00:08, 8817.39it/s]
63667it [00:09, 6332.59it/s]
64512it [00:09, 6795.06it/s]
65408it [00:09, 7328.06it/s]
66304it [00:09, 7695.00it/s]
67135it [00:09, 7859.88it/s]
67968it [00:09, 7876.62it/s]
68783it [00:09, 7827.50it/s]
69591it [00:09, 7898.66it/s]
70400it [00:09, 7912.12it/s]
71201it [00:10, 7660.37it/s]
72000it [00:10, 7696.83it/s]
72776it [00:10, 7668.68it/s]
73600it [00:10, 7798.38it/s]
74494it [00:10, 8131.95it/s]
75328it [00:10, 8126.32it/s]
76202it [00:10, 8306.44it/s]
77120it [00:10, 8474.69it/s]
78016it [00:11, 6542.48it/s]
78740it [00:11, 6630.96it/s]
79678it [00:11, 7331.42it/s]
80562it [00:11, 7734.01it/s]
81408it [00:11, 7891.78it/s]
82304it [00:11, 8131.30it/s]
83238it [00:11, 8475.72it/s]
84102it [00:11, 8510.98it/s]
84992it [00:11, 8506.36it/s]
85888it [00:11, 8561.03it/s]
86784it [00:12, 8541.10it/s]
87643it [00:12, 8401.78it/s]
88497it [00:12, 8441.41it/s]
89344it [00:12, 8266.41it/s]
90240it [00:12, 8441.19it/s]
91095it [00:12, 8472.56it/s]
91979it [00:12, 8580.44it/s]
92839it [00:12, 6284.99it/s]
93696it [00:12, 6816.87it/s]
94528it [00:13, 7185.46it/s]
95424it [00:13, 7633.91it/s]
96256it [00:13, 7743.86it/s]
97152it [00:13, 8046.31it/s]
98048it [00:13, 8267.93it/s]
98944it [00:13, 8353.29it/s]
99793it [00:13, 8104.89it/s]
100000it [00:13, 7287.87it/s]
Upload time: 14.305576396174729
Total import time: 45.12696725130081
Experiment stage: Search

0it [00:00, ?it/s]
4it [00:00,  5.09it/s]
14it [00:00, 18.32it/s]
45it [00:01, 67.71it/s]
90it [00:01, 141.98it/s]
177it [00:01, 299.93it/s]
267it [00:01, 441.83it/s]
357it [00:01, 550.69it/s]
438it [00:01, 618.31it/s]
523it [00:01, 677.11it/s]
614it [00:01, 741.39it/s]
704it [00:01, 783.03it/s]
788it [00:01, 791.38it/s]
873it [00:02, 802.18it/s]
963it [00:02, 830.41it/s]
1052it [00:02, 846.15it/s]
1140it [00:02, 854.70it/s]
1231it [00:02, 870.56it/s]
1319it [00:02, 847.93it/s]
1411it [00:02, 866.68it/s]
1508it [00:02, 895.42it/s]
1607it [00:02, 921.24it/s]
1700it [00:02, 899.06it/s]
1791it [00:03, 883.49it/s]
1880it [00:03, 782.01it/s]
1961it [00:03, 753.26it/s]
2038it [00:03, 754.43it/s]
2121it [00:03, 775.03it/s]
2215it [00:03, 818.94it/s]
2298it [00:03, 776.45it/s]
2385it [00:03, 800.29it/s]
2466it [00:03, 777.75it/s]
2545it [00:04, 769.00it/s]
2633it [00:04, 799.75it/s]
2723it [00:04, 826.34it/s]
2819it [00:04, 863.43it/s]
2914it [00:04, 887.61it/s]
3010it [00:04, 905.31it/s]
3101it [00:04, 862.94it/s]
3188it [00:04, 835.15it/s]
3272it [00:04, 814.83it/s]
3354it [00:05, 804.83it/s]
3439it [00:05, 816.19it/s]
3523it [00:05, 822.85it/s]
3606it [00:05, 815.19it/s]
3688it [00:05, 803.44it/s]
3769it [00:05, 784.23it/s]
3867it [00:05, 839.06it/s]
3952it [00:05, 803.61it/s]
4033it [00:05, 774.97it/s]
4112it [00:05, 778.41it/s]
4199it [00:06, 802.95it/s]
4280it [00:06, 799.54it/s]
4361it [00:06, 783.40it/s]
4443it [00:06, 791.39it/s]
4527it [00:06, 803.67it/s]
4608it [00:06, 798.14it/s]
4695it [00:06, 818.76it/s]
4789it [00:06, 853.85it/s]
4875it [00:06, 819.80it/s]
4960it [00:07, 826.45it/s]
5043it [00:07, 776.10it/s]
5122it [00:07, 767.59it/s]
5206it [00:07, 787.44it/s]
5302it [00:07, 836.92it/s]
5392it [00:07, 854.91it/s]
5478it [00:07, 843.63it/s]
5571it [00:07, 867.67it/s]
5674it [00:07, 914.92it/s]
5773it [00:07, 935.92it/s]
5867it [00:08, 897.15it/s]
5958it [00:08, 878.28it/s]
6047it [00:08, 863.36it/s]
6134it [00:08, 849.37it/s]
6220it [00:08, 844.93it/s]
6305it [00:08, 845.84it/s]
6390it [00:08, 834.28it/s]
6474it [00:08, 788.99it/s]
6558it [00:08, 802.39it/s]
6639it [00:09, 794.87it/s]
6719it [00:09, 765.45it/s]
6807it [00:09, 796.29it/s]
6890it [00:09, 805.49it/s]
6981it [00:09, 835.50it/s]
7065it [00:09, 825.85it/s]
7148it [00:09, 823.60it/s]
7231it [00:09, 793.87it/s]
7321it [00:09, 823.00it/s]
7404it [00:09, 823.52it/s]
7499it [00:10, 858.05it/s]
7586it [00:10, 833.90it/s]
7680it [00:10, 863.53it/s]
7767it [00:10, 756.94it/s]
7846it [00:10, 762.07it/s]
7924it [00:10, 758.46it/s]
8005it [00:10, 770.30it/s]
8083it [00:10, 542.85it/s]
8147it [00:11, 462.14it/s]
8221it [00:11, 518.16it/s]
8296it [00:11, 569.17it/s]
8364it [00:11, 596.00it/s]
8449it [00:11, 659.53it/s]
8539it [00:11, 719.82it/s]
8628it [00:11, 766.10it/s]
8714it [00:11, 791.83it/s]
8804it [00:11, 822.28it/s]
8889it [00:12, 816.06it/s]
8974it [00:12, 822.46it/s]
9061it [00:12, 834.46it/s]
9146it [00:12, 838.74it/s]
9237it [00:12, 856.76it/s]
9324it [00:12, 846.32it/s]
9425it [00:12, 893.34it/s]
9524it [00:12, 920.34it/s]
9617it [00:12, 871.73it/s]
9705it [00:13, 821.14it/s]
9789it [00:13, 731.25it/s]
9865it [00:13, 727.87it/s]
9940it [00:13, 731.15it/s]
10000it [00:13, 742.20it/s]
Experiment stage: Done
Results saved to:  /home/dzh/project/vdtuner/vector-db-benchmark-master/results
>>> [Step 5] 收尾工作...
    监控日志已保存。
📊 测试结果摘要:
0.39666
736.8144848560344
0.0039230137364938845
line1:  0.0039230137364938845
line1:  736.8144848560344
line1:  0.39666
numeric_values:  [0.0039230137364938845, 736.8144848560344, 0.39666]
[75] 8351 0.39666 0.0039230137364938845 160
/bin/sh: 1: Syntax error: "(" unexpected
/data/dzh/venv/lib/python3.10/site-packages/botorch/acquisition/multi_objective/monte_carlo.py:110: NumericsWarning: qExpectedHypervolumeImprovement has known numerical issues that lead to suboptimal optimization performance. It is strongly recommended to simply replace

	 qExpectedHypervolumeImprovement 	 --> 	 qLogExpectedHypervolumeImprovement 

instead, which fixes the issues and has the same API. See https://arxiv.org/abs/2310.20708 for details.
  legacy_ei_numerics_warning(legacy_name=type(self).__name__)
--- DEBUG: Starting command:---
=======================================
🛠️  开始测试流程
Engine: milvus-p10 | Dataset: random-geo-radius-2048-angular-no-filters
=======================================
>>> [Step 1] 启动后台监控...
    监控进程 PID: 1288546
>>> [Step 2] 重置 Milvus...
 Container milvus-standalone  Stopping
 Container milvus-standalone  Stopped
 Container milvus-standalone  Removing
 Container milvus-standalone  Removed
 Container milvus-etcd  Stopping
 Container milvus-minio  Stopping
 Container milvus-etcd  Stopped
 Container milvus-etcd  Removing
 Container milvus-etcd  Removed
 Container milvus-minio  Stopped
 Container milvus-minio  Removing
 Container milvus-minio  Removed
 Network milvus  Removing
 Network milvus  Removed
    🧹 清理宿主机数据目录: /home/dzh/project/vdtuner/vector-db-benchmark-master/engine/servers/milvus-single-node/volumes
 Network milvus  Creating
 Network milvus  Created
 Container milvus-etcd  Creating
 Container milvus-minio  Creating
 Container milvus-etcd  Created
 Container milvus-minio  Created
 Container milvus-standalone  Creating
 Container milvus-standalone  Created
 Container milvus-minio  Starting
 Container milvus-etcd  Starting
 Container milvus-minio  Started
 Container milvus-etcd  Started
 Container milvus-standalone  Starting
 Container milvus-standalone  Started
>>> [Step 3] 等待服务启动 (90s)...
    等待中... (10s/120s)
    ✅ Milvus 服务已就绪
>>> [Step 4] 运行 Benchmark...
Running experiment: milvus-p10 - random-geo-radius-2048-angular-no-filters
established connection
/home/dzh/project/vdtuner/vector-db-benchmark-master/datasets/random-geo-radius-2048-angular/random_geo_100k_no_filters already exists
Experiment stage: Configure
Experiment stage: Upload

0it [00:00, ?it/s]
1it [00:01,  1.37s/it]
704it [00:01, 663.83it/s]
1106it [00:01, 974.51it/s]
1429it [00:01, 1241.94it/s]
1792it [00:01, 1584.81it/s]
2112it [00:01, 1841.12it/s]
2414it [00:02, 2076.51it/s]
2715it [00:02, 1948.10it/s]
3072it [00:02, 2284.75it/s]
3904it [00:02, 3645.82it/s]
4736it [00:02, 4773.55it/s]
5632it [00:02, 5814.79it/s]
6528it [00:02, 6579.77it/s]
7424it [00:02, 7169.80it/s]
8320it [00:02, 7641.78it/s]
9171it [00:03, 7889.00it/s]
9985it [00:03, 7698.14it/s]
10816it [00:03, 7764.71it/s]
11712it [00:03, 7981.03it/s]
12544it [00:03, 7959.73it/s]
13376it [00:03, 7990.24it/s]
14305it [00:03, 8366.20it/s]
15232it [00:03, 8540.53it/s]
16256it [00:03, 8971.98it/s]
17156it [00:04, 5889.06it/s]
18112it [00:04, 6650.92it/s]
18944it [00:04, 7041.11it/s]
19904it [00:04, 7557.67it/s]
20736it [00:04, 7661.01it/s]
21632it [00:04, 7912.28it/s]
22592it [00:04, 8317.68it/s]
23488it [00:04, 8458.73it/s]
24384it [00:05, 8544.09it/s]
25337it [00:05, 8828.05it/s]
26233it [00:05, 8850.74it/s]
27127it [00:05, 8869.03it/s]
28022it [00:05, 8892.72it/s]
28916it [00:05, 8823.14it/s]
29802it [00:05, 8789.10it/s]
30684it [00:05, 8532.60it/s]
31616it [00:05, 8651.94it/s]
32484it [00:05, 7927.49it/s]
33344it [00:06, 8020.96it/s]
34176it [00:06, 8104.21it/s]
35117it [00:06, 8476.33it/s]
35972it [00:06, 8353.88it/s]
36864it [00:06, 8443.31it/s]
37712it [00:06, 8389.51it/s]
38554it [00:06, 8293.31it/s]
39385it [00:06, 8076.84it/s]
40256it [00:06, 8159.42it/s]
41152it [00:07, 8361.14it/s]
41990it [00:07, 8336.87it/s]
42825it [00:07, 7825.15it/s]
43648it [00:07, 7843.79it/s]
44437it [00:07, 7851.75it/s]
45235it [00:07, 7888.37it/s]
46027it [00:07, 7848.96it/s]
46976it [00:07, 8257.82it/s]
47803it [00:07, 6110.73it/s]
48576it [00:08, 6471.41it/s]
49472it [00:08, 7072.17it/s]
50368it [00:08, 7430.34it/s]
51154it [00:08, 7258.97it/s]
51968it [00:08, 7375.06it/s]
52736it [00:08, 7452.05it/s]
53521it [00:08, 7562.53it/s]
54289it [00:08, 7377.56it/s]
55036it [00:08, 7248.98it/s]
55767it [00:09, 7263.67it/s]
56499it [00:09, 7279.85it/s]
57250it [00:09, 7346.71it/s]
58176it [00:09, 7775.63it/s]
59072it [00:09, 8029.61it/s]
59898it [00:09, 8096.88it/s]
60709it [00:09, 8062.77it/s]
61620it [00:09, 8371.37it/s]
62464it [00:09, 7670.22it/s]
63243it [00:09, 7526.93it/s]
64129it [00:10, 7900.54it/s]
64928it [00:10, 7837.82it/s]
65728it [00:10, 7873.06it/s]
66579it [00:10, 8058.24it/s]
67456it [00:10, 8120.33it/s]
68288it [00:10, 8038.59it/s]
69184it [00:10, 8194.28it/s]
70080it [00:10, 8305.88it/s]
70958it [00:10, 8442.71it/s]
71804it [00:11, 8282.71it/s]
72634it [00:11, 7683.38it/s]
73411it [00:11, 7530.29it/s]
74179it [00:11, 7571.44it/s]
74941it [00:11, 7435.48it/s]
75688it [00:11, 7285.80it/s]
76480it [00:11, 7354.31it/s]
77376it [00:11, 7737.84it/s]
78152it [00:11, 6551.82it/s]
78912it [00:12, 6805.28it/s]
79713it [00:12, 7128.70it/s]
80512it [00:12, 7311.19it/s]
81408it [00:12, 7708.91it/s]
82240it [00:12, 7826.25it/s]
83072it [00:12, 7912.08it/s]
83904it [00:12, 7981.86it/s]
84708it [00:12, 7984.54it/s]
85510it [00:12, 7768.65it/s]
86291it [00:12, 7452.94it/s]
87041it [00:13, 7379.17it/s]
87872it [00:13, 7597.11it/s]
88704it [00:13, 7734.47it/s]
89536it [00:13, 7808.40it/s]
90319it [00:13, 7668.04it/s]
91088it [00:13, 7299.82it/s]
91904it [00:13, 7487.20it/s]
92773it [00:13, 7830.73it/s]
93561it [00:13, 6347.75it/s]
94325it [00:14, 6671.48it/s]
95032it [00:14, 6667.19it/s]
95872it [00:14, 7073.19it/s]
96704it [00:14, 7338.31it/s]
97600it [00:14, 7695.07it/s]
98432it [00:14, 7822.05it/s]
99224it [00:14, 7820.77it/s]
100000it [00:14, 6753.39it/s]
Upload time: 15.219515888020396
Total import time: 46.222152076195925
Experiment stage: Search

0it [00:00, ?it/s]
4it [00:00,  5.20it/s]
13it [00:00, 17.84it/s]
36it [00:00, 55.49it/s]
63it [00:01, 98.53it/s]
127it [00:01, 219.57it/s]
222it [00:01, 396.30it/s]
309it [00:01, 517.57it/s]
390it [00:01, 574.08it/s]
461it [00:01, 609.64it/s]
537it [00:01, 649.48it/s]
608it [00:01, 641.52it/s]
695it [00:01, 704.73it/s]
781it [00:02, 747.13it/s]
863it [00:02, 764.47it/s]
952it [00:02, 798.69it/s]
1041it [00:02, 824.95it/s]
1125it [00:02, 828.35it/s]
1209it [00:02, 807.32it/s]
1291it [00:02, 785.71it/s]
1386it [00:02, 831.62it/s]
1482it [00:02, 868.34it/s]
1584it [00:02, 910.03it/s]
1676it [00:03, 894.07it/s]
1769it [00:03, 902.81it/s]
1865it [00:03, 918.75it/s]
1958it [00:03, 911.34it/s]
2050it [00:03, 910.33it/s]
2142it [00:03, 828.86it/s]
2247it [00:03, 889.75it/s]
2342it [00:03, 904.11it/s]
2434it [00:03, 902.74it/s]
2526it [00:04, 890.82it/s]
2616it [00:04, 878.56it/s]
2705it [00:04, 828.77it/s]
2793it [00:04, 842.33it/s]
2878it [00:04, 832.37it/s]
2962it [00:04, 820.00it/s]
3045it [00:04, 813.41it/s]
3128it [00:04, 814.43it/s]
3210it [00:04, 766.19it/s]
3288it [00:04, 739.79it/s]
3363it [00:05, 739.08it/s]
3438it [00:05, 741.50it/s]
3513it [00:05, 715.83it/s]
3613it [00:05, 796.12it/s]
3718it [00:05, 868.92it/s]
3806it [00:05, 846.77it/s]
3894it [00:05, 850.84it/s]
3980it [00:05, 832.75it/s]
4064it [00:05, 817.99it/s]
4147it [00:06, 817.89it/s]
4229it [00:06, 770.50it/s]
4308it [00:06, 773.66it/s]
4386it [00:06, 760.70it/s]
4471it [00:06, 783.82it/s]
4550it [00:06, 779.94it/s]
4631it [00:06, 788.26it/s]
4711it [00:06, 789.90it/s]
4796it [00:06, 800.58it/s]
4877it [00:07, 661.29it/s]
4969it [00:07, 726.69it/s]
5046it [00:07, 733.69it/s]
5129it [00:07, 757.52it/s]
5215it [00:07, 785.94it/s]
5296it [00:07, 775.71it/s]
5375it [00:07, 776.55it/s]
5461it [00:07, 799.71it/s]
5542it [00:07, 796.22it/s]
5627it [00:07, 806.80it/s]
5720it [00:08, 841.78it/s]
5812it [00:08, 862.96it/s]
5909it [00:08, 892.50it/s]
6007it [00:08, 915.97it/s]
6105it [00:08, 932.21it/s]
6209it [00:08, 963.93it/s]
6314it [00:08, 988.63it/s]
6413it [00:08, 978.64it/s]
6511it [00:08, 959.40it/s]
6608it [00:08, 916.79it/s]
6701it [00:09, 873.85it/s]
6789it [00:09, 837.65it/s]
6874it [00:09, 826.02it/s]
6957it [00:09, 821.25it/s]
7044it [00:09, 833.81it/s]
7142it [00:09, 874.46it/s]
7230it [00:09, 844.13it/s]
7315it [00:09, 815.83it/s]
7397it [00:09, 806.72it/s]
7478it [00:10, 794.81it/s]
7558it [00:10, 788.12it/s]
7637it [00:10, 760.11it/s]
7717it [00:10, 769.29it/s]
7800it [00:10, 781.17it/s]
7882it [00:10, 789.15it/s]
7962it [00:10, 776.75it/s]
8043it [00:10, 785.06it/s]
8124it [00:10, 791.49it/s]
8210it [00:11, 809.83it/s]
8292it [00:11, 775.79it/s]
8370it [00:11, 572.82it/s]
8435it [00:11, 583.75it/s]
8531it [00:11, 675.81it/s]
8615it [00:11, 716.90it/s]
8692it [00:11, 691.49it/s]
8765it [00:11, 698.64it/s]
8838it [00:11, 704.91it/s]
8911it [00:12, 689.43it/s]
8982it [00:12, 693.26it/s]
9053it [00:12, 683.62it/s]
9130it [00:12, 703.75it/s]
9203it [00:12, 710.44it/s]
9278it [00:12, 721.28it/s]
9351it [00:12, 696.89it/s]
9422it [00:12, 699.43it/s]
9494it [00:12, 704.47it/s]
9565it [00:13, 697.86it/s]
9637it [00:13, 702.43it/s]
9709it [00:13, 704.86it/s]
9791it [00:13, 738.39it/s]
9865it [00:13, 722.62it/s]
9939it [00:13, 721.09it/s]
10000it [00:13, 734.13it/s]
Experiment stage: Done
Results saved to:  /home/dzh/project/vdtuner/vector-db-benchmark-master/results
>>> [Step 5] 收尾工作...
    监控日志已保存。
📊 测试结果摘要:
0.3877
728.3223905408888
0.004008308192715048
line1:  0.004008308192715048
line1:  728.3223905408888
line1:  0.3877
numeric_values:  [0.004008308192715048, 728.3223905408888, 0.3877]
[76] 8492 0.3877 0.004008308192715048 140
/bin/sh: 1: Syntax error: "(" unexpected
/data/dzh/venv/lib/python3.10/site-packages/botorch/acquisition/multi_objective/monte_carlo.py:110: NumericsWarning: qExpectedHypervolumeImprovement has known numerical issues that lead to suboptimal optimization performance. It is strongly recommended to simply replace

	 qExpectedHypervolumeImprovement 	 --> 	 qLogExpectedHypervolumeImprovement 

instead, which fixes the issues and has the same API. See https://arxiv.org/abs/2310.20708 for details.
  legacy_ei_numerics_warning(legacy_name=type(self).__name__)
--- DEBUG: Starting command:---
=======================================
🛠️  开始测试流程
Engine: milvus-p10 | Dataset: random-geo-radius-2048-angular-no-filters
=======================================
>>> [Step 1] 启动后台监控...
    监控进程 PID: 1310834
>>> [Step 2] 重置 Milvus...
 Container milvus-standalone  Stopping
 Container milvus-standalone  Stopped
 Container milvus-standalone  Removing
 Container milvus-standalone  Removed
 Container milvus-minio  Stopping
 Container milvus-etcd  Stopping
 Container milvus-minio  Stopped
 Container milvus-minio  Removing
 Container milvus-etcd  Stopped
 Container milvus-etcd  Removing
 Container milvus-etcd  Removed
 Container milvus-minio  Removed
 Network milvus  Removing
 Network milvus  Removed
    🧹 清理宿主机数据目录: /home/dzh/project/vdtuner/vector-db-benchmark-master/engine/servers/milvus-single-node/volumes
 Network milvus  Creating
 Network milvus  Created
 Container milvus-minio  Creating
 Container milvus-etcd  Creating
 Container milvus-minio  Created
 Container milvus-etcd  Created
 Container milvus-standalone  Creating
 Container milvus-standalone  Created
 Container milvus-minio  Starting
 Container milvus-etcd  Starting
 Container milvus-minio  Started
 Container milvus-etcd  Started
 Container milvus-standalone  Starting
 Container milvus-standalone  Started
>>> [Step 3] 等待服务启动 (90s)...
    等待中... (10s/120s)
    ✅ Milvus 服务已就绪
>>> [Step 4] 运行 Benchmark...
Running experiment: milvus-p10 - random-geo-radius-2048-angular-no-filters
established connection
/home/dzh/project/vdtuner/vector-db-benchmark-master/datasets/random-geo-radius-2048-angular/random_geo_100k_no_filters already exists
Experiment stage: Configure
Experiment stage: Upload

0it [00:00, ?it/s]
1it [00:00,  1.33it/s]
64it [00:01, 81.19it/s]
704it [00:01, 990.68it/s]
918it [00:01, 1105.65it/s]
1107it [00:01, 1233.06it/s]
1602it [00:01, 2002.84it/s]
1892it [00:01, 2093.34it/s]
2240it [00:01, 2392.38it/s]
2752it [00:01, 2960.90it/s]
3091it [00:01, 2762.62it/s]
3776it [00:02, 3754.53it/s]
4672it [00:02, 5071.73it/s]
5696it [00:02, 6448.65it/s]
6656it [00:02, 7317.46it/s]
7680it [00:02, 8099.11it/s]
8640it [00:02, 8469.27it/s]
9600it [00:02, 8743.41it/s]
10595it [00:02, 9091.72it/s]
11524it [00:02, 9149.58it/s]
12544it [00:03, 9379.47it/s]
13568it [00:03, 9515.64it/s]
14524it [00:03, 9527.16it/s]
15488it [00:03, 9498.53it/s]
16483it [00:03, 9631.29it/s]
17448it [00:03, 8093.51it/s]
18368it [00:03, 8360.81it/s]
19328it [00:03, 8638.78it/s]
20374it [00:03, 9146.02it/s]
21377it [00:03, 9397.10it/s]
22400it [00:04, 9491.62it/s]
23361it [00:04, 9412.57it/s]
24320it [00:04, 9461.87it/s]
25272it [00:04, 9424.18it/s]
26219it [00:04, 9161.26it/s]
27200it [00:04, 9224.45it/s]
28159it [00:04, 9330.07it/s]
29095it [00:04, 9045.05it/s]
30144it [00:04, 9365.21it/s]
31164it [00:05, 9606.41it/s]
32128it [00:05, 7718.35it/s]
33079it [00:05, 8167.78it/s]
34048it [00:05, 8508.34it/s]
35072it [00:05, 8914.46it/s]
36032it [00:05, 9037.37it/s]
36958it [00:05, 8958.10it/s]
37870it [00:05, 8753.31it/s]
38757it [00:05, 8768.47it/s]
39680it [00:06, 8804.66it/s]
40704it [00:06, 9081.65it/s]
41617it [00:06, 8916.29it/s]
42512it [00:06, 8520.24it/s]
43456it [00:06, 8653.10it/s]
44416it [00:06, 8881.12it/s]
45312it [00:06, 8781.32it/s]
46272it [00:06, 8908.60it/s]
47165it [00:07, 5815.51it/s]
48064it [00:07, 6440.89it/s]
48960it [00:07, 6978.20it/s]
49920it [00:07, 7577.36it/s]
50758it [00:07, 7707.14it/s]
51648it [00:07, 7981.61it/s]
52544it [00:07, 8151.51it/s]
53440it [00:07, 8366.40it/s]
54321it [00:07, 8492.56it/s]
55232it [00:07, 8538.01it/s]
56098it [00:08, 8250.55it/s]
56960it [00:08, 8305.76it/s]
57861it [00:08, 8507.66it/s]
58792it [00:08, 8741.21it/s]
59671it [00:08, 8721.43it/s]
60616it [00:08, 8935.64it/s]
61513it [00:08, 6638.84it/s]
62400it [00:08, 7113.81it/s]
63299it [00:09, 7588.08it/s]
64256it [00:09, 8036.76it/s]
65216it [00:09, 8432.98it/s]
66176it [00:09, 8657.11it/s]
67136it [00:09, 8817.80it/s]
68096it [00:09, 8934.61it/s]
69056it [00:09, 9029.29it/s]
69969it [00:09, 8997.81it/s]
70912it [00:09, 9053.62it/s]
71872it [00:09, 9125.15it/s]
72788it [00:10, 9111.50it/s]
73728it [00:10, 9126.90it/s]
74666it [00:10, 9201.09it/s]
75588it [00:10, 8959.59it/s]
76486it [00:10, 6736.79it/s]
77430it [00:10, 7380.74it/s]
78336it [00:10, 7769.58it/s]
79296it [00:10, 8217.63it/s]
80197it [00:10, 8434.12it/s]
81152it [00:11, 8710.07it/s]
82049it [00:11, 8543.47it/s]
82976it [00:11, 8749.53it/s]
83884it [00:11, 8844.26it/s]
84779it [00:11, 8127.49it/s]
85627it [00:11, 8224.55it/s]
86463it [00:11, 8206.42it/s]
87360it [00:11, 8350.16it/s]
88217it [00:11, 8413.11it/s]
89129it [00:12, 8619.14it/s]
90048it [00:12, 8727.62it/s]
90924it [00:12, 6055.80it/s]
91776it [00:12, 6582.56it/s]
92736it [00:12, 7250.43it/s]
93632it [00:12, 7597.68it/s]
94528it [00:12, 7926.96it/s]
95424it [00:12, 8129.91it/s]
96360it [00:13, 8472.80it/s]
97234it [00:13, 8442.54it/s]
98159it [00:13, 8673.63it/s]
99041it [00:13, 8516.03it/s]
99936it [00:13, 8640.67it/s]
100000it [00:13, 7448.18it/s]
Upload time: 13.826282361987978
Total import time: 44.845795447938144
Experiment stage: Search

0it [00:00, ?it/s]
4it [00:00,  5.23it/s]
14it [00:00, 19.84it/s]
32it [00:00, 48.76it/s]
63it [00:01, 97.77it/s]
146it [00:01, 257.71it/s]
237it [00:01, 412.79it/s]
336it [00:01, 558.49it/s]
431it [00:01, 662.48it/s]
510it [00:01, 508.77it/s]
597it [00:01, 586.52it/s]
668it [00:01, 595.90it/s]
761it [00:02, 677.79it/s]
860it [00:02, 759.36it/s]
963it [00:02, 831.67it/s]
1061it [00:02, 871.96it/s]
1156it [00:02, 890.97it/s]
1249it [00:02, 898.80it/s]
1341it [00:02, 837.17it/s]
1431it [00:02, 853.70it/s]
1519it [00:02, 845.75it/s]
1605it [00:03, 825.98it/s]
1699it [00:03, 857.47it/s]
1790it [00:03, 871.89it/s]
1878it [00:03, 867.92it/s]
1966it [00:03, 867.57it/s]
2054it [00:03, 863.18it/s]
2141it [00:03, 604.20it/s]
2241it [00:03, 693.61it/s]
2339it [00:03, 763.01it/s]
2430it [00:04, 797.49it/s]
2533it [00:04, 859.46it/s]
2625it [00:04, 832.30it/s]
2720it [00:04, 863.57it/s]
2816it [00:04, 890.09it/s]
2911it [00:04, 906.08it/s]
3011it [00:04, 928.19it/s]
3106it [00:04, 905.59it/s]
3207it [00:04, 933.41it/s]
3302it [00:04, 922.61it/s]
3400it [00:05, 936.77it/s]
3500it [00:05, 953.16it/s]
3596it [00:05, 942.66it/s]
3691it [00:05, 924.88it/s]
3784it [00:05, 908.48it/s]
3876it [00:05, 877.31it/s]
3965it [00:05, 871.02it/s]
4053it [00:05, 863.79it/s]
4144it [00:05, 875.49it/s]
4232it [00:06, 844.13it/s]
4326it [00:06, 870.21it/s]
4422it [00:06, 894.48it/s]
4522it [00:06, 923.18it/s]
4615it [00:06, 923.69it/s]
4708it [00:06, 915.31it/s]
4800it [00:06, 913.35it/s]
4892it [00:06, 904.96it/s]
4992it [00:06, 930.86it/s]
5086it [00:06, 933.16it/s]
5180it [00:07, 880.07it/s]
5269it [00:07, 876.74it/s]
5358it [00:07, 868.09it/s]
5446it [00:07, 870.29it/s]
5540it [00:07, 889.80it/s]
5630it [00:07, 887.27it/s]
5719it [00:07, 866.07it/s]
5806it [00:07, 865.98it/s]
5893it [00:07, 852.67it/s]
5983it [00:08, 862.91it/s]
6070it [00:08, 858.35it/s]
6162it [00:08, 873.86it/s]
6250it [00:08, 848.26it/s]
6340it [00:08, 863.18it/s]
6434it [00:08, 884.94it/s]
6524it [00:08, 888.45it/s]
6613it [00:08, 885.26it/s]
6702it [00:08, 845.26it/s]
6787it [00:08, 842.29it/s]
6878it [00:09, 861.24it/s]
6965it [00:09, 849.41it/s]
7055it [00:09, 861.47it/s]
7144it [00:09, 868.04it/s]
7233it [00:09, 870.00it/s]
7322it [00:09, 873.20it/s]
7410it [00:09, 846.42it/s]
7495it [00:09, 805.92it/s]
7584it [00:09, 822.08it/s]
7667it [00:09, 810.89it/s]
7754it [00:10, 826.60it/s]
7839it [00:10, 831.25it/s]
7930it [00:10, 852.67it/s]
8016it [00:10, 837.42it/s]
8104it [00:10, 848.73it/s]
8190it [00:10, 835.05it/s]
8276it [00:10, 841.16it/s]
8361it [00:10, 768.01it/s]
8440it [00:10, 740.49it/s]
8529it [00:11, 780.03it/s]
8609it [00:11, 642.72it/s]
8678it [00:11, 650.40it/s]
8754it [00:11, 677.05it/s]
8834it [00:11, 702.50it/s]
8912it [00:11, 722.26it/s]
9006it [00:11, 782.24it/s]
9094it [00:11, 809.65it/s]
9181it [00:11, 825.96it/s]
9276it [00:12, 861.64it/s]
9371it [00:12, 886.58it/s]
9463it [00:12, 895.77it/s]
9559it [00:12, 912.45it/s]
9651it [00:12, 909.47it/s]
9745it [00:12, 916.18it/s]
9837it [00:12, 873.25it/s]
9925it [00:12, 848.51it/s]
10000it [00:12, 776.47it/s]
Experiment stage: Done
Results saved to:  /home/dzh/project/vdtuner/vector-db-benchmark-master/results
>>> [Step 5] 收尾工作...
    监控日志已保存。
📊 测试结果摘要:
0.37411
770.3769977412687
0.0038661250146105872
line1:  0.0038661250146105872
line1:  770.3769977412687
line1:  0.37411
numeric_values:  [0.0038661250146105872, 770.3769977412687, 0.37411]
[77] 8598 0.37411 0.0038661250146105872 106
/bin/sh: 1: Syntax error: "(" unexpected
/data/dzh/venv/lib/python3.10/site-packages/botorch/acquisition/multi_objective/monte_carlo.py:110: NumericsWarning: qExpectedHypervolumeImprovement has known numerical issues that lead to suboptimal optimization performance. It is strongly recommended to simply replace

	 qExpectedHypervolumeImprovement 	 --> 	 qLogExpectedHypervolumeImprovement 

instead, which fixes the issues and has the same API. See https://arxiv.org/abs/2310.20708 for details.
  legacy_ei_numerics_warning(legacy_name=type(self).__name__)
--- DEBUG: Starting command:---
=======================================
🛠️  开始测试流程
Engine: milvus-p10 | Dataset: random-geo-radius-2048-angular-no-filters
=======================================
>>> [Step 1] 启动后台监控...
    监控进程 PID: 1331750
>>> [Step 2] 重置 Milvus...
 Container milvus-standalone  Stopping
 Container milvus-standalone  Stopped
 Container milvus-standalone  Removing
 Container milvus-standalone  Removed
 Container milvus-etcd  Stopping
 Container milvus-minio  Stopping
 Container milvus-etcd  Stopped
 Container milvus-etcd  Removing
 Container milvus-etcd  Removed
 Container milvus-minio  Stopped
 Container milvus-minio  Removing
 Container milvus-minio  Removed
 Network milvus  Removing
 Network milvus  Removed
    🧹 清理宿主机数据目录: /home/dzh/project/vdtuner/vector-db-benchmark-master/engine/servers/milvus-single-node/volumes
 Network milvus  Creating
 Network milvus  Created
 Container milvus-minio  Creating
 Container milvus-etcd  Creating
 Container milvus-etcd  Created
 Container milvus-minio  Created
 Container milvus-standalone  Creating
 Container milvus-standalone  Created
 Container milvus-etcd  Starting
 Container milvus-minio  Starting
 Container milvus-etcd  Started
 Container milvus-minio  Started
 Container milvus-standalone  Starting
 Container milvus-standalone  Started
>>> [Step 3] 等待服务启动 (90s)...
    等待中... (10s/120s)
    ✅ Milvus 服务已就绪
>>> [Step 4] 运行 Benchmark...
Running experiment: milvus-p10 - random-geo-radius-2048-angular-no-filters
established connection
/home/dzh/project/vdtuner/vector-db-benchmark-master/datasets/random-geo-radius-2048-angular/random_geo_100k_no_filters already exists
Experiment stage: Configure
Experiment stage: Upload

0it [00:00, ?it/s]
1it [00:00,  1.48it/s]
64it [00:01, 75.95it/s]
640it [00:01, 896.88it/s]
897it [00:01, 1142.09it/s]
1230it [00:01, 1559.74it/s]
1503it [00:01, 1582.15it/s]
1739it [00:01, 1497.23it/s]
2176it [00:01, 2052.96it/s]
2535it [00:01, 2397.06it/s]
3072it [00:02, 3009.32it/s]
3639it [00:02, 3675.79it/s]
4544it [00:02, 5078.72it/s]
5568it [00:02, 6467.86it/s]
6528it [00:02, 7312.59it/s]
7552it [00:02, 8143.90it/s]
8640it [00:02, 8825.51it/s]
9664it [00:02, 9078.71it/s]
10589it [00:02, 8944.47it/s]
11520it [00:02, 9013.71it/s]
12480it [00:03, 9122.22it/s]
13538it [00:03, 9547.63it/s]
14528it [00:03, 9544.31it/s]
15488it [00:03, 9517.81it/s]
16469it [00:03, 9603.77it/s]
17472it [00:03, 6405.45it/s]
18407it [00:03, 7046.81it/s]
19317it [00:03, 7533.87it/s]
20288it [00:04, 8022.49it/s]
21184it [00:04, 8252.76it/s]
22144it [00:04, 8570.69it/s]
23104it [00:04, 8796.14it/s]
24064it [00:04, 8976.25it/s]
24985it [00:04, 8789.58it/s]
25895it [00:04, 8878.09it/s]
26795it [00:04, 8882.21it/s]
27712it [00:04, 8876.98it/s]
28672it [00:04, 9048.65it/s]
29582it [00:05, 9059.42it/s]
30592it [00:05, 9239.21it/s]
31552it [00:05, 9291.80it/s]
32483it [00:05, 9286.45it/s]
33413it [00:05, 6114.73it/s]
34368it [00:05, 6838.10it/s]
35392it [00:05, 7559.41it/s]
36416it [00:05, 8185.56it/s]
37339it [00:06, 8459.29it/s]
38298it [00:06, 8767.26it/s]
39222it [00:06, 8844.40it/s]
40140it [00:06, 8785.53it/s]
41048it [00:06, 8869.03it/s]
41952it [00:06, 8877.80it/s]
42880it [00:06, 8937.18it/s]
43804it [00:06, 9025.12it/s]
44713it [00:06, 8851.99it/s]
45603it [00:06, 8823.03it/s]
46489it [00:07, 8723.91it/s]
47404it [00:07, 8847.91it/s]
48291it [00:07, 5635.41it/s]
49216it [00:07, 6360.88it/s]
50112it [00:07, 6953.04it/s]
50944it [00:07, 7254.72it/s]
51863it [00:07, 7758.43it/s]
52800it [00:07, 8161.22it/s]
53760it [00:08, 8499.52it/s]
54720it [00:08, 8771.91it/s]
55625it [00:08, 8782.50it/s]
56576it [00:08, 8955.70it/s]
57486it [00:08, 8930.05it/s]
58389it [00:08, 8924.59it/s]
59289it [00:08, 8795.30it/s]
60174it [00:08, 8529.09it/s]
61056it [00:08, 8593.02it/s]
62016it [00:09, 8775.23it/s]
62968it [00:09, 8991.66it/s]
63870it [00:09, 7400.30it/s]
64731it [00:09, 7709.99it/s]
65664it [00:09, 8045.09it/s]
66560it [00:09, 8193.34it/s]
67401it [00:09, 8057.20it/s]
68222it [00:09, 7996.55it/s]
69056it [00:09, 8042.11it/s]
69952it [00:10, 8237.37it/s]
70848it [00:10, 8404.56it/s]
71744it [00:10, 8538.86it/s]
72640it [00:10, 8543.23it/s]
73497it [00:10, 8440.16it/s]
74432it [00:10, 8634.84it/s]
75328it [00:10, 8594.09it/s]
76224it [00:10, 8624.79it/s]
77120it [00:10, 8686.58it/s]
77990it [00:10, 7914.92it/s]
78795it [00:11, 7951.71it/s]
79736it [00:11, 8364.30it/s]
80640it [00:11, 8470.94it/s]
81593it [00:11, 8776.64it/s]
82477it [00:11, 8736.02it/s]
83355it [00:11, 8610.00it/s]
84219it [00:11, 8582.80it/s]
85120it [00:11, 8571.55it/s]
86016it [00:11, 8649.39it/s]
86912it [00:12, 8736.57it/s]
87808it [00:12, 8771.03it/s]
88686it [00:12, 8711.27it/s]
89558it [00:12, 8490.18it/s]
90432it [00:12, 8485.60it/s]
91328it [00:12, 8549.65it/s]
92288it [00:12, 8764.84it/s]
93165it [00:12, 7230.07it/s]
93982it [00:12, 7470.07it/s]
94831it [00:12, 7742.95it/s]
95633it [00:13, 7762.16it/s]
96576it [00:13, 8125.48it/s]
97472it [00:13, 8296.34it/s]
98377it [00:13, 8512.25it/s]
99264it [00:13, 8527.73it/s]
100000it [00:13, 7359.95it/s]
Upload time: 13.97057294100523
Total import time: 44.80666191410273
Experiment stage: Search

0it [00:00, ?it/s]
4it [00:00,  5.22it/s]
14it [00:00, 18.84it/s]
25it [00:01, 34.20it/s]
99it [00:01, 172.77it/s]
181it [00:01, 312.00it/s]
266it [00:01, 438.75it/s]
360it [00:01, 564.20it/s]
446it [00:01, 637.94it/s]
522it [00:01, 652.01it/s]
611it [00:01, 715.65it/s]
705it [00:01, 777.22it/s]
800it [00:01, 825.56it/s]
887it [00:02, 832.74it/s]
973it [00:02, 811.74it/s]
1057it [00:02, 819.33it/s]
1152it [00:02, 855.06it/s]
1239it [00:02, 850.20it/s]
1325it [00:02, 834.33it/s]
1409it [00:02, 823.87it/s]
1492it [00:02, 794.29it/s]
1572it [00:02, 795.33it/s]
1652it [00:02, 792.62it/s]
1732it [00:03, 789.25it/s]
1812it [00:03, 779.82it/s]
1891it [00:03, 777.05it/s]
1969it [00:03, 774.48it/s]
2048it [00:03, 777.21it/s]
2126it [00:03, 752.05it/s]
2203it [00:03, 755.08it/s]
2284it [00:03, 770.73it/s]
2369it [00:03, 793.78it/s]
2460it [00:04, 826.62it/s]
2548it [00:04, 841.52it/s]
2636it [00:04, 852.71it/s]
2724it [00:04, 858.55it/s]
2810it [00:04, 810.14it/s]
2892it [00:04, 769.81it/s]
2977it [00:04, 790.50it/s]
3059it [00:04, 797.27it/s]
3153it [00:04, 838.19it/s]
3251it [00:04, 869.68it/s]
3344it [00:05, 879.30it/s]
3434it [00:05, 885.07it/s]
3523it [00:05, 872.86it/s]
3611it [00:05, 843.65it/s]
3696it [00:05, 842.92it/s]
3785it [00:05, 854.15it/s]
3872it [00:05, 857.23it/s]
3963it [00:05, 870.00it/s]
4051it [00:05, 838.41it/s]
4137it [00:06, 841.18it/s]
4222it [00:06, 842.64it/s]
4312it [00:06, 859.13it/s]
4404it [00:06, 876.03it/s]
4497it [00:06, 891.03it/s]
4587it [00:06, 889.85it/s]
4684it [00:06, 912.82it/s]
4786it [00:06, 942.79it/s]
4881it [00:06, 910.59it/s]
4973it [00:06, 910.02it/s]
5070it [00:07, 922.47it/s]
5163it [00:07, 918.82it/s]
5255it [00:07, 913.93it/s]
5348it [00:07, 917.31it/s]
5440it [00:07, 883.19it/s]
5529it [00:07, 841.94it/s]
5617it [00:07, 851.50it/s]
5707it [00:07, 863.41it/s]
5799it [00:07, 878.69it/s]
5888it [00:07, 874.24it/s]
5976it [00:08, 869.60it/s]
6064it [00:08, 863.51it/s]
6151it [00:08, 864.07it/s]
6238it [00:08, 838.60it/s]
6323it [00:08, 826.50it/s]
6406it [00:08, 799.77it/s]
6493it [00:08, 817.88it/s]
6586it [00:08, 849.35it/s]
6675it [00:08, 860.46it/s]
6766it [00:08, 873.27it/s]
6854it [00:09, 861.12it/s]
6942it [00:09, 864.97it/s]
7029it [00:09, 863.54it/s]
7132it [00:09, 911.12it/s]
7224it [00:09, 876.50it/s]
7312it [00:09, 867.79it/s]
7403it [00:09, 879.44it/s]
7492it [00:09, 881.15it/s]
7581it [00:09, 818.77it/s]
7664it [00:10, 805.62it/s]
7751it [00:10, 821.76it/s]
7837it [00:10, 832.57it/s]
7929it [00:10, 853.75it/s]
8019it [00:10, 864.62it/s]
8106it [00:10, 825.01it/s]
8190it [00:10, 799.51it/s]
8271it [00:10, 779.98it/s]
8350it [00:10, 637.54it/s]
8439it [00:11, 698.66it/s]
8514it [00:11, 706.39it/s]
8588it [00:11, 710.35it/s]
8662it [00:11, 688.31it/s]
8733it [00:11, 685.98it/s]
8813it [00:11, 715.66it/s]
8902it [00:11, 764.64it/s]
8994it [00:11, 807.57it/s]
9076it [00:11, 802.38it/s]
9157it [00:12, 797.68it/s]
9242it [00:12, 811.47it/s]
9324it [00:12, 800.45it/s]
9405it [00:12, 760.94it/s]
9482it [00:12, 753.97it/s]
9571it [00:12, 789.93it/s]
9656it [00:12, 806.30it/s]
9747it [00:12, 834.81it/s]
9839it [00:12, 859.16it/s]
9937it [00:12, 891.84it/s]
10000it [00:13, 767.52it/s]
Experiment stage: Done
Results saved to:  /home/dzh/project/vdtuner/vector-db-benchmark-master/results
>>> [Step 5] 收尾工作...
    监控日志已保存。
📊 测试结果摘要:
0.3708
759.5214360073542
0.003959699184633791
line1:  0.003959699184633791
line1:  759.5214360073542
line1:  0.3708
numeric_values:  [0.003959699184633791, 759.5214360073542, 0.3708]
[78] 8689 0.3708 0.003959699184633791 90
/bin/sh: 1: Syntax error: "(" unexpected
/data/dzh/venv/lib/python3.10/site-packages/botorch/acquisition/multi_objective/monte_carlo.py:110: NumericsWarning: qExpectedHypervolumeImprovement has known numerical issues that lead to suboptimal optimization performance. It is strongly recommended to simply replace

	 qExpectedHypervolumeImprovement 	 --> 	 qLogExpectedHypervolumeImprovement 

instead, which fixes the issues and has the same API. See https://arxiv.org/abs/2310.20708 for details.
  legacy_ei_numerics_warning(legacy_name=type(self).__name__)
--- DEBUG: Starting command:---
=======================================
🛠️  开始测试流程
Engine: milvus-p10 | Dataset: random-geo-radius-2048-angular-no-filters
=======================================
>>> [Step 1] 启动后台监控...
    监控进程 PID: 1351035
>>> [Step 2] 重置 Milvus...
 Container milvus-standalone  Stopping
 Container milvus-standalone  Stopped
 Container milvus-standalone  Removing
 Container milvus-standalone  Removed
 Container milvus-minio  Stopping
 Container milvus-etcd  Stopping
 Container milvus-etcd  Stopped
 Container milvus-etcd  Removing
 Container milvus-etcd  Removed
 Container milvus-minio  Stopped
 Container milvus-minio  Removing
 Container milvus-minio  Removed
 Network milvus  Removing
 Network milvus  Removed
    🧹 清理宿主机数据目录: /home/dzh/project/vdtuner/vector-db-benchmark-master/engine/servers/milvus-single-node/volumes
 Network milvus  Creating
 Network milvus  Created
 Container milvus-minio  Creating
 Container milvus-etcd  Creating
 Container milvus-minio  Created
 Container milvus-etcd  Created
 Container milvus-standalone  Creating
 Container milvus-standalone  Created
 Container milvus-minio  Starting
 Container milvus-etcd  Starting
 Container milvus-minio  Started
 Container milvus-etcd  Started
 Container milvus-standalone  Starting
 Container milvus-standalone  Started
>>> [Step 3] 等待服务启动 (90s)...
    等待中... (10s/120s)
    ✅ Milvus 服务已就绪
>>> [Step 4] 运行 Benchmark...
Running experiment: milvus-p10 - random-geo-radius-2048-angular-no-filters
established connection
/home/dzh/project/vdtuner/vector-db-benchmark-master/datasets/random-geo-radius-2048-angular/random_geo_100k_no_filters already exists
Experiment stage: Configure
Experiment stage: Upload

0it [00:00, ?it/s]
1it [00:02,  2.24s/it]
768it [00:02, 458.65it/s]
1197it [00:02, 726.26it/s]
1553it [00:02, 948.19it/s]
1858it [00:02, 1184.57it/s]
2158it [00:02, 1352.84it/s]
2508it [00:03, 1694.99it/s]
2880it [00:03, 2054.56it/s]
3584it [00:03, 3070.67it/s]
4544it [00:03, 4555.29it/s]
5537it [00:03, 5862.98it/s]
6459it [00:03, 6733.13it/s]
7474it [00:03, 7656.24it/s]
8512it [00:03, 8378.72it/s]
9542it [00:03, 8923.35it/s]
10560it [00:03, 9144.64it/s]
11648it [00:04, 9564.31it/s]
12722it [00:04, 9905.15it/s]
13731it [00:04, 9517.34it/s]
14720it [00:04, 9592.11it/s]
15744it [00:04, 9671.14it/s]
16784it [00:04, 9881.80it/s]
17779it [00:04, 7362.31it/s]
18802it [00:04, 8042.49it/s]
19693it [00:04, 8261.29it/s]
20608it [00:05, 8494.89it/s]
21568it [00:05, 8797.65it/s]
22574it [00:05, 9152.99it/s]
23517it [00:05, 8879.55it/s]
24426it [00:05, 8783.02it/s]
25319it [00:05, 8414.38it/s]
26173it [00:05, 8250.89it/s]
27008it [00:05, 8207.08it/s]
27994it [00:05, 8675.68it/s]
28918it [00:06, 8838.03it/s]
29824it [00:06, 8812.34it/s]
30784it [00:06, 8949.39it/s]
31744it [00:06, 8417.84it/s]
32640it [00:06, 8558.49it/s]
33600it [00:06, 8789.45it/s]
34624it [00:06, 9164.94it/s]
35584it [00:06, 9210.91it/s]
36510it [00:06, 9091.06it/s]
37422it [00:06, 8818.24it/s]
38307it [00:07, 8776.11it/s]
39232it [00:07, 8849.47it/s]
40128it [00:07, 8774.91it/s]
41088it [00:07, 8949.85it/s]
41984it [00:07, 8951.05it/s]
42890it [00:07, 8982.00it/s]
43789it [00:07, 8920.20it/s]
44704it [00:07, 8987.99it/s]
45632it [00:07, 9049.53it/s]
46562it [00:07, 9123.71it/s]
47475it [00:08, 6919.54it/s]
48337it [00:08, 7334.22it/s]
49258it [00:08, 7818.65it/s]
50176it [00:08, 8146.56it/s]
51076it [00:08, 8382.45it/s]
51988it [00:08, 8591.00it/s]
52928it [00:08, 8751.94it/s]
53824it [00:08, 8739.20it/s]
54720it [00:09, 8670.95it/s]
55616it [00:09, 8666.00it/s]
56512it [00:09, 8706.83it/s]
57408it [00:09, 8653.98it/s]
58304it [00:09, 8658.63it/s]
59180it [00:09, 8687.59it/s]
60051it [00:09, 8685.85it/s]
60921it [00:09, 8636.19it/s]
61786it [00:09, 6448.70it/s]
62592it [00:10, 6801.63it/s]
63488it [00:10, 7256.38it/s]
64320it [00:10, 7464.74it/s]
65152it [00:10, 7621.82it/s]
66048it [00:10, 7990.94it/s]
67008it [00:10, 8381.84it/s]
67904it [00:10, 8519.29it/s]
68800it [00:10, 8623.65it/s]
69760it [00:10, 8735.79it/s]
70697it [00:10, 8919.92it/s]
71594it [00:11, 8800.95it/s]
72478it [00:11, 8492.84it/s]
73344it [00:11, 8419.92it/s]
74189it [00:11, 8337.85it/s]
75136it [00:11, 8529.19it/s]
76096it [00:11, 8698.06it/s]
76967it [00:11, 8625.03it/s]
77831it [00:11, 6838.54it/s]
78768it [00:12, 7464.67it/s]
79616it [00:12, 7678.76it/s]
80448it [00:12, 7810.03it/s]
81344it [00:12, 8067.54it/s]
82240it [00:12, 8301.22it/s]
83087it [00:12, 8242.17it/s]
83968it [00:12, 8290.52it/s]
84807it [00:12, 8319.07it/s]
85645it [00:12, 8278.34it/s]
86592it [00:12, 8550.96it/s]
87552it [00:13, 8735.73it/s]
88448it [00:13, 8664.80it/s]
89344it [00:13, 8713.14it/s]
90217it [00:13, 8711.45it/s]
91089it [00:13, 8709.70it/s]
92032it [00:13, 8883.89it/s]
92921it [00:13, 6806.57it/s]
93765it [00:13, 7205.51it/s]
94546it [00:13, 7180.42it/s]
95488it [00:14, 7682.14it/s]
96374it [00:14, 8002.75it/s]
97216it [00:14, 8083.74it/s]
98106it [00:14, 8315.62it/s]
98953it [00:14, 8091.77it/s]
99774it [00:14, 7887.00it/s]
100000it [00:14, 6841.60it/s]
Upload time: 15.180941454134881
Total import time: 45.392036033794284
Experiment stage: Search

0it [00:00, ?it/s]
4it [00:00,  5.31it/s]
14it [00:00, 20.13it/s]
22it [00:00, 30.88it/s]
76it [00:01, 135.76it/s]
172it [00:01, 322.63it/s]
259it [00:01, 454.34it/s]
347it [00:01, 564.20it/s]
441it [00:01, 662.54it/s]
519it [00:01, 685.01it/s]
609it [00:01, 744.72it/s]
701it [00:01, 794.38it/s]
787it [00:01, 807.65it/s]
875it [00:01, 825.27it/s]
960it [00:02, 825.28it/s]
1045it [00:02, 811.04it/s]
1134it [00:02, 832.90it/s]
1219it [00:02, 823.88it/s]
1321it [00:02, 876.93it/s]
1410it [00:02, 861.87it/s]
1497it [00:02, 852.61it/s]
1583it [00:02, 797.76it/s]
1673it [00:02, 824.83it/s]
1768it [00:03, 859.73it/s]
1866it [00:03, 893.63it/s]
1956it [00:03, 889.86it/s]
2046it [00:03, 883.51it/s]
2138it [00:03, 893.78it/s]
2228it [00:03, 827.09it/s]
2317it [00:03, 844.33it/s]
2408it [00:03, 863.04it/s]
2496it [00:03, 862.52it/s]
2583it [00:03, 851.48it/s]
2669it [00:04, 842.92it/s]
2754it [00:04, 844.39it/s]
2839it [00:04, 803.98it/s]
2920it [00:04, 783.37it/s]
2999it [00:04, 699.23it/s]
3090it [00:04, 753.69it/s]
3177it [00:04, 783.84it/s]
3257it [00:04, 772.53it/s]
3344it [00:04, 799.62it/s]
3431it [00:05, 818.91it/s]
3523it [00:05, 847.44it/s]
3613it [00:05, 862.35it/s]
3702it [00:05, 869.00it/s]
3790it [00:05, 861.41it/s]
3884it [00:05, 882.59it/s]
3973it [00:05, 882.09it/s]
4062it [00:05, 869.35it/s]
4150it [00:05, 862.31it/s]
4245it [00:05, 888.01it/s]
4334it [00:06, 886.37it/s]
4423it [00:06, 844.22it/s]
4515it [00:06, 863.49it/s]
4610it [00:06, 887.16it/s]
4700it [00:06, 880.36it/s]
4789it [00:06, 863.48it/s]
4877it [00:06, 862.77it/s]
4964it [00:06, 847.67it/s]
5049it [00:06, 800.71it/s]
5130it [00:07, 798.45it/s]
5217it [00:07, 818.81it/s]
5302it [00:07, 825.69it/s]
5386it [00:07, 827.44it/s]
5469it [00:07, 773.76it/s]
5558it [00:07, 805.64it/s]
5642it [00:07, 809.48it/s]
5725it [00:07, 812.64it/s]
5811it [00:07, 822.00it/s]
5894it [00:08, 744.17it/s]
5983it [00:08, 783.12it/s]
6077it [00:08, 827.14it/s]
6161it [00:08, 796.76it/s]
6242it [00:08, 798.69it/s]
6323it [00:08, 784.30it/s]
6402it [00:08, 780.67it/s]
6484it [00:08, 789.57it/s]
6564it [00:08, 790.30it/s]
6645it [00:08, 794.24it/s]
6727it [00:09, 800.28it/s]
6811it [00:09, 809.61it/s]
6893it [00:09, 811.22it/s]
6975it [00:09, 790.31it/s]
7060it [00:09, 807.23it/s]
7147it [00:09, 824.75it/s]
7230it [00:09, 820.04it/s]
7313it [00:09, 814.03it/s]
7404it [00:09, 841.43it/s]
7489it [00:09, 803.61it/s]
7570it [00:10, 796.19it/s]
7660it [00:10, 824.09it/s]
7749it [00:10, 840.76it/s]
7834it [00:10, 842.66it/s]
7923it [00:10, 855.36it/s]
8012it [00:10, 864.42it/s]
8104it [00:10, 879.23it/s]
8193it [00:10, 879.10it/s]
8281it [00:10, 855.89it/s]
8367it [00:11, 817.60it/s]
8450it [00:11, 803.72it/s]
8537it [00:11, 822.53it/s]
8620it [00:11, 822.38it/s]
8709it [00:11, 836.44it/s]
8793it [00:11, 825.67it/s]
8881it [00:11, 839.11it/s]
8966it [00:11, 839.40it/s]
9059it [00:11, 865.04it/s]
9146it [00:11, 827.89it/s]
9230it [00:12, 721.02it/s]
9316it [00:12, 754.73it/s]
9408it [00:12, 799.67it/s]
9491it [00:12, 807.85it/s]
9574it [00:12, 793.45it/s]
9655it [00:12, 774.91it/s]
9741it [00:12, 797.90it/s]
9828it [00:12, 816.36it/s]
9913it [00:12, 825.30it/s]
10000it [00:13, 838.23it/s]
10000it [00:13, 767.63it/s]
Experiment stage: Done
Results saved to:  /home/dzh/project/vdtuner/vector-db-benchmark-master/results
>>> [Step 5] 收尾工作...
    监控日志已保存。
📊 测试结果摘要:
0.39321999999999996
762.5601491616763
0.003963417466729879
line1:  0.003963417466729879
line1:  762.5601491616763
line1:  0.39321999999999996
numeric_values:  [0.003963417466729879, 762.5601491616763, 0.39321999999999996]
[79] 8783 0.39321999999999996 0.003963417466729879 94
/bin/sh: 1: Syntax error: "(" unexpected
/data/dzh/venv/lib/python3.10/site-packages/botorch/acquisition/multi_objective/monte_carlo.py:110: NumericsWarning: qExpectedHypervolumeImprovement has known numerical issues that lead to suboptimal optimization performance. It is strongly recommended to simply replace

	 qExpectedHypervolumeImprovement 	 --> 	 qLogExpectedHypervolumeImprovement 

instead, which fixes the issues and has the same API. See https://arxiv.org/abs/2310.20708 for details.
  legacy_ei_numerics_warning(legacy_name=type(self).__name__)
--- DEBUG: Starting command:---
=======================================
🛠️  开始测试流程
Engine: milvus-p10 | Dataset: random-geo-radius-2048-angular-no-filters
=======================================
>>> [Step 1] 启动后台监控...
    监控进程 PID: 1371557
>>> [Step 2] 重置 Milvus...
 Container milvus-standalone  Stopping
 Container milvus-standalone  Stopped
 Container milvus-standalone  Removing
 Container milvus-standalone  Removed
 Container milvus-minio  Stopping
 Container milvus-etcd  Stopping
 Container milvus-minio  Stopped
 Container milvus-minio  Removing
 Container milvus-etcd  Stopped
 Container milvus-etcd  Removing
 Container milvus-etcd  Removed
 Container milvus-minio  Removed
 Network milvus  Removing
 Network milvus  Removed
    🧹 清理宿主机数据目录: /home/dzh/project/vdtuner/vector-db-benchmark-master/engine/servers/milvus-single-node/volumes
 Network milvus  Creating
 Network milvus  Created
 Container milvus-etcd  Creating
 Container milvus-minio  Creating
 Container milvus-etcd  Created
 Container milvus-minio  Created
 Container milvus-standalone  Creating
 Container milvus-standalone  Created
 Container milvus-minio  Starting
 Container milvus-etcd  Starting
 Container milvus-minio  Started
 Container milvus-etcd  Started
 Container milvus-standalone  Starting
 Container milvus-standalone  Started
>>> [Step 3] 等待服务启动 (90s)...
    等待中... (10s/120s)
    ✅ Milvus 服务已就绪
>>> [Step 4] 运行 Benchmark...
Running experiment: milvus-p10 - random-geo-radius-2048-angular-no-filters
established connection
/home/dzh/project/vdtuner/vector-db-benchmark-master/datasets/random-geo-radius-2048-angular/random_geo_100k_no_filters already exists
Experiment stage: Configure
Experiment stage: Upload

0it [00:00, ?it/s]
1it [00:01,  1.62s/it]
768it [00:01, 615.09it/s]
1154it [00:01, 822.59it/s]
1472it [00:02, 1077.02it/s]
1920it [00:02, 1499.11it/s]
2234it [00:02, 1556.98it/s]
2624it [00:02, 1916.37it/s]
3008it [00:02, 2283.50it/s]
3648it [00:02, 3165.15it/s]
4480it [00:02, 4369.43it/s]
5504it [00:02, 5796.88it/s]
6488it [00:03, 6838.33it/s]
7424it [00:03, 7505.68it/s]
8448it [00:03, 8171.71it/s]
9448it [00:03, 8688.58it/s]
10357it [00:03, 8783.31it/s]
11288it [00:03, 8936.26it/s]
12224it [00:03, 9044.81it/s]
13184it [00:03, 9092.95it/s]
14144it [00:03, 9199.10it/s]
15104it [00:03, 9227.48it/s]
16128it [00:04, 9446.54it/s]
17077it [00:04, 5672.95it/s]
18048it [00:04, 6451.29it/s]
19072it [00:04, 7275.78it/s]
19988it [00:04, 7728.81it/s]
20928it [00:04, 8092.10it/s]
21844it [00:04, 8375.99it/s]
22848it [00:04, 8816.10it/s]
23808it [00:05, 9014.88it/s]
24832it [00:05, 9232.66it/s]
25792it [00:05, 9276.91it/s]
26752it [00:05, 9347.15it/s]
27699it [00:05, 9296.24it/s]
28638it [00:05, 9310.71it/s]
29632it [00:05, 9364.15it/s]
30592it [00:05, 9365.79it/s]
31552it [00:05, 9406.91it/s]
32512it [00:06, 6790.78it/s]
33472it [00:06, 7355.96it/s]
34432it [00:06, 7839.53it/s]
35328it [00:06, 8117.04it/s]
36224it [00:06, 8315.44it/s]
37120it [00:06, 8479.33it/s]
38016it [00:06, 8501.96it/s]
39040it [00:06, 8877.58it/s]
39943it [00:06, 8901.95it/s]
40896it [00:07, 8966.70it/s]
41800it [00:07, 8944.97it/s]
42700it [00:07, 8261.19it/s]
43540it [00:07, 8209.26it/s]
44370it [00:07, 8183.99it/s]
45286it [00:07, 8462.27it/s]
46144it [00:07, 8482.97it/s]
47104it [00:07, 8721.27it/s]
47979it [00:08, 6247.99it/s]
48891it [00:08, 6909.03it/s]
49728it [00:08, 7226.62it/s]
50624it [00:08, 7661.36it/s]
51520it [00:08, 7992.75it/s]
52361it [00:08, 8085.57it/s]
53292it [00:08, 8432.44it/s]
54158it [00:08, 8432.86it/s]
55091it [00:08, 8692.59it/s]
56000it [00:08, 8671.40it/s]
56900it [00:09, 8766.77it/s]
57792it [00:09, 8708.37it/s]
58688it [00:09, 8711.47it/s]
59563it [00:09, 8543.00it/s]
60420it [00:09, 8140.11it/s]
61239it [00:09, 8141.48it/s]
62057it [00:09, 8049.83it/s]
62865it [00:09, 7969.57it/s]
63664it [00:09, 7469.74it/s]
64448it [00:10, 7530.69it/s]
65280it [00:10, 7627.40it/s]
66176it [00:10, 7983.69it/s]
67100it [00:10, 8346.38it/s]
67939it [00:10, 7702.32it/s]
68734it [00:10, 7770.37it/s]
69520it [00:10, 7739.37it/s]
70427it [00:10, 8121.00it/s]
71296it [00:10, 8275.12it/s]
72252it [00:10, 8651.67it/s]
73122it [00:11, 8665.02it/s]
74048it [00:11, 8738.25it/s]
74924it [00:11, 8743.85it/s]
75800it [00:11, 8358.76it/s]
76736it [00:11, 8589.05it/s]
77599it [00:11, 7938.80it/s]
78404it [00:11, 7513.55it/s]
79296it [00:11, 7879.16it/s]
80256it [00:11, 8265.31it/s]
81092it [00:12, 8267.99it/s]
82047it [00:12, 8635.71it/s]
82917it [00:12, 8568.64it/s]
83779it [00:12, 8401.09it/s]
84672it [00:12, 8432.37it/s]
85567it [00:12, 8582.14it/s]
86428it [00:12, 8421.01it/s]
87272it [00:12, 8338.65it/s]
88128it [00:12, 8386.24it/s]
88968it [00:12, 8318.98it/s]
89801it [00:13, 8242.87it/s]
90688it [00:13, 8398.13it/s]
91584it [00:13, 8482.22it/s]
92544it [00:13, 8709.81it/s]
93416it [00:13, 5433.39it/s]
94208it [00:13, 5932.79it/s]
95112it [00:13, 6640.91it/s]
96000it [00:13, 7123.31it/s]
96896it [00:14, 7522.53it/s]
97792it [00:14, 7888.23it/s]
98632it [00:14, 7919.62it/s]
99517it [00:14, 8179.62it/s]
100000it [00:14, 6918.65it/s]
Upload time: 14.856085759121925
Total import time: 45.66924415435642
Experiment stage: Search

0it [00:00, ?it/s]
4it [00:00,  5.15it/s]
12it [00:00, 15.95it/s]
34it [00:01, 51.29it/s]
52it [00:01, 76.53it/s]
124it [00:01, 218.20it/s]
203it [00:01, 354.56it/s]
279it [00:01, 456.20it/s]
358it [00:01, 544.01it/s]
445it [00:01, 630.59it/s]
535it [00:01, 701.95it/s]
624it [00:01, 754.29it/s]
705it [00:01, 761.76it/s]
789it [00:02, 783.14it/s]
880it [00:02, 819.22it/s]
976it [00:02, 858.20it/s]
1068it [00:02, 876.45it/s]
1157it [00:02, 841.45it/s]
1249it [00:02, 862.14it/s]
1336it [00:02, 836.14it/s]
1425it [00:02, 850.98it/s]
1516it [00:02, 868.03it/s]
1604it [00:02, 869.50it/s]
1693it [00:03, 874.79it/s]
1782it [00:03, 878.99it/s]
1871it [00:03, 843.88it/s]
1960it [00:03, 853.90it/s]
2051it [00:03, 868.37it/s]
2139it [00:03, 864.98it/s]
2226it [00:03, 866.15it/s]
2313it [00:03, 853.90it/s]
2399it [00:03, 826.22it/s]
2482it [00:04, 780.78it/s]
2571it [00:04, 810.62it/s]
2653it [00:04, 806.08it/s]
2735it [00:04, 807.06it/s]
2820it [00:04, 819.52it/s]
2912it [00:04, 846.83it/s]
3002it [00:04, 860.90it/s]
3101it [00:04, 898.52it/s]
3199it [00:04, 922.52it/s]
3292it [00:04, 894.27it/s]
3382it [00:05, 879.15it/s]
3479it [00:05, 904.19it/s]
3575it [00:05, 917.55it/s]
3667it [00:05, 910.68it/s]
3762it [00:05, 922.06it/s]
3862it [00:05, 942.51it/s]
3957it [00:05, 938.82it/s]
4056it [00:05, 953.29it/s]
4152it [00:05, 953.08it/s]
4248it [00:05, 930.56it/s]
4342it [00:06, 904.65it/s]
4439it [00:06, 922.10it/s]
4532it [00:06, 922.85it/s]
4625it [00:06, 916.71it/s]
4717it [00:06, 906.60it/s]
4808it [00:06, 889.85it/s]
4898it [00:06, 892.64it/s]
4988it [00:06, 864.56it/s]
5075it [00:06, 860.91it/s]
5162it [00:07, 858.22it/s]
5248it [00:07, 854.66it/s]
5334it [00:07, 844.83it/s]
5423it [00:07, 856.99it/s]
5510it [00:07, 860.67it/s]
5597it [00:07, 862.56it/s]
5684it [00:07, 791.85it/s]
5777it [00:07, 828.85it/s]
5861it [00:07, 830.04it/s]
5953it [00:07, 850.95it/s]
6040it [00:08, 853.09it/s]
6129it [00:08, 862.16it/s]
6218it [00:08, 868.35it/s]
6313it [00:08, 889.51it/s]
6403it [00:08, 889.72it/s]
6493it [00:08, 862.56it/s]
6581it [00:08, 866.31it/s]
6668it [00:08, 855.87it/s]
6762it [00:08, 879.39it/s]
6851it [00:08, 865.40it/s]
6938it [00:09, 857.00it/s]
7026it [00:09, 862.69it/s]
7123it [00:09, 893.55it/s]
7213it [00:09, 875.69it/s]
7301it [00:09, 842.57it/s]
7394it [00:09, 866.65it/s]
7481it [00:09, 850.07it/s]
7567it [00:09, 850.40it/s]
7659it [00:09, 868.44it/s]
7747it [00:10, 870.04it/s]
7835it [00:10, 860.29it/s]
7935it [00:10, 899.42it/s]
8026it [00:10, 874.38it/s]
8114it [00:10, 843.07it/s]
8210it [00:10, 875.46it/s]
8298it [00:10, 874.04it/s]
8386it [00:10, 831.02it/s]
8470it [00:10, 779.87it/s]
8549it [00:10, 777.02it/s]
8628it [00:11, 767.40it/s]
8706it [00:11, 769.45it/s]
8784it [00:11, 747.81it/s]
8874it [00:11, 785.92it/s]
8963it [00:11, 815.39it/s]
9055it [00:11, 845.61it/s]
9146it [00:11, 863.04it/s]
9234it [00:11, 867.66it/s]
9327it [00:11, 884.90it/s]
9422it [00:12, 902.09it/s]
9513it [00:12, 887.21it/s]
9602it [00:12, 880.57it/s]
9693it [00:12, 888.33it/s]
9782it [00:12, 828.98it/s]
9866it [00:12, 749.53it/s]
9950it [00:12, 771.51it/s]
10000it [00:12, 784.58it/s]
Experiment stage: Done
Results saved to:  /home/dzh/project/vdtuner/vector-db-benchmark-master/results
>>> [Step 5] 收尾工作...
    监控日志已保存。
📊 测试结果摘要:
0.38827
778.7324772195509
0.0038576833438128204
line1:  0.0038576833438128204
line1:  778.7324772195509
line1:  0.38827
numeric_values:  [0.0038576833438128204, 778.7324772195509, 0.38827]
[80] 8921 0.38827 0.0038576833438128204 138
/bin/sh: 1: Syntax error: "(" unexpected
/data/dzh/venv/lib/python3.10/site-packages/botorch/acquisition/multi_objective/monte_carlo.py:110: NumericsWarning: qExpectedHypervolumeImprovement has known numerical issues that lead to suboptimal optimization performance. It is strongly recommended to simply replace

	 qExpectedHypervolumeImprovement 	 --> 	 qLogExpectedHypervolumeImprovement 

instead, which fixes the issues and has the same API. See https://arxiv.org/abs/2310.20708 for details.
  legacy_ei_numerics_warning(legacy_name=type(self).__name__)
--- DEBUG: Starting command:---
=======================================
🛠️  开始测试流程
Engine: milvus-p10 | Dataset: random-geo-radius-2048-angular-no-filters
=======================================
>>> [Step 1] 启动后台监控...
    监控进程 PID: 1393559
>>> [Step 2] 重置 Milvus...
 Container milvus-standalone  Stopping
 Container milvus-standalone  Stopped
 Container milvus-standalone  Removing
 Container milvus-standalone  Removed
 Container milvus-minio  Stopping
 Container milvus-etcd  Stopping
 Container milvus-minio  Stopped
 Container milvus-minio  Removing
 Container milvus-etcd  Stopped
 Container milvus-etcd  Removing
 Container milvus-etcd  Removed
 Container milvus-minio  Removed
 Network milvus  Removing
 Network milvus  Removed
    🧹 清理宿主机数据目录: /home/dzh/project/vdtuner/vector-db-benchmark-master/engine/servers/milvus-single-node/volumes
 Network milvus  Creating
 Network milvus  Created
 Container milvus-minio  Creating
 Container milvus-etcd  Creating
 Container milvus-etcd  Created
 Container milvus-minio  Created
 Container milvus-standalone  Creating
 Container milvus-standalone  Created
 Container milvus-etcd  Starting
 Container milvus-minio  Starting
 Container milvus-minio  Started
 Container milvus-etcd  Started
 Container milvus-standalone  Starting
 Container milvus-standalone  Started
>>> [Step 3] 等待服务启动 (90s)...
    等待中... (10s/120s)
    ✅ Milvus 服务已就绪
>>> [Step 4] 运行 Benchmark...
Running experiment: milvus-p10 - random-geo-radius-2048-angular-no-filters
established connection
/home/dzh/project/vdtuner/vector-db-benchmark-master/datasets/random-geo-radius-2048-angular/random_geo_100k_no_filters already exists
Experiment stage: Configure
Experiment stage: Upload

0it [00:00, ?it/s]
1it [00:01,  1.99s/it]
768it [00:02, 509.78it/s]
1179it [00:02, 802.09it/s]
1549it [00:02, 938.11it/s]
1920it [00:02, 1230.41it/s]
2240it [00:02, 1419.08it/s]
2508it [00:02, 1558.92it/s]
3072it [00:02, 2259.41it/s]
3712it [00:03, 3063.05it/s]
4608it [00:03, 4334.08it/s]
5504it [00:03, 5415.05it/s]
6464it [00:03, 6400.09it/s]
7360it [00:03, 7037.93it/s]
8206it [00:03, 7425.17it/s]
9025it [00:03, 7638.60it/s]
9984it [00:03, 8163.65it/s]
10944it [00:03, 8475.53it/s]
11968it [00:04, 8897.44it/s]
12992it [00:04, 9208.85it/s]
13925it [00:04, 9112.64it/s]
14848it [00:04, 9044.89it/s]
15808it [00:04, 9201.42it/s]
16733it [00:04, 7763.38it/s]
17670it [00:04, 8182.42it/s]
18585it [00:04, 8438.96it/s]
19571it [00:04, 8835.86it/s]
20544it [00:05, 9011.14it/s]
21568it [00:05, 9239.42it/s]
22556it [00:05, 9423.67it/s]
23552it [00:05, 9470.31it/s]
24576it [00:05, 9646.09it/s]
25597it [00:05, 9811.17it/s]
26582it [00:05, 9319.42it/s]
27522it [00:05, 9263.16it/s]
28480it [00:05, 9351.30it/s]
29504it [00:05, 9519.16it/s]
30464it [00:06, 9530.66it/s]
31446it [00:06, 9615.41it/s]
32410it [00:06, 6109.12it/s]
33216it [00:06, 6511.49it/s]
34176it [00:06, 7195.33it/s]
35136it [00:06, 7714.61it/s]
36109it [00:06, 8237.57it/s]
37056it [00:06, 8539.08it/s]
38016it [00:07, 8794.62it/s]
38976it [00:07, 8956.41it/s]
39936it [00:07, 9137.48it/s]
40896it [00:07, 9267.09it/s]
41837it [00:07, 9227.68it/s]
42816it [00:07, 9285.08it/s]
43752it [00:07, 9096.03it/s]
44672it [00:07, 9027.89it/s]
45617it [00:07, 9150.44it/s]
46536it [00:07, 8820.92it/s]
47424it [00:08, 8777.21it/s]
48320it [00:08, 8674.92it/s]
49190it [00:08, 8653.33it/s]
50057it [00:08, 8351.56it/s]
50895it [00:08, 8064.42it/s]
51776it [00:08, 8259.23it/s]
52736it [00:08, 8551.94it/s]
53632it [00:08, 8615.65it/s]
54592it [00:08, 8813.39it/s]
55488it [00:09, 8843.04it/s]
56448it [00:09, 9036.18it/s]
57408it [00:09, 9086.29it/s]
58318it [00:09, 9052.70it/s]
59224it [00:09, 8785.53it/s]
60105it [00:09, 8706.28it/s]
60977it [00:09, 7026.61it/s]
61824it [00:09, 7298.41it/s]
62720it [00:09, 7723.67it/s]
63552it [00:10, 7878.91it/s]
64512it [00:10, 8325.24it/s]
65472it [00:10, 8628.22it/s]
66432it [00:10, 8860.76it/s]
67330it [00:10, 8768.32it/s]
68288it [00:10, 8991.12it/s]
69194it [00:10, 8949.29it/s]
70094it [00:10, 8649.35it/s]
70964it [00:10, 8333.45it/s]
71803it [00:10, 8080.67it/s]
72616it [00:11, 7889.59it/s]
73408it [00:11, 7747.66it/s]
74240it [00:11, 7864.25it/s]
75072it [00:11, 7832.42it/s]
75857it [00:11, 7559.31it/s]
76686it [00:11, 7765.59it/s]
77632it [00:11, 8190.24it/s]
78592it [00:11, 8424.64it/s]
79488it [00:11, 8525.72it/s]
80384it [00:12, 8620.60it/s]
81287it [00:12, 8739.68it/s]
82176it [00:12, 8739.41it/s]
83072it [00:12, 8730.74it/s]
83946it [00:12, 8727.41it/s]
84820it [00:12, 8658.00it/s]
85687it [00:12, 8389.70it/s]
86569it [00:12, 8514.37it/s]
87427it [00:12, 8532.70it/s]
88320it [00:12, 8519.30it/s]
89173it [00:13, 8286.81it/s]
90004it [00:13, 8275.13it/s]
90833it [00:13, 7748.13it/s]
91615it [00:13, 7357.12it/s]
92480it [00:13, 7650.05it/s]
93376it [00:13, 7968.82it/s]
94180it [00:13, 7810.90it/s]
94966it [00:13, 7700.91it/s]
95740it [00:13, 7583.72it/s]
96501it [00:14, 7229.50it/s]
97228it [00:14, 7177.02it/s]
98048it [00:14, 7409.25it/s]
98944it [00:14, 7725.86it/s]
99739it [00:14, 7789.58it/s]
100000it [00:14, 6896.23it/s]
Upload time: 15.104950095992535
Total import time: 46.11103987228125
Experiment stage: Search

0it [00:00, ?it/s]
4it [00:00,  5.27it/s]
12it [00:00, 16.90it/s]
22it [00:00, 31.96it/s]
46it [00:01, 74.77it/s]
110it [00:01, 202.97it/s]
199it [00:01, 371.01it/s]
280it [00:01, 484.47it/s]
368it [00:01, 589.60it/s]
469it [00:01, 704.29it/s]
572it [00:01, 796.37it/s]
673it [00:01, 856.95it/s]
764it [00:01, 865.05it/s]
854it [00:01, 860.58it/s]
948it [00:02, 882.65it/s]
1039it [00:02, 879.70it/s]
1132it [00:02, 892.89it/s]
1223it [00:02, 896.10it/s]
1314it [00:02, 866.04it/s]
1405it [00:02, 878.50it/s]
1494it [00:02, 876.07it/s]
1582it [00:02, 850.75it/s]
1668it [00:02, 825.70it/s]
1751it [00:03, 796.09it/s]
1849it [00:03, 845.87it/s]
1944it [00:03, 874.46it/s]
2032it [00:03, 863.50it/s]
2122it [00:03, 873.08it/s]
2211it [00:03, 877.10it/s]
2299it [00:03, 872.22it/s]
2387it [00:03, 860.79it/s]
2475it [00:03, 863.44it/s]
2562it [00:03, 850.21it/s]
2658it [00:04, 879.55it/s]
2750it [00:04, 890.65it/s]
2848it [00:04, 913.51it/s]
2945it [00:04, 928.88it/s]
3038it [00:04, 833.89it/s]
3124it [00:04, 802.83it/s]
3206it [00:04, 805.30it/s]
3296it [00:04, 829.06it/s]
3384it [00:04, 842.93it/s]
3473it [00:05, 856.13it/s]
3561it [00:05, 862.43it/s]
3648it [00:05, 854.74it/s]
3740it [00:05, 873.19it/s]
3828it [00:05, 843.19it/s]
3913it [00:05, 832.22it/s]
3997it [00:05, 716.19it/s]
4083it [00:05, 753.46it/s]
4170it [00:05, 781.12it/s]
4258it [00:06, 807.54it/s]
4342it [00:06, 816.53it/s]
4430it [00:06, 834.03it/s]
4526it [00:06, 869.51it/s]
4617it [00:06, 881.24it/s]
4706it [00:06, 870.53it/s]
4800it [00:06, 883.86it/s]
4890it [00:06, 886.55it/s]
4979it [00:06, 881.97it/s]
5068it [00:06, 865.95it/s]
5157it [00:07, 871.13it/s]
5248it [00:07, 881.62it/s]
5337it [00:07, 870.01it/s]
5425it [00:07, 859.27it/s]
5515it [00:07, 870.13it/s]
5603it [00:07, 854.36it/s]
5689it [00:07, 851.14it/s]
5779it [00:07, 864.56it/s]
5869it [00:07, 874.70it/s]
5963it [00:07, 889.38it/s]
6052it [00:08, 860.51it/s]
6142it [00:08, 870.28it/s]
6236it [00:08, 890.15it/s]
6326it [00:08, 863.53it/s]
6413it [00:08, 853.53it/s]
6507it [00:08, 875.20it/s]
6599it [00:08, 887.17it/s]
6688it [00:08, 878.19it/s]
6776it [00:08, 873.96it/s]
6867it [00:08, 882.66it/s]
6959it [00:09, 893.08it/s]
7051it [00:09, 899.90it/s]
7144it [00:09, 907.11it/s]
7235it [00:09, 898.06it/s]
7333it [00:09, 911.22it/s]
7425it [00:09, 903.64it/s]
7518it [00:09, 910.97it/s]
7610it [00:09, 900.61it/s]
7704it [00:09, 911.81it/s]
7796it [00:10, 889.97it/s]
7886it [00:10, 820.91it/s]
7970it [00:10, 784.40it/s]
8061it [00:10, 818.57it/s]
8145it [00:10, 822.19it/s]
8234it [00:10, 839.48it/s]
8319it [00:10, 799.93it/s]
8409it [00:10, 827.28it/s]
8508it [00:10, 873.69it/s]
8600it [00:10, 886.93it/s]
8695it [00:11, 903.94it/s]
8786it [00:11, 899.29it/s]
8882it [00:11, 916.65it/s]
8974it [00:11, 911.92it/s]
9070it [00:11, 925.52it/s]
9163it [00:11, 891.68it/s]
9253it [00:11, 875.79it/s]
9341it [00:11, 802.03it/s]
9423it [00:11, 804.07it/s]
9505it [00:12, 776.06it/s]
9584it [00:12, 772.78it/s]
9667it [00:12, 787.31it/s]
9750it [00:12, 798.92it/s]
9840it [00:12, 826.50it/s]
9923it [00:12, 794.34it/s]
10000it [00:12, 790.20it/s]
Experiment stage: Done
Results saved to:  /home/dzh/project/vdtuner/vector-db-benchmark-master/results
>>> [Step 5] 收尾工作...
    监控日志已保存。
📊 测试结果摘要:
0.39608000000000004
783.6468231097513
0.00398133925627917
line1:  0.00398133925627917
line1:  783.6468231097513
line1:  0.39608000000000004
numeric_values:  [0.00398133925627917, 783.6468231097513, 0.39608000000000004]
[81] 9071 0.39608000000000004 0.00398133925627917 150
/bin/sh: 1: Syntax error: "(" unexpected
/data/dzh/venv/lib/python3.10/site-packages/botorch/acquisition/multi_objective/monte_carlo.py:110: NumericsWarning: qExpectedHypervolumeImprovement has known numerical issues that lead to suboptimal optimization performance. It is strongly recommended to simply replace

	 qExpectedHypervolumeImprovement 	 --> 	 qLogExpectedHypervolumeImprovement 

instead, which fixes the issues and has the same API. See https://arxiv.org/abs/2310.20708 for details.
  legacy_ei_numerics_warning(legacy_name=type(self).__name__)
--- DEBUG: Starting command:---
=======================================
🛠️  开始测试流程
Engine: milvus-p10 | Dataset: random-geo-radius-2048-angular-no-filters
=======================================
>>> [Step 1] 启动后台监控...
    监控进程 PID: 1415554
>>> [Step 2] 重置 Milvus...
 Container milvus-standalone  Stopping
 Container milvus-standalone  Stopped
 Container milvus-standalone  Removing
 Container milvus-standalone  Removed
 Container milvus-minio  Stopping
 Container milvus-etcd  Stopping
 Container milvus-minio  Stopped
 Container milvus-minio  Removing
 Container milvus-etcd  Stopped
 Container milvus-etcd  Removing
 Container milvus-etcd  Removed
 Container milvus-minio  Removed
 Network milvus  Removing
 Network milvus  Removed
    🧹 清理宿主机数据目录: /home/dzh/project/vdtuner/vector-db-benchmark-master/engine/servers/milvus-single-node/volumes
 Network milvus  Creating
 Network milvus  Created
 Container milvus-minio  Creating
 Container milvus-etcd  Creating
 Container milvus-minio  Created
 Container milvus-etcd  Created
 Container milvus-standalone  Creating
 Container milvus-standalone  Created
 Container milvus-minio  Starting
 Container milvus-etcd  Starting
 Container milvus-etcd  Started
 Container milvus-minio  Started
 Container milvus-standalone  Starting
 Container milvus-standalone  Started
>>> [Step 3] 等待服务启动 (90s)...
    等待中... (10s/120s)
    ✅ Milvus 服务已就绪
>>> [Step 4] 运行 Benchmark...
Running experiment: milvus-p10 - random-geo-radius-2048-angular-no-filters
established connection
/home/dzh/project/vdtuner/vector-db-benchmark-master/datasets/random-geo-radius-2048-angular/random_geo_100k_no_filters already exists
Experiment stage: Configure
Experiment stage: Upload

0it [00:00, ?it/s]
1it [00:02,  2.78s/it]
704it [00:02, 343.46it/s]
1095it [00:03, 552.51it/s]
1416it [00:03, 723.94it/s]
1682it [00:03, 900.59it/s]
1934it [00:03, 1043.38it/s]
2240it [00:03, 1320.34it/s]
2487it [00:03, 1449.58it/s]
3008it [00:03, 2143.74it/s]
3901it [00:03, 3568.83it/s]
4864it [00:04, 4967.12it/s]
5888it [00:04, 6272.17it/s]
6871it [00:04, 7202.25it/s]
7793it [00:04, 7750.19it/s]
8704it [00:04, 8011.62it/s]
9600it [00:04, 8263.84it/s]
10578it [00:04, 8698.90it/s]
11584it [00:04, 9016.62it/s]
12544it [00:04, 9055.37it/s]
13568it [00:04, 9397.36it/s]
14592it [00:05, 9611.03it/s]
15616it [00:05, 9719.50it/s]
16594it [00:05, 9715.62it/s]
17570it [00:05, 8505.67it/s]
18560it [00:05, 8788.68it/s]
19584it [00:05, 9061.18it/s]
20544it [00:05, 9133.74it/s]
21470it [00:05, 9092.80it/s]
22400it [00:05, 9086.76it/s]
23424it [00:06, 9311.11it/s]
24437it [00:06, 9547.93it/s]
25408it [00:06, 9455.38it/s]
26368it [00:06, 9451.86it/s]
27328it [00:06, 9372.08it/s]
28352it [00:06, 9516.19it/s]
29305it [00:06, 9509.89it/s]
30257it [00:06, 9280.28it/s]
31187it [00:06, 9262.43it/s]
32115it [00:06, 9228.38it/s]
33039it [00:07, 6193.60it/s]
33984it [00:07, 6878.58it/s]
34880it [00:07, 7335.16it/s]
35788it [00:07, 7776.24it/s]
36638it [00:07, 7494.04it/s]
37439it [00:07, 7610.41it/s]
38336it [00:07, 7961.37it/s]
39232it [00:07, 8150.34it/s]
40192it [00:08, 8454.12it/s]
41088it [00:08, 8522.71it/s]
41984it [00:08, 8646.48it/s]
42944it [00:08, 8844.73it/s]
43899it [00:08, 9050.42it/s]
44809it [00:08, 8869.87it/s]
45760it [00:08, 9041.16it/s]
46668it [00:08, 9047.94it/s]
47576it [00:08, 7614.63it/s]
48377it [00:09, 7683.46it/s]
49216it [00:09, 7833.94it/s]
50112it [00:09, 8039.10it/s]
50944it [00:09, 8047.50it/s]
51840it [00:09, 8284.72it/s]
52713it [00:09, 8412.65it/s]
53568it [00:09, 8427.55it/s]
54528it [00:09, 8683.64it/s]
55424it [00:09, 8754.00it/s]
56302it [00:09, 8644.96it/s]
57169it [00:10, 8588.53it/s]
58048it [00:10, 8623.12it/s]
58912it [00:10, 8536.02it/s]
59840it [00:10, 8652.40it/s]
60800it [00:10, 8911.33it/s]
61692it [00:10, 6335.85it/s]
62528it [00:10, 6698.87it/s]
63376it [00:10, 7130.26it/s]
64256it [00:11, 7474.67it/s]
65152it [00:11, 7765.37it/s]
66114it [00:11, 8272.75it/s]
66976it [00:11, 8369.13it/s]
67840it [00:11, 8402.81it/s]
68736it [00:11, 8434.57it/s]
69696it [00:11, 8636.28it/s]
70568it [00:11, 8650.45it/s]
71439it [00:11, 8587.65it/s]
72320it [00:11, 8643.66it/s]
73188it [00:12, 8639.87it/s]
74112it [00:12, 8748.68it/s]
75014it [00:12, 8828.24it/s]
75898it [00:12, 7135.02it/s]
76680it [00:12, 7309.35it/s]
77568it [00:12, 7614.12it/s]
78456it [00:12, 7959.39it/s]
79296it [00:12, 8025.39it/s]
80192it [00:12, 8220.92it/s]
81088it [00:13, 8365.05it/s]
81934it [00:13, 8367.91it/s]
82816it [00:13, 8402.26it/s]
83661it [00:13, 8235.26it/s]
84544it [00:13, 8394.54it/s]
85387it [00:13, 8402.74it/s]
86230it [00:13, 8381.84it/s]
87104it [00:13, 8386.63it/s]
88000it [00:13, 8449.75it/s]
88846it [00:13, 8396.47it/s]
89728it [00:14, 8403.68it/s]
90624it [00:14, 8459.92it/s]
91471it [00:14, 5149.04it/s]
92352it [00:14, 5856.55it/s]
93225it [00:14, 6498.57it/s]
94144it [00:14, 7099.40it/s]
95040it [00:14, 7544.99it/s]
95936it [00:14, 7875.76it/s]
96832it [00:15, 8074.68it/s]
97728it [00:15, 8257.01it/s]
98630it [00:15, 8473.00it/s]
99521it [00:15, 8597.85it/s]
100000it [00:15, 6469.54it/s]
Upload time: 15.858583664055914
Total import time: 46.67318842001259
Experiment stage: Search

0it [00:00, ?it/s]
4it [00:00,  5.07it/s]
14it [00:00, 18.74it/s]
45it [00:01, 69.04it/s]
91it [00:01, 146.27it/s]
175it [00:01, 298.30it/s]
270it [00:01, 453.38it/s]
367it [00:01, 581.95it/s]
460it [00:01, 672.74it/s]
550it [00:01, 733.85it/s]
633it [00:01, 757.01it/s]
718it [00:01, 783.50it/s]
813it [00:01, 830.22it/s]
900it [00:02, 837.92it/s]
1001it [00:02, 887.05it/s]
1092it [00:02, 816.35it/s]
1177it [00:02, 801.61it/s]
1270it [00:02, 836.69it/s]
1356it [00:02, 838.94it/s]
1444it [00:02, 850.00it/s]
1530it [00:02, 802.07it/s]
1612it [00:02, 801.44it/s]
1694it [00:03, 803.99it/s]
1791it [00:03, 846.98it/s]
1877it [00:03, 845.93it/s]
1962it [00:03, 845.05it/s]
2057it [00:03, 874.53it/s]
2153it [00:03, 899.42it/s]
2247it [00:03, 910.34it/s]
2339it [00:03, 897.13it/s]
2429it [00:03, 871.61it/s]
2529it [00:03, 907.79it/s]
2624it [00:04, 919.45it/s]
2717it [00:04, 908.67it/s]
2809it [00:04, 887.19it/s]
2903it [00:04, 902.28it/s]
2994it [00:04, 871.27it/s]
3097it [00:04, 915.33it/s]
3193it [00:04, 927.67it/s]
3287it [00:04, 899.39it/s]
3378it [00:04, 870.61it/s]
3469it [00:04, 880.16it/s]
3565it [00:05, 902.96it/s]
3658it [00:05, 909.43it/s]
3750it [00:05, 879.34it/s]
3839it [00:05, 860.86it/s]
3926it [00:05, 848.12it/s]
4012it [00:05, 848.29it/s]
4100it [00:05, 857.26it/s]
4198it [00:05, 890.93it/s]
4288it [00:05, 883.69it/s]
4380it [00:06, 892.81it/s]
4472it [00:06, 900.63it/s]
4563it [00:06, 901.71it/s]
4656it [00:06, 908.90it/s]
4747it [00:06, 908.10it/s]
4838it [00:06, 886.58it/s]
4927it [00:06, 860.34it/s]
5014it [00:06, 862.42it/s]
5101it [00:06, 832.99it/s]
5186it [00:06, 837.76it/s]
5272it [00:07, 843.71it/s]
5362it [00:07, 856.92it/s]
5453it [00:07, 870.38it/s]
5541it [00:07, 844.19it/s]
5631it [00:07, 855.57it/s]
5718it [00:07, 858.08it/s]
5811it [00:07, 876.71it/s]
5902it [00:07, 885.90it/s]
5995it [00:07, 897.41it/s]
6085it [00:07, 872.50it/s]
6173it [00:08, 838.95it/s]
6266it [00:08, 861.68it/s]
6353it [00:08, 863.60it/s]
6450it [00:08, 892.26it/s]
6540it [00:08, 862.61it/s]
6629it [00:08, 829.87it/s]
6717it [00:08, 842.08it/s]
6802it [00:08, 826.03it/s]
6892it [00:08, 846.28it/s]
6977it [00:09, 835.12it/s]
7061it [00:09, 832.27it/s]
7150it [00:09, 842.35it/s]
7235it [00:09, 827.36it/s]
7318it [00:09, 824.26it/s]
7401it [00:09, 809.17it/s]
7482it [00:09, 804.67it/s]
7567it [00:09, 816.35it/s]
7650it [00:09, 820.06it/s]
7733it [00:09, 764.29it/s]
7816it [00:10, 776.96it/s]
7897it [00:10, 785.36it/s]
7982it [00:10, 803.01it/s]
8071it [00:10, 824.49it/s]
8156it [00:10, 830.59it/s]
8241it [00:10, 834.71it/s]
8325it [00:10, 803.82it/s]
8406it [00:10, 802.79it/s]
8492it [00:10, 816.46it/s]
8581it [00:11, 836.65it/s]
8665it [00:11, 831.80it/s]
8749it [00:11, 797.85it/s]
8830it [00:11, 776.78it/s]
8908it [00:11, 769.09it/s]
8998it [00:11, 805.51it/s]
9087it [00:11, 827.77it/s]
9185it [00:11, 871.05it/s]
9278it [00:11, 887.47it/s]
9367it [00:11, 852.00it/s]
9453it [00:12, 849.79it/s]
9539it [00:12, 837.86it/s]
9624it [00:12, 836.24it/s]
9708it [00:12, 828.10it/s]
9793it [00:12, 833.13it/s]
9879it [00:12, 838.24it/s]
9963it [00:12, 820.21it/s]
10000it [00:12, 785.87it/s]
Experiment stage: Done
Results saved to:  /home/dzh/project/vdtuner/vector-db-benchmark-master/results
>>> [Step 5] 收尾工作...
    监控日志已保存。
📊 测试结果摘要:
0.35148999999999997
779.3732369902383
0.004000907996669412
line1:  0.004000907996669412
line1:  779.3732369902383
line1:  0.35148999999999997
numeric_values:  [0.004000907996669412, 779.3732369902383, 0.35148999999999997]
[82] 9221 0.35148999999999997 0.004000907996669412 149
/bin/sh: 1: Syntax error: "(" unexpected
/data/dzh/venv/lib/python3.10/site-packages/botorch/acquisition/multi_objective/monte_carlo.py:110: NumericsWarning: qExpectedHypervolumeImprovement has known numerical issues that lead to suboptimal optimization performance. It is strongly recommended to simply replace

	 qExpectedHypervolumeImprovement 	 --> 	 qLogExpectedHypervolumeImprovement 

instead, which fixes the issues and has the same API. See https://arxiv.org/abs/2310.20708 for details.
  legacy_ei_numerics_warning(legacy_name=type(self).__name__)
--- DEBUG: Starting command:---
=======================================
🛠️  开始测试流程
Engine: milvus-p10 | Dataset: random-geo-radius-2048-angular-no-filters
=======================================
>>> [Step 1] 启动后台监控...
    监控进程 PID: 1437041
>>> [Step 2] 重置 Milvus...
 Container milvus-standalone  Stopping
 Container milvus-standalone  Stopped
 Container milvus-standalone  Removing
 Container milvus-standalone  Removed
 Container milvus-etcd  Stopping
 Container milvus-minio  Stopping
 Container milvus-etcd  Stopped
 Container milvus-etcd  Removing
 Container milvus-minio  Stopped
 Container milvus-minio  Removing
 Container milvus-etcd  Removed
 Container milvus-minio  Removed
 Network milvus  Removing
 Network milvus  Removed
    🧹 清理宿主机数据目录: /home/dzh/project/vdtuner/vector-db-benchmark-master/engine/servers/milvus-single-node/volumes
 Network milvus  Creating
 Network milvus  Created
 Container milvus-etcd  Creating
 Container milvus-minio  Creating
 Container milvus-etcd  Created
 Container milvus-minio  Created
 Container milvus-standalone  Creating
 Container milvus-standalone  Created
 Container milvus-etcd  Starting
 Container milvus-minio  Starting
 Container milvus-minio  Started
 Container milvus-etcd  Started
 Container milvus-standalone  Starting
 Container milvus-standalone  Started
>>> [Step 3] 等待服务启动 (90s)...
    等待中... (10s/120s)
    ✅ Milvus 服务已就绪
>>> [Step 4] 运行 Benchmark...
Running experiment: milvus-p10 - random-geo-radius-2048-angular-no-filters
established connection
/home/dzh/project/vdtuner/vector-db-benchmark-master/datasets/random-geo-radius-2048-angular/random_geo_100k_no_filters already exists
Experiment stage: Configure
Experiment stage: Upload

0it [00:00, ?it/s]
1it [00:03,  3.05s/it]
704it [00:03, 314.53it/s]
1113it [00:03, 531.92it/s]
1481it [00:03, 733.66it/s]
1787it [00:03, 939.43it/s]
2077it [00:03, 1126.58it/s]
2343it [00:03, 1308.52it/s]
2880it [00:03, 1958.70it/s]
3287it [00:04, 2355.18it/s]
4032it [00:04, 3420.74it/s]
5048it [00:04, 4980.27it/s]
6032it [00:04, 6187.38it/s]
7068it [00:04, 7280.28it/s]
8064it [00:04, 7952.54it/s]
9024it [00:04, 8349.53it/s]
9984it [00:04, 8689.16it/s]
10944it [00:04, 8908.57it/s]
11904it [00:04, 9077.31it/s]
12864it [00:05, 9156.50it/s]
13824it [00:05, 9182.61it/s]
14784it [00:05, 9289.62it/s]
15744it [00:05, 9307.46it/s]
16681it [00:05, 6334.63it/s]
17600it [00:05, 6907.04it/s]
18560it [00:05, 7519.85it/s]
19456it [00:05, 7863.16it/s]
20480it [00:06, 8414.62it/s]
21504it [00:06, 8812.17it/s]
22528it [00:06, 9125.05it/s]
23488it [00:06, 9183.21it/s]
24428it [00:06, 9121.76it/s]
25355it [00:06, 8957.05it/s]
26262it [00:06, 8985.37it/s]
27200it [00:06, 8975.51it/s]
28160it [00:06, 9079.21it/s]
29072it [00:06, 9067.15it/s]
29986it [00:07, 9087.76it/s]
30976it [00:07, 9205.34it/s]
31898it [00:07, 6268.69it/s]
32832it [00:07, 6890.36it/s]
33792it [00:07, 7532.77it/s]
34752it [00:07, 8012.02it/s]
35776it [00:07, 8530.31it/s]
36685it [00:07, 8536.36it/s]
37632it [00:08, 8726.63it/s]
38592it [00:08, 8866.30it/s]
39499it [00:08, 8854.12it/s]
40399it [00:08, 8382.85it/s]
41252it [00:08, 8265.19it/s]
42089it [00:08, 8187.92it/s]
42915it [00:08, 8073.87it/s]
43776it [00:08, 8218.52it/s]
44736it [00:08, 8616.23it/s]
45602it [00:08, 8586.93it/s]
46464it [00:09, 6308.44it/s]
47360it [00:09, 6861.18it/s]
48246it [00:09, 7359.55it/s]
49118it [00:09, 7716.89it/s]
50048it [00:09, 8087.02it/s]
50975it [00:09, 8416.68it/s]
51845it [00:09, 8438.32it/s]
52736it [00:09, 8468.77it/s]
53597it [00:10, 8504.72it/s]
54458it [00:10, 8394.43it/s]
55361it [00:10, 8577.69it/s]
56225it [00:10, 8595.46it/s]
57089it [00:10, 8474.28it/s]
57996it [00:10, 8648.49it/s]
58880it [00:10, 8618.66it/s]
59776it [00:10, 8673.68it/s]
60672it [00:10, 8752.41it/s]
61549it [00:10, 8465.72it/s]
62399it [00:11, 8254.38it/s]
63232it [00:11, 8211.54it/s]
64192it [00:11, 8501.67it/s]
65088it [00:11, 8627.32it/s]
65984it [00:11, 8647.42it/s]
66944it [00:11, 8831.02it/s]
67904it [00:11, 8993.88it/s]
68864it [00:11, 9024.56it/s]
69824it [00:11, 9102.41it/s]
70735it [00:11, 9103.18it/s]
71681it [00:12, 9207.60it/s]
72617it [00:12, 9251.98it/s]
73543it [00:12, 9107.81it/s]
74496it [00:12, 9154.18it/s]
75412it [00:12, 9083.88it/s]
76352it [00:12, 9053.93it/s]
77258it [00:12, 7296.67it/s]
78042it [00:12, 7369.76it/s]
78992it [00:12, 7930.62it/s]
79872it [00:13, 8160.28it/s]
80768it [00:13, 8368.81it/s]
81689it [00:13, 8608.98it/s]
82618it [00:13, 8805.71it/s]
83520it [00:13, 8761.48it/s]
84416it [00:13, 8787.58it/s]
85376it [00:13, 8938.79it/s]
86274it [00:13, 8801.35it/s]
87168it [00:13, 8825.13it/s]
88064it [00:14, 8757.63it/s]
88942it [00:14, 8329.09it/s]
89780it [00:14, 8342.79it/s]
90638it [00:14, 8410.81it/s]
91520it [00:14, 8462.40it/s]
92369it [00:14, 7076.25it/s]
93171it [00:14, 7320.34it/s]
93952it [00:14, 7415.71it/s]
94720it [00:14, 7481.39it/s]
95488it [00:14, 7525.94it/s]
96315it [00:15, 7740.10it/s]
97131it [00:15, 7861.86it/s]
98048it [00:15, 8146.10it/s]
98944it [00:15, 8381.06it/s]
99850it [00:15, 8580.91it/s]
100000it [00:15, 6439.22it/s]
Upload time: 15.915141975972801
Total import time: 46.54908023914322
Experiment stage: Search

0it [00:00, ?it/s]
4it [00:00,  5.46it/s]
13it [00:00, 19.22it/s]
32it [00:00, 51.39it/s]
55it [00:01, 89.22it/s]
112it [00:01, 200.93it/s]
197it [00:01, 362.53it/s]
292it [00:01, 515.80it/s]
380it [00:01, 613.98it/s]
471it [00:01, 695.35it/s]
559it [00:01, 746.81it/s]
647it [00:01, 783.19it/s]
730it [00:01, 789.63it/s]
816it [00:01, 810.11it/s]
900it [00:02, 813.71it/s]
992it [00:02, 843.32it/s]
1078it [00:02, 812.64it/s]
1166it [00:02, 830.41it/s]
1265it [00:02, 875.73it/s]
1354it [00:02, 872.08it/s]
1442it [00:02, 820.80it/s]
1525it [00:02, 805.37it/s]
1611it [00:02, 818.68it/s]
1696it [00:02, 827.06it/s]
1789it [00:03, 856.10it/s]
1881it [00:03, 874.65it/s]
1976it [00:03, 895.20it/s]
2069it [00:03, 902.96it/s]
2160it [00:03, 898.66it/s]
2251it [00:03, 901.77it/s]
2344it [00:03, 907.68it/s]
2435it [00:03, 891.08it/s]
2528it [00:03, 901.55it/s]
2619it [00:04, 902.07it/s]
2710it [00:04, 876.48it/s]
2798it [00:04, 843.06it/s]
2883it [00:04, 830.10it/s]
2967it [00:04, 826.61it/s]
3065it [00:04, 870.11it/s]
3159it [00:04, 888.99it/s]
3253it [00:04, 902.70it/s]
3344it [00:04, 837.81it/s]
3429it [00:04, 828.06it/s]
3523it [00:05, 858.68it/s]
3612it [00:05, 867.66it/s]
3704it [00:05, 879.89it/s]
3794it [00:05, 882.64it/s]
3886it [00:05, 893.58it/s]
3976it [00:05, 872.38it/s]
4068it [00:05, 885.91it/s]
4160it [00:05, 895.86it/s]
4250it [00:05, 897.06it/s]
4340it [00:06, 846.10it/s]
4436it [00:06, 876.83it/s]
4528it [00:06, 885.42it/s]
4617it [00:06, 886.41it/s]
4712it [00:06, 903.70it/s]
4807it [00:06, 915.70it/s]
4900it [00:06, 919.50it/s]
5000it [00:06, 940.31it/s]
5095it [00:06, 896.26it/s]
5188it [00:06, 904.60it/s]
5281it [00:07, 911.53it/s]
5373it [00:07, 909.67it/s]
5465it [00:07, 897.08it/s]
5564it [00:07, 924.15it/s]
5657it [00:07, 913.72it/s]
5749it [00:07, 915.54it/s]
5850it [00:07, 941.78it/s]
5945it [00:07, 938.21it/s]
6039it [00:07, 938.60it/s]
6133it [00:07, 922.27it/s]
6231it [00:08, 937.21it/s]
6325it [00:08, 925.51it/s]
6418it [00:08, 906.78it/s]
6509it [00:08, 882.73it/s]
6602it [00:08, 896.09it/s]
6698it [00:08, 913.72it/s]
6790it [00:08, 907.91it/s]
6881it [00:08, 882.54it/s]
6970it [00:08, 878.04it/s]
7058it [00:09, 847.22it/s]
7145it [00:09, 835.61it/s]
7240it [00:09, 867.81it/s]
7328it [00:09, 852.82it/s]
7423it [00:09, 878.93it/s]
7520it [00:09, 905.09it/s]
7611it [00:09, 886.83it/s]
7705it [00:09, 901.39it/s]
7796it [00:09, 896.88it/s]
7891it [00:09, 911.52it/s]
7983it [00:10, 852.83it/s]
8075it [00:10, 869.58it/s]
8165it [00:10, 877.39it/s]
8254it [00:10, 875.50it/s]
8343it [00:10, 877.25it/s]
8431it [00:10, 870.30it/s]
8524it [00:10, 885.70it/s]
8618it [00:10, 900.02it/s]
8709it [00:10, 889.50it/s]
8799it [00:10, 868.52it/s]
8887it [00:11, 866.24it/s]
8974it [00:11, 811.54it/s]
9062it [00:11, 830.02it/s]
9155it [00:11, 857.48it/s]
9255it [00:11, 897.44it/s]
9347it [00:11, 901.87it/s]
9448it [00:11, 932.44it/s]
9549it [00:11, 954.41it/s]
9645it [00:11, 943.26it/s]
9740it [00:12, 938.81it/s]
9835it [00:12, 786.98it/s]
9930it [00:12, 828.15it/s]
10000it [00:12, 809.36it/s]
Experiment stage: Done
Results saved to:  /home/dzh/project/vdtuner/vector-db-benchmark-master/results
>>> [Step 5] 收尾工作...
    监控日志已保存。
📊 测试结果摘要:
0.35486999999999996
799.661355199737
0.003785487357527017
line1:  0.003785487357527017
line1:  799.661355199737
line1:  0.35486999999999996
numeric_values:  [0.003785487357527017, 799.661355199737, 0.35486999999999996]
[83] 9364 0.35486999999999996 0.003785487357527017 143
/bin/sh: 1: Syntax error: "(" unexpected
/data/dzh/venv/lib/python3.10/site-packages/botorch/acquisition/multi_objective/monte_carlo.py:110: NumericsWarning: qExpectedHypervolumeImprovement has known numerical issues that lead to suboptimal optimization performance. It is strongly recommended to simply replace

	 qExpectedHypervolumeImprovement 	 --> 	 qLogExpectedHypervolumeImprovement 

instead, which fixes the issues and has the same API. See https://arxiv.org/abs/2310.20708 for details.
  legacy_ei_numerics_warning(legacy_name=type(self).__name__)
--- DEBUG: Starting command:---
=======================================
🛠️  开始测试流程
Engine: milvus-p10 | Dataset: random-geo-radius-2048-angular-no-filters
=======================================
>>> [Step 1] 启动后台监控...
    监控进程 PID: 1458519
>>> [Step 2] 重置 Milvus...
 Container milvus-standalone  Stopping
 Container milvus-standalone  Stopped
 Container milvus-standalone  Removing
 Container milvus-standalone  Removed
 Container milvus-minio  Stopping
 Container milvus-etcd  Stopping
 Container milvus-etcd  Stopped
 Container milvus-etcd  Removing
 Container milvus-minio  Stopped
 Container milvus-minio  Removing
 Container milvus-etcd  Removed
 Container milvus-minio  Removed
 Network milvus  Removing
 Network milvus  Removed
    🧹 清理宿主机数据目录: /home/dzh/project/vdtuner/vector-db-benchmark-master/engine/servers/milvus-single-node/volumes
 Network milvus  Creating
 Network milvus  Created
 Container milvus-etcd  Creating
 Container milvus-minio  Creating
 Container milvus-etcd  Created
 Container milvus-minio  Created
 Container milvus-standalone  Creating
 Container milvus-standalone  Created
 Container milvus-minio  Starting
 Container milvus-etcd  Starting
 Container milvus-etcd  Started
 Container milvus-minio  Started
 Container milvus-standalone  Starting
 Container milvus-standalone  Started
>>> [Step 3] 等待服务启动 (90s)...
    等待中... (10s/120s)
    ✅ Milvus 服务已就绪
>>> [Step 4] 运行 Benchmark...
Running experiment: milvus-p10 - random-geo-radius-2048-angular-no-filters
established connection
/home/dzh/project/vdtuner/vector-db-benchmark-master/datasets/random-geo-radius-2048-angular/random_geo_100k_no_filters already exists
Experiment stage: Configure
Experiment stage: Upload

0it [00:00, ?it/s]
1it [00:02,  2.33s/it]
704it [00:02, 405.58it/s]
1101it [00:02, 644.25it/s]
1426it [00:02, 858.77it/s]
1728it [00:02, 1104.90it/s]
2048it [00:02, 1356.26it/s]
2331it [00:03, 1496.46it/s]
2752it [00:03, 1889.31it/s]
3328it [00:03, 2634.82it/s]
4416it [00:03, 4401.22it/s]
5453it [00:03, 5810.58it/s]
6528it [00:03, 7049.15it/s]
7552it [00:03, 7830.68it/s]
8576it [00:03, 8398.95it/s]
9538it [00:03, 8738.08it/s]
10496it [00:04, 8968.37it/s]
11456it [00:04, 9146.27it/s]
12480it [00:04, 9384.81it/s]
13478it [00:04, 9558.21it/s]
14528it [00:04, 9714.87it/s]
15552it [00:04, 9853.95it/s]
16576it [00:04, 9860.30it/s]
17567it [00:04, 5944.92it/s]
18617it [00:05, 6864.94it/s]
19584it [00:05, 7461.35it/s]
20608it [00:05, 8064.59it/s]
21528it [00:05, 8269.00it/s]
22528it [00:05, 8654.51it/s]
23488it [00:05, 8846.34it/s]
24418it [00:05, 8868.29it/s]
25337it [00:05, 8909.66it/s]
26251it [00:05, 8950.53it/s]
27200it [00:06, 9006.61it/s]
28235it [00:06, 9396.54it/s]
29248it [00:06, 9513.37it/s]
30272it [00:06, 9585.15it/s]
31235it [00:06, 9422.62it/s]
32256it [00:06, 9526.74it/s]
33211it [00:06, 5977.49it/s]
34137it [00:06, 6655.24it/s]
35118it [00:07, 7373.98it/s]
35990it [00:07, 7704.03it/s]
36959it [00:07, 8219.55it/s]
37888it [00:07, 8436.44it/s]
38873it [00:07, 8827.98it/s]
39797it [00:07, 8719.21it/s]
40704it [00:07, 8810.39it/s]
41664it [00:07, 8947.77it/s]
42623it [00:07, 9133.13it/s]
43548it [00:07, 9000.91it/s]
44480it [00:08, 8951.77it/s]
45432it [00:08, 9116.42it/s]
46349it [00:08, 9042.35it/s]
47296it [00:08, 9093.80it/s]
48208it [00:08, 5250.47it/s]
49088it [00:08, 5904.73it/s]
49890it [00:08, 6362.33it/s]
50752it [00:09, 6787.70it/s]
51712it [00:09, 7423.72it/s]
52672it [00:09, 7935.46it/s]
53632it [00:09, 8296.57it/s]
54592it [00:09, 8570.02it/s]
55593it [00:09, 8974.37it/s]
56518it [00:09, 8916.15it/s]
57499it [00:09, 9172.69it/s]
58431it [00:09, 9098.73it/s]
59352it [00:09, 8984.90it/s]
60258it [00:10, 8750.09it/s]
61139it [00:10, 8767.15it/s]
62073it [00:10, 8933.22it/s]
62970it [00:10, 7442.44it/s]
63758it [00:10, 7342.82it/s]
64640it [00:10, 7654.16it/s]
65501it [00:10, 7913.65it/s]
66312it [00:10, 7887.49it/s]
67183it [00:10, 8120.32it/s]
68032it [00:11, 8128.23it/s]
68928it [00:11, 8345.33it/s]
69931it [00:11, 8836.49it/s]
70821it [00:11, 8765.79it/s]
71744it [00:11, 8798.45it/s]
72640it [00:11, 8791.18it/s]
73522it [00:11, 8759.18it/s]
74410it [00:11, 8794.47it/s]
75291it [00:11, 8749.39it/s]
76167it [00:11, 8665.18it/s]
77035it [00:12, 8486.72it/s]
77885it [00:12, 8416.83it/s]
78728it [00:12, 5499.55it/s]
79680it [00:12, 6290.09it/s]
80648it [00:12, 7077.99it/s]
81600it [00:12, 7610.89it/s]
82485it [00:12, 7933.31it/s]
83392it [00:12, 8195.90it/s]
84288it [00:13, 8399.76it/s]
85268it [00:13, 8797.17it/s]
86208it [00:13, 8881.15it/s]
87115it [00:13, 8826.36it/s]
88011it [00:13, 8425.37it/s]
88896it [00:13, 8515.48it/s]
89792it [00:13, 8549.78it/s]
90654it [00:13, 8551.49it/s]
91514it [00:13, 8389.61it/s]
92357it [00:14, 8249.89it/s]
93312it [00:14, 8508.22it/s]
94165it [00:14, 5218.75it/s]
95040it [00:14, 5897.97it/s]
95770it [00:14, 6194.81it/s]
96576it [00:14, 6623.77it/s]
97344it [00:14, 6796.83it/s]
98176it [00:14, 7179.66it/s]
99052it [00:15, 7611.94it/s]
99968it [00:15, 7967.14it/s]
100000it [00:15, 6593.44it/s]
Upload time: 15.553849569056183
Total import time: 47.17912545800209
Experiment stage: Search

0it [00:00, ?it/s]
4it [00:00,  5.50it/s]
10it [00:00, 14.42it/s]
32it [00:00, 49.78it/s]
62it [00:01, 98.78it/s]
125it [00:01, 215.92it/s]
207it [00:01, 360.69it/s]
288it [00:01, 475.29it/s]
349it [00:01, 510.25it/s]
427it [00:01, 577.51it/s]
510it [00:01, 648.14it/s]
591it [00:01, 693.65it/s]
680it [00:01, 749.49it/s]
762it [00:01, 769.94it/s]
848it [00:02, 796.02it/s]
932it [00:02, 804.84it/s]
1014it [00:02, 739.93it/s]
1090it [00:02, 738.58it/s]
1166it [00:02, 736.94it/s]
1241it [00:02, 737.99it/s]
1337it [00:02, 799.37it/s]
1425it [00:02, 820.91it/s]
1516it [00:02, 845.13it/s]
1601it [00:03, 828.05it/s]
1685it [00:03, 756.37it/s]
1762it [00:03, 689.27it/s]
1840it [00:03, 711.25it/s]
1929it [00:03, 759.66it/s]
2012it [00:03, 777.94it/s]
2103it [00:03, 814.95it/s]
2193it [00:03, 837.00it/s]
2284it [00:03, 858.23it/s]
2372it [00:04, 862.52it/s]
2459it [00:04, 862.91it/s]
2549it [00:04, 873.75it/s]
2637it [00:04, 860.31it/s]
2727it [00:04, 869.50it/s]
2815it [00:04, 844.77it/s]
2900it [00:04, 839.64it/s]
2985it [00:04, 833.26it/s]
3069it [00:04, 834.42it/s]
3153it [00:04, 822.10it/s]
3236it [00:05, 798.65it/s]
3317it [00:05, 716.94it/s]
3413it [00:05, 780.25it/s]
3501it [00:05, 807.10it/s]
3584it [00:05, 792.44it/s]
3667it [00:05, 802.26it/s]
3771it [00:05, 868.68it/s]
3872it [00:05, 908.51it/s]
3975it [00:05, 941.59it/s]
4071it [00:06, 946.01it/s]
4166it [00:06, 887.25it/s]
4256it [00:06, 811.77it/s]
4339it [00:06, 802.16it/s]
4421it [00:06, 805.58it/s]
4503it [00:06, 799.21it/s]
4586it [00:06, 807.76it/s]
4668it [00:06, 810.45it/s]
4760it [00:06, 841.50it/s]
4845it [00:06, 803.91it/s]
4926it [00:07, 790.43it/s]
5006it [00:07, 755.38it/s]
5083it [00:07, 689.16it/s]
5154it [00:07, 684.54it/s]
5224it [00:07, 683.43it/s]
5293it [00:07, 675.84it/s]
5361it [00:07, 644.59it/s]
5434it [00:07, 667.19it/s]
5502it [00:08, 636.94it/s]
5578it [00:08, 665.47it/s]
5661it [00:08, 710.34it/s]
5761it [00:08, 792.75it/s]
5850it [00:08, 811.00it/s]
5932it [00:08, 790.26it/s]
6012it [00:08, 768.61it/s]
6090it [00:08, 757.37it/s]
6172it [00:08, 775.03it/s]
6258it [00:08, 797.76it/s]
6339it [00:09, 775.63it/s]
6418it [00:09, 778.72it/s]
6497it [00:09, 776.69it/s]
6589it [00:09, 816.47it/s]
6674it [00:09, 822.78it/s]
6757it [00:09, 812.85it/s]
6841it [00:09, 819.34it/s]
6924it [00:09, 804.64it/s]
7005it [00:09, 783.39it/s]
7092it [00:09, 807.22it/s]
7187it [00:10, 845.62it/s]
7272it [00:10, 838.14it/s]
7356it [00:10, 805.97it/s]
7443it [00:10, 823.40it/s]
7536it [00:10, 845.33it/s]
7621it [00:10, 838.15it/s]
7705it [00:10, 831.72it/s]
7789it [00:10, 823.84it/s]
7876it [00:10, 837.29it/s]
7960it [00:11, 802.37it/s]
8041it [00:11, 796.72it/s]
8127it [00:11, 813.48it/s]
8217it [00:11, 835.10it/s]
8301it [00:11, 814.25it/s]
8395it [00:11, 849.05it/s]
8488it [00:11, 872.32it/s]
8583it [00:11, 892.89it/s]
8683it [00:11, 921.85it/s]
8776it [00:11, 868.46it/s]
8864it [00:12, 838.70it/s]
8953it [00:12, 849.97it/s]
9039it [00:12, 829.66it/s]
9123it [00:12, 829.36it/s]
9207it [00:12, 795.91it/s]
9292it [00:12, 809.83it/s]
9374it [00:12, 807.10it/s]
9459it [00:12, 814.86it/s]
9541it [00:12, 699.29it/s]
9614it [00:13, 669.08it/s]
9693it [00:13, 699.92it/s]
9768it [00:13, 712.52it/s]
9841it [00:13, 667.30it/s]
9910it [00:13, 670.06it/s]
9998it [00:13, 726.85it/s]
10000it [00:13, 733.71it/s]
Experiment stage: Done
Results saved to:  /home/dzh/project/vdtuner/vector-db-benchmark-master/results
>>> [Step 5] 收尾工作...
    监控日志已保存。
📊 测试结果摘要:
0.36192
728.6706225016693
0.003958092257380485
line1:  0.003958092257380485
line1:  728.6706225016693
line1:  0.36192
numeric_values:  [0.003958092257380485, 728.6706225016693, 0.36192]
[84] 9596 0.36192 0.003958092257380485 232
/bin/sh: 1: Syntax error: "(" unexpected
/data/dzh/venv/lib/python3.10/site-packages/botorch/acquisition/multi_objective/monte_carlo.py:110: NumericsWarning: qExpectedHypervolumeImprovement has known numerical issues that lead to suboptimal optimization performance. It is strongly recommended to simply replace

	 qExpectedHypervolumeImprovement 	 --> 	 qLogExpectedHypervolumeImprovement 

instead, which fixes the issues and has the same API. See https://arxiv.org/abs/2310.20708 for details.
  legacy_ei_numerics_warning(legacy_name=type(self).__name__)
--- DEBUG: Starting command:---
=======================================
🛠️  开始测试流程
Engine: milvus-p10 | Dataset: random-geo-radius-2048-angular-no-filters
=======================================
>>> [Step 1] 启动后台监控...
    监控进程 PID: 1483008
>>> [Step 2] 重置 Milvus...
 Container milvus-standalone  Stopping
 Container milvus-standalone  Stopped
 Container milvus-standalone  Removing
 Container milvus-standalone  Removed
 Container milvus-etcd  Stopping
 Container milvus-minio  Stopping
 Container milvus-etcd  Stopped
 Container milvus-etcd  Removing
 Container milvus-minio  Stopped
 Container milvus-minio  Removing
 Container milvus-etcd  Removed
 Container milvus-minio  Removed
 Network milvus  Removing
 Network milvus  Removed
    🧹 清理宿主机数据目录: /home/dzh/project/vdtuner/vector-db-benchmark-master/engine/servers/milvus-single-node/volumes
 Network milvus  Creating
 Network milvus  Created
 Container milvus-minio  Creating
 Container milvus-etcd  Creating
 Container milvus-minio  Created
 Container milvus-etcd  Created
 Container milvus-standalone  Creating
 Container milvus-standalone  Created
 Container milvus-etcd  Starting
 Container milvus-minio  Starting
 Container milvus-etcd  Started
 Container milvus-minio  Started
 Container milvus-standalone  Starting
 Container milvus-standalone  Started
>>> [Step 3] 等待服务启动 (90s)...
    等待中... (10s/120s)
    ✅ Milvus 服务已就绪
>>> [Step 4] 运行 Benchmark...
Running experiment: milvus-p10 - random-geo-radius-2048-angular-no-filters
established connection
/home/dzh/project/vdtuner/vector-db-benchmark-master/datasets/random-geo-radius-2048-angular/random_geo_100k_no_filters already exists
Experiment stage: Configure
Experiment stage: Upload

0it [00:00, ?it/s]
1it [00:03,  3.29s/it]
768it [00:03, 316.53it/s]
1145it [00:03, 491.82it/s]
1536it [00:03, 731.25it/s]
1867it [00:03, 921.80it/s]
2156it [00:03, 1067.67it/s]
2532it [00:04, 1416.09it/s]
2824it [00:04, 1611.89it/s]
3648it [00:04, 2792.29it/s]
4655it [00:04, 4270.77it/s]
5651it [00:04, 5550.43it/s]
6528it [00:04, 6315.63it/s]
7304it [00:04, 6582.33it/s]
8229it [00:04, 7290.98it/s]
9152it [00:04, 7766.74it/s]
10112it [00:05, 8264.58it/s]
11008it [00:05, 8410.32it/s]
11968it [00:05, 8698.45it/s]
12901it [00:05, 8881.43it/s]
13888it [00:05, 9100.24it/s]
14811it [00:05, 9107.77it/s]
15731it [00:05, 9081.07it/s]
16646it [00:05, 5521.24it/s]
17589it [00:06, 6317.25it/s]
18496it [00:06, 6905.92it/s]
19506it [00:06, 7680.89it/s]
20386it [00:06, 7967.09it/s]
21264it [00:06, 8138.14it/s]
22137it [00:06, 8073.11it/s]
22986it [00:06, 8079.03it/s]
23823it [00:06, 8028.47it/s]
24646it [00:06, 8011.72it/s]
25462it [00:06, 8050.93it/s]
26277it [00:07, 8046.47it/s]
27200it [00:07, 8298.42it/s]
28097it [00:07, 8494.02it/s]
29072it [00:07, 8863.66it/s]
30016it [00:07, 8965.04it/s]
30915it [00:07, 5904.10it/s]
31808it [00:07, 6494.35it/s]
32804it [00:07, 7309.09it/s]
33664it [00:08, 7595.38it/s]
34624it [00:08, 8064.53it/s]
35490it [00:08, 8169.35it/s]
36480it [00:08, 8552.78it/s]
37440it [00:08, 8812.78it/s]
38345it [00:08, 8867.44it/s]
39249it [00:08, 8882.10it/s]
40182it [00:08, 9012.45it/s]
41092it [00:08, 9017.19it/s]
42000it [00:08, 8983.86it/s]
42903it [00:09, 8711.87it/s]
43779it [00:09, 8622.37it/s]
44736it [00:09, 8845.82it/s]
45632it [00:09, 8577.27it/s]
46528it [00:09, 8593.48it/s]
47479it [00:09, 8857.54it/s]
48368it [00:09, 8512.66it/s]
49224it [00:09, 8429.88it/s]
50112it [00:09, 8537.14it/s]
51008it [00:10, 8517.32it/s]
51862it [00:10, 8167.53it/s]
52683it [00:10, 8063.55it/s]
53568it [00:10, 8136.35it/s]
54385it [00:10, 8145.48it/s]
55201it [00:10, 7954.14it/s]
55998it [00:10, 7869.24it/s]
56786it [00:10, 7735.73it/s]
57561it [00:10, 7644.63it/s]
58347it [00:10, 7706.58it/s]
59136it [00:11, 7641.20it/s]
59968it [00:11, 7719.91it/s]
60741it [00:11, 7498.97it/s]
61492it [00:11, 7412.04it/s]
62336it [00:11, 7692.69it/s]
63232it [00:11, 7990.71it/s]
64064it [00:11, 8075.59it/s]
64960it [00:11, 8264.82it/s]
65920it [00:11, 8560.88it/s]
66816it [00:12, 8637.73it/s]
67712it [00:12, 8699.51it/s]
68672it [00:12, 8879.79it/s]
69568it [00:12, 8857.30it/s]
70464it [00:12, 8870.99it/s]
71360it [00:12, 8792.10it/s]
72240it [00:12, 8700.54it/s]
73111it [00:12, 8609.82it/s]
73984it [00:12, 8615.23it/s]
74880it [00:12, 8623.85it/s]
75743it [00:13, 5790.43it/s]
76544it [00:13, 6239.60it/s]
77376it [00:13, 6691.27it/s]
78272it [00:13, 7236.76it/s]
79136it [00:13, 7607.38it/s]
80000it [00:13, 7887.72it/s]
80896it [00:13, 8067.55it/s]
81778it [00:13, 8280.32it/s]
82627it [00:14, 8093.55it/s]
83452it [00:14, 8010.53it/s]
84288it [00:14, 8014.71it/s]
85184it [00:14, 8152.03it/s]
86080it [00:14, 8311.70it/s]
86976it [00:14, 8457.95it/s]
87825it [00:14, 8419.70it/s]
88670it [00:14, 8308.13it/s]
89536it [00:14, 8346.53it/s]
90432it [00:14, 8465.82it/s]
91280it [00:15, 5492.83it/s]
92107it [00:15, 6086.16it/s]
92928it [00:15, 6579.58it/s]
93760it [00:15, 7011.68it/s]
94698it [00:15, 7635.16it/s]
95552it [00:15, 7806.84it/s]
96448it [00:15, 8088.37it/s]
97344it [00:15, 8210.22it/s]
98189it [00:16, 8016.01it/s]
99008it [00:16, 8021.08it/s]
99904it [00:16, 8184.33it/s]
100000it [00:16, 6130.82it/s]
Upload time: 16.905980770941824
Total import time: 46.7162438291125
Experiment stage: Search

0it [00:00, ?it/s]
4it [00:00,  5.15it/s]
13it [00:00, 17.55it/s]
32it [00:01, 47.69it/s]
106it [00:01, 186.05it/s]
142it [00:01, 222.45it/s]
230it [00:01, 376.54it/s]
324it [00:01, 518.87it/s]
418it [00:01, 628.63it/s]
512it [00:01, 712.86it/s]
593it [00:01, 732.29it/s]
676it [00:01, 758.99it/s]
759it [00:01, 775.90it/s]
848it [00:02, 808.99it/s]
932it [00:02, 803.99it/s]
1016it [00:02, 812.66it/s]
1104it [00:02, 830.87it/s]
1190it [00:02, 837.23it/s]
1281it [00:02, 857.85it/s]
1374it [00:02, 877.19it/s]
1472it [00:02, 905.85it/s]
1563it [00:02, 895.89it/s]
1653it [00:02, 869.79it/s]
1742it [00:03, 872.31it/s]
1830it [00:03, 844.33it/s]
1916it [00:03, 842.52it/s]
2015it [00:03, 882.43it/s]
2117it [00:03, 919.39it/s]
2210it [00:03, 893.45it/s]
2300it [00:03, 837.52it/s]
2390it [00:03, 852.45it/s]
2476it [00:03, 813.87it/s]
2559it [00:04, 779.30it/s]
2648it [00:04, 809.40it/s]
2730it [00:04, 807.74it/s]
2824it [00:04, 843.55it/s]
2922it [00:04, 880.30it/s]
3011it [00:04, 864.23it/s]
3098it [00:04, 830.68it/s]
3182it [00:04, 828.09it/s]
3278it [00:04, 864.36it/s]
3365it [00:04, 844.55it/s]
3456it [00:05, 862.28it/s]
3557it [00:05, 904.10it/s]
3654it [00:05, 922.14it/s]
3747it [00:05, 883.58it/s]
3840it [00:05, 894.89it/s]
3936it [00:05, 912.24it/s]
4028it [00:05, 896.38it/s]
4118it [00:05, 880.86it/s]
4207it [00:05, 877.45it/s]
4297it [00:06, 874.44it/s]
4388it [00:06, 884.34it/s]
4477it [00:06, 883.53it/s]
4571it [00:06, 898.37it/s]
4661it [00:06, 884.74it/s]
4750it [00:06, 877.17it/s]
4838it [00:06, 877.65it/s]
4926it [00:06, 863.67it/s]
5013it [00:06, 864.85it/s]
5106it [00:06, 881.63it/s]
5195it [00:07, 869.04it/s]
5290it [00:07, 891.43it/s]
5388it [00:07, 916.16it/s]
5485it [00:07, 931.45it/s]
5581it [00:07, 938.88it/s]
5675it [00:07, 921.35it/s]
5770it [00:07, 927.99it/s]
5863it [00:07, 906.48it/s]
5954it [00:07, 902.93it/s]
6045it [00:07, 888.84it/s]
6134it [00:08, 851.41it/s]
6221it [00:08, 853.60it/s]
6307it [00:08, 839.70it/s]
6399it [00:08, 862.51it/s]
6500it [00:08, 904.32it/s]
6591it [00:08, 867.41it/s]
6679it [00:08, 837.62it/s]
6767it [00:08, 845.32it/s]
6852it [00:08, 845.98it/s]
6937it [00:09, 803.20it/s]
7018it [00:09, 783.53it/s]
7097it [00:09, 772.15it/s]
7178it [00:09, 780.21it/s]
7270it [00:09, 819.82it/s]
7367it [00:09, 863.23it/s]
7454it [00:09, 833.06it/s]
7538it [00:09, 785.35it/s]
7618it [00:09, 786.11it/s]
7705it [00:09, 809.81it/s]
7787it [00:10, 807.36it/s]
7869it [00:10, 807.64it/s]
7954it [00:10, 818.26it/s]
8037it [00:10, 802.46it/s]
8119it [00:10, 807.19it/s]
8200it [00:10, 798.31it/s]
8280it [00:10, 760.09it/s]
8359it [00:10, 767.16it/s]
8447it [00:10, 799.20it/s]
8534it [00:11, 818.44it/s]
8617it [00:11, 817.40it/s]
8700it [00:11, 818.38it/s]
8791it [00:11, 845.19it/s]
8876it [00:11, 840.82it/s]
8961it [00:11, 825.82it/s]
9044it [00:11, 805.91it/s]
9125it [00:11, 786.85it/s]
9204it [00:11, 738.42it/s]
9279it [00:11, 741.12it/s]
9361it [00:12, 762.78it/s]
9446it [00:12, 787.70it/s]
9526it [00:12, 782.59it/s]
9606it [00:12, 783.11it/s]
9689it [00:12, 792.41it/s]
9769it [00:12, 773.20it/s]
9847it [00:12, 763.00it/s]
9924it [00:12, 731.47it/s]
9998it [00:12, 674.79it/s]
10000it [00:12, 772.08it/s]
Experiment stage: Done
Results saved to:  /home/dzh/project/vdtuner/vector-db-benchmark-master/results
>>> [Step 5] 收尾工作...
    监控日志已保存。
📊 测试结果摘要:
0.38708000000000004
765.0692538120545
0.0037838201504200694
line1:  0.0037838201504200694
line1:  765.0692538120545
line1:  0.38708000000000004
numeric_values:  [0.0037838201504200694, 765.0692538120545, 0.38708000000000004]
[85] 9768 0.38708000000000004 0.0037838201504200694 172
/bin/sh: 1: Syntax error: "(" unexpected
/data/dzh/venv/lib/python3.10/site-packages/botorch/acquisition/multi_objective/monte_carlo.py:110: NumericsWarning: qExpectedHypervolumeImprovement has known numerical issues that lead to suboptimal optimization performance. It is strongly recommended to simply replace

	 qExpectedHypervolumeImprovement 	 --> 	 qLogExpectedHypervolumeImprovement 

instead, which fixes the issues and has the same API. See https://arxiv.org/abs/2310.20708 for details.
  legacy_ei_numerics_warning(legacy_name=type(self).__name__)
--- DEBUG: Starting command:---
=======================================
🛠️  开始测试流程
Engine: milvus-p10 | Dataset: random-geo-radius-2048-angular-no-filters
=======================================
>>> [Step 1] 启动后台监控...
    监控进程 PID: 1505995
>>> [Step 2] 重置 Milvus...
 Container milvus-standalone  Stopping
 Container milvus-standalone  Stopped
 Container milvus-standalone  Removing
 Container milvus-standalone  Removed
 Container milvus-etcd  Stopping
 Container milvus-minio  Stopping
 Container milvus-minio  Stopped
 Container milvus-minio  Removing
 Container milvus-etcd  Stopped
 Container milvus-etcd  Removing
 Container milvus-etcd  Removed
 Container milvus-minio  Removed
 Network milvus  Removing
 Network milvus  Removed
    🧹 清理宿主机数据目录: /home/dzh/project/vdtuner/vector-db-benchmark-master/engine/servers/milvus-single-node/volumes
 Network milvus  Creating
 Network milvus  Created
 Container milvus-minio  Creating
 Container milvus-etcd  Creating
 Container milvus-etcd  Created
 Container milvus-minio  Created
 Container milvus-standalone  Creating
 Container milvus-standalone  Created
 Container milvus-etcd  Starting
 Container milvus-minio  Starting
 Container milvus-etcd  Started
 Container milvus-minio  Started
 Container milvus-standalone  Starting
 Container milvus-standalone  Started
>>> [Step 3] 等待服务启动 (90s)...
    等待中... (10s/120s)
    ✅ Milvus 服务已就绪
>>> [Step 4] 运行 Benchmark...
Running experiment: milvus-p10 - random-geo-radius-2048-angular-no-filters
established connection
/home/dzh/project/vdtuner/vector-db-benchmark-master/datasets/random-geo-radius-2048-angular/random_geo_100k_no_filters already exists
Experiment stage: Configure
Experiment stage: Upload

0it [00:00, ?it/s]
1it [00:02,  2.48s/it]
832it [00:02, 450.12it/s]
1266it [00:02, 693.76it/s]
1617it [00:02, 857.12it/s]
1895it [00:03, 1001.29it/s]
2240it [00:03, 1263.24it/s]
2496it [00:03, 1447.92it/s]
3020it [00:03, 2098.77it/s]
3968it [00:03, 3551.02it/s]
4864it [00:03, 4724.82it/s]
5888it [00:03, 5985.70it/s]
6970it [00:03, 7204.92it/s]
7971it [00:03, 7947.59it/s]
8960it [00:04, 8379.70it/s]
9871it [00:04, 8343.74it/s]
10756it [00:04, 8335.37it/s]
11625it [00:04, 8403.68it/s]
12491it [00:04, 8389.00it/s]
13440it [00:04, 8681.97it/s]
14355it [00:04, 8817.41it/s]
15247it [00:04, 8822.71it/s]
16256it [00:04, 9114.79it/s]
17216it [00:04, 9230.34it/s]
18143it [00:05, 7044.95it/s]
19072it [00:05, 7543.07it/s]
20032it [00:05, 8026.28it/s]
20992it [00:05, 8377.94it/s]
21942it [00:05, 8686.05it/s]
22879it [00:05, 8878.59it/s]
23791it [00:05, 8937.80it/s]
24704it [00:05, 8942.63it/s]
25664it [00:06, 9010.05it/s]
26624it [00:06, 9106.63it/s]
27584it [00:06, 9162.44it/s]
28505it [00:06, 9113.34it/s]
29440it [00:06, 9084.61it/s]
30400it [00:06, 9196.27it/s]
31322it [00:06, 9196.71it/s]
32243it [00:06, 9119.21it/s]
33156it [00:06, 6299.83it/s]
34065it [00:07, 6928.90it/s]
35008it [00:07, 7478.59it/s]
35904it [00:07, 7776.41it/s]
36800it [00:07, 8025.20it/s]
37649it [00:07, 7931.85it/s]
38528it [00:07, 8074.93it/s]
39424it [00:07, 8250.81it/s]
40267it [00:07, 8269.61it/s]
41107it [00:07, 8131.86it/s]
41929it [00:08, 7955.10it/s]
42752it [00:08, 7900.66it/s]
43648it [00:08, 8084.09it/s]
44544it [00:08, 8293.38it/s]
45377it [00:08, 7963.28it/s]
46208it [00:08, 7956.14it/s]
47040it [00:08, 7980.68it/s]
47841it [00:08, 6210.11it/s]
48825it [00:08, 7089.45it/s]
49728it [00:09, 7525.57it/s]
50531it [00:09, 7626.32it/s]
51330it [00:09, 7537.27it/s]
52288it [00:09, 8062.42it/s]
53184it [00:09, 8267.22it/s]
54080it [00:09, 8402.07it/s]
54956it [00:09, 8504.53it/s]
55815it [00:09, 8459.82it/s]
56768it [00:09, 8679.00it/s]
57640it [00:09, 8663.64it/s]
58510it [00:10, 8403.45it/s]
59354it [00:10, 8397.86it/s]
60288it [00:10, 8626.53it/s]
61184it [00:10, 8653.08it/s]
62051it [00:10, 6562.11it/s]
62783it [00:10, 6723.03it/s]
63552it [00:10, 6926.75it/s]
64384it [00:10, 7285.09it/s]
65272it [00:11, 7723.94it/s]
66112it [00:11, 7863.92it/s]
67072it [00:11, 8283.47it/s]
67916it [00:11, 8268.23it/s]
68754it [00:11, 8290.99it/s]
69641it [00:11, 8460.00it/s]
70528it [00:11, 8471.19it/s]
71424it [00:11, 8545.80it/s]
72320it [00:11, 8516.27it/s]
73216it [00:11, 8643.75it/s]
74176it [00:12, 8793.42it/s]
75136it [00:12, 8938.08it/s]
76033it [00:12, 8946.82it/s]
76929it [00:12, 5274.79it/s]
77725it [00:12, 5808.77it/s]
78656it [00:12, 6528.03it/s]
79616it [00:12, 7165.54it/s]
80512it [00:13, 7573.27it/s]
81407it [00:13, 7935.39it/s]
82262it [00:13, 7966.40it/s]
83200it [00:13, 8228.42it/s]
84054it [00:13, 8301.65it/s]
84930it [00:13, 8431.85it/s]
85824it [00:13, 8469.11it/s]
86683it [00:13, 8220.78it/s]
87515it [00:13, 7947.25it/s]
88318it [00:13, 7784.36it/s]
89102it [00:14, 7601.77it/s]
89920it [00:14, 7660.19it/s]
90880it [00:14, 8116.54it/s]
91712it [00:14, 6159.87it/s]
92544it [00:14, 6613.91it/s]
93440it [00:14, 7140.96it/s]
94400it [00:14, 7673.01it/s]
95296it [00:14, 7910.99it/s]
96256it [00:15, 8297.16it/s]
97211it [00:15, 8647.71it/s]
98095it [00:15, 8361.67it/s]
98946it [00:15, 8188.16it/s]
99776it [00:15, 8128.19it/s]
100000it [00:15, 6465.87it/s]
Upload time: 16.054769152775407
Total import time: 45.67880599107593
Experiment stage: Search

0it [00:00, ?it/s]
4it [00:00,  5.16it/s]
14it [00:00, 18.49it/s]
46it [00:01, 69.69it/s]
116it [00:01, 192.53it/s]
204it [00:01, 341.61it/s]
292it [00:01, 468.83it/s]
378it [00:01, 567.07it/s]
462it [00:01, 637.20it/s]
538it [00:01, 666.92it/s]
629it [00:01, 732.67it/s]
723it [00:01, 790.32it/s]
808it [00:01, 803.57it/s]
892it [00:02, 709.12it/s]
996it [00:02, 796.47it/s]
1088it [00:02, 829.78it/s]
1189it [00:02, 879.28it/s]
1280it [00:02, 857.72it/s]
1371it [00:02, 871.11it/s]
1466it [00:02, 893.19it/s]
1558it [00:02, 900.76it/s]
1651it [00:02, 908.14it/s]
1743it [00:03, 887.07it/s]
1833it [00:03, 863.82it/s]
1920it [00:03, 862.25it/s]
2015it [00:03, 886.59it/s]
2104it [00:03, 887.26it/s]
2193it [00:03, 872.07it/s]
2282it [00:03, 876.15it/s]
2370it [00:03, 838.51it/s]
2470it [00:03, 883.69it/s]
2559it [00:03, 884.90it/s]
2648it [00:04, 875.24it/s]
2736it [00:04, 865.47it/s]
2824it [00:04, 869.42it/s]
2913it [00:04, 874.04it/s]
3001it [00:04, 811.24it/s]
3087it [00:04, 824.80it/s]
3178it [00:04, 847.15it/s]
3268it [00:04, 860.44it/s]
3359it [00:04, 874.57it/s]
3447it [00:04, 873.02it/s]
3545it [00:05, 903.28it/s]
3642it [00:05, 921.94it/s]
3735it [00:05, 920.56it/s]
3830it [00:05, 926.77it/s]
3923it [00:05, 907.68it/s]
4014it [00:05, 860.62it/s]
4107it [00:05, 878.46it/s]
4196it [00:05, 848.54it/s]
4282it [00:05, 847.85it/s]
4368it [00:06, 835.54it/s]
4452it [00:06, 832.90it/s]
4541it [00:06, 848.94it/s]
4635it [00:06, 871.81it/s]
4723it [00:06, 850.45it/s]
4809it [00:06, 850.48it/s]
4895it [00:06, 834.62it/s]
4992it [00:06, 872.05it/s]
5080it [00:06, 858.58it/s]
5167it [00:06, 845.86it/s]
5252it [00:07, 807.51it/s]
5334it [00:07, 807.08it/s]
5424it [00:07, 833.49it/s]
5508it [00:07, 808.63it/s]
5599it [00:07, 836.37it/s]
5683it [00:07, 768.46it/s]
5762it [00:07, 764.37it/s]
5840it [00:07, 756.21it/s]
5931it [00:07, 795.40it/s]
6017it [00:08, 813.85it/s]
6099it [00:08, 808.80it/s]
6181it [00:08, 730.94it/s]
6262it [00:08, 750.99it/s]
6353it [00:08, 795.24it/s]
6436it [00:08, 804.89it/s]
6523it [00:08, 817.66it/s]
6612it [00:08, 838.64it/s]
6697it [00:08, 828.79it/s]
6784it [00:09, 837.53it/s]
6869it [00:09, 829.79it/s]
6959it [00:09, 850.30it/s]
7045it [00:09, 839.84it/s]
7130it [00:09, 830.51it/s]
7214it [00:09, 832.93it/s]
7304it [00:09, 852.24it/s]
7394it [00:09, 863.50it/s]
7484it [00:09, 873.72it/s]
7587it [00:09, 919.70it/s]
7680it [00:10, 906.22it/s]
7773it [00:10, 910.54it/s]
7865it [00:10, 894.78it/s]
7955it [00:10, 888.86it/s]
8044it [00:10, 829.47it/s]
8143it [00:10, 874.04it/s]
8237it [00:10, 891.98it/s]
8327it [00:10, 823.58it/s]
8411it [00:10, 814.35it/s]
8496it [00:10, 824.08it/s]
8586it [00:11, 844.88it/s]
8678it [00:11, 861.73it/s]
8775it [00:11, 892.94it/s]
8865it [00:11, 870.66it/s]
8965it [00:11, 905.30it/s]
9056it [00:11, 855.09it/s]
9148it [00:11, 871.64it/s]
9236it [00:11, 842.28it/s]
9323it [00:11, 850.03it/s]
9409it [00:12, 837.00it/s]
9497it [00:12, 848.57it/s]
9583it [00:12, 815.77it/s]
9665it [00:12, 761.88it/s]
9752it [00:12, 791.60it/s]
9832it [00:12, 779.54it/s]
9918it [00:12, 801.01it/s]
9999it [00:12, 800.66it/s]
10000it [00:12, 781.15it/s]
Experiment stage: Done
Results saved to:  /home/dzh/project/vdtuner/vector-db-benchmark-master/results
>>> [Step 5] 收尾工作...
    监控日志已保存。
📊 测试结果摘要:
0.39338
775.6825164481302
0.003959953249432146
line1:  0.003959953249432146
line1:  775.6825164481302
line1:  0.39338
numeric_values:  [0.003959953249432146, 775.6825164481302, 0.39338]
[86] 9922 0.39338 0.003959953249432146 153
/bin/sh: 1: Syntax error: "(" unexpected
/data/dzh/venv/lib/python3.10/site-packages/botorch/acquisition/multi_objective/monte_carlo.py:110: NumericsWarning: qExpectedHypervolumeImprovement has known numerical issues that lead to suboptimal optimization performance. It is strongly recommended to simply replace

	 qExpectedHypervolumeImprovement 	 --> 	 qLogExpectedHypervolumeImprovement 

instead, which fixes the issues and has the same API. See https://arxiv.org/abs/2310.20708 for details.
  legacy_ei_numerics_warning(legacy_name=type(self).__name__)
--- DEBUG: Starting command:---
=======================================
🛠️  开始测试流程
Engine: milvus-p10 | Dataset: random-geo-radius-2048-angular-no-filters
=======================================
>>> [Step 1] 启动后台监控...
    监控进程 PID: 1527203
>>> [Step 2] 重置 Milvus...
 Container milvus-standalone  Stopping
 Container milvus-standalone  Stopped
 Container milvus-standalone  Removing
 Container milvus-standalone  Removed
 Container milvus-minio  Stopping
 Container milvus-etcd  Stopping
 Container milvus-minio  Stopped
 Container milvus-minio  Removing
 Container milvus-etcd  Stopped
 Container milvus-etcd  Removing
 Container milvus-etcd  Removed
 Container milvus-minio  Removed
 Network milvus  Removing
 Network milvus  Removed
    🧹 清理宿主机数据目录: /home/dzh/project/vdtuner/vector-db-benchmark-master/engine/servers/milvus-single-node/volumes
 Network milvus  Creating
 Network milvus  Created
 Container milvus-minio  Creating
 Container milvus-etcd  Creating
 Container milvus-minio  Created
 Container milvus-etcd  Created
 Container milvus-standalone  Creating
 Container milvus-standalone  Created
 Container milvus-etcd  Starting
 Container milvus-minio  Starting
 Container milvus-etcd  Started
 Container milvus-minio  Started
 Container milvus-standalone  Starting
 Container milvus-standalone  Started
>>> [Step 3] 等待服务启动 (90s)...
    等待中... (10s/120s)
    ✅ Milvus 服务已就绪
>>> [Step 4] 运行 Benchmark...
Running experiment: milvus-p10 - random-geo-radius-2048-angular-no-filters
established connection
/home/dzh/project/vdtuner/vector-db-benchmark-master/datasets/random-geo-radius-2048-angular/random_geo_100k_no_filters already exists
Experiment stage: Configure
Experiment stage: Upload

0it [00:00, ?it/s]
1it [00:02,  2.55s/it]
768it [00:02, 404.96it/s]
1188it [00:02, 630.49it/s]
1516it [00:02, 839.23it/s]
1817it [00:03, 1022.99it/s]
2085it [00:03, 1210.25it/s]
2341it [00:03, 1304.00it/s]
2567it [00:03, 1461.41it/s]
3392it [00:03, 2740.74it/s]
4416it [00:03, 4321.37it/s]
5440it [00:03, 5657.10it/s]
6419it [00:03, 6683.20it/s]
7488it [00:04, 7647.14it/s]
8550it [00:04, 8449.50it/s]
9536it [00:04, 8765.24it/s]
10560it [00:04, 9128.47it/s]
11515it [00:04, 9153.46it/s]
12480it [00:04, 9212.29it/s]
13440it [00:04, 9282.39it/s]
14464it [00:04, 9554.38it/s]
15431it [00:04, 9511.21it/s]
16448it [00:04, 9677.47it/s]
17422it [00:05, 6168.94it/s]
18304it [00:05, 6674.96it/s]
19264it [00:05, 7314.58it/s]
20224it [00:05, 7871.73it/s]
21120it [00:05, 8154.72it/s]
22144it [00:05, 8680.21it/s]
23104it [00:05, 8854.33it/s]
24027it [00:05, 8909.52it/s]
24945it [00:06, 8736.39it/s]
25856it [00:06, 8772.94it/s]
26747it [00:06, 8765.32it/s]
27633it [00:06, 8713.39it/s]
28511it [00:06, 8398.64it/s]
29504it [00:06, 8743.96it/s]
30436it [00:06, 8909.40it/s]
31360it [00:06, 9001.63it/s]
32320it [00:06, 9123.46it/s]
33235it [00:07, 7536.59it/s]
34054it [00:07, 7704.45it/s]
34981it [00:07, 8125.46it/s]
35904it [00:07, 8393.24it/s]
36864it [00:07, 8712.60it/s]
37760it [00:07, 8650.82it/s]
38720it [00:07, 8877.88it/s]
39617it [00:07, 8777.78it/s]
40502it [00:07, 8767.53it/s]
41384it [00:07, 8744.69it/s]
42263it [00:08, 8757.54it/s]
43200it [00:08, 8917.73it/s]
44096it [00:08, 8900.39it/s]
45056it [00:08, 9092.57it/s]
45972it [00:08, 9112.09it/s]
46884it [00:08, 7548.56it/s]
47684it [00:08, 7530.47it/s]
48469it [00:08, 7092.80it/s]
49203it [00:09, 6572.34it/s]
49920it [00:09, 6698.76it/s]
50614it [00:09, 6762.84it/s]
51328it [00:09, 6829.36it/s]
52096it [00:09, 7029.93it/s]
52928it [00:09, 7331.31it/s]
53760it [00:09, 7493.28it/s]
54584it [00:09, 7708.13it/s]
55415it [00:09, 7883.05it/s]
56320it [00:09, 8175.36it/s]
57152it [00:10, 8193.14it/s]
57995it [00:10, 8262.57it/s]
58823it [00:10, 7899.06it/s]
59617it [00:10, 7741.64it/s]
60407it [00:10, 7786.39it/s]
61188it [00:10, 7718.80it/s]
62016it [00:10, 7779.77it/s]
62796it [00:10, 7661.98it/s]
63744it [00:10, 8084.25it/s]
64704it [00:10, 8418.93it/s]
65600it [00:11, 8563.59it/s]
66496it [00:11, 8667.53it/s]
67364it [00:11, 8664.43it/s]
68248it [00:11, 8715.78it/s]
69120it [00:11, 8703.32it/s]
69991it [00:11, 8702.08it/s]
70881it [00:11, 8760.59it/s]
71808it [00:11, 8758.39it/s]
72704it [00:11, 8763.32it/s]
73600it [00:11, 8809.07it/s]
74482it [00:12, 8794.01it/s]
75362it [00:12, 8746.14it/s]
76237it [00:12, 8614.37it/s]
77099it [00:12, 5251.47it/s]
77885it [00:12, 5783.76it/s]
78697it [00:12, 6310.78it/s]
79616it [00:12, 6969.65it/s]
80576it [00:13, 7578.21it/s]
81472it [00:13, 7877.50it/s]
82432it [00:13, 8248.10it/s]
83328it [00:13, 8325.30it/s]
84189it [00:13, 8361.03it/s]
85046it [00:13, 8381.35it/s]
85899it [00:13, 8341.90it/s]
86744it [00:13, 8235.43it/s]
87575it [00:13, 7717.92it/s]
88512it [00:13, 8058.25it/s]
89408it [00:14, 8149.31it/s]
90240it [00:14, 8069.86it/s]
91072it [00:14, 8110.37it/s]
91904it [00:14, 8154.92it/s]
92739it [00:14, 8207.47it/s]
93632it [00:14, 8360.03it/s]
94528it [00:14, 8404.57it/s]
95370it [00:14, 8350.73it/s]
96265it [00:14, 8525.96it/s]
97119it [00:14, 8488.18it/s]
97969it [00:15, 8444.26it/s]
98814it [00:15, 8254.74it/s]
99648it [00:15, 8209.23it/s]
100000it [00:15, 6515.47it/s]
Upload time: 15.918743562884629
Total import time: 45.742659034673125
Experiment stage: Search

0it [00:00, ?it/s]
4it [00:00,  5.05it/s]
14it [00:00, 18.09it/s]
36it [00:01, 51.92it/s]
92it [00:01, 149.74it/s]
178it [00:01, 302.54it/s]
270it [00:01, 446.37it/s]
356it [00:01, 550.12it/s]
447it [00:01, 643.76it/s]
535it [00:01, 706.46it/s]
618it [00:01, 740.60it/s]
699it [00:01, 729.61it/s]
777it [00:01, 734.28it/s]
854it [00:02, 704.54it/s]
927it [00:02, 683.69it/s]
1010it [00:02, 720.49it/s]
1093it [00:02, 741.58it/s]
1181it [00:02, 779.97it/s]
1276it [00:02, 826.96it/s]
1367it [00:02, 849.75it/s]
1467it [00:02, 892.33it/s]
1567it [00:02, 922.97it/s]
1661it [00:03, 925.27it/s]
1754it [00:03, 917.03it/s]
1846it [00:03, 908.31it/s]
1942it [00:03, 921.64it/s]
2035it [00:03, 874.08it/s]
2126it [00:03, 884.02it/s]
2223it [00:03, 907.38it/s]
2327it [00:03, 943.71it/s]
2423it [00:03, 948.30it/s]
2521it [00:03, 953.63it/s]
2617it [00:04, 919.87it/s]
2710it [00:04, 919.34it/s]
2803it [00:04, 919.80it/s]
2896it [00:04, 902.63it/s]
2987it [00:04, 829.82it/s]
3082it [00:04, 861.28it/s]
3170it [00:04, 865.73it/s]
3258it [00:04, 858.61it/s]
3345it [00:04, 841.95it/s]
3430it [00:05, 822.26it/s]
3513it [00:05, 807.29it/s]
3594it [00:05, 734.21it/s]
3681it [00:05, 769.83it/s]
3780it [00:05, 829.35it/s]
3865it [00:05, 831.95it/s]
3950it [00:05, 835.05it/s]
4039it [00:05, 849.48it/s]
4131it [00:05, 867.11it/s]
4219it [00:05, 869.25it/s]
4307it [00:06, 869.33it/s]
4395it [00:06, 859.33it/s]
4482it [00:06, 857.45it/s]
4568it [00:06, 854.31it/s]
4663it [00:06, 880.73it/s]
4752it [00:06, 857.86it/s]
4838it [00:06, 700.88it/s]
4913it [00:06, 665.61it/s]
4998it [00:07, 709.41it/s]
5089it [00:07, 761.30it/s]
5182it [00:07, 807.02it/s]
5266it [00:07, 796.42it/s]
5348it [00:07, 801.15it/s]
5430it [00:07, 710.48it/s]
5514it [00:07, 742.66it/s]
5605it [00:07, 786.51it/s]
5696it [00:07, 820.62it/s]
5785it [00:07, 835.89it/s]
5876it [00:08, 853.88it/s]
5966it [00:08, 865.61it/s]
6054it [00:08, 854.44it/s]
6140it [00:08, 820.30it/s]
6230it [00:08, 836.58it/s]
6319it [00:08, 851.34it/s]
6405it [00:08, 748.98it/s]
6492it [00:08, 780.09it/s]
6584it [00:08, 817.34it/s]
6668it [00:09, 820.58it/s]
6752it [00:09, 769.75it/s]
6841it [00:09, 802.89it/s]
6931it [00:09, 829.51it/s]
7021it [00:09, 847.35it/s]
7107it [00:09, 848.64it/s]
7193it [00:09, 845.44it/s]
7278it [00:09, 825.83it/s]
7361it [00:09, 823.68it/s]
7444it [00:09, 823.53it/s]
7527it [00:10, 811.42it/s]
7610it [00:10, 815.66it/s]
7692it [00:10, 795.86it/s]
7772it [00:10, 762.37it/s]
7859it [00:10, 791.01it/s]
7939it [00:10, 767.45it/s]
8017it [00:10, 663.17it/s]
8109it [00:10, 729.07it/s]
8204it [00:10, 787.83it/s]
8288it [00:11, 800.97it/s]
8381it [00:11, 836.73it/s]
8477it [00:11, 871.00it/s]
8573it [00:11, 894.90it/s]
8664it [00:11, 884.33it/s]
8767it [00:11, 924.02it/s]
8860it [00:11, 896.09it/s]
8951it [00:11, 898.68it/s]
9043it [00:11, 903.38it/s]
9140it [00:12, 920.56it/s]
9233it [00:12, 903.89it/s]
9324it [00:12, 852.94it/s]
9410it [00:12, 842.23it/s]
9495it [00:12, 792.32it/s]
9575it [00:12, 755.46it/s]
9658it [00:12, 774.54it/s]
9741it [00:12, 787.71it/s]
9826it [00:12, 803.12it/s]
9907it [00:12, 789.40it/s]
9987it [00:13, 788.06it/s]
10000it [00:13, 762.92it/s]
Experiment stage: Done
Results saved to:  /home/dzh/project/vdtuner/vector-db-benchmark-master/results
>>> [Step 5] 收尾工作...
    监控日志已保存。
📊 测试结果摘要:
0.36411000000000004
757.4862203392571
0.003906631050631403
line1:  0.003906631050631403
line1:  757.4862203392571
line1:  0.36411000000000004
numeric_values:  [0.003906631050631403, 757.4862203392571, 0.36411000000000004]
[87] 10087 0.36411000000000004 0.003906631050631403 164
/bin/sh: 1: Syntax error: "(" unexpected
/data/dzh/venv/lib/python3.10/site-packages/botorch/acquisition/multi_objective/monte_carlo.py:110: NumericsWarning: qExpectedHypervolumeImprovement has known numerical issues that lead to suboptimal optimization performance. It is strongly recommended to simply replace

	 qExpectedHypervolumeImprovement 	 --> 	 qLogExpectedHypervolumeImprovement 

instead, which fixes the issues and has the same API. See https://arxiv.org/abs/2310.20708 for details.
  legacy_ei_numerics_warning(legacy_name=type(self).__name__)
--- DEBUG: Starting command:---
=======================================
🛠️  开始测试流程
Engine: milvus-p10 | Dataset: random-geo-radius-2048-angular-no-filters
=======================================
>>> [Step 1] 启动后台监控...
    监控进程 PID: 1548189
>>> [Step 2] 重置 Milvus...
 Container milvus-standalone  Stopping
 Container milvus-standalone  Stopped
 Container milvus-standalone  Removing
 Container milvus-standalone  Removed
 Container milvus-etcd  Stopping
 Container milvus-minio  Stopping
 Container milvus-etcd  Stopped
 Container milvus-etcd  Removing
 Container milvus-minio  Stopped
 Container milvus-minio  Removing
 Container milvus-etcd  Removed
 Container milvus-minio  Removed
 Network milvus  Removing
 Network milvus  Removed
    🧹 清理宿主机数据目录: /home/dzh/project/vdtuner/vector-db-benchmark-master/engine/servers/milvus-single-node/volumes
 Network milvus  Creating
 Network milvus  Created
 Container milvus-minio  Creating
 Container milvus-etcd  Creating
 Container milvus-minio  Created
 Container milvus-etcd  Created
 Container milvus-standalone  Creating
 Container milvus-standalone  Created
 Container milvus-etcd  Starting
 Container milvus-minio  Starting
 Container milvus-minio  Started
 Container milvus-etcd  Started
 Container milvus-standalone  Starting
 Container milvus-standalone  Started
>>> [Step 3] 等待服务启动 (90s)...
    等待中... (10s/120s)
    ✅ Milvus 服务已就绪
>>> [Step 4] 运行 Benchmark...
Running experiment: milvus-p10 - random-geo-radius-2048-angular-no-filters
established connection
/home/dzh/project/vdtuner/vector-db-benchmark-master/datasets/random-geo-radius-2048-angular/random_geo_100k_no_filters already exists
Experiment stage: Configure
Experiment stage: Upload

0it [00:00, ?it/s]
1it [00:02,  2.37s/it]
730it [00:02, 414.07it/s]
1159it [00:02, 673.50it/s]
1514it [00:02, 891.02it/s]
1856it [00:02, 1116.56it/s]
2134it [00:03, 1329.36it/s]
2496it [00:03, 1659.73it/s]
2796it [00:03, 1902.54it/s]
3475it [00:03, 2907.33it/s]
3965it [00:03, 3359.63it/s]
4800it [00:03, 4555.06it/s]
5824it [00:03, 5977.69it/s]
6784it [00:03, 6885.98it/s]
7744it [00:03, 7586.50it/s]
8704it [00:03, 8113.05it/s]
9664it [00:04, 8495.50it/s]
10589it [00:04, 8712.88it/s]
11584it [00:04, 8981.38it/s]
12544it [00:04, 9111.90it/s]
13467it [00:04, 8986.46it/s]
14400it [00:04, 9021.06it/s]
15360it [00:04, 9142.24it/s]
16384it [00:04, 9325.28it/s]
17320it [00:04, 8725.16it/s]
18202it [00:05, 8492.58it/s]
19136it [00:05, 8606.53it/s]
20032it [00:05, 8638.56it/s]
20992it [00:05, 8847.90it/s]
21942it [00:05, 9035.87it/s]
22873it [00:05, 9115.53it/s]
23808it [00:05, 9177.34it/s]
24728it [00:05, 9174.59it/s]
25647it [00:05, 9130.38it/s]
26561it [00:05, 9033.77it/s]
27520it [00:06, 9083.06it/s]
28460it [00:06, 9175.59it/s]
29379it [00:06, 8850.29it/s]
30336it [00:06, 8943.01it/s]
31296it [00:06, 9018.79it/s]
32200it [00:06, 5925.87it/s]
33104it [00:06, 6592.02it/s]
34048it [00:06, 7183.03it/s]
34880it [00:07, 7444.54it/s]
35840it [00:07, 7888.77it/s]
36686it [00:07, 8031.51it/s]
37531it [00:07, 7976.59it/s]
38358it [00:07, 7887.02it/s]
39168it [00:07, 7818.94it/s]
39964it [00:07, 7855.42it/s]
40760it [00:07, 7762.80it/s]
41544it [00:07, 7504.03it/s]
42304it [00:08, 7446.89it/s]
43072it [00:08, 7487.90it/s]
43840it [00:08, 7470.33it/s]
44672it [00:08, 7607.11it/s]
45504it [00:08, 7721.26it/s]
46336it [00:08, 7767.48it/s]
47114it [00:08, 6261.63it/s]
47786it [00:08, 6361.48it/s]
48512it [00:08, 6519.16it/s]
49344it [00:09, 6879.18it/s]
50240it [00:09, 7396.93it/s]
51136it [00:09, 7835.01it/s]
51999it [00:09, 8062.07it/s]
52864it [00:09, 8170.01it/s]
53696it [00:09, 8195.68it/s]
54528it [00:09, 8105.94it/s]
55388it [00:09, 8249.55it/s]
56219it [00:09, 8266.99it/s]
57049it [00:09, 7836.19it/s]
57920it [00:10, 8023.25it/s]
58752it [00:10, 8094.68it/s]
59566it [00:10, 8026.01it/s]
60372it [00:10, 7658.13it/s]
61312it [00:10, 8032.44it/s]
62272it [00:10, 8421.41it/s]
63119it [00:10, 6740.55it/s]
64000it [00:10, 7219.20it/s]
64900it [00:10, 7682.66it/s]
65792it [00:11, 7996.39it/s]
66752it [00:11, 8310.22it/s]
67712it [00:11, 8598.82it/s]
68618it [00:11, 8729.82it/s]
69518it [00:11, 8807.13it/s]
70408it [00:11, 8730.47it/s]
71288it [00:11, 8716.14it/s]
72165it [00:11, 8525.51it/s]
73022it [00:11, 8515.95it/s]
73877it [00:12, 8235.11it/s]
74704it [00:12, 8188.80it/s]
75584it [00:12, 8291.42it/s]
76480it [00:12, 8480.76it/s]
77432it [00:12, 8784.85it/s]
78313it [00:12, 7021.65it/s]
79072it [00:12, 6860.43it/s]
79797it [00:12, 6723.73it/s]
80640it [00:12, 7095.85it/s]
81408it [00:13, 7168.59it/s]
82240it [00:13, 7371.58it/s]
82990it [00:13, 7270.07it/s]
83904it [00:13, 7730.97it/s]
84800it [00:13, 8035.34it/s]
85696it [00:13, 8218.56it/s]
86523it [00:13, 8206.70it/s]
87348it [00:13, 8145.60it/s]
88165it [00:13, 7927.14it/s]
88961it [00:13, 7920.08it/s]
89755it [00:14, 7907.26it/s]
90547it [00:14, 7549.71it/s]
91306it [00:14, 7410.81it/s]
92050it [00:14, 7386.83it/s]
92791it [00:14, 5841.37it/s]
93568it [00:14, 6306.07it/s]
94400it [00:14, 6814.78it/s]
95232it [00:14, 7155.66it/s]
96064it [00:15, 7400.51it/s]
96827it [00:15, 7446.97it/s]
97600it [00:15, 7473.57it/s]
98421it [00:15, 7685.77it/s]
99264it [00:15, 7860.27it/s]
100000it [00:15, 6451.22it/s]
Upload time: 16.115455059334636
Total import time: 46.51953383721411
Experiment stage: Search

0it [00:00, ?it/s]
4it [00:00,  5.08it/s]
14it [00:00, 18.31it/s]
32it [00:01, 45.26it/s]
122it [00:01, 210.39it/s]
208it [00:01, 350.51it/s]
302it [00:01, 489.01it/s]
391it [00:01, 589.76it/s]
474it [00:01, 651.60it/s]
565it [00:01, 718.50it/s]
655it [00:01, 768.51it/s]
739it [00:01, 780.93it/s]
830it [00:01, 816.57it/s]
920it [00:02, 836.73it/s]
1007it [00:02, 835.41it/s]
1093it [00:02, 759.99it/s]
1188it [00:02, 811.63it/s]
1287it [00:02, 859.94it/s]
1392it [00:02, 913.97it/s]
1487it [00:02, 923.71it/s]
1581it [00:02, 906.58it/s]
1673it [00:02, 869.14it/s]
1767it [00:03, 887.85it/s]
1857it [00:03, 874.32it/s]
1945it [00:03, 867.20it/s]
2049it [00:03, 916.10it/s]
2146it [00:03, 930.15it/s]
2240it [00:03, 894.42it/s]
2330it [00:03, 866.45it/s]
2418it [00:03, 842.91it/s]
2513it [00:03, 872.30it/s]
2617it [00:03, 919.93it/s]
2710it [00:04, 907.36it/s]
2802it [00:04, 893.20it/s]
2892it [00:04, 869.83it/s]
2980it [00:04, 835.73it/s]
3064it [00:04, 817.98it/s]
3151it [00:04, 831.72it/s]
3244it [00:04, 842.90it/s]
3329it [00:04, 799.10it/s]
3410it [00:04, 761.32it/s]
3490it [00:05, 767.77it/s]
3568it [00:05, 769.15it/s]
3646it [00:05, 762.30it/s]
3738it [00:05, 806.85it/s]
3827it [00:05, 829.21it/s]
3916it [00:05, 845.29it/s]
4019it [00:05, 899.01it/s]
4118it [00:05, 924.08it/s]
4211it [00:05, 903.29it/s]
4309it [00:05, 925.50it/s]
4402it [00:06, 912.67it/s]
4494it [00:06, 907.03it/s]
4585it [00:06, 880.54it/s]
4679it [00:06, 897.30it/s]
4776it [00:06, 913.78it/s]
4874it [00:06, 929.23it/s]
4968it [00:06, 909.23it/s]
5060it [00:06, 893.01it/s]
5150it [00:06, 858.48it/s]
5245it [00:07, 884.20it/s]
5334it [00:07, 877.95it/s]
5423it [00:07, 803.42it/s]
5519it [00:07, 845.71it/s]
5617it [00:07, 881.70it/s]
5707it [00:07, 807.70it/s]
5790it [00:07, 777.58it/s]
5870it [00:07, 778.04it/s]
5961it [00:07, 812.90it/s]
6044it [00:08, 795.57it/s]
6125it [00:08, 783.08it/s]
6220it [00:08, 828.52it/s]
6304it [00:08, 819.42it/s]
6389it [00:08, 825.06it/s]
6482it [00:08, 853.19it/s]
6583it [00:08, 896.30it/s]
6683it [00:08, 924.93it/s]
6776it [00:08, 875.40it/s]
6865it [00:08, 832.67it/s]
6964it [00:09, 875.24it/s]
7053it [00:09, 795.86it/s]
7135it [00:09, 757.39it/s]
7215it [00:09, 767.77it/s]
7294it [00:09, 772.42it/s]
7373it [00:09, 777.02it/s]
7452it [00:09, 766.64it/s]
7541it [00:09, 800.34it/s]
7624it [00:09, 804.89it/s]
7705it [00:10, 796.52it/s]
7798it [00:10, 834.06it/s]
7892it [00:10, 857.72it/s]
7981it [00:10, 865.42it/s]
8080it [00:10, 900.24it/s]
8171it [00:10, 870.79it/s]
8259it [00:10, 833.32it/s]
8343it [00:10, 688.69it/s]
8417it [00:10, 684.50it/s]
8493it [00:11, 700.94it/s]
8566it [00:11, 584.23it/s]
8629it [00:11, 512.99it/s]
8711it [00:11, 580.94it/s]
8792it [00:11, 636.10it/s]
8861it [00:11, 543.71it/s]
8943it [00:11, 608.05it/s]
9022it [00:12, 653.70it/s]
9100it [00:12, 687.04it/s]
9176it [00:12, 705.20it/s]
9263it [00:12, 749.07it/s]
9348it [00:12, 777.02it/s]
9428it [00:12, 747.95it/s]
9514it [00:12, 778.07it/s]
9593it [00:12, 767.29it/s]
9671it [00:12, 722.56it/s]
9757it [00:12, 760.09it/s]
9834it [00:13, 721.72it/s]
9910it [00:13, 710.59it/s]
9982it [00:13, 609.62it/s]
10000it [00:13, 747.28it/s]
Experiment stage: Done
Results saved to:  /home/dzh/project/vdtuner/vector-db-benchmark-master/results
>>> [Step 5] 收尾工作...
    监控日志已保存。
📊 测试结果摘要:
0.3929
741.1085053999323
0.0039697639411315315
line1:  0.0039697639411315315
line1:  741.1085053999323
line1:  0.3929
numeric_values:  [0.0039697639411315315, 741.1085053999323, 0.3929]
[88] 10237 0.3929 0.0039697639411315315 149
/bin/sh: 1: Syntax error: "(" unexpected
/data/dzh/venv/lib/python3.10/site-packages/botorch/acquisition/multi_objective/monte_carlo.py:110: NumericsWarning: qExpectedHypervolumeImprovement has known numerical issues that lead to suboptimal optimization performance. It is strongly recommended to simply replace

	 qExpectedHypervolumeImprovement 	 --> 	 qLogExpectedHypervolumeImprovement 

instead, which fixes the issues and has the same API. See https://arxiv.org/abs/2310.20708 for details.
  legacy_ei_numerics_warning(legacy_name=type(self).__name__)
--- DEBUG: Starting command:---
=======================================
🛠️  开始测试流程
Engine: milvus-p10 | Dataset: random-geo-radius-2048-angular-no-filters
=======================================
>>> [Step 1] 启动后台监控...
    监控进程 PID: 1568613
>>> [Step 2] 重置 Milvus...
 Container milvus-standalone  Stopping
 Container milvus-standalone  Stopped
 Container milvus-standalone  Removing
 Container milvus-standalone  Removed
 Container milvus-etcd  Stopping
 Container milvus-minio  Stopping
 Container milvus-etcd  Stopped
 Container milvus-etcd  Removing
 Container milvus-minio  Stopped
 Container milvus-minio  Removing
 Container milvus-etcd  Removed
 Container milvus-minio  Removed
 Network milvus  Removing
 Network milvus  Removed
    🧹 清理宿主机数据目录: /home/dzh/project/vdtuner/vector-db-benchmark-master/engine/servers/milvus-single-node/volumes
 Network milvus  Creating
 Network milvus  Created
 Container milvus-etcd  Creating
 Container milvus-minio  Creating
 Container milvus-minio  Created
 Container milvus-etcd  Created
 Container milvus-standalone  Creating
 Container milvus-standalone  Created
 Container milvus-minio  Starting
 Container milvus-etcd  Starting
 Container milvus-etcd  Started
 Container milvus-minio  Started
 Container milvus-standalone  Starting
 Container milvus-standalone  Started
>>> [Step 3] 等待服务启动 (90s)...
    等待中... (10s/120s)
    ✅ Milvus 服务已就绪
>>> [Step 4] 运行 Benchmark...
Running experiment: milvus-p10 - random-geo-radius-2048-angular-no-filters
established connection
/home/dzh/project/vdtuner/vector-db-benchmark-master/datasets/random-geo-radius-2048-angular/random_geo_100k_no_filters already exists
Experiment stage: Configure
Experiment stage: Upload

0it [00:00, ?it/s]
1it [00:04,  4.19s/it]
704it [00:04, 231.93it/s]
1104it [00:04, 393.00it/s]
1445it [00:04, 548.54it/s]
1920it [00:04, 861.43it/s]
2268it [00:04, 1037.49it/s]
2565it [00:04, 1256.43it/s]
3008it [00:05, 1680.09it/s]
3848it [00:05, 2786.65it/s]
4864it [00:05, 4161.36it/s]
5824it [00:05, 5315.97it/s]
6848it [00:05, 6433.76it/s]
7872it [00:05, 7292.57it/s]
8896it [00:05, 8039.05it/s]
9856it [00:05, 8396.89it/s]
10880it [00:05, 8812.13it/s]
11840it [00:06, 8997.74it/s]
12825it [00:06, 9240.85it/s]
13784it [00:06, 9341.48it/s]
14784it [00:06, 9452.86it/s]
15745it [00:06, 9411.19it/s]
16704it [00:06, 9390.08it/s]
17728it [00:06, 7405.65it/s]
18688it [00:06, 7870.16it/s]
19584it [00:06, 8085.34it/s]
20608it [00:07, 8570.63it/s]
21504it [00:07, 8624.74it/s]
22393it [00:07, 8548.52it/s]
23266it [00:07, 8468.92it/s]
24126it [00:07, 8441.48it/s]
24979it [00:07, 8302.99it/s]
25816it [00:07, 8155.25it/s]
26636it [00:07, 8068.09it/s]
27446it [00:07, 8068.68it/s]
28255it [00:07, 8004.00it/s]
29057it [00:08, 8002.02it/s]
29888it [00:08, 7973.92it/s]
30720it [00:08, 7992.45it/s]
31552it [00:08, 7986.90it/s]
32384it [00:08, 8053.13it/s]
33190it [00:08, 5751.63it/s]
34132it [00:08, 6597.33it/s]
35136it [00:08, 7362.44it/s]
36096it [00:09, 7937.17it/s]
36952it [00:09, 7861.50it/s]
37782it [00:09, 7860.62it/s]
38599it [00:09, 7857.21it/s]
39424it [00:09, 7884.02it/s]
40256it [00:09, 7933.59it/s]
41088it [00:09, 7949.09it/s]
41891it [00:09, 7756.37it/s]
42673it [00:09, 7742.79it/s]
43452it [00:09, 7680.78it/s]
44224it [00:10, 7555.21it/s]
45120it [00:10, 7861.06it/s]
45952it [00:10, 7990.33it/s]
46784it [00:10, 8041.69it/s]
47616it [00:10, 8065.63it/s]
48448it [00:10, 5391.20it/s]
49344it [00:10, 6106.69it/s]
50279it [00:10, 6869.70it/s]
51264it [00:11, 7513.27it/s]
52092it [00:11, 7647.29it/s]
52928it [00:11, 7809.92it/s]
53828it [00:11, 8139.91it/s]
54702it [00:11, 8309.68it/s]
55616it [00:11, 8480.23it/s]
56512it [00:11, 8581.06it/s]
57472it [00:11, 8756.73it/s]
58356it [00:11, 8638.89it/s]
59226it [00:12, 8579.64it/s]
60096it [00:12, 8499.59it/s]
60949it [00:12, 7956.98it/s]
61824it [00:12, 8125.46it/s]
62720it [00:12, 8361.68it/s]
63562it [00:12, 6787.57it/s]
64404it [00:12, 7196.39it/s]
65216it [00:12, 7428.62it/s]
66072it [00:12, 7737.19it/s]
67008it [00:13, 8112.30it/s]
67904it [00:13, 8335.25it/s]
68753it [00:13, 8151.09it/s]
69580it [00:13, 7927.73it/s]
70382it [00:13, 7790.78it/s]
71167it [00:13, 7572.91it/s]
71929it [00:13, 7515.19it/s]
72684it [00:13, 7286.25it/s]
73416it [00:13, 7143.82it/s]
74133it [00:13, 7150.34it/s]
74880it [00:14, 7160.11it/s]
75597it [00:14, 7138.52it/s]
76312it [00:14, 7048.55it/s]
77018it [00:14, 7001.95it/s]
77786it [00:14, 7199.42it/s]
78548it [00:14, 7322.99it/s]
79281it [00:14, 5406.54it/s]
80064it [00:14, 5977.04it/s]
80956it [00:15, 6722.71it/s]
81792it [00:15, 7093.91it/s]
82688it [00:15, 7513.30it/s]
83584it [00:15, 7894.60it/s]
84480it [00:15, 8114.91it/s]
85312it [00:15, 8050.37it/s]
86208it [00:15, 8178.23it/s]
87036it [00:15, 8172.96it/s]
87860it [00:15, 7871.60it/s]
88701it [00:15, 8024.40it/s]
89509it [00:16, 8026.23it/s]
90323it [00:16, 8059.30it/s]
91136it [00:16, 8057.50it/s]
91968it [00:16, 8028.96it/s]
92798it [00:16, 8107.88it/s]
93677it [00:16, 8308.75it/s]
94509it [00:16, 6474.55it/s]
95360it [00:16, 6895.21it/s]
96192it [00:16, 7214.32it/s]
97151it [00:17, 7853.50it/s]
97984it [00:17, 7972.63it/s]
98880it [00:17, 8240.53it/s]
99840it [00:17, 8547.52it/s]
100000it [00:17, 5749.05it/s]
Upload time: 17.808913314249367
Total import time: 48.23064660001546
Experiment stage: Search

0it [00:00, ?it/s]
4it [00:00,  5.33it/s]
14it [00:00, 20.06it/s]
32it [00:00, 48.40it/s]
75it [00:01, 126.27it/s]
134it [00:01, 228.08it/s]
217it [00:01, 373.31it/s]
269it [00:01, 403.34it/s]
348it [00:01, 504.63it/s]
428it [00:01, 584.92it/s]
503it [00:01, 631.25it/s]
601it [00:01, 729.33it/s]
679it [00:01, 742.29it/s]
757it [00:01, 746.43it/s]
846it [00:02, 785.21it/s]
933it [00:02, 809.94it/s]
1016it [00:02, 774.13it/s]
1097it [00:02, 782.50it/s]
1177it [00:02, 781.81it/s]
1256it [00:02, 767.20it/s]
1334it [00:02, 769.24it/s]
1412it [00:02, 769.90it/s]
1490it [00:02, 747.55it/s]
1576it [00:03, 778.80it/s]
1655it [00:03, 705.49it/s]
1747it [00:03, 763.19it/s]
1839it [00:03, 806.79it/s]
1928it [00:03, 828.91it/s]
2016it [00:03, 842.17it/s]
2102it [00:03, 824.25it/s]
2187it [00:03, 831.27it/s]
2285it [00:03, 873.26it/s]
2379it [00:03, 890.03it/s]
2469it [00:04, 892.54it/s]
2559it [00:04, 801.58it/s]
2642it [00:04, 768.41it/s]
2736it [00:04, 813.74it/s]
2819it [00:04, 769.35it/s]
2901it [00:04, 782.85it/s]
2984it [00:04, 794.63it/s]
3067it [00:04, 804.52it/s]
3149it [00:04, 801.85it/s]
3242it [00:05, 835.31it/s]
3326it [00:05, 742.05it/s]
3403it [00:05, 590.64it/s]
3472it [00:05, 612.80it/s]
3551it [00:05, 655.59it/s]
3632it [00:05, 695.80it/s]
3706it [00:05, 693.94it/s]
3788it [00:05, 714.80it/s]
3862it [00:06, 705.61it/s]
3949it [00:06, 750.55it/s]
4030it [00:06, 765.48it/s]
4116it [00:06, 787.20it/s]
4196it [00:06, 670.85it/s]
4292it [00:06, 741.08it/s]
4380it [00:06, 778.49it/s]
4461it [00:06, 771.44it/s]
4555it [00:06, 817.66it/s]
4639it [00:07, 759.65it/s]
4721it [00:07, 754.20it/s]
4814it [00:07, 801.70it/s]
4896it [00:07, 776.18it/s]
4977it [00:07, 785.39it/s]
5057it [00:07, 749.27it/s]
5134it [00:07, 753.57it/s]
5221it [00:07, 785.44it/s]
5304it [00:07, 795.81it/s]
5395it [00:07, 827.15it/s]
5493it [00:08, 870.35it/s]
5583it [00:08, 876.96it/s]
5671it [00:08, 864.04it/s]
5758it [00:08, 831.80it/s]
5845it [00:08, 839.78it/s]
5930it [00:08, 791.93it/s]
6014it [00:08, 804.26it/s]
6102it [00:08, 821.57it/s]
6193it [00:08, 845.00it/s]
6281it [00:09, 848.82it/s]
6367it [00:09, 838.37it/s]
6452it [00:09, 835.69it/s]
6537it [00:09, 839.78it/s]
6629it [00:09, 861.24it/s]
6716it [00:09, 856.79it/s]
6802it [00:09, 854.22it/s]
6888it [00:09, 806.13it/s]
6970it [00:09, 792.53it/s]
7062it [00:09, 827.19it/s]
7146it [00:10, 707.62it/s]
7222it [00:10, 720.12it/s]
7303it [00:10, 742.62it/s]
7392it [00:10, 783.54it/s]
7477it [00:10, 800.36it/s]
7559it [00:10, 763.21it/s]
7637it [00:10, 718.92it/s]
7711it [00:10, 719.06it/s]
7784it [00:11, 686.83it/s]
7860it [00:11, 699.44it/s]
7935it [00:11, 713.07it/s]
8016it [00:11, 738.33it/s]
8091it [00:11, 717.61it/s]
8169it [00:11, 734.79it/s]
8252it [00:11, 760.84it/s]
8329it [00:11, 760.93it/s]
8406it [00:11, 743.19it/s]
8481it [00:11, 702.97it/s]
8560it [00:12, 724.04it/s]
8638it [00:12, 739.12it/s]
8719it [00:12, 756.42it/s]
8797it [00:12, 762.29it/s]
8874it [00:12, 763.61it/s]
8951it [00:12, 759.56it/s]
9028it [00:12, 756.41it/s]
9104it [00:12, 743.41it/s]
9182it [00:12, 753.80it/s]
9268it [00:12, 784.64it/s]
9347it [00:13, 783.67it/s]
9426it [00:13, 760.78it/s]
9503it [00:13, 630.48it/s]
9572it [00:13, 643.95it/s]
9658it [00:13, 701.53it/s]
9736it [00:13, 721.49it/s]
9818it [00:13, 748.37it/s]
9895it [00:13, 754.15it/s]
9975it [00:13, 766.42it/s]
10000it [00:14, 714.28it/s]
Experiment stage: Done
Results saved to:  /home/dzh/project/vdtuner/vector-db-benchmark-master/results
>>> [Step 5] 收尾工作...
    监控日志已保存。
📊 测试结果摘要:
0.37035
709.6499208439463
0.004340787651017308
line1:  0.004340787651017308
line1:  709.6499208439463
line1:  0.37035
numeric_values:  [0.004340787651017308, 709.6499208439463, 0.37035]
[89] 10415 0.37035 0.004340787651017308 178
/bin/sh: 1: Syntax error: "(" unexpected
/data/dzh/venv/lib/python3.10/site-packages/botorch/acquisition/multi_objective/monte_carlo.py:110: NumericsWarning: qExpectedHypervolumeImprovement has known numerical issues that lead to suboptimal optimization performance. It is strongly recommended to simply replace

	 qExpectedHypervolumeImprovement 	 --> 	 qLogExpectedHypervolumeImprovement 

instead, which fixes the issues and has the same API. See https://arxiv.org/abs/2310.20708 for details.
  legacy_ei_numerics_warning(legacy_name=type(self).__name__)
--- DEBUG: Starting command:---
=======================================
🛠️  开始测试流程
Engine: milvus-p10 | Dataset: random-geo-radius-2048-angular-no-filters
=======================================
>>> [Step 1] 启动后台监控...
    监控进程 PID: 1591610
>>> [Step 2] 重置 Milvus...
 Container milvus-standalone  Stopping
 Container milvus-standalone  Stopped
 Container milvus-standalone  Removing
 Container milvus-standalone  Removed
 Container milvus-minio  Stopping
 Container milvus-etcd  Stopping
 Container milvus-etcd  Stopped
 Container milvus-etcd  Removing
 Container milvus-minio  Stopped
 Container milvus-minio  Removing
 Container milvus-etcd  Removed
 Container milvus-minio  Removed
 Network milvus  Removing
 Network milvus  Removed
    🧹 清理宿主机数据目录: /home/dzh/project/vdtuner/vector-db-benchmark-master/engine/servers/milvus-single-node/volumes
 Network milvus  Creating
 Network milvus  Created
 Container milvus-etcd  Creating
 Container milvus-minio  Creating
 Container milvus-minio  Created
 Container milvus-etcd  Created
 Container milvus-standalone  Creating
 Container milvus-standalone  Created
 Container milvus-etcd  Starting
 Container milvus-minio  Starting
 Container milvus-etcd  Started
 Container milvus-minio  Started
 Container milvus-standalone  Starting
 Container milvus-standalone  Started
>>> [Step 3] 等待服务启动 (90s)...
    等待中... (10s/120s)
    ✅ Milvus 服务已就绪
>>> [Step 4] 运行 Benchmark...
Running experiment: milvus-p10 - random-geo-radius-2048-angular-no-filters
established connection
/home/dzh/project/vdtuner/vector-db-benchmark-master/datasets/random-geo-radius-2048-angular/random_geo_100k_no_filters already exists
Experiment stage: Configure
Experiment stage: Upload

0it [00:00, ?it/s]
1it [00:02,  2.15s/it]
704it [00:02, 436.75it/s]
1098it [00:02, 703.25it/s]
1448it [00:02, 967.97it/s]
1775it [00:02, 1250.68it/s]
2099it [00:02, 1471.58it/s]
2394it [00:02, 1617.35it/s]
2816it [00:02, 2058.12it/s]
3328it [00:03, 2662.98it/s]
3904it [00:03, 3339.20it/s]
4765it [00:03, 4617.67it/s]
5760it [00:03, 5919.66it/s]
6784it [00:03, 7038.19it/s]
7749it [00:03, 7755.58it/s]
8805it [00:03, 8545.51it/s]
9763it [00:03, 8841.87it/s]
10794it [00:03, 9268.36it/s]
11776it [00:04, 9360.87it/s]
12800it [00:04, 9552.63it/s]
13768it [00:04, 9434.56it/s]
14784it [00:04, 9558.01it/s]
15747it [00:04, 9548.74it/s]
16768it [00:04, 9632.52it/s]
17735it [00:04, 6020.35it/s]
18688it [00:04, 6729.13it/s]
19648it [00:05, 7304.07it/s]
20672it [00:05, 7956.92it/s]
21583it [00:05, 8252.67it/s]
22520it [00:05, 8551.90it/s]
23430it [00:05, 8645.31it/s]
24334it [00:05, 8598.28it/s]
25221it [00:05, 8466.62it/s]
26087it [00:05, 8206.72it/s]
26922it [00:05, 8096.85it/s]
27742it [00:05, 8068.52it/s]
28736it [00:06, 8511.36it/s]
29632it [00:06, 8594.36it/s]
30656it [00:06, 8996.95it/s]
31560it [00:06, 6408.13it/s]
32384it [00:06, 6749.32it/s]
33344it [00:06, 7377.99it/s]
34304it [00:06, 7844.10it/s]
35200it [00:06, 8139.18it/s]
36164it [00:07, 8551.65it/s]
37056it [00:07, 8633.41it/s]
37993it [00:07, 8844.27it/s]
38896it [00:07, 8766.76it/s]
39808it [00:07, 8830.33it/s]
40704it [00:07, 8817.41it/s]
41664it [00:07, 8914.74it/s]
42624it [00:07, 9062.15it/s]
43534it [00:07, 9053.55it/s]
44442it [00:07, 8947.51it/s]
45339it [00:08, 8716.91it/s]
46213it [00:08, 8531.75it/s]
47104it [00:08, 8569.91it/s]
47963it [00:08, 7101.00it/s]
48896it [00:08, 7541.22it/s]
49843it [00:08, 8050.21it/s]
50752it [00:08, 8287.43it/s]
51712it [00:08, 8632.63it/s]
52609it [00:08, 8727.25it/s]
53568it [00:09, 8885.65it/s]
54467it [00:09, 8784.80it/s]
55424it [00:09, 9004.90it/s]
56384it [00:09, 9075.53it/s]
57296it [00:09, 8550.67it/s]
58160it [00:09, 8363.02it/s]
59008it [00:09, 8254.99it/s]
59840it [00:09, 8192.25it/s]
60800it [00:09, 8486.59it/s]
61760it [00:10, 8804.60it/s]
62644it [00:10, 6861.94it/s]
63474it [00:10, 7213.48it/s]
64320it [00:10, 7505.23it/s]
65223it [00:10, 7915.34it/s]
66112it [00:10, 8145.91it/s]
66977it [00:10, 8284.66it/s]
67840it [00:10, 8381.25it/s]
68692it [00:10, 8338.45it/s]
69536it [00:11, 8266.57it/s]
70370it [00:11, 8174.07it/s]
71193it [00:11, 7836.82it/s]
72025it [00:11, 7974.05it/s]
72896it [00:11, 8094.99it/s]
73719it [00:11, 8133.86it/s]
74560it [00:11, 8084.60it/s]
75392it [00:11, 8111.59it/s]
76288it [00:11, 8338.97it/s]
77248it [00:11, 8637.88it/s]
78113it [00:12, 8586.85it/s]
78976it [00:12, 8563.55it/s]
79919it [00:12, 8819.28it/s]
80802it [00:12, 8617.80it/s]
81666it [00:12, 8479.51it/s]
82560it [00:12, 8511.90it/s]
83456it [00:12, 8595.52it/s]
84317it [00:12, 8521.36it/s]
85170it [00:12, 8484.50it/s]
86019it [00:13, 8376.61it/s]
86969it [00:13, 8705.36it/s]
87872it [00:13, 8699.84it/s]
88832it [00:13, 8841.74it/s]
89763it [00:13, 8978.65it/s]
90662it [00:13, 8959.26it/s]
91584it [00:13, 9004.47it/s]
92485it [00:13, 6495.97it/s]
93376it [00:13, 6994.52it/s]
94278it [00:14, 7498.13it/s]
95232it [00:14, 7956.39it/s]
96192it [00:14, 8332.26it/s]
97152it [00:14, 8613.37it/s]
98082it [00:14, 8806.58it/s]
98985it [00:14, 8758.13it/s]
99904it [00:14, 8842.48it/s]
100000it [00:14, 6813.66it/s]
Upload time: 15.060779206920415
Total import time: 45.67891896562651
Experiment stage: Search

0it [00:00, ?it/s]
4it [00:00,  5.27it/s]
14it [00:00, 19.81it/s]
31it [00:00, 46.86it/s]
97it [00:01, 172.27it/s]
179it [00:01, 316.25it/s]
274it [00:01, 469.54it/s]
361it [00:01, 571.66it/s]
447it [00:01, 646.16it/s]
535it [00:01, 710.13it/s]
625it [00:01, 762.65it/s]
708it [00:01, 751.84it/s]
802it [00:01, 802.09it/s]
888it [00:01, 817.86it/s]
980it [00:02, 845.78it/s]
1067it [00:02, 808.17it/s]
1150it [00:02, 805.24it/s]
1232it [00:02, 805.94it/s]
1319it [00:02, 824.39it/s]
1405it [00:02, 834.50it/s]
1489it [00:02, 806.97it/s]
1573it [00:02, 815.18it/s]
1662it [00:02, 835.49it/s]
1749it [00:03, 844.54it/s]
1839it [00:03, 860.70it/s]
1935it [00:03, 889.48it/s]
2027it [00:03, 898.28it/s]
2120it [00:03, 906.90it/s]
2211it [00:03, 893.35it/s]
2301it [00:03, 815.84it/s]
2384it [00:03, 817.98it/s]
2476it [00:03, 846.82it/s]
2567it [00:03, 840.54it/s]
2652it [00:04, 791.35it/s]
2740it [00:04, 814.14it/s]
2839it [00:04, 862.93it/s]
2931it [00:04, 877.55it/s]
3020it [00:04, 867.28it/s]
3118it [00:04, 898.90it/s]
3209it [00:04, 885.55it/s]
3298it [00:04, 874.39it/s]
3392it [00:04, 893.42it/s]
3482it [00:05, 852.73it/s]
3570it [00:05, 858.86it/s]
3666it [00:05, 882.62it/s]
3761it [00:05, 901.94it/s]
3861it [00:05, 928.88it/s]
3955it [00:05, 915.26it/s]
4047it [00:05, 911.58it/s]
4139it [00:05, 903.72it/s]
4230it [00:05, 881.84it/s]
4322it [00:05, 891.52it/s]
4418it [00:06, 906.70it/s]
4516it [00:06, 927.74it/s]
4614it [00:06, 942.18it/s]
4709it [00:06, 847.99it/s]
4800it [00:06, 860.15it/s]
4891it [00:06, 873.85it/s]
4980it [00:06, 856.19it/s]
5076it [00:06, 883.62it/s]
5166it [00:06, 846.28it/s]
5263it [00:07, 881.04it/s]
5356it [00:07, 893.05it/s]
5446it [00:07, 888.87it/s]
5540it [00:07, 902.05it/s]
5633it [00:07, 908.45it/s]
5725it [00:07, 911.12it/s]
5817it [00:07, 912.61it/s]
5913it [00:07, 923.79it/s]
6006it [00:07, 864.22it/s]
6105it [00:07, 897.22it/s]
6199it [00:08, 907.45it/s]
6295it [00:08, 921.08it/s]
6390it [00:08, 926.06it/s]
6493it [00:08, 954.38it/s]
6589it [00:08, 892.58it/s]
6691it [00:08, 928.14it/s]
6793it [00:08, 954.14it/s]
6890it [00:08, 894.04it/s]
6981it [00:08, 894.52it/s]
7072it [00:09, 887.28it/s]
7167it [00:09, 903.71it/s]
7258it [00:09, 888.32it/s]
7348it [00:09, 882.29it/s]
7437it [00:09, 833.55it/s]
7521it [00:09, 744.70it/s]
7612it [00:09, 778.65it/s]
7713it [00:09, 840.00it/s]
7799it [00:09, 834.81it/s]
7888it [00:10, 850.08it/s]
7986it [00:10, 885.81it/s]
8086it [00:10, 918.24it/s]
8187it [00:10, 944.56it/s]
8293it [00:10, 978.42it/s]
8392it [00:10, 870.60it/s]
8489it [00:10, 897.53it/s]
8581it [00:10, 890.02it/s]
8680it [00:10, 917.09it/s]
8773it [00:10, 903.20it/s]
8872it [00:11, 926.39it/s]
8971it [00:11, 942.78it/s]
9071it [00:11, 957.95it/s]
9168it [00:11, 925.33it/s]
9262it [00:11, 891.02it/s]
9352it [00:11, 882.20it/s]
9443it [00:11, 888.86it/s]
9540it [00:11, 910.45it/s]
9632it [00:11, 906.57it/s]
9723it [00:12, 882.46it/s]
9813it [00:12, 885.15it/s]
9910it [00:12, 908.58it/s]
10000it [00:12, 811.56it/s]
Experiment stage: Done
Results saved to:  /home/dzh/project/vdtuner/vector-db-benchmark-master/results
>>> [Step 5] 收尾工作...
    监控日志已保存。
📊 测试结果摘要:
0.38333
805.8061979306042
0.003789907717145979
line1:  0.003789907717145979
line1:  805.8061979306042
line1:  0.38333
numeric_values:  [0.003789907717145979, 805.8061979306042, 0.38333]
[90] 11078 0.38333 0.003789907717145979 662
/bin/sh: 1: Syntax error: "(" unexpected
/data/dzh/venv/lib/python3.10/site-packages/botorch/acquisition/multi_objective/monte_carlo.py:110: NumericsWarning: qExpectedHypervolumeImprovement has known numerical issues that lead to suboptimal optimization performance. It is strongly recommended to simply replace

	 qExpectedHypervolumeImprovement 	 --> 	 qLogExpectedHypervolumeImprovement 

instead, which fixes the issues and has the same API. See https://arxiv.org/abs/2310.20708 for details.
  legacy_ei_numerics_warning(legacy_name=type(self).__name__)
--- DEBUG: Starting command:---
=======================================
🛠️  开始测试流程
Engine: milvus-p10 | Dataset: random-geo-radius-2048-angular-no-filters
=======================================
>>> [Step 1] 启动后台监控...
    监控进程 PID: 1634444
>>> [Step 2] 重置 Milvus...
 Container milvus-standalone  Stopping
 Container milvus-standalone  Stopped
 Container milvus-standalone  Removing
 Container milvus-standalone  Removed
 Container milvus-minio  Stopping
 Container milvus-etcd  Stopping
 Container milvus-etcd  Stopped
 Container milvus-etcd  Removing
 Container milvus-minio  Stopped
 Container milvus-minio  Removing
 Container milvus-etcd  Removed
 Container milvus-minio  Removed
 Network milvus  Removing
 Network milvus  Removed
    🧹 清理宿主机数据目录: /home/dzh/project/vdtuner/vector-db-benchmark-master/engine/servers/milvus-single-node/volumes
 Network milvus  Creating
 Network milvus  Created
 Container milvus-etcd  Creating
 Container milvus-minio  Creating
 Container milvus-minio  Created
 Container milvus-etcd  Created
 Container milvus-standalone  Creating
 Container milvus-standalone  Created
 Container milvus-etcd  Starting
 Container milvus-minio  Starting
 Container milvus-minio  Started
 Container milvus-etcd  Started
 Container milvus-standalone  Starting
 Container milvus-standalone  Started
>>> [Step 3] 等待服务启动 (90s)...
    等待中... (10s/120s)
    ✅ Milvus 服务已就绪
>>> [Step 4] 运行 Benchmark...
Running experiment: milvus-p10 - random-geo-radius-2048-angular-no-filters
established connection
/home/dzh/project/vdtuner/vector-db-benchmark-master/datasets/random-geo-radius-2048-angular/random_geo_100k_no_filters already exists
Experiment stage: Configure
Experiment stage: Upload

0it [00:00, ?it/s]
1it [00:01,  1.82s/it]
797it [00:01, 579.08it/s]
1266it [00:02, 912.39it/s]
1653it [00:02, 1097.55it/s]
1957it [00:02, 1316.60it/s]
2248it [00:02, 1525.93it/s]
2560it [00:02, 1784.24it/s]
2900it [00:02, 2093.19it/s]
3712it [00:02, 3381.99it/s]
4608it [00:02, 4673.08it/s]
5632it [00:03, 6035.71it/s]
6656it [00:03, 7058.44it/s]
7504it [00:03, 7431.32it/s]
8312it [00:03, 7451.83it/s]
9280it [00:03, 8007.93it/s]
10304it [00:03, 8582.07it/s]
11328it [00:03, 8922.22it/s]
12352it [00:03, 9238.27it/s]
13376it [00:03, 9447.36it/s]
14336it [00:03, 9344.67it/s]
15296it [00:04, 9348.01it/s]
16236it [00:04, 6460.41it/s]
17149it [00:04, 7056.40it/s]
18057it [00:04, 7545.56it/s]
19013it [00:04, 8061.93it/s]
19904it [00:04, 8285.50it/s]
20928it [00:04, 8735.04it/s]
21840it [00:04, 8454.59it/s]
22720it [00:05, 8491.86it/s]
23616it [00:05, 8576.99it/s]
24640it [00:05, 8915.17it/s]
25542it [00:05, 8880.06it/s]
26438it [00:05, 8468.86it/s]
27293it [00:05, 8328.72it/s]
28160it [00:05, 8419.93it/s]
29120it [00:05, 8637.70it/s]
30080it [00:05, 8901.25it/s]
31104it [00:06, 9229.86it/s]
32030it [00:06, 7182.96it/s]
32960it [00:06, 7648.12it/s]
33920it [00:06, 8129.93it/s]
34880it [00:06, 8514.69it/s]
35840it [00:06, 8796.33it/s]
36749it [00:06, 8836.90it/s]
37653it [00:06, 8840.16it/s]
38552it [00:06, 8692.72it/s]
39488it [00:07, 8745.11it/s]
40448it [00:07, 8914.88it/s]
41345it [00:07, 8607.23it/s]
42240it [00:07, 8590.45it/s]
43103it [00:07, 8499.39it/s]
43956it [00:07, 8358.52it/s]
44864it [00:07, 8525.31it/s]
45760it [00:07, 8647.49it/s]
46627it [00:08, 5844.58it/s]
47332it [00:08, 5924.87it/s]
48128it [00:08, 6324.34it/s]
48992it [00:08, 6899.13it/s]
49792it [00:08, 7095.10it/s]
50560it [00:08, 7203.46it/s]
51392it [00:08, 7461.06it/s]
52288it [00:08, 7841.07it/s]
53184it [00:08, 8128.43it/s]
54099it [00:08, 8423.61it/s]
55040it [00:09, 8596.44it/s]
55908it [00:09, 8487.69it/s]
56763it [00:09, 8278.50it/s]
57596it [00:09, 8276.35it/s]
58427it [00:09, 7967.63it/s]
59228it [00:09, 7505.08it/s]
60032it [00:09, 7552.11it/s]
60800it [00:09, 5695.87it/s]
61440it [00:10, 5796.18it/s]
62317it [00:10, 6529.46it/s]
63233it [00:10, 7214.55it/s]
64128it [00:10, 7557.51it/s]
64919it [00:10, 7531.37it/s]
65792it [00:10, 7829.63it/s]
66624it [00:10, 7933.48it/s]
67520it [00:10, 8168.07it/s]
68416it [00:10, 8342.64it/s]
69334it [00:10, 8586.28it/s]
70208it [00:11, 8557.72it/s]
71068it [00:11, 8476.05it/s]
72000it [00:11, 8590.28it/s]
72861it [00:11, 8592.49it/s]
73728it [00:11, 8536.02it/s]
74624it [00:11, 8655.74it/s]
75491it [00:11, 6413.23it/s]
76288it [00:11, 6697.63it/s]
77120it [00:11, 7086.49it/s]
78016it [00:12, 7485.16it/s]
78912it [00:12, 7875.48it/s]
79808it [00:12, 8091.90it/s]
80768it [00:12, 8393.85it/s]
81664it [00:12, 8516.98it/s]
82529it [00:12, 8531.64it/s]
83392it [00:12, 8468.06it/s]
84292it [00:12, 8622.43it/s]
85184it [00:12, 8599.88it/s]
86080it [00:13, 8659.44it/s]
86954it [00:13, 8682.64it/s]
87825it [00:13, 8407.15it/s]
88669it [00:13, 8366.70it/s]
89508it [00:13, 8051.07it/s]
90368it [00:13, 8111.99it/s]
91182it [00:13, 5550.61it/s]
91969it [00:13, 6058.79it/s]
92813it [00:14, 6626.43it/s]
93632it [00:14, 7011.18it/s]
94528it [00:14, 7455.68it/s]
95424it [00:14, 7829.02it/s]
96306it [00:14, 8105.83it/s]
97152it [00:14, 8154.25it/s]
98048it [00:14, 8315.44it/s]
98894it [00:14, 7537.48it/s]
99687it [00:14, 7643.78it/s]
100000it [00:14, 6709.33it/s]
Upload time: 15.437211121898144
Total import time: 46.2796664419584
Experiment stage: Search

0it [00:00, ?it/s]
4it [00:00,  5.32it/s]
14it [00:00, 19.49it/s]
38it [00:00, 58.88it/s]
90it [00:01, 152.48it/s]
159it [00:01, 273.06it/s]
237it [00:01, 395.55it/s]
321it [00:01, 507.97it/s]
404it [00:01, 592.25it/s]
489it [00:01, 662.66it/s]
570it [00:01, 704.30it/s]
647it [00:01, 705.44it/s]
730it [00:01, 740.85it/s]
811it [00:01, 752.64it/s]
899it [00:02, 781.25it/s]
986it [00:02, 800.89it/s]
1068it [00:02, 800.53it/s]
1149it [00:02, 793.79it/s]
1229it [00:02, 752.77it/s]
1306it [00:02, 722.28it/s]
1384it [00:02, 737.46it/s]
1459it [00:02, 717.02it/s]
1532it [00:02, 717.08it/s]
1605it [00:03, 591.40it/s]
1668it [00:03, 575.27it/s]
1729it [00:03, 508.32it/s]
1783it [00:03, 509.92it/s]
1858it [00:03, 570.20it/s]
1924it [00:03, 593.35it/s]
1997it [00:03, 630.89it/s]
2062it [00:03, 635.59it/s]
2128it [00:04, 641.83it/s]
2211it [00:04, 688.53it/s]
2290it [00:04, 717.24it/s]
2373it [00:04, 747.31it/s]
2449it [00:04, 732.54it/s]
2523it [00:04, 722.54it/s]
2596it [00:04, 697.62it/s]
2667it [00:04, 658.55it/s]
2734it [00:04, 646.34it/s]
2805it [00:04, 651.78it/s]
2881it [00:05, 680.24it/s]
2950it [00:05, 603.95it/s]
3013it [00:05, 521.83it/s]
3068it [00:05, 498.63it/s]
3120it [00:05, 481.76it/s]
3195it [00:05, 547.69it/s]
3260it [00:05, 567.18it/s]
3319it [00:05, 515.91it/s]
3385it [00:06, 552.44it/s]
3458it [00:06, 592.15it/s]
3534it [00:06, 636.45it/s]
3600it [00:06, 634.55it/s]
3669it [00:06, 642.38it/s]
3734it [00:06, 602.38it/s]
3817it [00:06, 661.96it/s]
3900it [00:06, 705.84it/s]
3980it [00:06, 731.10it/s]
4059it [00:07, 743.52it/s]
4134it [00:07, 710.67it/s]
4206it [00:07, 711.65it/s]
4295it [00:07, 759.93it/s]
4372it [00:07, 742.67it/s]
4456it [00:07, 769.71it/s]
4534it [00:07, 764.11it/s]
4622it [00:07, 795.01it/s]
4702it [00:07, 788.58it/s]
4792it [00:07, 820.11it/s]
4875it [00:08, 821.11it/s]
4958it [00:08, 819.26it/s]
5041it [00:08, 814.58it/s]
5123it [00:08, 806.43it/s]
5215it [00:08, 838.56it/s]
5307it [00:08, 859.30it/s]
5394it [00:08, 848.85it/s]
5479it [00:08, 827.48it/s]
5562it [00:08, 801.03it/s]
5646it [00:09, 809.27it/s]
5728it [00:09, 810.55it/s]
5813it [00:09, 820.16it/s]
5896it [00:09, 822.75it/s]
5982it [00:09, 831.08it/s]
6072it [00:09, 851.46it/s]
6159it [00:09, 855.31it/s]
6245it [00:09, 845.75it/s]
6330it [00:09, 812.17it/s]
6412it [00:09, 795.76it/s]
6493it [00:10, 797.99it/s]
6573it [00:10, 780.35it/s]
6652it [00:10, 761.04it/s]
6738it [00:10, 787.92it/s]
6818it [00:10, 758.57it/s]
6895it [00:10, 700.72it/s]
6967it [00:10, 694.96it/s]
7038it [00:10, 697.78it/s]
7109it [00:11, 558.69it/s]
7172it [00:11, 572.66it/s]
7235it [00:11, 587.21it/s]
7311it [00:11, 616.53it/s]
7375it [00:11, 574.02it/s]
7435it [00:11, 576.91it/s]
7512it [00:11, 626.21it/s]
7591it [00:11, 670.61it/s]
7671it [00:11, 706.18it/s]
7752it [00:11, 731.18it/s]
7826it [00:12, 718.27it/s]
7903it [00:12, 730.69it/s]
7981it [00:12, 743.62it/s]
8056it [00:12, 707.54it/s]
8139it [00:12, 736.45it/s]
8217it [00:12, 735.13it/s]
8291it [00:12, 672.07it/s]
8360it [00:12, 673.95it/s]
8438it [00:12, 702.85it/s]
8510it [00:13, 686.36it/s]
8580it [00:13, 679.80it/s]
8649it [00:13, 663.91it/s]
8724it [00:13, 680.54it/s]
8803it [00:13, 705.52it/s]
8874it [00:13, 697.93it/s]
8951it [00:13, 715.37it/s]
9028it [00:13, 725.54it/s]
9101it [00:13, 695.19it/s]
9171it [00:13, 687.77it/s]
9243it [00:14, 696.52it/s]
9316it [00:14, 705.57it/s]
9387it [00:14, 704.82it/s]
9460it [00:14, 710.63it/s]
9542it [00:14, 741.33it/s]
9622it [00:14, 757.21it/s]
9702it [00:14, 768.71it/s]
9782it [00:14, 777.08it/s]
9860it [00:14, 756.68it/s]
9936it [00:15, 752.87it/s]
10000it [00:15, 662.05it/s]
Experiment stage: Done
Results saved to:  /home/dzh/project/vdtuner/vector-db-benchmark-master/results
>>> [Step 5] 收尾工作...
    监控日志已保存。
📊 测试结果摘要:
0.39309000000000005
658.147503188548
0.004356995085254309
line1:  0.004356995085254309
line1:  658.147503188548
line1:  0.39309000000000005
numeric_values:  [0.004356995085254309, 658.147503188548, 0.39309000000000005]
[91] 11619 0.39309000000000005 0.004356995085254309 540
/bin/sh: 1: Syntax error: "(" unexpected
/data/dzh/venv/lib/python3.10/site-packages/botorch/acquisition/multi_objective/monte_carlo.py:110: NumericsWarning: qExpectedHypervolumeImprovement has known numerical issues that lead to suboptimal optimization performance. It is strongly recommended to simply replace

	 qExpectedHypervolumeImprovement 	 --> 	 qLogExpectedHypervolumeImprovement 

instead, which fixes the issues and has the same API. See https://arxiv.org/abs/2310.20708 for details.
  legacy_ei_numerics_warning(legacy_name=type(self).__name__)
--- DEBUG: Starting command:---
=======================================
🛠️  开始测试流程
Engine: milvus-p10 | Dataset: random-geo-radius-2048-angular-no-filters
=======================================
>>> [Step 1] 启动后台监控...
    监控进程 PID: 1660868
>>> [Step 2] 重置 Milvus...
 Container milvus-standalone  Stopping
 Container milvus-standalone  Stopped
 Container milvus-standalone  Removing
 Container milvus-standalone  Removed
 Container milvus-minio  Stopping
 Container milvus-etcd  Stopping
 Container milvus-etcd  Stopped
 Container milvus-etcd  Removing
 Container milvus-etcd  Removed
 Container milvus-minio  Stopped
 Container milvus-minio  Removing
 Container milvus-minio  Removed
 Network milvus  Removing
 Network milvus  Removed
    🧹 清理宿主机数据目录: /home/dzh/project/vdtuner/vector-db-benchmark-master/engine/servers/milvus-single-node/volumes
 Network milvus  Creating
 Network milvus  Created
 Container milvus-minio  Creating
 Container milvus-etcd  Creating
 Container milvus-etcd  Created
 Container milvus-minio  Created
 Container milvus-standalone  Creating
 Container milvus-standalone  Created
 Container milvus-minio  Starting
 Container milvus-etcd  Starting
 Container milvus-etcd  Started
 Container milvus-minio  Started
 Container milvus-standalone  Starting
 Container milvus-standalone  Started
>>> [Step 3] 等待服务启动 (90s)...
    等待中... (10s/120s)
    ✅ Milvus 服务已就绪
>>> [Step 4] 运行 Benchmark...
Running experiment: milvus-p10 - random-geo-radius-2048-angular-no-filters
established connection
/home/dzh/project/vdtuner/vector-db-benchmark-master/datasets/random-geo-radius-2048-angular/random_geo_100k_no_filters already exists
Experiment stage: Configure
Experiment stage: Upload

0it [00:00, ?it/s]
1it [00:01,  1.42s/it]
704it [00:01, 634.75it/s]
1063it [00:01, 937.67it/s]
1408it [00:01, 1215.41it/s]
1728it [00:01, 1512.42it/s]
2048it [00:02, 1756.97it/s]
2335it [00:02, 1763.67it/s]
2688it [00:02, 2026.80it/s]
3136it [00:02, 2535.60it/s]
4096it [00:02, 4176.45it/s]
5056it [00:02, 5485.23it/s]
6144it [00:02, 6858.02it/s]
7290it [00:02, 8105.02it/s]
8256it [00:02, 8470.66it/s]
9216it [00:03, 8699.41it/s]
10176it [00:03, 8952.01it/s]
11215it [00:03, 9368.46it/s]
12173it [00:03, 8992.85it/s]
13248it [00:03, 9371.77it/s]
14272it [00:03, 9487.64it/s]
15230it [00:03, 9318.12it/s]
16169it [00:03, 9288.86it/s]
17103it [00:03, 7294.63it/s]
18112it [00:04, 7937.34it/s]
19072it [00:04, 8304.73it/s]
19968it [00:04, 8416.98it/s]
20992it [00:04, 8852.90it/s]
21905it [00:04, 8921.83it/s]
22848it [00:04, 9021.91it/s]
23808it [00:04, 9070.20it/s]
24768it [00:04, 9211.54it/s]
25728it [00:04, 9323.09it/s]
26688it [00:04, 9344.72it/s]
27640it [00:05, 9396.21it/s]
28608it [00:05, 9367.66it/s]
29566it [00:05, 9429.56it/s]
30528it [00:05, 9350.93it/s]
31465it [00:05, 7588.97it/s]
32384it [00:05, 7928.22it/s]
33302it [00:05, 8259.59it/s]
34301it [00:05, 8733.93it/s]
35203it [00:05, 8630.85it/s]
36160it [00:06, 8769.29it/s]
37120it [00:06, 8883.41it/s]
38091it [00:06, 9117.96it/s]
39040it [00:06, 9143.25it/s]
40000it [00:06, 9206.61it/s]
40925it [00:06, 9200.73it/s]
41848it [00:06, 9200.76it/s]
42771it [00:06, 9041.76it/s]
43682it [00:06, 9060.95it/s]
44590it [00:07, 9064.51it/s]
45498it [00:07, 9067.09it/s]
46406it [00:07, 5814.84it/s]
47136it [00:07, 5871.53it/s]
48000it [00:07, 6403.28it/s]
48896it [00:07, 6992.83it/s]
49792it [00:07, 7411.70it/s]
50688it [00:07, 7781.11it/s]
51584it [00:08, 8093.45it/s]
52480it [00:08, 8294.80it/s]
53440it [00:08, 8559.09it/s]
54400it [00:08, 8754.84it/s]
55311it [00:08, 8856.52it/s]
56247it [00:08, 9003.04it/s]
57155it [00:08, 8777.37it/s]
58048it [00:08, 8804.24it/s]
58944it [00:08, 8796.27it/s]
59840it [00:08, 8724.71it/s]
60765it [00:09, 8877.95it/s]
61655it [00:09, 6543.55it/s]
62592it [00:09, 7167.91it/s]
63488it [00:09, 7564.89it/s]
64384it [00:09, 7922.37it/s]
65280it [00:09, 8123.13it/s]
66176it [00:09, 8352.71it/s]
67136it [00:09, 8623.93it/s]
68032it [00:09, 8651.08it/s]
68928it [00:10, 8659.73it/s]
69824it [00:10, 8692.17it/s]
70720it [00:10, 8630.92it/s]
71638it [00:10, 8790.34it/s]
72521it [00:10, 8470.30it/s]
73408it [00:10, 8539.45it/s]
74304it [00:10, 8651.52it/s]
75200it [00:10, 8691.77it/s]
76072it [00:11, 6836.03it/s]
76928it [00:11, 7245.54it/s]
77824it [00:11, 7598.84it/s]
78720it [00:11, 7898.10it/s]
79568it [00:11, 8058.19it/s]
80512it [00:11, 8415.10it/s]
81408it [00:11, 8481.86it/s]
82396it [00:11, 8885.10it/s]
83295it [00:11, 8834.01it/s]
84224it [00:11, 8936.01it/s]
85143it [00:12, 9010.51it/s]
86080it [00:12, 8994.62it/s]
86983it [00:12, 8994.21it/s]
87885it [00:12, 8921.57it/s]
88779it [00:12, 8912.77it/s]
89672it [00:12, 8915.34it/s]
90565it [00:12, 5660.80it/s]
91456it [00:12, 6330.75it/s]
92352it [00:13, 6875.61it/s]
93312it [00:13, 7467.36it/s]
94208it [00:13, 7781.82it/s]
95168it [00:13, 8267.05it/s]
96064it [00:13, 8438.33it/s]
97024it [00:13, 8733.49it/s]
97925it [00:13, 8775.09it/s]
98936it [00:13, 9161.81it/s]
99867it [00:13, 8944.97it/s]
100000it [00:13, 7203.49it/s]
Upload time: 14.264399220701307
Total import time: 44.889002970885485
Experiment stage: Search

0it [00:00, ?it/s]
4it [00:00,  5.25it/s]
14it [00:00, 18.91it/s]
36it [00:01, 52.54it/s]
116it [00:01, 198.10it/s]
204it [00:01, 345.78it/s]
297it [00:01, 483.04it/s]
389it [00:01, 593.00it/s]
485it [00:01, 688.74it/s]
568it [00:01, 725.60it/s]
659it [00:01, 774.19it/s]
749it [00:01, 807.49it/s]
839it [00:01, 833.19it/s]
926it [00:02, 839.29it/s]
1013it [00:02, 825.31it/s]
1110it [00:02, 865.00it/s]
1198it [00:02, 841.03it/s]
1287it [00:02, 847.70it/s]
1373it [00:02, 841.73it/s]
1458it [00:02, 842.56it/s]
1543it [00:02, 841.88it/s]
1634it [00:02, 861.27it/s]
1721it [00:02, 847.95it/s]
1807it [00:03, 850.84it/s]
1894it [00:03, 856.43it/s]
1984it [00:03, 869.10it/s]
2072it [00:03, 862.10it/s]
2159it [00:03, 863.55it/s]
2246it [00:03, 851.57it/s]
2339it [00:03, 873.51it/s]
2433it [00:03, 892.03it/s]
2526it [00:03, 899.20it/s]
2616it [00:04, 797.61it/s]
2698it [00:04, 788.17it/s]
2779it [00:04, 781.59it/s]
2859it [00:04, 768.59it/s]
2937it [00:04, 753.12it/s]
3016it [00:04, 760.31it/s]
3113it [00:04, 819.78it/s]
3216it [00:04, 878.35it/s]
3315it [00:04, 910.32it/s]
3409it [00:04, 918.38it/s]
3506it [00:05, 932.57it/s]
3600it [00:05, 918.36it/s]
3697it [00:05, 932.28it/s]
3791it [00:05, 875.50it/s]
3887it [00:05, 893.95it/s]
3981it [00:05, 906.39it/s]
4073it [00:05, 898.45it/s]
4167it [00:05, 909.63it/s]
4259it [00:05, 899.86it/s]
4350it [00:05, 900.38it/s]
4441it [00:06, 887.19it/s]
4531it [00:06, 889.90it/s]
4621it [00:06, 875.80it/s]
4709it [00:06, 869.54it/s]
4797it [00:06, 841.70it/s]
4882it [00:06, 828.69it/s]
4966it [00:06, 815.65it/s]
5048it [00:06, 801.82it/s]
5129it [00:06, 798.23it/s]
5212it [00:07, 806.02it/s]
5304it [00:07, 836.28it/s]
5393it [00:07, 847.10it/s]
5484it [00:07, 863.70it/s]
5571it [00:07, 860.04it/s]
5660it [00:07, 866.45it/s]
5757it [00:07, 896.04it/s]
5847it [00:07, 757.14it/s]
5939it [00:07, 799.24it/s]
6030it [00:08, 827.90it/s]
6122it [00:08, 851.34it/s]
6214it [00:08, 868.26it/s]
6306it [00:08, 882.67it/s]
6396it [00:08, 856.17it/s]
6485it [00:08, 865.57it/s]
6578it [00:08, 883.42it/s]
6667it [00:08, 878.58it/s]
6756it [00:08, 880.52it/s]
6852it [00:08, 901.72it/s]
6950it [00:09, 921.99it/s]
7043it [00:09, 917.84it/s]
7135it [00:09, 909.94it/s]
7227it [00:09, 888.85it/s]
7317it [00:09, 875.50it/s]
7406it [00:09, 878.63it/s]
7494it [00:09, 659.15it/s]
7583it [00:09, 712.57it/s]
7679it [00:09, 774.20it/s]
7768it [00:10, 804.25it/s]
7864it [00:10, 844.72it/s]
7952it [00:10, 851.16it/s]
8040it [00:10, 822.30it/s]
8130it [00:10, 834.88it/s]
8215it [00:10, 810.34it/s]
8304it [00:10, 831.16it/s]
8388it [00:10, 829.27it/s]
8472it [00:10, 816.00it/s]
8555it [00:11, 812.55it/s]
8646it [00:11, 840.25it/s]
8732it [00:11, 843.46it/s]
8819it [00:11, 850.54it/s]
8908it [00:11, 858.52it/s]
8998it [00:11, 867.99it/s]
9086it [00:11, 871.27it/s]
9174it [00:11, 857.29it/s]
9260it [00:11, 842.59it/s]
9349it [00:11, 853.27it/s]
9435it [00:12, 849.67it/s]
9521it [00:12, 843.59it/s]
9613it [00:12, 864.97it/s]
9707it [00:12, 886.30it/s]
9797it [00:12, 890.15it/s]
9887it [00:12, 868.43it/s]
9975it [00:12, 866.40it/s]
10000it [00:12, 787.40it/s]
Experiment stage: Done
Results saved to:  /home/dzh/project/vdtuner/vector-db-benchmark-master/results
>>> [Step 5] 收尾工作...
    监控日志已保存。
📊 测试结果摘要:
0.38337
781.0169805934516
0.004172695754095908
line1:  0.004172695754095908
line1:  781.0169805934516
line1:  0.38337
numeric_values:  [0.004172695754095908, 781.0169805934516, 0.38337]
[92] 11710 0.38337 0.004172695754095908 91
/bin/sh: 1: Syntax error: "(" unexpected
/data/dzh/venv/lib/python3.10/site-packages/botorch/acquisition/multi_objective/monte_carlo.py:110: NumericsWarning: qExpectedHypervolumeImprovement has known numerical issues that lead to suboptimal optimization performance. It is strongly recommended to simply replace

	 qExpectedHypervolumeImprovement 	 --> 	 qLogExpectedHypervolumeImprovement 

instead, which fixes the issues and has the same API. See https://arxiv.org/abs/2310.20708 for details.
  legacy_ei_numerics_warning(legacy_name=type(self).__name__)
--- DEBUG: Starting command:---
=======================================
🛠️  开始测试流程
Engine: milvus-p10 | Dataset: random-geo-radius-2048-angular-no-filters
=======================================
>>> [Step 1] 启动后台监控...
    监控进程 PID: 1676039
>>> [Step 2] 重置 Milvus...
 Container milvus-standalone  Stopping
 Container milvus-standalone  Stopped
 Container milvus-standalone  Removing
 Container milvus-standalone  Removed
 Container milvus-minio  Stopping
 Container milvus-etcd  Stopping
 Container milvus-etcd  Stopped
 Container milvus-etcd  Removing
 Container milvus-etcd  Removed
 Container milvus-minio  Stopped
 Container milvus-minio  Removing
 Container milvus-minio  Removed
 Network milvus  Removing
 Network milvus  Removed
    🧹 清理宿主机数据目录: /home/dzh/project/vdtuner/vector-db-benchmark-master/engine/servers/milvus-single-node/volumes
 Network milvus  Creating
 Network milvus  Created
 Container milvus-minio  Creating
 Container milvus-etcd  Creating
 Container milvus-etcd  Created
 Container milvus-minio  Created
 Container milvus-standalone  Creating
 Container milvus-standalone  Created
 Container milvus-minio  Starting
 Container milvus-etcd  Starting
 Container milvus-minio  Started
 Container milvus-etcd  Started
 Container milvus-standalone  Starting
 Container milvus-standalone  Started
>>> [Step 3] 等待服务启动 (90s)...
    等待中... (10s/120s)
    ✅ Milvus 服务已就绪
>>> [Step 4] 运行 Benchmark...
Running experiment: milvus-p10 - random-geo-radius-2048-angular-no-filters
established connection
/home/dzh/project/vdtuner/vector-db-benchmark-master/datasets/random-geo-radius-2048-angular/random_geo_100k_no_filters already exists
Experiment stage: Configure
Experiment stage: Upload

0it [00:00, ?it/s]
1it [00:01,  1.60s/it]
704it [00:01, 572.87it/s]
1084it [00:01, 876.41it/s]
1418it [00:01, 1116.56it/s]
1709it [00:02, 1354.46it/s]
2112it [00:02, 1774.33it/s]
2496it [00:02, 2162.14it/s]
2828it [00:02, 2357.03it/s]
3520it [00:02, 3380.61it/s]
4480it [00:02, 4867.35it/s]
5568it [00:02, 6359.09it/s]
6592it [00:02, 7387.05it/s]
7616it [00:02, 8154.00it/s]
8602it [00:03, 8635.30it/s]
9600it [00:03, 8942.55it/s]
10560it [00:03, 9054.92it/s]
11489it [00:03, 9090.71it/s]
12480it [00:03, 9252.62it/s]
13440it [00:03, 9314.83it/s]
14413it [00:03, 9436.32it/s]
15363it [00:03, 9389.34it/s]
16448it [00:03, 9792.47it/s]
17431it [00:04, 8146.96it/s]
18304it [00:04, 8239.20it/s]
19177it [00:04, 8370.87it/s]
20096it [00:04, 8391.67it/s]
21120it [00:04, 8858.88it/s]
22144it [00:04, 9170.20it/s]
23073it [00:04, 8974.30it/s]
24064it [00:04, 9129.38it/s]
25088it [00:04, 9310.13it/s]
26059it [00:04, 9425.03it/s]
27008it [00:05, 9422.20it/s]
27968it [00:05, 9423.63it/s]
28992it [00:05, 9576.56it/s]
29952it [00:05, 9459.16it/s]
30912it [00:05, 9470.65it/s]
31936it [00:05, 9594.79it/s]
32896it [00:05, 6034.64it/s]
33792it [00:05, 6581.55it/s]
34752it [00:06, 7245.05it/s]
35712it [00:06, 7740.78it/s]
36664it [00:06, 8198.39it/s]
37555it [00:06, 8387.46it/s]
38464it [00:06, 8553.31it/s]
39424it [00:06, 8773.40it/s]
40384it [00:06, 8904.04it/s]
41294it [00:06, 8628.16it/s]
42172it [00:06, 8512.54it/s]
43034it [00:07, 8292.90it/s]
43904it [00:07, 8357.42it/s]
44746it [00:07, 8130.40it/s]
45564it [00:07, 8059.67it/s]
46373it [00:07, 5847.32it/s]
47223it [00:07, 6454.37it/s]
48064it [00:07, 6871.89it/s]
49024it [00:07, 7554.82it/s]
49920it [00:07, 7852.73it/s]
50752it [00:08, 7882.25it/s]
51569it [00:08, 7818.22it/s]
52371it [00:08, 7850.51it/s]
53184it [00:08, 7885.47it/s]
54080it [00:08, 8142.20it/s]
55040it [00:08, 8473.83it/s]
56016it [00:08, 8847.86it/s]
56960it [00:08, 8941.36it/s]
57858it [00:08, 8937.44it/s]
58755it [00:09, 8939.52it/s]
59651it [00:09, 8687.24it/s]
60523it [00:09, 8474.67it/s]
61396it [00:09, 8547.73it/s]
62253it [00:09, 6105.24it/s]
63104it [00:09, 6608.95it/s]
64000it [00:09, 7153.66it/s]
64832it [00:09, 7415.47it/s]
65635it [00:09, 7580.27it/s]
66432it [00:10, 7643.43it/s]
67264it [00:10, 7780.56it/s]
68224it [00:10, 8260.71it/s]
69184it [00:10, 8578.69it/s]
70080it [00:10, 8681.19it/s]
71003it [00:10, 8841.87it/s]
71894it [00:10, 8753.25it/s]
72831it [00:10, 8934.31it/s]
73728it [00:10, 8617.86it/s]
74688it [00:11, 8762.86it/s]
75584it [00:11, 8777.96it/s]
76465it [00:11, 8051.15it/s]
77312it [00:11, 8103.65it/s]
78208it [00:11, 8284.02it/s]
79104it [00:11, 8447.73it/s]
80000it [00:11, 8546.13it/s]
80896it [00:11, 8601.97it/s]
81852it [00:11, 8881.27it/s]
82743it [00:11, 8834.16it/s]
83648it [00:12, 8787.38it/s]
84544it [00:12, 8694.56it/s]
85415it [00:12, 8681.53it/s]
86284it [00:12, 8415.88it/s]
87128it [00:12, 8149.61it/s]
87946it [00:12, 8105.38it/s]
88832it [00:12, 8247.60it/s]
89792it [00:12, 8579.09it/s]
90652it [00:13, 5801.19it/s]
91560it [00:13, 6514.24it/s]
92416it [00:13, 6923.01it/s]
93313it [00:13, 7438.49it/s]
94144it [00:13, 7589.51it/s]
94976it [00:13, 7776.56it/s]
95872it [00:13, 8051.65it/s]
96705it [00:13, 8079.73it/s]
97600it [00:13, 8237.59it/s]
98496it [00:13, 8426.30it/s]
99392it [00:14, 8550.01it/s]
100000it [00:14, 7068.96it/s]
Upload time: 14.512826383113861
Total import time: 45.35522733302787
Experiment stage: Search

0it [00:00, ?it/s]
4it [00:00,  5.07it/s]
14it [00:00, 18.60it/s]
59it [00:01, 92.44it/s]
145it [00:01, 243.34it/s]
239it [00:01, 395.66it/s]
326it [00:01, 508.23it/s]
419it [00:01, 613.44it/s]
503it [00:01, 671.63it/s]
589it [00:01, 722.33it/s]
671it [00:01, 712.85it/s]
754it [00:01, 736.44it/s]
841it [00:01, 773.32it/s]
932it [00:02, 812.19it/s]
1022it [00:02, 834.81it/s]
1121it [00:02, 877.67it/s]
1211it [00:02, 875.82it/s]
1301it [00:02, 881.88it/s]
1390it [00:02, 880.46it/s]
1481it [00:02, 888.65it/s]
1571it [00:02, 887.77it/s]
1666it [00:02, 902.76it/s]
1757it [00:02, 859.34it/s]
1856it [00:03, 896.40it/s]
1947it [00:03, 899.44it/s]
2038it [00:03, 885.08it/s]
2127it [00:03, 876.86it/s]
2215it [00:03, 805.01it/s]
2301it [00:03, 819.32it/s]
2391it [00:03, 841.51it/s]
2476it [00:03, 834.70it/s]
2564it [00:03, 847.70it/s]
2651it [00:04, 853.32it/s]
2741it [00:04, 864.61it/s]
2828it [00:04, 825.88it/s]
2918it [00:04, 843.88it/s]
3021it [00:04, 896.20it/s]
3124it [00:04, 933.13it/s]
3224it [00:04, 951.59it/s]
3321it [00:04, 955.74it/s]
3417it [00:04, 930.00it/s]
3511it [00:04, 906.97it/s]
3602it [00:05, 860.50it/s]
3692it [00:05, 869.90it/s]
3786it [00:05, 889.21it/s]
3879it [00:05, 898.84it/s]
3973it [00:05, 909.45it/s]
4069it [00:05, 921.81it/s]
4164it [00:05, 930.07it/s]
4259it [00:05, 935.82it/s]
4353it [00:05, 926.16it/s]
4446it [00:06, 912.13it/s]
4538it [00:06, 901.75it/s]
4630it [00:06, 903.33it/s]
4721it [00:06, 891.61it/s]
4811it [00:06, 880.02it/s]
4902it [00:06, 887.32it/s]
4992it [00:06, 889.73it/s]
5082it [00:06, 877.28it/s]
5177it [00:06, 897.12it/s]
5272it [00:06, 911.95it/s]
5365it [00:07, 916.45it/s]
5457it [00:07, 852.37it/s]
5544it [00:07, 847.81it/s]
5630it [00:07, 843.05it/s]
5727it [00:07, 877.53it/s]
5816it [00:07, 872.59it/s]
5915it [00:07, 905.05it/s]
6006it [00:07, 892.48it/s]
6099it [00:07, 902.92it/s]
6194it [00:07, 911.07it/s]
6286it [00:08, 885.12it/s]
6377it [00:08, 890.65it/s]
6467it [00:08, 805.55it/s]
6555it [00:08, 824.48it/s]
6639it [00:08, 812.84it/s]
6737it [00:08, 858.96it/s]
6827it [00:08, 869.40it/s]
6922it [00:08, 892.77it/s]
7012it [00:08, 893.89it/s]
7102it [00:09, 827.63it/s]
7187it [00:09, 830.50it/s]
7283it [00:09, 865.38it/s]
7377it [00:09, 886.88it/s]
7475it [00:09, 911.63it/s]
7567it [00:09, 899.75it/s]
7666it [00:09, 925.01it/s]
7759it [00:09, 896.87it/s]
7850it [00:09, 875.64it/s]
7943it [00:09, 890.00it/s]
8035it [00:10, 895.35it/s]
8125it [00:10, 882.80it/s]
8217it [00:10, 891.69it/s]
8308it [00:10, 896.89it/s]
8400it [00:10, 903.22it/s]
8491it [00:10, 861.28it/s]
8578it [00:10, 841.94it/s]
8671it [00:10, 865.64it/s]
8764it [00:10, 880.00it/s]
8861it [00:11, 904.65it/s]
8956it [00:11, 916.58it/s]
9056it [00:11, 939.11it/s]
9153it [00:11, 947.80it/s]
9248it [00:11, 909.55it/s]
9340it [00:11, 872.78it/s]
9430it [00:11, 878.35it/s]
9520it [00:11, 882.33it/s]
9609it [00:11, 876.97it/s]
9697it [00:11, 859.88it/s]
9786it [00:12, 868.18it/s]
9873it [00:12, 865.75it/s]
9960it [00:12, 817.31it/s]
10000it [00:12, 810.23it/s]
Experiment stage: Done
Results saved to:  /home/dzh/project/vdtuner/vector-db-benchmark-master/results
>>> [Step 5] 收尾工作...
    监控日志已保存。
📊 测试结果摘要:
0.39054999999999995
804.1054961563749
0.003975410293787717
line1:  0.003975410293787717
line1:  804.1054961563749
line1:  0.39054999999999995
numeric_values:  [0.003975410293787717, 804.1054961563749, 0.39054999999999995]
[93] 11804 0.39054999999999995 0.003975410293787717 93
/bin/sh: 1: Syntax error: "(" unexpected
/data/dzh/venv/lib/python3.10/site-packages/botorch/acquisition/multi_objective/monte_carlo.py:110: NumericsWarning: qExpectedHypervolumeImprovement has known numerical issues that lead to suboptimal optimization performance. It is strongly recommended to simply replace

	 qExpectedHypervolumeImprovement 	 --> 	 qLogExpectedHypervolumeImprovement 

instead, which fixes the issues and has the same API. See https://arxiv.org/abs/2310.20708 for details.
  legacy_ei_numerics_warning(legacy_name=type(self).__name__)
--- DEBUG: Starting command:---
=======================================
🛠️  开始测试流程
Engine: milvus-p10 | Dataset: random-geo-radius-2048-angular-no-filters
=======================================
>>> [Step 1] 启动后台监控...
    监控进程 PID: 1691092
>>> [Step 2] 重置 Milvus...
 Container milvus-standalone  Stopping
 Container milvus-standalone  Stopped
 Container milvus-standalone  Removing
 Container milvus-standalone  Removed
 Container milvus-minio  Stopping
 Container milvus-etcd  Stopping
 Container milvus-etcd  Stopped
 Container milvus-etcd  Removing
 Container milvus-etcd  Removed
 Container milvus-minio  Stopped
 Container milvus-minio  Removing
 Container milvus-minio  Removed
 Network milvus  Removing
 Network milvus  Removed
    🧹 清理宿主机数据目录: /home/dzh/project/vdtuner/vector-db-benchmark-master/engine/servers/milvus-single-node/volumes
 Network milvus  Creating
 Network milvus  Created
 Container milvus-minio  Creating
 Container milvus-etcd  Creating
 Container milvus-etcd  Created
 Container milvus-minio  Created
 Container milvus-standalone  Creating
 Container milvus-standalone  Created
 Container milvus-etcd  Starting
 Container milvus-minio  Starting
 Container milvus-minio  Started
 Container milvus-etcd  Started
 Container milvus-standalone  Starting
 Container milvus-standalone  Started
>>> [Step 3] 等待服务启动 (90s)...
    等待中... (10s/120s)
    ✅ Milvus 服务已就绪
>>> [Step 4] 运行 Benchmark...
Running experiment: milvus-p10 - random-geo-radius-2048-angular-no-filters
established connection
/home/dzh/project/vdtuner/vector-db-benchmark-master/datasets/random-geo-radius-2048-angular/random_geo_100k_no_filters already exists
Experiment stage: Configure
Experiment stage: Upload

0it [00:00, ?it/s]
1it [00:01,  1.83s/it]
768it [00:01, 551.21it/s]
1177it [00:02, 838.75it/s]
1521it [00:02, 1097.92it/s]
1837it [00:02, 1309.39it/s]
2122it [00:02, 1375.97it/s]
2560it [00:02, 1861.79it/s]
2880it [00:02, 2099.37it/s]
3712it [00:02, 3403.92it/s]
4736it [00:02, 4946.63it/s]
5696it [00:03, 6076.76it/s]
6784it [00:03, 7286.47it/s]
7795it [00:03, 8048.27it/s]
8768it [00:03, 8433.21it/s]
9792it [00:03, 8868.85it/s]
10721it [00:03, 8985.22it/s]
11698it [00:03, 9212.08it/s]
12641it [00:03, 9168.58it/s]
13612it [00:03, 9325.68it/s]
14592it [00:03, 9409.58it/s]
15616it [00:04, 9535.01it/s]
16640it [00:04, 9595.00it/s]
17604it [00:04, 7406.22it/s]
18624it [00:04, 8070.98it/s]
19648it [00:04, 8539.95it/s]
20672it [00:04, 8885.14it/s]
21632it [00:04, 8950.04it/s]
22557it [00:04, 9032.33it/s]
23482it [00:04, 9059.70it/s]
24403it [00:05, 8866.34it/s]
25301it [00:05, 8775.81it/s]
26240it [00:05, 8934.85it/s]
27200it [00:05, 9108.89it/s]
28201it [00:05, 9372.13it/s]
29143it [00:05, 9357.63it/s]
30082it [00:05, 9355.05it/s]
31104it [00:05, 9485.25it/s]
32054it [00:05, 7698.25it/s]
32896it [00:06, 7791.09it/s]
33792it [00:06, 8072.38it/s]
34688it [00:06, 8213.00it/s]
35584it [00:06, 8384.01it/s]
36486it [00:06, 8564.25it/s]
37440it [00:06, 8803.64it/s]
38400it [00:06, 8916.09it/s]
39299it [00:06, 8881.33it/s]
40192it [00:06, 8878.79it/s]
41120it [00:07, 8996.32it/s]
42048it [00:07, 9052.97it/s]
42996it [00:07, 9179.32it/s]
43916it [00:07, 9014.17it/s]
44864it [00:07, 9115.32it/s]
45777it [00:07, 9051.14it/s]
46720it [00:07, 9137.95it/s]
47635it [00:07, 7104.99it/s]
48448it [00:07, 7347.36it/s]
49344it [00:08, 7722.64it/s]
50176it [00:08, 7720.52it/s]
50978it [00:08, 7363.29it/s]
51834it [00:08, 7686.03it/s]
52736it [00:08, 7980.08it/s]
53680it [00:08, 8392.42it/s]
54576it [00:08, 8554.92it/s]
55488it [00:08, 8667.97it/s]
56411it [00:08, 8832.22it/s]
57300it [00:08, 8631.65it/s]
58240it [00:09, 8767.55it/s]
59136it [00:09, 8816.26it/s]
60053it [00:09, 8919.87it/s]
60992it [00:09, 8990.83it/s]
61893it [00:09, 8993.50it/s]
62794it [00:09, 7621.59it/s]
63680it [00:09, 7911.64it/s]
64665it [00:09, 8440.44it/s]
65536it [00:09, 8470.64it/s]
66496it [00:10, 8699.69it/s]
67380it [00:10, 8569.41it/s]
68288it [00:10, 8707.31it/s]
69184it [00:10, 8743.55it/s]
70080it [00:10, 8747.87it/s]
70974it [00:10, 8803.48it/s]
71857it [00:10, 8669.77it/s]
72727it [00:10, 8468.97it/s]
73606it [00:10, 8561.64it/s]
74496it [00:10, 8611.43it/s]
75392it [00:11, 8706.04it/s]
76352it [00:11, 8885.56it/s]
77242it [00:11, 6201.47it/s]
78144it [00:11, 6793.72it/s]
79046it [00:11, 7335.66it/s]
79946it [00:11, 7765.07it/s]
80849it [00:11, 8105.50it/s]
81729it [00:11, 8297.79it/s]
82624it [00:12, 8406.06it/s]
83511it [00:12, 8538.60it/s]
84416it [00:12, 8542.34it/s]
85376it [00:12, 8801.21it/s]
86272it [00:12, 8819.75it/s]
87232it [00:12, 8952.55it/s]
88132it [00:12, 8739.21it/s]
89010it [00:12, 8748.56it/s]
89888it [00:12, 8722.40it/s]
90763it [00:12, 8575.45it/s]
91623it [00:13, 8477.57it/s]
92544it [00:13, 7811.93it/s]
93440it [00:13, 8122.83it/s]
94336it [00:13, 8290.52it/s]
95177it [00:13, 8323.94it/s]
96091it [00:13, 8559.27it/s]
97024it [00:13, 8655.41it/s]
97894it [00:13, 8613.73it/s]
98758it [00:13, 8279.41it/s]
99590it [00:14, 8282.83it/s]
100000it [00:14, 7103.95it/s]
Upload time: 14.451722310855985
Total import time: 44.87696378584951
Experiment stage: Search

0it [00:00, ?it/s]
4it [00:00,  5.21it/s]
12it [00:00, 16.55it/s]
31it [00:00, 47.44it/s]
71it [00:01, 118.35it/s]
131it [00:01, 226.03it/s]
217it [00:01, 379.35it/s]
297it [00:01, 486.20it/s]
386it [00:01, 593.73it/s]
476it [00:01, 674.45it/s]
566it [00:01, 737.39it/s]
665it [00:01, 808.17it/s]
754it [00:01, 823.80it/s]
844it [00:01, 845.57it/s]
931it [00:02, 794.75it/s]
1026it [00:02, 837.32it/s]
1112it [00:02, 821.68it/s]
1196it [00:02, 818.34it/s]
1279it [00:02, 790.69it/s]
1359it [00:02, 761.56it/s]
1448it [00:02, 796.06it/s]
1541it [00:02, 827.59it/s]
1625it [00:02, 827.38it/s]
1709it [00:03, 796.96it/s]
1790it [00:03, 787.47it/s]
1870it [00:03, 785.75it/s]
1950it [00:03, 787.69it/s]
2029it [00:03, 769.58it/s]
2118it [00:03, 803.77it/s]
2200it [00:03, 807.46it/s]
2285it [00:03, 818.86it/s]
2368it [00:03, 810.71it/s]
2455it [00:04, 825.87it/s]
2538it [00:04, 822.12it/s]
2623it [00:04, 830.08it/s]
2708it [00:04, 834.13it/s]
2798it [00:04, 853.10it/s]
2889it [00:04, 869.72it/s]
2977it [00:04, 829.39it/s]
3065it [00:04, 841.03it/s]
3150it [00:04, 833.41it/s]
3237it [00:04, 841.90it/s]
3324it [00:05, 848.09it/s]
3409it [00:05, 842.10it/s]
3494it [00:05, 816.72it/s]
3585it [00:05, 841.73it/s]
3676it [00:05, 860.07it/s]
3763it [00:05, 853.88it/s]
3849it [00:05, 699.88it/s]
3924it [00:05, 707.35it/s]
4000it [00:05, 720.12it/s]
4078it [00:06, 736.04it/s]
4161it [00:06, 760.45it/s]
4240it [00:06, 767.90it/s]
4328it [00:06, 797.78it/s]
4412it [00:06, 809.86it/s]
4494it [00:06, 788.89it/s]
4589it [00:06, 813.46it/s]
4675it [00:06, 826.60it/s]
4758it [00:06, 826.71it/s]
4841it [00:06, 810.93it/s]
4923it [00:07, 812.58it/s]
5015it [00:07, 840.62it/s]
5102it [00:07, 847.53it/s]
5191it [00:07, 858.42it/s]
5277it [00:07, 787.21it/s]
5357it [00:07, 739.01it/s]
5440it [00:07, 760.64it/s]
5519it [00:07, 767.67it/s]
5597it [00:07, 716.43it/s]
5672it [00:08, 723.03it/s]
5751it [00:08, 740.49it/s]
5831it [00:08, 756.39it/s]
5912it [00:08, 771.37it/s]
5990it [00:08, 761.09it/s]
6067it [00:08, 747.81it/s]
6155it [00:08, 783.83it/s]
6240it [00:08, 799.96it/s]
6321it [00:08, 761.15it/s]
6407it [00:08, 785.12it/s]
6486it [00:09, 766.07it/s]
6563it [00:09, 745.00it/s]
6645it [00:09, 765.99it/s]
6731it [00:09, 792.95it/s]
6833it [00:09, 858.04it/s]
6933it [00:09, 898.42it/s]
7030it [00:09, 919.54it/s]
7132it [00:09, 947.96it/s]
7228it [00:09, 943.69it/s]
7323it [00:10, 916.42it/s]
7415it [00:10, 866.13it/s]
7503it [00:10, 850.52it/s]
7589it [00:10, 838.61it/s]
7674it [00:10, 782.49it/s]
7754it [00:10, 784.54it/s]
7841it [00:10, 806.06it/s]
7923it [00:10, 809.40it/s]
8005it [00:10, 803.05it/s]
8086it [00:11, 767.18it/s]
8164it [00:11, 752.86it/s]
8250it [00:11, 782.77it/s]
8337it [00:11, 806.96it/s]
8419it [00:11, 789.62it/s]
8499it [00:11, 787.74it/s]
8582it [00:11, 799.04it/s]
8667it [00:11, 804.25it/s]
8750it [00:11, 811.62it/s]
8832it [00:11, 791.27it/s]
8912it [00:12, 775.14it/s]
9000it [00:12, 804.85it/s]
9090it [00:12, 831.57it/s]
9174it [00:12, 805.36it/s]
9255it [00:12, 787.13it/s]
9346it [00:12, 821.03it/s]
9429it [00:12, 823.04it/s]
9512it [00:12, 732.63it/s]
9588it [00:12, 729.23it/s]
9663it [00:13, 723.36it/s]
9745it [00:13, 747.84it/s]
9823it [00:13, 755.16it/s]
9901it [00:13, 761.54it/s]
9981it [00:13, 768.45it/s]
10000it [00:13, 742.98it/s]
Experiment stage: Done
Results saved to:  /home/dzh/project/vdtuner/vector-db-benchmark-master/results
>>> [Step 5] 收尾工作...
    监控日志已保存。
📊 测试结果摘要:
0.38012
737.7713266282339
0.004156605573371051
line1:  0.004156605573371051
line1:  737.7713266282339
line1:  0.38012
numeric_values:  [0.004156605573371051, 737.7713266282339, 0.38012]
[94] 11897 0.38012 0.004156605573371051 93
/bin/sh: 1: Syntax error: "(" unexpected
/data/dzh/venv/lib/python3.10/site-packages/botorch/acquisition/multi_objective/monte_carlo.py:110: NumericsWarning: qExpectedHypervolumeImprovement has known numerical issues that lead to suboptimal optimization performance. It is strongly recommended to simply replace

	 qExpectedHypervolumeImprovement 	 --> 	 qLogExpectedHypervolumeImprovement 

instead, which fixes the issues and has the same API. See https://arxiv.org/abs/2310.20708 for details.
  legacy_ei_numerics_warning(legacy_name=type(self).__name__)
--- DEBUG: Starting command:---
=======================================
🛠️  开始测试流程
Engine: milvus-p10 | Dataset: random-geo-radius-2048-angular-no-filters
=======================================
>>> [Step 1] 启动后台监控...
    监控进程 PID: 1706317
>>> [Step 2] 重置 Milvus...
 Container milvus-standalone  Stopping
 Container milvus-standalone  Stopped
 Container milvus-standalone  Removing
 Container milvus-standalone  Removed
 Container milvus-minio  Stopping
 Container milvus-etcd  Stopping
 Container milvus-etcd  Stopped
 Container milvus-etcd  Removing
 Container milvus-etcd  Removed
 Container milvus-minio  Stopped
 Container milvus-minio  Removing
 Container milvus-minio  Removed
 Network milvus  Removing
 Network milvus  Removed
    🧹 清理宿主机数据目录: /home/dzh/project/vdtuner/vector-db-benchmark-master/engine/servers/milvus-single-node/volumes
 Network milvus  Creating
 Network milvus  Created
 Container milvus-etcd  Creating
 Container milvus-minio  Creating
 Container milvus-etcd  Created
 Container milvus-minio  Created
 Container milvus-standalone  Creating
 Container milvus-standalone  Created
 Container milvus-minio  Starting
 Container milvus-etcd  Starting
 Container milvus-etcd  Started
 Container milvus-minio  Started
 Container milvus-standalone  Starting
 Container milvus-standalone  Started
>>> [Step 3] 等待服务启动 (90s)...
    等待中... (10s/120s)
    ✅ Milvus 服务已就绪
>>> [Step 4] 运行 Benchmark...
Running experiment: milvus-p10 - random-geo-radius-2048-angular-no-filters
established connection
/home/dzh/project/vdtuner/vector-db-benchmark-master/datasets/random-geo-radius-2048-angular/random_geo_100k_no_filters already exists
Experiment stage: Configure
Experiment stage: Upload

0it [00:00, ?it/s]
1it [00:00,  1.48it/s]
64it [00:00, 81.91it/s]
640it [00:01, 960.45it/s]
960it [00:01, 1355.36it/s]
1472it [00:01, 2090.05it/s]
1823it [00:01, 2132.05it/s]
2131it [00:01, 2057.58it/s]
2662it [00:01, 2761.40it/s]
3135it [00:01, 3226.25it/s]
3780it [00:01, 4039.54it/s]
4864it [00:02, 5800.03it/s]
5888it [00:02, 6977.00it/s]
6976it [00:02, 8062.35it/s]
8064it [00:02, 8762.54it/s]
9152it [00:02, 9264.78it/s]
10176it [00:02, 9484.23it/s]
11264it [00:02, 9788.95it/s]
12288it [00:02, 9888.79it/s]
13287it [00:02, 9678.61it/s]
14263it [00:02, 9302.27it/s]
15232it [00:03, 9375.00it/s]
16256it [00:03, 9569.04it/s]
17280it [00:03, 9657.11it/s]
18249it [00:03, 8299.72it/s]
19113it [00:03, 8291.63it/s]
19968it [00:03, 8310.34it/s]
20992it [00:03, 8732.04it/s]
22023it [00:03, 9175.57it/s]
23104it [00:03, 9526.73it/s]
24066it [00:04, 9394.27it/s]
25024it [00:04, 9341.34it/s]
25963it [00:04, 9247.23it/s]
26891it [00:04, 9062.69it/s]
27840it [00:04, 9164.59it/s]
28864it [00:04, 9471.18it/s]
29874it [00:04, 9654.89it/s]
30842it [00:04, 9614.12it/s]
31805it [00:04, 7210.78it/s]
32768it [00:05, 7722.90it/s]
33744it [00:05, 8240.40it/s]
34688it [00:05, 8467.23it/s]
35748it [00:05, 9050.22it/s]
36690it [00:05, 9023.91it/s]
37632it [00:05, 9046.76it/s]
38555it [00:05, 8915.96it/s]
39527it [00:05, 9145.09it/s]
40452it [00:05, 9145.89it/s]
41408it [00:06, 9206.00it/s]
42425it [00:06, 9488.00it/s]
43378it [00:06, 9327.45it/s]
44315it [00:06, 9333.45it/s]
45251it [00:06, 9324.86it/s]
46186it [00:06, 8773.20it/s]
47071it [00:06, 8631.71it/s]
47940it [00:06, 8635.56it/s]
48808it [00:06, 8619.09it/s]
49673it [00:06, 8353.83it/s]
50560it [00:07, 8489.08it/s]
51412it [00:07, 8463.89it/s]
52288it [00:07, 8520.61it/s]
53248it [00:07, 8736.14it/s]
54156it [00:07, 8836.75it/s]
55041it [00:07, 8837.63it/s]
55936it [00:07, 8771.92it/s]
56960it [00:07, 9110.83it/s]
57893it [00:07, 9174.78it/s]
58818it [00:07, 9196.84it/s]
59738it [00:08, 9178.68it/s]
60672it [00:08, 9115.81it/s]
61584it [00:08, 9057.49it/s]
62490it [00:08, 7051.25it/s]
63352it [00:08, 7438.88it/s]
64233it [00:08, 7796.26it/s]
65088it [00:08, 7975.41it/s]
65984it [00:08, 8143.50it/s]
66906it [00:08, 8447.23it/s]
67770it [00:09, 8393.34it/s]
68623it [00:09, 8219.46it/s]
69504it [00:09, 8370.70it/s]
70400it [00:09, 8526.89it/s]
71259it [00:09, 8470.54it/s]
72128it [00:09, 8470.90it/s]
73088it [00:09, 8689.42it/s]
73984it [00:09, 8683.16it/s]
74880it [00:09, 8755.68it/s]
75776it [00:10, 8794.11it/s]
76736it [00:10, 8921.08it/s]
77629it [00:10, 6509.56it/s]
78447it [00:10, 6901.31it/s]
79291it [00:10, 7287.69it/s]
80192it [00:10, 7634.04it/s]
81088it [00:10, 7950.66it/s]
81984it [00:10, 8112.05it/s]
82821it [00:10, 8111.08it/s]
83712it [00:11, 8299.06it/s]
84672it [00:11, 8582.94it/s]
85568it [00:11, 8668.90it/s]
86464it [00:11, 8701.68it/s]
87360it [00:11, 8715.75it/s]
88256it [00:11, 8689.07it/s]
89215it [00:11, 8952.60it/s]
90113it [00:11, 8697.37it/s]
91025it [00:11, 8819.59it/s]
91910it [00:11, 8815.92it/s]
92794it [00:12, 7295.90it/s]
93658it [00:12, 7643.03it/s]
94592it [00:12, 8064.88it/s]
95552it [00:12, 8403.30it/s]
96448it [00:12, 8553.54it/s]
97408it [00:12, 8770.67it/s]
98368it [00:12, 8952.28it/s]
99328it [00:12, 9096.33it/s]
100000it [00:12, 7723.42it/s]
Upload time: 13.31970409816131
Total import time: 43.35791043099016
Experiment stage: Search

0it [00:00, ?it/s]
4it [00:00,  5.21it/s]
14it [00:00, 19.23it/s]
31it [00:00, 45.86it/s]
124it [00:01, 223.89it/s]
218it [00:01, 383.32it/s]
307it [00:01, 504.57it/s]
396it [00:01, 602.52it/s]
487it [00:01, 683.74it/s]
576it [00:01, 740.11it/s]
666it [00:01, 781.19it/s]
751it [00:01, 789.84it/s]
838it [00:01, 811.63it/s]
927it [00:02, 833.85it/s]
1013it [00:02, 811.49it/s]
1105it [00:02, 839.47it/s]
1191it [00:02, 806.86it/s]
1280it [00:02, 829.03it/s]
1364it [00:02, 787.64it/s]
1444it [00:02, 784.36it/s]
1524it [00:02, 773.94it/s]
1603it [00:02, 776.95it/s]
1700it [00:02, 831.97it/s]
1793it [00:03, 859.37it/s]
1889it [00:03, 887.83it/s]
1986it [00:03, 908.69it/s]
2090it [00:03, 946.15it/s]
2189it [00:03, 958.93it/s]
2288it [00:03, 966.61it/s]
2385it [00:03, 966.51it/s]
2483it [00:03, 963.16it/s]
2580it [00:03, 924.11it/s]
2673it [00:04, 871.95it/s]
2773it [00:04, 906.24it/s]
2871it [00:04, 926.81it/s]
2968it [00:04, 936.66it/s]
3063it [00:04, 923.45it/s]
3156it [00:04, 918.46it/s]
3249it [00:04, 798.54it/s]
3336it [00:04, 816.98it/s]
3432it [00:04, 854.81it/s]
3526it [00:04, 876.08it/s]
3618it [00:05, 887.69it/s]
3714it [00:05, 906.21it/s]
3806it [00:05, 884.29it/s]
3896it [00:05, 882.04it/s]
3987it [00:05, 888.67it/s]
4077it [00:05, 854.44it/s]
4171it [00:05, 877.29it/s]
4263it [00:05, 889.52it/s]
4353it [00:05, 889.55it/s]
4443it [00:06, 879.94it/s]
4541it [00:06, 908.50it/s]
4638it [00:06, 926.52it/s]
4731it [00:06, 879.46it/s]
4828it [00:06, 904.68it/s]
4919it [00:06, 876.74it/s]
5008it [00:06, 849.06it/s]
5094it [00:06, 837.10it/s]
5179it [00:06, 802.79it/s]
5260it [00:06, 779.19it/s]
5346it [00:07, 800.94it/s]
5441it [00:07, 842.87it/s]
5526it [00:07, 819.85it/s]
5609it [00:07, 768.24it/s]
5687it [00:07, 698.99it/s]
5778it [00:07, 753.63it/s]
5875it [00:07, 812.07it/s]
5966it [00:07, 839.48it/s]
6062it [00:07, 872.00it/s]
6151it [00:08, 864.19it/s]
6239it [00:08, 860.30it/s]
6326it [00:08, 861.43it/s]
6419it [00:08, 880.40it/s]
6511it [00:08, 890.20it/s]
6601it [00:08, 883.95it/s]
6690it [00:08, 854.80it/s]
6776it [00:08, 846.96it/s]
6861it [00:08, 835.14it/s]
6945it [00:09, 817.67it/s]
7027it [00:09, 818.31it/s]
7119it [00:09, 846.29it/s]
7205it [00:09, 846.80it/s]
7290it [00:09, 770.65it/s]
7386it [00:09, 822.44it/s]
7486it [00:09, 871.33it/s]
7583it [00:09, 897.80it/s]
7674it [00:09, 888.47it/s]
7774it [00:09, 919.56it/s]
7868it [00:10, 921.51it/s]
7961it [00:10, 903.40it/s]
8052it [00:10, 891.02it/s]
8142it [00:10, 878.65it/s]
8231it [00:10, 878.72it/s]
8321it [00:10, 883.04it/s]
8410it [00:10, 869.34it/s]
8501it [00:10, 881.03it/s]
8590it [00:10, 875.80it/s]
8678it [00:10, 848.27it/s]
8766it [00:11, 857.03it/s]
8856it [00:11, 868.84it/s]
8944it [00:11, 856.07it/s]
9030it [00:11, 852.67it/s]
9124it [00:11, 876.22it/s]
9212it [00:11, 856.19it/s]
9298it [00:11, 844.60it/s]
9383it [00:11, 830.13it/s]
9473it [00:11, 848.66it/s]
9566it [00:12, 870.04it/s]
9660it [00:12, 888.49it/s]
9749it [00:12, 878.96it/s]
9843it [00:12, 895.24it/s]
9940it [00:12, 916.36it/s]
10000it [00:12, 800.17it/s]
Experiment stage: Done
Results saved to:  /home/dzh/project/vdtuner/vector-db-benchmark-master/results
>>> [Step 5] 收尾工作...
    监控日志已保存。
📊 测试结果摘要:
0.3851
792.2657144193985
0.0039244196610525245
line1:  0.0039244196610525245
line1:  792.2657144193985
line1:  0.3851
numeric_values:  [0.0039244196610525245, 792.2657144193985, 0.3851]
[95] 11988 0.3851 0.0039244196610525245 90
/bin/sh: 1: Syntax error: "(" unexpected
/data/dzh/venv/lib/python3.10/site-packages/botorch/acquisition/multi_objective/monte_carlo.py:110: NumericsWarning: qExpectedHypervolumeImprovement has known numerical issues that lead to suboptimal optimization performance. It is strongly recommended to simply replace

	 qExpectedHypervolumeImprovement 	 --> 	 qLogExpectedHypervolumeImprovement 

instead, which fixes the issues and has the same API. See https://arxiv.org/abs/2310.20708 for details.
  legacy_ei_numerics_warning(legacy_name=type(self).__name__)
--- DEBUG: Starting command:---
=======================================
🛠️  开始测试流程
Engine: milvus-p10 | Dataset: random-geo-radius-2048-angular-no-filters
=======================================
>>> [Step 1] 启动后台监控...
    监控进程 PID: 1721439
>>> [Step 2] 重置 Milvus...
 Container milvus-standalone  Stopping
 Container milvus-standalone  Stopped
 Container milvus-standalone  Removing
 Container milvus-standalone  Removed
 Container milvus-minio  Stopping
 Container milvus-etcd  Stopping
 Container milvus-etcd  Stopped
 Container milvus-etcd  Removing
 Container milvus-etcd  Removed
 Container milvus-minio  Stopped
 Container milvus-minio  Removing
 Container milvus-minio  Removed
 Network milvus  Removing
 Network milvus  Removed
    🧹 清理宿主机数据目录: /home/dzh/project/vdtuner/vector-db-benchmark-master/engine/servers/milvus-single-node/volumes
 Network milvus  Creating
 Network milvus  Created
 Container milvus-minio  Creating
 Container milvus-etcd  Creating
 Container milvus-etcd  Created
 Container milvus-minio  Created
 Container milvus-standalone  Creating
 Container milvus-standalone  Created
 Container milvus-etcd  Starting
 Container milvus-minio  Starting
 Container milvus-etcd  Started
 Container milvus-minio  Started
 Container milvus-standalone  Starting
 Container milvus-standalone  Started
>>> [Step 3] 等待服务启动 (90s)...
    等待中... (10s/120s)
    ✅ Milvus 服务已就绪
>>> [Step 4] 运行 Benchmark...
Running experiment: milvus-p10 - random-geo-radius-2048-angular-no-filters
established connection
/home/dzh/project/vdtuner/vector-db-benchmark-master/datasets/random-geo-radius-2048-angular/random_geo_100k_no_filters already exists
Experiment stage: Configure
Experiment stage: Upload

0it [00:00, ?it/s]
1it [00:00,  1.39it/s]
64it [00:00, 83.92it/s]
512it [00:01, 760.72it/s]
704it [00:01, 925.56it/s]
1216it [00:01, 1702.77it/s]
1486it [00:01, 1699.26it/s]
1792it [00:01, 1965.28it/s]
2045it [00:01, 2052.17it/s]
2385it [00:01, 2382.03it/s]
2688it [00:01, 2524.13it/s]
3200it [00:02, 3209.56it/s]
3904it [00:02, 4237.00it/s]
4737it [00:02, 5388.89it/s]
5760it [00:02, 6713.21it/s]
6720it [00:02, 7506.86it/s]
7744it [00:02, 8234.45it/s]
8704it [00:02, 8571.51it/s]
9772it [00:02, 9188.22it/s]
10752it [00:02, 9353.10it/s]
11776it [00:02, 9493.16it/s]
12730it [00:03, 9475.48it/s]
13681it [00:03, 9315.84it/s]
14616it [00:03, 9299.08it/s]
15552it [00:03, 9300.96it/s]
16484it [00:03, 7167.88it/s]
17377it [00:03, 7600.36it/s]
18337it [00:03, 8111.28it/s]
19264it [00:03, 8358.70it/s]
20138it [00:03, 8441.01it/s]
21010it [00:04, 8483.78it/s]
21952it [00:04, 8740.02it/s]
22912it [00:04, 8980.20it/s]
23872it [00:04, 9152.63it/s]
24796it [00:04, 9143.18it/s]
25716it [00:04, 9089.65it/s]
26629it [00:04, 8777.48it/s]
27512it [00:04, 8789.72it/s]
28416it [00:04, 8726.60it/s]
29292it [00:04, 8654.14it/s]
30160it [00:05, 8581.64it/s]
31040it [00:05, 8574.33it/s]
31899it [00:05, 5999.00it/s]
32832it [00:05, 6708.36it/s]
33856it [00:05, 7471.18it/s]
34880it [00:05, 8070.70it/s]
35840it [00:05, 8442.69it/s]
36864it [00:05, 8810.39it/s]
37824it [00:06, 8962.73it/s]
38784it [00:06, 9069.17it/s]
39744it [00:06, 9185.02it/s]
40704it [00:06, 9289.67it/s]
41653it [00:06, 9346.85it/s]
42624it [00:06, 9311.86it/s]
43561it [00:06, 9108.83it/s]
44477it [00:06, 8894.32it/s]
45370it [00:06, 8853.14it/s]
46258it [00:06, 8800.97it/s]
47140it [00:07, 5387.06it/s]
47937it [00:07, 5911.42it/s]
48832it [00:07, 6540.68it/s]
49775it [00:07, 7238.59it/s]
50637it [00:07, 7592.71it/s]
51506it [00:07, 7886.85it/s]
52416it [00:07, 8128.94it/s]
53312it [00:08, 8323.36it/s]
54336it [00:08, 8847.43it/s]
55360it [00:08, 9111.51it/s]
56320it [00:08, 9144.37it/s]
57280it [00:08, 9187.22it/s]
58207it [00:08, 9013.43it/s]
59136it [00:08, 9022.58it/s]
60087it [00:08, 9163.87it/s]
61007it [00:08, 6323.76it/s]
61936it [00:09, 6988.20it/s]
62848it [00:09, 7429.67it/s]
63847it [00:09, 8083.06it/s]
64726it [00:09, 8219.22it/s]
65647it [00:09, 8491.51it/s]
66534it [00:09, 8521.17it/s]
67456it [00:09, 8681.80it/s]
68416it [00:09, 8841.13it/s]
69432it [00:09, 9222.72it/s]
70366it [00:10, 8956.11it/s]
71296it [00:10, 8966.41it/s]
72224it [00:10, 9056.41it/s]
73152it [00:10, 9065.43it/s]
74082it [00:10, 9133.49it/s]
75014it [00:10, 9188.20it/s]
75935it [00:10, 5727.76it/s]
76839it [00:10, 6419.20it/s]
77696it [00:11, 6850.14it/s]
78592it [00:11, 7298.86it/s]
79552it [00:11, 7776.43it/s]
80448it [00:11, 8012.68it/s]
81408it [00:11, 8407.51it/s]
82304it [00:11, 8547.93it/s]
83186it [00:11, 8574.56it/s]
84063it [00:11, 8603.25it/s]
84937it [00:11, 8504.50it/s]
85826it [00:11, 8615.81it/s]
86720it [00:12, 8658.08it/s]
87616it [00:12, 8726.07it/s]
88576it [00:12, 8959.11it/s]
89475it [00:12, 5900.13it/s]
90304it [00:12, 6398.68it/s]
91217it [00:12, 7044.57it/s]
92144it [00:12, 7606.57it/s]
93044it [00:12, 7975.90it/s]
93902it [00:13, 8131.15it/s]
94784it [00:13, 8265.16it/s]
95680it [00:13, 8394.67it/s]
96576it [00:13, 8490.25it/s]
97536it [00:13, 8749.49it/s]
98432it [00:13, 8795.93it/s]
99336it [00:13, 8867.44it/s]
100000it [00:13, 7292.92it/s]
Upload time: 14.10494417976588
Total import time: 44.730188965797424
Experiment stage: Search

0it [00:00, ?it/s]
4it [00:00,  5.07it/s]
14it [00:00, 18.44it/s]
38it [00:01, 55.94it/s]
113it [00:01, 191.32it/s]
187it [00:01, 310.58it/s]
268it [00:01, 428.67it/s]
358it [00:01, 547.68it/s]
448it [00:01, 639.56it/s]
530it [00:01, 680.34it/s]
624it [00:01, 751.48it/s]
707it [00:01, 723.44it/s]
791it [00:01, 754.86it/s]
871it [00:02, 764.68it/s]
951it [00:02, 759.17it/s]
1041it [00:02, 786.36it/s]
1121it [00:02, 778.13it/s]
1212it [00:02, 811.65it/s]
1305it [00:02, 845.39it/s]
1391it [00:02, 826.09it/s]
1482it [00:02, 848.60it/s]
1574it [00:02, 867.17it/s]
1662it [00:03, 868.62it/s]
1750it [00:03, 805.92it/s]
1838it [00:03, 826.03it/s]
1922it [00:03, 827.89it/s]
2012it [00:03, 846.88it/s]
2098it [00:03, 836.50it/s]
2183it [00:03, 834.54it/s]
2267it [00:03, 809.52it/s]
2349it [00:03, 778.02it/s]
2428it [00:03, 769.71it/s]
2506it [00:04, 743.02it/s]
2590it [00:04, 769.97it/s]
2670it [00:04, 777.99it/s]
2749it [00:04, 749.76it/s]
2825it [00:04, 660.36it/s]
2899it [00:04, 679.73it/s]
2986it [00:04, 730.76it/s]
3073it [00:04, 769.71it/s]
3152it [00:04, 766.65it/s]
3230it [00:05, 758.28it/s]
3307it [00:05, 746.48it/s]
3383it [00:05, 730.15it/s]
3457it [00:05, 664.91it/s]
3525it [00:05, 614.81it/s]
3607it [00:05, 667.12it/s]
3684it [00:05, 693.74it/s]
3770it [00:05, 739.56it/s]
3846it [00:05, 739.33it/s]
3921it [00:06, 614.26it/s]
4002it [00:06, 659.25it/s]
4073it [00:06, 670.51it/s]
4150it [00:06, 697.51it/s]
4238it [00:06, 748.68it/s]
4315it [00:06, 723.51it/s]
4389it [00:06, 706.56it/s]
4461it [00:06, 647.70it/s]
4532it [00:06, 663.76it/s]
4614it [00:07, 705.96it/s]
4699it [00:07, 745.81it/s]
4775it [00:07, 743.67it/s]
4851it [00:07, 612.98it/s]
4929it [00:07, 655.07it/s]
4999it [00:07, 654.62it/s]
5078it [00:07, 690.85it/s]
5165it [00:07, 739.73it/s]
5251it [00:07, 772.38it/s]
5330it [00:08, 763.87it/s]
5413it [00:08, 780.86it/s]
5503it [00:08, 813.76it/s]
5587it [00:08, 821.01it/s]
5670it [00:08, 784.32it/s]
5754it [00:08, 800.25it/s]
5842it [00:08, 823.23it/s]
5925it [00:08, 807.75it/s]
6007it [00:08, 779.18it/s]
6086it [00:09, 772.01it/s]
6165it [00:09, 776.13it/s]
6243it [00:09, 771.27it/s]
6322it [00:09, 769.24it/s]
6400it [00:09, 756.46it/s]
6476it [00:09, 727.75it/s]
6554it [00:09, 740.79it/s]
6629it [00:09, 735.42it/s]
6712it [00:09, 762.59it/s]
6797it [00:09, 782.77it/s]
6876it [00:10, 759.63it/s]
6965it [00:10, 793.89it/s]
7055it [00:10, 824.26it/s]
7147it [00:10, 850.27it/s]
7233it [00:10, 805.41it/s]
7315it [00:10, 781.77it/s]
7397it [00:10, 790.98it/s]
7481it [00:10, 803.72it/s]
7568it [00:10, 818.89it/s]
7655it [00:11, 832.92it/s]
7739it [00:11, 821.27it/s]
7836it [00:11, 862.78it/s]
7925it [00:11, 869.42it/s]
8016it [00:11, 880.75it/s]
8105it [00:11, 882.63it/s]
8194it [00:11, 873.04it/s]
8282it [00:11, 831.69it/s]
8366it [00:11, 824.41it/s]
8449it [00:11, 823.18it/s]
8532it [00:12, 819.20it/s]
8622it [00:12, 835.20it/s]
8706it [00:12, 813.23it/s]
8788it [00:12, 798.28it/s]
8868it [00:12, 797.69it/s]
8954it [00:12, 813.14it/s]
9052it [00:12, 860.73it/s]
9147it [00:12, 885.86it/s]
9236it [00:12, 862.04it/s]
9323it [00:12, 835.71it/s]
9407it [00:13, 824.67it/s]
9490it [00:13, 805.93it/s]
9571it [00:13, 805.89it/s]
9652it [00:13, 798.60it/s]
9738it [00:13, 815.12it/s]
9820it [00:13, 816.08it/s]
9905it [00:13, 824.58it/s]
9989it [00:13, 828.07it/s]
10000it [00:13, 723.29it/s]
Experiment stage: Done
Results saved to:  /home/dzh/project/vdtuner/vector-db-benchmark-master/results
>>> [Step 5] 收尾工作...
    监控日志已保存。
📊 测试结果摘要:
0.38777
716.5697643981084
0.0039875526679679744
line1:  0.0039875526679679744
line1:  716.5697643981084
line1:  0.38777
numeric_values:  [0.0039875526679679744, 716.5697643981084, 0.38777]
[96] 12084 0.38777 0.0039875526679679744 95
/bin/sh: 1: Syntax error: "(" unexpected
/data/dzh/venv/lib/python3.10/site-packages/botorch/acquisition/multi_objective/monte_carlo.py:110: NumericsWarning: qExpectedHypervolumeImprovement has known numerical issues that lead to suboptimal optimization performance. It is strongly recommended to simply replace

	 qExpectedHypervolumeImprovement 	 --> 	 qLogExpectedHypervolumeImprovement 

instead, which fixes the issues and has the same API. See https://arxiv.org/abs/2310.20708 for details.
  legacy_ei_numerics_warning(legacy_name=type(self).__name__)
--- DEBUG: Starting command:---
=======================================
🛠️  开始测试流程
Engine: milvus-p10 | Dataset: random-geo-radius-2048-angular-no-filters
=======================================
>>> [Step 1] 启动后台监控...
    监控进程 PID: 1736093
>>> [Step 2] 重置 Milvus...
 Container milvus-standalone  Stopping
 Container milvus-standalone  Stopped
 Container milvus-standalone  Removing
 Container milvus-standalone  Removed
 Container milvus-minio  Stopping
 Container milvus-etcd  Stopping
 Container milvus-etcd  Stopped
 Container milvus-etcd  Removing
 Container milvus-etcd  Removed
 Container milvus-minio  Stopped
 Container milvus-minio  Removing
 Container milvus-minio  Removed
 Network milvus  Removing
 Network milvus  Removed
    🧹 清理宿主机数据目录: /home/dzh/project/vdtuner/vector-db-benchmark-master/engine/servers/milvus-single-node/volumes
 Network milvus  Creating
 Network milvus  Created
 Container milvus-etcd  Creating
 Container milvus-minio  Creating
 Container milvus-etcd  Created
 Container milvus-minio  Created
 Container milvus-standalone  Creating
 Container milvus-standalone  Created
 Container milvus-minio  Starting
 Container milvus-etcd  Starting
 Container milvus-etcd  Started
 Container milvus-minio  Started
 Container milvus-standalone  Starting
 Container milvus-standalone  Started
>>> [Step 3] 等待服务启动 (90s)...
    等待中... (10s/120s)
    ✅ Milvus 服务已就绪
>>> [Step 4] 运行 Benchmark...
Running experiment: milvus-p10 - random-geo-radius-2048-angular-no-filters
established connection
/home/dzh/project/vdtuner/vector-db-benchmark-master/datasets/random-geo-radius-2048-angular/random_geo_100k_no_filters already exists
Experiment stage: Configure
Experiment stage: Upload

0it [00:00, ?it/s]
1it [00:01,  1.11s/it]
704it [00:01, 793.09it/s]
1070it [00:01, 1003.68it/s]
1344it [00:01, 1234.57it/s]
1606it [00:01, 1362.63it/s]
1856it [00:01, 1525.19it/s]
2176it [00:01, 1800.60it/s]
2560it [00:02, 2211.01it/s]
2944it [00:02, 2495.46it/s]
3712it [00:02, 3748.01it/s]
4672it [00:02, 5237.56it/s]
5632it [00:02, 6398.89it/s]
6678it [00:02, 7522.89it/s]
7680it [00:02, 8107.17it/s]
8640it [00:02, 8507.02it/s]
9600it [00:02, 8802.83it/s]
10624it [00:02, 9116.96it/s]
11584it [00:03, 9223.67it/s]
12544it [00:03, 9265.06it/s]
13528it [00:03, 9433.69it/s]
14528it [00:03, 9563.01it/s]
15552it [00:03, 9652.00it/s]
16576it [00:03, 9732.45it/s]
17552it [00:03, 8523.10it/s]
18432it [00:03, 8529.24it/s]
19468it [00:03, 9033.99it/s]
20416it [00:04, 9158.42it/s]
21346it [00:04, 9086.93it/s]
22264it [00:04, 8945.14it/s]
23232it [00:04, 9052.11it/s]
24256it [00:04, 9268.07it/s]
25253it [00:04, 9470.86it/s]
26204it [00:04, 9262.10it/s]
27133it [00:04, 9265.94it/s]
28062it [00:04, 9095.51it/s]
29056it [00:04, 9238.85it/s]
29997it [00:05, 9288.46it/s]
30927it [00:05, 9256.66it/s]
31878it [00:05, 9331.07it/s]
32812it [00:05, 5964.16it/s]
33664it [00:05, 6473.40it/s]
34465it [00:05, 6829.49it/s]
35388it [00:05, 7427.14it/s]
36288it [00:05, 7835.39it/s]
37233it [00:06, 8275.42it/s]
38144it [00:06, 8449.61it/s]
39104it [00:06, 8701.01it/s]
40064it [00:06, 8922.57it/s]
41024it [00:06, 9006.88it/s]
41984it [00:06, 9103.96it/s]
42944it [00:06, 9196.32it/s]
43871it [00:06, 9143.26it/s]
44790it [00:06, 9141.04it/s]
45708it [00:07, 9005.37it/s]
46656it [00:07, 9079.23it/s]
47566it [00:07, 7257.85it/s]
48448it [00:07, 7577.48it/s]
49344it [00:07, 7897.17it/s]
50240it [00:07, 8107.06it/s]
51136it [00:07, 8190.66it/s]
51975it [00:07, 8013.17it/s]
52790it [00:07, 8010.30it/s]
53601it [00:08, 7964.67it/s]
54464it [00:08, 8091.44it/s]
55395it [00:08, 8443.51it/s]
56250it [00:08, 8474.51it/s]
57101it [00:08, 8280.19it/s]
58027it [00:08, 8564.84it/s]
58944it [00:08, 8645.90it/s]
59904it [00:08, 8891.80it/s]
60864it [00:08, 9010.62it/s]
61767it [00:09, 7001.98it/s]
62592it [00:09, 7279.55it/s]
63424it [00:09, 7530.28it/s]
64384it [00:09, 8000.11it/s]
65344it [00:09, 8334.13it/s]
66280it [00:09, 8621.11it/s]
67264it [00:09, 8849.93it/s]
68186it [00:09, 8955.99it/s]
69092it [00:09, 8933.33it/s]
69993it [00:09, 8751.86it/s]
70874it [00:10, 8445.69it/s]
71754it [00:10, 8546.33it/s]
72704it [00:10, 8740.41it/s]
73614it [00:10, 8844.81it/s]
74560it [00:10, 8957.52it/s]
75520it [00:10, 9069.98it/s]
76480it [00:10, 9124.27it/s]
77394it [00:10, 6278.42it/s]
78359it [00:11, 7032.66it/s]
79232it [00:11, 7425.08it/s]
80248it [00:11, 8126.53it/s]
81133it [00:11, 7822.53it/s]
81984it [00:11, 7932.89it/s]
82944it [00:11, 8289.07it/s]
83904it [00:11, 8580.37it/s]
84800it [00:11, 8681.61it/s]
85722it [00:11, 8835.87it/s]
86618it [00:11, 8731.40it/s]
87500it [00:12, 8258.56it/s]
88384it [00:12, 8324.98it/s]
89280it [00:12, 8472.95it/s]
90176it [00:12, 8508.70it/s]
91072it [00:12, 8537.98it/s]
92032it [00:12, 8735.02it/s]
92908it [00:12, 6859.88it/s]
93804it [00:12, 7374.59it/s]
94597it [00:13, 7476.18it/s]
95488it [00:13, 7822.52it/s]
96384it [00:13, 8122.45it/s]
97280it [00:13, 8260.95it/s]
98218it [00:13, 8579.83it/s]
99128it [00:13, 8730.03it/s]
100000it [00:13, 7335.59it/s]
Upload time: 14.033340136054903
Total import time: 44.85523306299001
Experiment stage: Search

0it [00:00, ?it/s]
4it [00:00,  5.29it/s]
10it [00:00, 13.81it/s]
25it [00:00, 38.68it/s]
67it [00:01, 116.56it/s]
125it [00:01, 221.59it/s]
211it [00:01, 377.24it/s]
303it [00:01, 517.48it/s]
389it [00:01, 609.63it/s]
473it [00:01, 672.25it/s]
571it [00:01, 758.23it/s]
654it [00:01, 777.52it/s]
737it [00:01, 785.49it/s]
827it [00:01, 817.04it/s]
913it [00:02, 828.82it/s]
1005it [00:02, 842.33it/s]
1096it [00:02, 859.76it/s]
1183it [00:02, 853.06it/s]
1269it [00:02, 807.14it/s]
1356it [00:02, 824.75it/s]
1455it [00:02, 869.98it/s]
1548it [00:02, 885.62it/s]
1638it [00:02, 874.62it/s]
1728it [00:03, 880.93it/s]
1817it [00:03, 859.30it/s]
1904it [00:03, 854.93it/s]
1990it [00:03, 785.27it/s]
2080it [00:03, 814.14it/s]
2176it [00:03, 854.02it/s]
2263it [00:03, 821.23it/s]
2351it [00:03, 835.10it/s]
2446it [00:03, 865.50it/s]
2539it [00:03, 882.28it/s]
2628it [00:04, 846.27it/s]
2720it [00:04, 866.12it/s]
2808it [00:04, 861.16it/s]
2907it [00:04, 896.65it/s]
2998it [00:04, 885.05it/s]
3092it [00:04, 901.01it/s]
3183it [00:04, 856.96it/s]
3271it [00:04, 862.18it/s]
3366it [00:04, 887.31it/s]
3456it [00:05, 890.92it/s]
3546it [00:05, 853.62it/s]
3640it [00:05, 878.31it/s]
3732it [00:05, 889.96it/s]
3822it [00:05, 887.99it/s]
3917it [00:05, 905.70it/s]
4010it [00:05, 902.79it/s]
4101it [00:05, 895.94it/s]
4191it [00:05, 880.05it/s]
4280it [00:05, 852.17it/s]
4366it [00:06, 850.16it/s]
4452it [00:06, 850.97it/s]
4541it [00:06, 862.08it/s]
4628it [00:06, 859.38it/s]
4715it [00:06, 860.97it/s]
4802it [00:06, 853.40it/s]
4889it [00:06, 856.68it/s]
4975it [00:06, 828.06it/s]
5059it [00:06, 805.15it/s]
5140it [00:07, 782.05it/s]
5233it [00:07, 821.66it/s]
5325it [00:07, 849.32it/s]
5413it [00:07, 856.22it/s]
5509it [00:07, 886.27it/s]
5598it [00:07, 875.42it/s]
5686it [00:07, 829.59it/s]
5770it [00:07, 819.09it/s]
5853it [00:07, 814.13it/s]
5940it [00:07, 829.90it/s]
6029it [00:08, 846.70it/s]
6130it [00:08, 894.23it/s]
6230it [00:08, 925.12it/s]
6327it [00:08, 932.23it/s]
6421it [00:08, 889.07it/s]
6511it [00:08, 868.29it/s]
6599it [00:08, 869.06it/s]
6687it [00:08, 832.99it/s]
6771it [00:08, 814.79it/s]
6853it [00:09, 806.56it/s]
6938it [00:09, 817.75it/s]
7024it [00:09, 828.59it/s]
7108it [00:09, 824.48it/s]
7191it [00:09, 803.07it/s]
7272it [00:09, 796.66it/s]
7358it [00:09, 814.58it/s]
7443it [00:09, 823.16it/s]
7526it [00:09, 818.47it/s]
7608it [00:09, 814.71it/s]
7690it [00:10, 791.74it/s]
7770it [00:10, 760.95it/s]
7847it [00:10, 754.62it/s]
7933it [00:10, 784.16it/s]
8031it [00:10, 837.00it/s]
8116it [00:10, 828.03it/s]
8200it [00:10, 818.23it/s]
8292it [00:10, 847.29it/s]
8387it [00:10, 876.14it/s]
8475it [00:10, 849.25it/s]
8561it [00:11, 802.43it/s]
8653it [00:11, 833.61it/s]
8738it [00:11, 824.62it/s]
8833it [00:11, 860.03it/s]
8928it [00:11, 884.79it/s]
9017it [00:11, 869.16it/s]
9105it [00:11, 862.69it/s]
9197it [00:11, 876.72it/s]
9289it [00:11, 887.76it/s]
9378it [00:12, 883.75it/s]
9467it [00:12, 866.85it/s]
9554it [00:12, 857.54it/s]
9640it [00:12, 829.86it/s]
9724it [00:12, 800.05it/s]
9816it [00:12, 829.05it/s]
9911it [00:12, 856.66it/s]
10000it [00:12, 783.13it/s]
Experiment stage: Done
Results saved to:  /home/dzh/project/vdtuner/vector-db-benchmark-master/results
>>> [Step 5] 收尾工作...
    监控日志已保存。
📊 测试结果摘要:
0.37159000000000003
776.7901828475748
0.003922840114682912
line1:  0.003922840114682912
line1:  776.7901828475748
line1:  0.37159000000000003
numeric_values:  [0.003922840114682912, 776.7901828475748, 0.37159000000000003]
[97] 12175 0.37159000000000003 0.003922840114682912 91
/bin/sh: 1: Syntax error: "(" unexpected
/data/dzh/venv/lib/python3.10/site-packages/botorch/acquisition/multi_objective/monte_carlo.py:110: NumericsWarning: qExpectedHypervolumeImprovement has known numerical issues that lead to suboptimal optimization performance. It is strongly recommended to simply replace

	 qExpectedHypervolumeImprovement 	 --> 	 qLogExpectedHypervolumeImprovement 

instead, which fixes the issues and has the same API. See https://arxiv.org/abs/2310.20708 for details.
  legacy_ei_numerics_warning(legacy_name=type(self).__name__)
--- DEBUG: Starting command:---
=======================================
🛠️  开始测试流程
Engine: milvus-p10 | Dataset: random-geo-radius-2048-angular-no-filters
=======================================
>>> [Step 1] 启动后台监控...
    监控进程 PID: 1750199
>>> [Step 2] 重置 Milvus...
 Container milvus-standalone  Stopping
 Container milvus-standalone  Stopped
 Container milvus-standalone  Removing
 Container milvus-standalone  Removed
 Container milvus-minio  Stopping
 Container milvus-etcd  Stopping
 Container milvus-etcd  Stopped
 Container milvus-etcd  Removing
 Container milvus-minio  Stopped
 Container milvus-minio  Removing
 Container milvus-etcd  Removed
 Container milvus-minio  Removed
 Network milvus  Removing
 Network milvus  Removed
    🧹 清理宿主机数据目录: /home/dzh/project/vdtuner/vector-db-benchmark-master/engine/servers/milvus-single-node/volumes
 Network milvus  Creating
 Network milvus  Created
 Container milvus-etcd  Creating
 Container milvus-minio  Creating
 Container milvus-minio  Created
 Container milvus-etcd  Created
 Container milvus-standalone  Creating
 Container milvus-standalone  Created
 Container milvus-etcd  Starting
 Container milvus-minio  Starting
 Container milvus-minio  Started
 Container milvus-etcd  Started
 Container milvus-standalone  Starting
 Container milvus-standalone  Started
>>> [Step 3] 等待服务启动 (90s)...
    等待中... (10s/120s)
    ✅ Milvus 服务已就绪
>>> [Step 4] 运行 Benchmark...
Running experiment: milvus-p10 - random-geo-radius-2048-angular-no-filters
established connection
/home/dzh/project/vdtuner/vector-db-benchmark-master/datasets/random-geo-radius-2048-angular/random_geo_100k_no_filters already exists
Experiment stage: Configure
Experiment stage: Upload

0it [00:00, ?it/s]
1it [00:01,  1.36s/it]
704it [00:01, 663.62it/s]
1078it [00:01, 974.77it/s]
1472it [00:01, 1362.02it/s]
1804it [00:01, 1482.78it/s]
2082it [00:02, 1526.02it/s]
2322it [00:02, 1635.07it/s]
2688it [00:02, 2022.42it/s]
3359it [00:02, 3053.61it/s]
4160it [00:02, 4207.70it/s]
4992it [00:02, 5211.96it/s]
5952it [00:02, 6307.39it/s]
6905it [00:02, 7183.55it/s]
7872it [00:02, 7830.22it/s]
8840it [00:03, 8356.01it/s]
9850it [00:03, 8859.44it/s]
10797it [00:03, 9037.31it/s]
11720it [00:03, 9083.16it/s]
12642it [00:03, 9062.67it/s]
13568it [00:03, 8998.63it/s]
14546it [00:03, 9228.06it/s]
15552it [00:03, 9446.07it/s]
16545it [00:03, 9567.93it/s]
17505it [00:04, 7370.13it/s]
18432it [00:04, 7826.33it/s]
19335it [00:04, 8138.32it/s]
20288it [00:04, 8514.43it/s]
21184it [00:04, 8582.72it/s]
22070it [00:04, 8471.35it/s]
22937it [00:04, 8339.41it/s]
23785it [00:04, 8303.80it/s]
24625it [00:04, 8205.48it/s]
25453it [00:04, 8108.55it/s]
26269it [00:05, 8038.00it/s]
27076it [00:05, 7998.80it/s]
27904it [00:05, 8031.63it/s]
28736it [00:05, 8098.09it/s]
29547it [00:05, 7968.65it/s]
30345it [00:05, 7912.87it/s]
31168it [00:05, 7957.49it/s]
32012it [00:05, 8098.94it/s]
32823it [00:06, 5652.08it/s]
33620it [00:06, 6179.44it/s]
34368it [00:06, 6394.54it/s]
35136it [00:06, 6719.70it/s]
35904it [00:06, 6887.77it/s]
36800it [00:06, 7339.71it/s]
37632it [00:06, 7578.86it/s]
38464it [00:06, 7682.20it/s]
39296it [00:06, 7847.59it/s]
40128it [00:06, 7929.09it/s]
40960it [00:07, 7912.74it/s]
41856it [00:07, 8214.26it/s]
42688it [00:07, 8112.14it/s]
43645it [00:07, 8537.27it/s]
44544it [00:07, 8553.64it/s]
45440it [00:07, 8662.00it/s]
46464it [00:07, 9021.38it/s]
47368it [00:07, 5807.55it/s]
48320it [00:08, 6548.56it/s]
49280it [00:08, 7186.34it/s]
50136it [00:08, 7525.22it/s]
50971it [00:08, 7403.93it/s]
51840it [00:08, 7708.42it/s]
52672it [00:08, 7782.04it/s]
53568it [00:08, 8049.73it/s]
54464it [00:08, 8235.61it/s]
55305it [00:08, 8123.64it/s]
56192it [00:09, 8206.34it/s]
57024it [00:09, 8119.50it/s]
57984it [00:09, 8455.93it/s]
58944it [00:09, 8762.48it/s]
59968it [00:09, 9051.21it/s]
60928it [00:09, 6306.97it/s]
61855it [00:09, 6963.20it/s]
62784it [00:09, 7469.70it/s]
63744it [00:09, 8000.30it/s]
64613it [00:10, 8125.42it/s]
65536it [00:10, 8360.34it/s]
66409it [00:10, 8418.15it/s]
67277it [00:10, 8219.95it/s]
68118it [00:10, 8004.82it/s]
68932it [00:10, 8007.03it/s]
69758it [00:10, 8078.40it/s]
70573it [00:10, 7927.63it/s]
71371it [00:10, 7638.74it/s]
72192it [00:11, 7738.05it/s]
72970it [00:11, 7703.47it/s]
73743it [00:11, 7627.83it/s]
74560it [00:11, 7662.06it/s]
75328it [00:11, 7652.21it/s]
76095it [00:11, 5523.84it/s]
76928it [00:11, 6104.93it/s]
77824it [00:11, 6763.89it/s]
78720it [00:11, 7272.16it/s]
79552it [00:12, 7532.33it/s]
80448it [00:12, 7876.20it/s]
81293it [00:12, 8037.24it/s]
82132it [00:12, 8138.11it/s]
83008it [00:12, 8225.06it/s]
83846it [00:12, 8270.08it/s]
84787it [00:12, 8604.29it/s]
85654it [00:12, 8522.32it/s]
86528it [00:12, 8584.09it/s]
87424it [00:13, 8636.61it/s]
88384it [00:13, 8801.82it/s]
89341it [00:13, 9027.47it/s]
90246it [00:13, 6268.17it/s]
91136it [00:13, 6826.33it/s]
91916it [00:13, 6996.86it/s]
92688it [00:13, 7143.98it/s]
93504it [00:13, 7293.83it/s]
94272it [00:13, 7218.21it/s]
95040it [00:14, 7300.01it/s]
95808it [00:14, 7380.73it/s]
96585it [00:14, 7491.61it/s]
97345it [00:14, 7482.27it/s]
98176it [00:14, 7608.83it/s]
98944it [00:14, 7572.83it/s]
99712it [00:14, 7600.08it/s]
100000it [00:14, 6786.17it/s]
Upload time: 15.294635976664722
Total import time: 46.92406009370461
Experiment stage: Search

0it [00:00, ?it/s]
4it [00:00,  5.07it/s]
14it [00:00, 19.27it/s]
44it [00:01, 68.77it/s]
101it [00:01, 169.22it/s]
173it [00:01, 291.23it/s]
239it [00:01, 379.98it/s]
312it [00:01, 468.85it/s]
381it [00:01, 527.14it/s]
460it [00:01, 598.06it/s]
528it [00:01, 611.72it/s]
611it [00:01, 673.11it/s]
698it [00:01, 728.66it/s]
780it [00:02, 753.93it/s]
874it [00:02, 806.82it/s]
967it [00:02, 841.05it/s]
1068it [00:02, 889.64it/s]
1168it [00:02, 921.19it/s]
1270it [00:02, 950.52it/s]
1366it [00:02, 923.06it/s]
1459it [00:02, 878.55it/s]
1557it [00:02, 906.70it/s]
1649it [00:02, 883.10it/s]
1742it [00:03, 886.95it/s]
1832it [00:03, 872.95it/s]
1920it [00:03, 858.14it/s]
2011it [00:03, 871.78it/s]
2099it [00:03, 870.74it/s]
2191it [00:03, 882.15it/s]
2280it [00:03, 863.87it/s]
2367it [00:03, 827.14it/s]
2465it [00:03, 865.54it/s]
2552it [00:04, 850.75it/s]
2638it [00:04, 824.38it/s]
2721it [00:04, 802.70it/s]
2808it [00:04, 819.42it/s]
2891it [00:04, 803.25it/s]
2973it [00:04, 801.90it/s]
3054it [00:04, 799.33it/s]
3147it [00:04, 837.00it/s]
3240it [00:04, 863.86it/s]
3331it [00:04, 874.41it/s]
3419it [00:05, 861.12it/s]
3506it [00:05, 852.11it/s]
3592it [00:05, 852.19it/s]
3678it [00:05, 836.74it/s]
3768it [00:05, 852.84it/s]
3857it [00:05, 863.28it/s]
3947it [00:05, 873.11it/s]
4035it [00:05, 873.32it/s]
4123it [00:05, 861.45it/s]
4215it [00:05, 878.31it/s]
4303it [00:06, 863.64it/s]
4390it [00:06, 799.69it/s]
4471it [00:06, 762.80it/s]
4558it [00:06, 787.28it/s]
4642it [00:06, 783.71it/s]
4726it [00:06, 798.74it/s]
4814it [00:06, 817.41it/s]
4899it [00:06, 825.70it/s]
4985it [00:06, 833.44it/s]
5069it [00:07, 817.76it/s]
5155it [00:07, 827.02it/s]
5242it [00:07, 837.81it/s]
5326it [00:07, 832.46it/s]
5411it [00:07, 836.43it/s]
5495it [00:07, 832.03it/s]
5586it [00:07, 849.59it/s]
5671it [00:07, 833.43it/s]
5755it [00:07, 767.55it/s]
5834it [00:07, 772.59it/s]
5915it [00:08, 781.46it/s]
6011it [00:08, 830.53it/s]
6095it [00:08, 810.57it/s]
6177it [00:08, 800.20it/s]
6271it [00:08, 839.72it/s]
6377it [00:08, 902.28it/s]
6480it [00:08, 937.90it/s]
6586it [00:08, 973.23it/s]
6692it [00:08, 997.15it/s]
6792it [00:09, 957.69it/s]
6889it [00:09, 796.22it/s]
6974it [00:09, 733.55it/s]
7052it [00:09, 690.73it/s]
7124it [00:09, 678.04it/s]
7194it [00:09, 577.80it/s]
7255it [00:09, 575.74it/s]
7336it [00:09, 633.69it/s]
7412it [00:10, 665.29it/s]
7493it [00:10, 703.63it/s]
7566it [00:10, 673.80it/s]
7648it [00:10, 712.58it/s]
7724it [00:10, 725.87it/s]
7807it [00:10, 755.03it/s]
7884it [00:10, 753.54it/s]
7960it [00:10, 730.01it/s]
8034it [00:10, 705.02it/s]
8105it [00:11, 694.47it/s]
8177it [00:11, 700.69it/s]
8248it [00:11, 700.84it/s]
8333it [00:11, 743.59it/s]
8408it [00:11, 730.36it/s]
8482it [00:11, 709.54it/s]
8569it [00:11, 754.31it/s]
8653it [00:11, 765.86it/s]
8737it [00:11, 783.53it/s]
8823it [00:11, 804.31it/s]
8908it [00:12, 816.60it/s]
8990it [00:12, 807.96it/s]
9074it [00:12, 814.60it/s]
9163it [00:12, 836.81it/s]
9247it [00:12, 819.56it/s]
9337it [00:12, 840.35it/s]
9422it [00:12, 836.96it/s]
9511it [00:12, 851.85it/s]
9608it [00:12, 884.35it/s]
9697it [00:12, 881.66it/s]
9791it [00:13, 896.02it/s]
9881it [00:13, 779.78it/s]
9962it [00:13, 759.56it/s]
10000it [00:13, 747.14it/s]
Experiment stage: Done
Results saved to:  /home/dzh/project/vdtuner/vector-db-benchmark-master/results
>>> [Step 5] 收尾工作...
    监控日志已保存。
📊 测试结果摘要:
0.37681
739.0025943215522
0.0038996119285002336
line1:  0.0038996119285002336
line1:  739.0025943215522
line1:  0.37681
numeric_values:  [0.0038996119285002336, 739.0025943215522, 0.37681]
[98] 12271 0.37681 0.0038996119285002336 96
/bin/sh: 1: Syntax error: "(" unexpected
/data/dzh/venv/lib/python3.10/site-packages/botorch/acquisition/multi_objective/monte_carlo.py:110: NumericsWarning: qExpectedHypervolumeImprovement has known numerical issues that lead to suboptimal optimization performance. It is strongly recommended to simply replace

	 qExpectedHypervolumeImprovement 	 --> 	 qLogExpectedHypervolumeImprovement 

instead, which fixes the issues and has the same API. See https://arxiv.org/abs/2310.20708 for details.
  legacy_ei_numerics_warning(legacy_name=type(self).__name__)
--- DEBUG: Starting command:---
=======================================
🛠️  开始测试流程
Engine: milvus-p10 | Dataset: random-geo-radius-2048-angular-no-filters
=======================================
>>> [Step 1] 启动后台监控...
    监控进程 PID: 1764164
>>> [Step 2] 重置 Milvus...
 Container milvus-standalone  Stopping
 Container milvus-standalone  Stopped
 Container milvus-standalone  Removing
 Container milvus-standalone  Removed
 Container milvus-minio  Stopping
 Container milvus-etcd  Stopping
 Container milvus-etcd  Stopped
 Container milvus-etcd  Removing
 Container milvus-etcd  Removed
 Container milvus-minio  Stopped
 Container milvus-minio  Removing
 Container milvus-minio  Removed
 Network milvus  Removing
 Network milvus  Removed
    🧹 清理宿主机数据目录: /home/dzh/project/vdtuner/vector-db-benchmark-master/engine/servers/milvus-single-node/volumes
 Network milvus  Creating
 Network milvus  Created
 Container milvus-minio  Creating
 Container milvus-etcd  Creating
 Container milvus-minio  Created
 Container milvus-etcd  Created
 Container milvus-standalone  Creating
 Container milvus-standalone  Created
 Container milvus-minio  Starting
 Container milvus-etcd  Starting
 Container milvus-minio  Started
 Container milvus-etcd  Started
 Container milvus-standalone  Starting
 Container milvus-standalone  Started
>>> [Step 3] 等待服务启动 (90s)...
    等待中... (10s/120s)
    ✅ Milvus 服务已就绪
>>> [Step 4] 运行 Benchmark...
Running experiment: milvus-p10 - random-geo-radius-2048-angular-no-filters
established connection
/home/dzh/project/vdtuner/vector-db-benchmark-master/datasets/random-geo-radius-2048-angular/random_geo_100k_no_filters already exists
Experiment stage: Configure
Experiment stage: Upload

0it [00:00, ?it/s]
1it [00:00,  1.41it/s]
64it [00:01, 80.68it/s]
512it [00:01, 753.32it/s]
896it [00:01, 1303.81it/s]
1216it [00:01, 1654.35it/s]
1498it [00:01, 1799.29it/s]
1856it [00:01, 2088.51it/s]
2125it [00:01, 2141.41it/s]
2560it [00:01, 2656.86it/s]
2919it [00:01, 2893.88it/s]
3520it [00:01, 3728.17it/s]
3973it [00:02, 3950.13it/s]
4998it [00:02, 5736.98it/s]
5952it [00:02, 6833.44it/s]
6912it [00:02, 7529.86it/s]
7872it [00:02, 8059.70it/s]
8832it [00:02, 8497.45it/s]
9856it [00:02, 8906.73it/s]
10817it [00:02, 9112.58it/s]
11840it [00:02, 9434.57it/s]
12788it [00:03, 9407.31it/s]
13760it [00:03, 9405.49it/s]
14703it [00:03, 9299.55it/s]
15680it [00:03, 9358.01it/s]
16640it [00:03, 9339.73it/s]
17575it [00:03, 7169.40it/s]
18496it [00:03, 7584.52it/s]
19426it [00:03, 8023.78it/s]
20366it [00:03, 8392.21it/s]
21312it [00:04, 8680.76it/s]
22272it [00:04, 8929.79it/s]
23233it [00:04, 9125.29it/s]
24240it [00:04, 9400.10it/s]
25197it [00:04, 9449.92it/s]
26176it [00:04, 9413.25it/s]
27163it [00:04, 9547.22it/s]
28123it [00:04, 9295.07it/s]
29057it [00:04, 9068.94it/s]
30013it [00:04, 9209.92it/s]
30938it [00:05, 9177.41it/s]
31858it [00:05, 7778.36it/s]
32896it [00:05, 8362.80it/s]
33792it [00:05, 8519.17it/s]
34796it [00:05, 8941.93it/s]
35752it [00:05, 9117.14it/s]
36679it [00:05, 9086.49it/s]
37632it [00:05, 9145.22it/s]
38592it [00:05, 9238.72it/s]
39522it [00:06, 9253.17it/s]
40493it [00:06, 9387.35it/s]
41435it [00:06, 9343.29it/s]
42372it [00:06, 9311.72it/s]
43305it [00:06, 9290.78it/s]
44236it [00:06, 9233.48it/s]
45184it [00:06, 9209.71it/s]
46144it [00:06, 9218.92it/s]
47067it [00:07, 6062.81it/s]
48000it [00:07, 6741.14it/s]
48928it [00:07, 7338.49it/s]
49856it [00:07, 7747.45it/s]
50802it [00:07, 8196.87it/s]
51683it [00:07, 8345.82it/s]
52562it [00:07, 8369.31it/s]
53503it [00:07, 8663.96it/s]
54400it [00:07, 8685.40it/s]
55296it [00:07, 8754.13it/s]
56256it [00:08, 8941.86it/s]
57159it [00:08, 8559.17it/s]
58024it [00:08, 8377.57it/s]
58869it [00:08, 8326.30it/s]
59706it [00:08, 8249.86it/s]
60534it [00:08, 8081.61it/s]
61440it [00:08, 8301.01it/s]
62273it [00:08, 6893.06it/s]
63168it [00:08, 7362.01it/s]
64000it [00:09, 7554.29it/s]
64960it [00:09, 8087.60it/s]
65856it [00:09, 8307.06it/s]
66796it [00:09, 8618.73it/s]
67712it [00:09, 8669.22it/s]
68608it [00:09, 8677.01it/s]
69504it [00:09, 8614.52it/s]
70400it [00:09, 8687.86it/s]
71290it [00:09, 8748.58it/s]
72168it [00:09, 8755.71it/s]
73046it [00:10, 8475.55it/s]
73956it [00:10, 8621.35it/s]
74880it [00:10, 8758.90it/s]
75818it [00:10, 8940.85it/s]
76714it [00:10, 7873.94it/s]
77526it [00:10, 7909.14it/s]
78408it [00:10, 8162.27it/s]
79360it [00:10, 8472.01it/s]
80273it [00:10, 8660.48it/s]
81201it [00:11, 8840.51it/s]
82092it [00:11, 8844.86it/s]
82981it [00:11, 8757.73it/s]
83860it [00:11, 8298.95it/s]
84749it [00:11, 8466.80it/s]
85619it [00:11, 8533.51it/s]
86528it [00:11, 8616.40it/s]
87425it [00:11, 8717.88it/s]
88320it [00:11, 8742.66it/s]
89218it [00:11, 8812.01it/s]
90176it [00:12, 8979.74it/s]
91075it [00:12, 5834.97it/s]
91968it [00:12, 6500.96it/s]
92800it [00:12, 6847.30it/s]
93697it [00:12, 7376.41it/s]
94656it [00:12, 7913.58it/s]
95552it [00:12, 8150.49it/s]
96448it [00:12, 8315.27it/s]
97344it [00:13, 8463.95it/s]
98214it [00:13, 8295.11it/s]
99061it [00:13, 8296.37it/s]
99907it [00:13, 8342.67it/s]
100000it [00:13, 7471.10it/s]
Upload time: 13.77542327484116
Total import time: 44.80545420991257
Experiment stage: Search

0it [00:00, ?it/s]
4it [00:00,  5.29it/s]
14it [00:00, 18.23it/s]
43it [00:01, 63.91it/s]
88it [00:01, 138.61it/s]
171it [00:01, 288.39it/s]
260it [00:01, 429.67it/s]
350it [00:01, 548.09it/s]
450it [00:01, 667.05it/s]
544it [00:01, 741.23it/s]
629it [00:01, 735.24it/s]
714it [00:01, 765.00it/s]
809it [00:01, 816.40it/s]
895it [00:02, 746.20it/s]
974it [00:02, 753.11it/s]
1053it [00:02, 740.98it/s]
1129it [00:02, 729.46it/s]
1204it [00:02, 731.66it/s]
1281it [00:02, 741.37it/s]
1358it [00:02, 749.60it/s]
1457it [00:02, 817.74it/s]
1553it [00:02, 859.23it/s]
1642it [00:03, 825.65it/s]
1726it [00:03, 820.42it/s]
1809it [00:03, 712.27it/s]
1890it [00:03, 736.09it/s]
1982it [00:03, 785.97it/s]
2073it [00:03, 820.12it/s]
2171it [00:03, 864.25it/s]
2259it [00:03, 849.02it/s]
2362it [00:03, 900.84it/s]
2462it [00:04, 928.17it/s]
2556it [00:04, 888.82it/s]
2646it [00:04, 839.52it/s]
2735it [00:04, 850.19it/s]
2821it [00:04, 814.95it/s]
2905it [00:04, 817.44it/s]
2992it [00:04, 830.18it/s]
3084it [00:04, 854.10it/s]
3171it [00:04, 857.55it/s]
3267it [00:04, 885.95it/s]
3356it [00:05, 846.76it/s]
3452it [00:05, 877.09it/s]
3544it [00:05, 886.90it/s]
3634it [00:05, 860.06it/s]
3736it [00:05, 904.87it/s]
3827it [00:05, 884.34it/s]
3929it [00:05, 920.68it/s]
4023it [00:05, 925.12it/s]
4116it [00:05, 907.61it/s]
4207it [00:06, 849.66it/s]
4293it [00:06, 795.81it/s]
4374it [00:06, 772.81it/s]
4466it [00:06, 811.75it/s]
4568it [00:06, 869.34it/s]
4665it [00:06, 897.54it/s]
4760it [00:06, 911.55it/s]
4863it [00:06, 943.52it/s]
4967it [00:06, 969.24it/s]
5065it [00:06, 933.82it/s]
5161it [00:07, 939.30it/s]
5264it [00:07, 964.74it/s]
5361it [00:07, 948.24it/s]
5457it [00:07, 931.84it/s]
5551it [00:07, 919.73it/s]
5644it [00:07, 888.84it/s]
5734it [00:07, 862.91it/s]
5821it [00:07, 842.87it/s]
5913it [00:07, 862.45it/s]
6005it [00:08, 877.84it/s]
6094it [00:08, 879.88it/s]
6183it [00:08, 861.83it/s]
6271it [00:08, 834.43it/s]
6366it [00:08, 866.13it/s]
6458it [00:08, 879.03it/s]
6547it [00:08, 865.32it/s]
6638it [00:08, 876.49it/s]
6739it [00:08, 914.44it/s]
6831it [00:08, 905.14it/s]
6922it [00:09, 878.71it/s]
7011it [00:09, 880.77it/s]
7100it [00:09, 878.91it/s]
7190it [00:09, 882.02it/s]
7279it [00:09, 881.57it/s]
7368it [00:09, 879.95it/s]
7458it [00:09, 883.98it/s]
7547it [00:09, 872.61it/s]
7635it [00:10, 503.86it/s]
7711it [00:10, 553.24it/s]
7787it [00:10, 597.98it/s]
7878it [00:10, 671.04it/s]
7967it [00:10, 726.20it/s]
8051it [00:10, 756.26it/s]
8139it [00:10, 789.92it/s]
8223it [00:10, 774.90it/s]
8306it [00:10, 785.33it/s]
8387it [00:11, 759.93it/s]
8465it [00:11, 762.28it/s]
8543it [00:11, 747.79it/s]
8622it [00:11, 757.76it/s]
8703it [00:11, 771.94it/s]
8793it [00:11, 808.72it/s]
8886it [00:11, 843.98it/s]
8979it [00:11, 869.16it/s]
9080it [00:11, 910.04it/s]
9180it [00:12, 935.02it/s]
9274it [00:12, 499.42it/s]
9367it [00:12, 578.51it/s]
9463it [00:12, 656.98it/s]
9565it [00:12, 739.22it/s]
9664it [00:12, 798.78it/s]
9764it [00:12, 849.56it/s]
9858it [00:13, 850.16it/s]
9950it [00:13, 426.89it/s]
10000it [00:13, 737.37it/s]
Experiment stage: Done
Results saved to:  /home/dzh/project/vdtuner/vector-db-benchmark-master/results
>>> [Step 5] 收尾工作...
    监控日志已保存。
📊 测试结果摘要:
0.39022999999999997
732.0837228380633
0.004109709849581122
line1:  0.004109709849581122
line1:  732.0837228380633
line1:  0.39022999999999997
numeric_values:  [0.004109709849581122, 732.0837228380633, 0.39022999999999997]
[99] 12363 0.39022999999999997 0.004109709849581122 91
/bin/sh: 1: Syntax error: "(" unexpected
/data/dzh/venv/lib/python3.10/site-packages/botorch/acquisition/multi_objective/monte_carlo.py:110: NumericsWarning: qExpectedHypervolumeImprovement has known numerical issues that lead to suboptimal optimization performance. It is strongly recommended to simply replace

	 qExpectedHypervolumeImprovement 	 --> 	 qLogExpectedHypervolumeImprovement 

instead, which fixes the issues and has the same API. See https://arxiv.org/abs/2310.20708 for details.
  legacy_ei_numerics_warning(legacy_name=type(self).__name__)
--- DEBUG: Starting command:---
=======================================
🛠️  开始测试流程
Engine: milvus-p10 | Dataset: random-geo-radius-2048-angular-no-filters
=======================================
>>> [Step 1] 启动后台监控...
    监控进程 PID: 1778359
>>> [Step 2] 重置 Milvus...
 Container milvus-standalone  Stopping
 Container milvus-standalone  Stopped
 Container milvus-standalone  Removing
 Container milvus-standalone  Removed
 Container milvus-etcd  Stopping
 Container milvus-minio  Stopping
 Container milvus-etcd  Stopped
 Container milvus-etcd  Removing
 Container milvus-etcd  Removed
 Container milvus-minio  Stopped
 Container milvus-minio  Removing
 Container milvus-minio  Removed
 Network milvus  Removing
 Network milvus  Removed
    🧹 清理宿主机数据目录: /home/dzh/project/vdtuner/vector-db-benchmark-master/engine/servers/milvus-single-node/volumes
 Network milvus  Creating
 Network milvus  Created
 Container milvus-etcd  Creating
 Container milvus-minio  Creating
 Container milvus-etcd  Created
 Container milvus-minio  Created
 Container milvus-standalone  Creating
 Container milvus-standalone  Created
 Container milvus-minio  Starting
 Container milvus-etcd  Starting
 Container milvus-minio  Started
 Container milvus-etcd  Started
 Container milvus-standalone  Starting
 Container milvus-standalone  Started
>>> [Step 3] 等待服务启动 (90s)...
    等待中... (10s/120s)
    ✅ Milvus 服务已就绪
>>> [Step 4] 运行 Benchmark...
Running experiment: milvus-p10 - random-geo-radius-2048-angular-no-filters
established connection
/home/dzh/project/vdtuner/vector-db-benchmark-master/datasets/random-geo-radius-2048-angular/random_geo_100k_no_filters already exists
Experiment stage: Configure
Experiment stage: Upload

0it [00:00, ?it/s]
1it [00:01,  1.04s/it]
665it [00:01, 800.64it/s]
1056it [00:01, 1180.72it/s]
1472it [00:01, 1658.77it/s]
1833it [00:01, 1618.36it/s]
2120it [00:01, 1753.27it/s]
2432it [00:01, 1957.03it/s]
2938it [00:01, 2615.29it/s]
3648it [00:02, 3604.57it/s]
4608it [00:02, 5031.55it/s]
5632it [00:02, 6369.78it/s]
6592it [00:02, 7163.57it/s]
7488it [00:02, 7622.76it/s]
8320it [00:02, 7797.21it/s]
9152it [00:02, 7881.28it/s]
9991it [00:02, 8027.76it/s]
10880it [00:02, 8154.57it/s]
11721it [00:02, 8228.68it/s]
12554it [00:03, 8234.61it/s]
13395it [00:03, 8285.63it/s]
14400it [00:03, 8716.66it/s]
15424it [00:03, 8990.53it/s]
16384it [00:03, 9145.83it/s]
17408it [00:03, 9424.38it/s]
18352it [00:03, 7064.76it/s]
19276it [00:03, 7586.24it/s]
20224it [00:04, 7973.18it/s]
21184it [00:04, 8335.70it/s]
22144it [00:04, 8643.15it/s]
23104it [00:04, 8897.76it/s]
24085it [00:04, 9157.45it/s]
25041it [00:04, 9273.80it/s]
25984it [00:04, 9314.76it/s]
27008it [00:04, 9451.29it/s]
27968it [00:04, 9423.88it/s]
28915it [00:04, 9436.07it/s]
29862it [00:05, 9288.14it/s]
30794it [00:05, 9216.30it/s]
31744it [00:05, 9278.50it/s]
32674it [00:05, 7259.65it/s]
33536it [00:05, 7581.98it/s]
34560it [00:05, 8172.48it/s]
35422it [00:05, 8253.38it/s]
36288it [00:05, 8342.19it/s]
37146it [00:05, 8375.01it/s]
38016it [00:06, 8461.08it/s]
38912it [00:06, 8535.29it/s]
39808it [00:06, 8519.71it/s]
40704it [00:06, 8577.06it/s]
41600it [00:06, 8605.06it/s]
42506it [00:06, 8737.31it/s]
43392it [00:06, 8678.00it/s]
44352it [00:06, 8837.42it/s]
45248it [00:06, 8803.14it/s]
46144it [00:06, 8786.79it/s]
47104it [00:07, 8879.20it/s]
47993it [00:07, 5609.46it/s]
48832it [00:07, 6107.00it/s]
49728it [00:07, 6713.41it/s]
50504it [00:07, 6799.95it/s]
51283it [00:07, 7050.73it/s]
52045it [00:07, 7141.74it/s]
52928it [00:08, 7495.62it/s]
53824it [00:08, 7872.39it/s]
54726it [00:08, 8197.33it/s]
55565it [00:08, 8250.00it/s]
56448it [00:08, 8366.94it/s]
57309it [00:08, 8437.35it/s]
58176it [00:08, 8403.37it/s]
59022it [00:08, 8340.85it/s]
59904it [00:08, 8381.81it/s]
60745it [00:08, 8270.18it/s]
61632it [00:09, 8411.81it/s]
62528it [00:09, 8472.42it/s]
63377it [00:09, 5659.59it/s]
64192it [00:09, 6198.23it/s]
65122it [00:09, 6935.29it/s]
65984it [00:09, 7355.27it/s]
66880it [00:09, 7739.53it/s]
67776it [00:09, 7997.93it/s]
68672it [00:10, 8199.43it/s]
69568it [00:10, 8387.90it/s]
70464it [00:10, 8463.05it/s]
71360it [00:10, 8578.80it/s]
72229it [00:10, 8592.05it/s]
73096it [00:10, 8385.21it/s]
73973it [00:10, 8496.27it/s]
74828it [00:10, 8381.75it/s]
75712it [00:10, 8393.39it/s]
76608it [00:10, 8492.92it/s]
77460it [00:11, 6766.04it/s]
78281it [00:11, 7126.01it/s]
79040it [00:11, 7165.03it/s]
79872it [00:11, 7440.33it/s]
80704it [00:11, 7612.18it/s]
81536it [00:11, 7794.32it/s]
82396it [00:11, 8023.98it/s]
83264it [00:11, 8170.83it/s]
84096it [00:11, 8110.57it/s]
84967it [00:12, 8284.21it/s]
85858it [00:12, 8468.04it/s]
86709it [00:12, 8301.49it/s]
87543it [00:12, 8276.53it/s]
88384it [00:12, 8295.06it/s]
89216it [00:12, 8237.21it/s]
90112it [00:12, 8433.24it/s]
90957it [00:12, 8192.39it/s]
91840it [00:12, 8294.96it/s]
92672it [00:12, 8187.20it/s]
93492it [00:13, 6302.86it/s]
94227it [00:13, 6556.24it/s]
94976it [00:13, 6780.98it/s]
95808it [00:13, 7104.90it/s]
96549it [00:13, 7183.79it/s]
97290it [00:13, 7219.09it/s]
98048it [00:13, 7275.96it/s]
98811it [00:13, 7378.07it/s]
99557it [00:14, 7266.69it/s]
100000it [00:14, 7105.88it/s]
Upload time: 14.622439753264189
Total import time: 44.84338552830741
Experiment stage: Search

0it [00:00, ?it/s]
4it [00:00,  5.20it/s]
14it [00:00, 19.22it/s]
31it [00:00, 45.63it/s]
70it [00:01, 114.63it/s]
158it [00:01, 284.42it/s]
245it [00:01, 425.45it/s]
331it [00:01, 535.82it/s]
400it [00:01, 574.96it/s]
470it [00:01, 608.35it/s]
540it [00:01, 633.64it/s]
609it [00:01, 649.78it/s]
694it [00:01, 707.04it/s]
769it [00:02, 718.89it/s]
843it [00:02, 716.68it/s]
925it [00:02, 744.81it/s]
1006it [00:02, 763.95it/s]
1102it [00:02, 820.63it/s]
1208it [00:02, 889.86it/s]
1307it [00:02, 916.56it/s]
1399it [00:02, 868.23it/s]
1487it [00:02, 856.72it/s]
1574it [00:02, 859.51it/s]
1661it [00:03, 854.95it/s]
1759it [00:03, 888.60it/s]
1855it [00:03, 908.92it/s]
1949it [00:03, 916.35it/s]
2042it [00:03, 919.18it/s]
2135it [00:03, 914.94it/s]
2227it [00:03, 900.53it/s]
2318it [00:03, 868.84it/s]
2406it [00:03, 854.20it/s]
2492it [00:03, 846.56it/s]
2577it [00:04, 812.36it/s]
2659it [00:04, 795.46it/s]
2739it [00:04, 758.76it/s]
2828it [00:04, 794.88it/s]
2918it [00:04, 824.59it/s]
3001it [00:04, 785.50it/s]
3083it [00:04, 792.67it/s]
3174it [00:04, 825.25it/s]
3258it [00:04, 827.81it/s]
3342it [00:05, 798.24it/s]
3432it [00:05, 826.15it/s]
3516it [00:05, 760.46it/s]
3601it [00:05, 783.43it/s]
3697it [00:05, 829.95it/s]
3794it [00:05, 869.49it/s]
3898it [00:05, 916.48it/s]
3994it [00:05, 927.04it/s]
4097it [00:05, 956.76it/s]
4194it [00:05, 935.53it/s]
4288it [00:06, 915.10it/s]
4380it [00:06, 891.70it/s]
4482it [00:06, 927.69it/s]
4582it [00:06, 945.51it/s]
4677it [00:06, 870.13it/s]
4766it [00:06, 820.94it/s]
4850it [00:06, 760.04it/s]
4928it [00:06, 743.79it/s]
5004it [00:07, 748.01it/s]
5090it [00:07, 777.44it/s]
5169it [00:07, 761.80it/s]
5253it [00:07, 783.52it/s]
5332it [00:07, 762.22it/s]
5409it [00:07, 764.03it/s]
5486it [00:07, 762.08it/s]
5563it [00:07, 743.97it/s]
5657it [00:07, 798.50it/s]
5741it [00:07, 805.77it/s]
5824it [00:08, 811.00it/s]
5906it [00:08, 780.46it/s]
5988it [00:08, 789.75it/s]
6070it [00:08, 793.16it/s]
6158it [00:08, 816.94it/s]
6240it [00:08, 795.43it/s]
6320it [00:08, 782.83it/s]
6399it [00:08, 757.71it/s]
6482it [00:08, 776.19it/s]
6560it [00:09, 758.19it/s]
6642it [00:09, 775.45it/s]
6733it [00:09, 813.50it/s]
6815it [00:09, 808.51it/s]
6897it [00:09, 801.34it/s]
6978it [00:09, 774.10it/s]
7068it [00:09, 809.20it/s]
7150it [00:09, 735.35it/s]
7225it [00:09, 661.94it/s]
7305it [00:10, 696.58it/s]
7385it [00:10, 723.98it/s]
7465it [00:10, 744.47it/s]
7541it [00:10, 709.72it/s]
7614it [00:10, 708.90it/s]
7698it [00:10, 745.20it/s]
7774it [00:10, 747.51it/s]
7855it [00:10, 764.27it/s]
7945it [00:10, 803.94it/s]
8031it [00:10, 819.24it/s]
8114it [00:11, 784.88it/s]
8193it [00:11, 759.71it/s]
8270it [00:11, 661.97it/s]
8357it [00:11, 714.84it/s]
8459it [00:11, 794.95it/s]
8541it [00:11, 760.28it/s]
8619it [00:12, 409.45it/s]
8688it [00:12, 457.38it/s]
8751it [00:12, 462.38it/s]
8810it [00:12, 409.46it/s]
8898it [00:12, 503.23it/s]
8960it [00:12, 499.48it/s]
9053it [00:12, 596.96it/s]
9121it [00:13, 440.97it/s]
9177it [00:13, 448.84it/s]
9230it [00:13, 406.70it/s]
9290it [00:13, 438.39it/s]
9358it [00:13, 493.52it/s]
9440it [00:13, 572.34it/s]
9521it [00:13, 633.32it/s]
9610it [00:13, 702.78it/s]
9714it [00:13, 796.68it/s]
9807it [00:14, 832.80it/s]
9909it [00:14, 886.79it/s]
10000it [00:14, 701.32it/s]
Experiment stage: Done
Results saved to:  /home/dzh/project/vdtuner/vector-db-benchmark-master/results
>>> [Step 5] 收尾工作...
    监控日志已保存。
📊 测试结果摘要:
0.38563000000000003
695.9688084906485
0.004270070116035638
line1:  0.004270070116035638
line1:  695.9688084906485
line1:  0.38563000000000003
numeric_values:  [0.004270070116035638, 695.9688084906485, 0.38563000000000003]
[100] 12457 0.38563000000000003 0.004270070116035638 93
/bin/sh: 1: Syntax error: "(" unexpected
/data/dzh/venv/lib/python3.10/site-packages/botorch/acquisition/multi_objective/monte_carlo.py:110: NumericsWarning: qExpectedHypervolumeImprovement has known numerical issues that lead to suboptimal optimization performance. It is strongly recommended to simply replace

	 qExpectedHypervolumeImprovement 	 --> 	 qLogExpectedHypervolumeImprovement 

instead, which fixes the issues and has the same API. See https://arxiv.org/abs/2310.20708 for details.
  legacy_ei_numerics_warning(legacy_name=type(self).__name__)
--- DEBUG: Starting command:---
=======================================
🛠️  开始测试流程
Engine: milvus-p10 | Dataset: random-geo-radius-2048-angular-no-filters
=======================================
>>> [Step 1] 启动后台监控...
    监控进程 PID: 1792579
>>> [Step 2] 重置 Milvus...
 Container milvus-standalone  Stopping
 Container milvus-standalone  Stopped
 Container milvus-standalone  Removing
 Container milvus-standalone  Removed
 Container milvus-etcd  Stopping
 Container milvus-minio  Stopping
 Container milvus-etcd  Stopped
 Container milvus-etcd  Removing
 Container milvus-minio  Stopped
 Container milvus-minio  Removing
 Container milvus-etcd  Removed
 Container milvus-minio  Removed
 Network milvus  Removing
 Network milvus  Removed
    🧹 清理宿主机数据目录: /home/dzh/project/vdtuner/vector-db-benchmark-master/engine/servers/milvus-single-node/volumes
 Network milvus  Creating
 Network milvus  Created
 Container milvus-minio  Creating
 Container milvus-etcd  Creating
 Container milvus-etcd  Created
 Container milvus-minio  Created
 Container milvus-standalone  Creating
 Container milvus-standalone  Created
 Container milvus-minio  Starting
 Container milvus-etcd  Starting
 Container milvus-minio  Started
 Container milvus-etcd  Started
 Container milvus-standalone  Starting
 Container milvus-standalone  Started
>>> [Step 3] 等待服务启动 (90s)...
    等待中... (10s/120s)
    ✅ Milvus 服务已就绪
>>> [Step 4] 运行 Benchmark...
Running experiment: milvus-p10 - random-geo-radius-2048-angular-no-filters
established connection
/home/dzh/project/vdtuner/vector-db-benchmark-master/datasets/random-geo-radius-2048-angular/random_geo_100k_no_filters already exists
Experiment stage: Configure
Experiment stage: Upload

0it [00:00, ?it/s]
1it [00:01,  1.08s/it]
832it [00:01, 966.50it/s]
1293it [00:01, 1281.82it/s]
1663it [00:01, 1642.85it/s]
2021it [00:01, 1751.43it/s]
2324it [00:01, 1969.30it/s]
2623it [00:01, 2093.13it/s]
3264it [00:01, 3039.91it/s]
3776it [00:02, 3458.68it/s]
4544it [00:02, 4476.03it/s]
5568it [00:02, 5941.07it/s]
6561it [00:02, 7016.45it/s]
7488it [00:02, 7569.93it/s]
8448it [00:02, 8082.64it/s]
9472it [00:02, 8574.98it/s]
10467it [00:02, 8969.73it/s]
11456it [00:02, 9117.14it/s]
12480it [00:03, 9348.25it/s]
13479it [00:03, 9507.57it/s]
14438it [00:03, 9270.03it/s]
15422it [00:03, 9434.86it/s]
16371it [00:03, 7058.36it/s]
17323it [00:03, 7642.17it/s]
18290it [00:03, 8155.89it/s]
19200it [00:03, 8335.29it/s]
20212it [00:03, 8779.73it/s]
21127it [00:04, 8800.32it/s]
22099it [00:04, 9060.76it/s]
23040it [00:04, 9104.44it/s]
24000it [00:04, 9114.58it/s]
24922it [00:04, 9076.90it/s]
25853it [00:04, 9144.59it/s]
26773it [00:04, 9084.85it/s]
27685it [00:04, 8978.67it/s]
28625it [00:04, 9101.62it/s]
29568it [00:04, 9135.32it/s]
30561it [00:05, 9369.18it/s]
31500it [00:05, 6396.68it/s]
32406it [00:05, 6992.97it/s]
33216it [00:05, 7254.46it/s]
34112it [00:05, 7678.79it/s]
35072it [00:05, 8089.55it/s]
35930it [00:05, 8100.25it/s]
36774it [00:05, 8098.84it/s]
37608it [00:06, 8036.29it/s]
38464it [00:06, 8138.87it/s]
39296it [00:06, 8103.48it/s]
40128it [00:06, 8133.19it/s]
41017it [00:06, 8353.35it/s]
41949it [00:06, 8637.17it/s]
42880it [00:06, 8810.15it/s]
43764it [00:06, 8696.40it/s]
44636it [00:06, 8287.28it/s]
45470it [00:07, 8111.06it/s]
46285it [00:07, 7969.09it/s]
47104it [00:07, 5525.75it/s]
48000it [00:07, 6239.54it/s]
48832it [00:07, 6662.86it/s]
49600it [00:07, 6900.30it/s]
50432it [00:07, 7180.24it/s]
51347it [00:07, 7713.52it/s]
52189it [00:07, 7910.33it/s]
53007it [00:08, 7884.00it/s]
53888it [00:08, 8131.42it/s]
54744it [00:08, 8254.20it/s]
55580it [00:08, 8240.60it/s]
56412it [00:08, 8218.81it/s]
57239it [00:08, 8177.34it/s]
58094it [00:08, 8286.82it/s]
59008it [00:08, 8515.67it/s]
59891it [00:08, 8608.66it/s]
60800it [00:08, 8678.33it/s]
61669it [00:09, 6483.76it/s]
62531it [00:09, 6997.16it/s]
63449it [00:09, 7554.82it/s]
64384it [00:09, 7959.33it/s]
65344it [00:09, 8325.80it/s]
66240it [00:09, 8408.53it/s]
67200it [00:09, 8614.76it/s]
68096it [00:09, 8637.93it/s]
68992it [00:10, 8719.67it/s]
69888it [00:10, 8786.25it/s]
70784it [00:10, 8709.80it/s]
71739it [00:10, 8955.35it/s]
72639it [00:10, 8894.67it/s]
73536it [00:10, 8789.32it/s]
74437it [00:10, 8853.17it/s]
75392it [00:10, 8991.32it/s]
76293it [00:10, 6274.17it/s]
77184it [00:11, 6806.24it/s]
78068it [00:11, 7300.31it/s]
78976it [00:11, 7652.09it/s]
79872it [00:11, 7907.80it/s]
80768it [00:11, 8178.73it/s]
81726it [00:11, 8571.16it/s]
82624it [00:11, 8588.79it/s]
83584it [00:11, 8834.42it/s]
84544it [00:11, 8949.87it/s]
85449it [00:12, 8919.07it/s]
86348it [00:12, 8915.29it/s]
87296it [00:12, 8963.94it/s]
88256it [00:12, 9033.79it/s]
89162it [00:12, 8887.28it/s]
90090it [00:12, 9001.25it/s]
90992it [00:12, 6536.10it/s]
91926it [00:12, 7190.29it/s]
92867it [00:12, 7745.01it/s]
93784it [00:13, 8119.07it/s]
94656it [00:13, 8273.91it/s]
95616it [00:13, 8529.93it/s]
96512it [00:13, 8626.65it/s]
97396it [00:13, 8660.05it/s]
98277it [00:13, 8330.22it/s]
99123it [00:13, 8308.42it/s]
99963it [00:13, 8162.56it/s]
100000it [00:13, 7242.53it/s]
Upload time: 14.381028418894857
Total import time: 44.387641318608075
Experiment stage: Search

0it [00:00, ?it/s]
4it [00:00,  5.07it/s]
14it [00:00, 18.65it/s]
38it [00:01, 56.71it/s]
71it [00:01, 110.55it/s]
153it [00:01, 266.28it/s]
249it [00:01, 431.45it/s]
318it [00:01, 496.63it/s]
383it [00:01, 537.28it/s]
457it [00:01, 591.52it/s]
545it [00:01, 671.63it/s]
620it [00:01, 689.50it/s]
704it [00:01, 730.89it/s]
781it [00:02, 731.20it/s]
858it [00:02, 742.32it/s]
934it [00:02, 698.98it/s]
1006it [00:02, 665.09it/s]
1089it [00:02, 709.25it/s]
1162it [00:02, 700.44it/s]
1238it [00:02, 715.51it/s]
1321it [00:02, 748.38it/s]
1406it [00:02, 776.86it/s]
1493it [00:02, 803.15it/s]
1574it [00:03, 799.85it/s]
1673it [00:03, 855.58it/s]
1778it [00:03, 912.53it/s]
1879it [00:03, 941.39it/s]
1981it [00:03, 962.79it/s]
2081it [00:03, 971.01it/s]
2179it [00:03, 946.21it/s]
2274it [00:03, 945.36it/s]
2373it [00:03, 957.00it/s]
2469it [00:04, 892.27it/s]
2560it [00:04, 802.04it/s]
2643it [00:04, 800.79it/s]
2725it [00:04, 803.65it/s]
2815it [00:04, 828.30it/s]
2901it [00:04, 837.10it/s]
2986it [00:04, 818.85it/s]
3075it [00:04, 838.77it/s]
3160it [00:04, 839.36it/s]
3245it [00:04, 837.38it/s]
3329it [00:05, 828.08it/s]
3412it [00:05, 798.81it/s]
3502it [00:05, 826.54it/s]
3585it [00:05, 807.77it/s]
3682it [00:05, 853.78it/s]
3786it [00:05, 907.61it/s]
3888it [00:05, 938.62it/s]
3988it [00:05, 953.96it/s]
4084it [00:05, 910.78it/s]
4176it [00:06, 887.56it/s]
4266it [00:06, 880.33it/s]
4355it [00:06, 844.30it/s]
4443it [00:06, 851.96it/s]
4529it [00:06, 784.84it/s]
4623it [00:06, 826.68it/s]
4715it [00:06, 852.41it/s]
4805it [00:06, 859.68it/s]
4895it [00:06, 871.10it/s]
4989it [00:07, 888.40it/s]
5079it [00:07, 852.48it/s]
5177it [00:07, 887.76it/s]
5278it [00:07, 922.46it/s]
5371it [00:07, 921.20it/s]
5467it [00:07, 929.12it/s]
5561it [00:07, 893.50it/s]
5651it [00:07, 836.91it/s]
5738it [00:07, 844.20it/s]
5824it [00:07, 815.77it/s]
5907it [00:08, 748.86it/s]
5984it [00:08, 722.37it/s]
6058it [00:08, 686.31it/s]
6139it [00:08, 716.68it/s]
6218it [00:08, 735.07it/s]
6302it [00:08, 764.03it/s]
6393it [00:08, 805.40it/s]
6476it [00:08, 810.42it/s]
6568it [00:08, 839.40it/s]
6653it [00:09, 800.67it/s]
6735it [00:09, 802.82it/s]
6816it [00:09, 798.15it/s]
6906it [00:09, 826.53it/s]
6989it [00:09, 827.14it/s]
7081it [00:09, 853.67it/s]
7171it [00:09, 865.53it/s]
7270it [00:09, 901.85it/s]
7367it [00:09, 920.78it/s]
7460it [00:09, 911.73it/s]
7552it [00:10, 893.69it/s]
7642it [00:10, 844.93it/s]
7728it [00:10, 772.55it/s]
7818it [00:10, 779.85it/s]
7898it [00:10, 782.33it/s]
7982it [00:10, 797.58it/s]
8075it [00:10, 834.88it/s]
8176it [00:10, 884.30it/s]
8272it [00:10, 899.07it/s]
8363it [00:11, 881.30it/s]
8452it [00:11, 806.66it/s]
8535it [00:11, 782.34it/s]
8620it [00:11, 800.25it/s]
8707it [00:11, 819.30it/s]
8790it [00:11, 811.30it/s]
8883it [00:11, 844.53it/s]
8968it [00:11, 844.98it/s]
9053it [00:11, 834.26it/s]
9137it [00:12, 835.30it/s]
9224it [00:12, 843.88it/s]
9309it [00:12, 820.48it/s]
9393it [00:12, 824.87it/s]
9482it [00:12, 843.48it/s]
9568it [00:12, 847.31it/s]
9653it [00:12, 837.31it/s]
9738it [00:12, 839.78it/s]
9823it [00:12, 832.72it/s]
9907it [00:12, 822.54it/s]
9990it [00:13, 807.73it/s]
10000it [00:13, 764.72it/s]
Experiment stage: Done
Results saved to:  /home/dzh/project/vdtuner/vector-db-benchmark-master/results
>>> [Step 5] 收尾工作...
    监控日志已保存。
📊 测试结果摘要:
0.39865
757.3202950566373
0.004021777119487524
line1:  0.004021777119487524
line1:  757.3202950566373
line1:  0.39865
numeric_values:  [0.004021777119487524, 757.3202950566373, 0.39865]
[101] 12551 0.39865 0.004021777119487524 94
/bin/sh: 1: Syntax error: "(" unexpected
/data/dzh/venv/lib/python3.10/site-packages/botorch/acquisition/multi_objective/monte_carlo.py:110: NumericsWarning: qExpectedHypervolumeImprovement has known numerical issues that lead to suboptimal optimization performance. It is strongly recommended to simply replace

	 qExpectedHypervolumeImprovement 	 --> 	 qLogExpectedHypervolumeImprovement 

instead, which fixes the issues and has the same API. See https://arxiv.org/abs/2310.20708 for details.
  legacy_ei_numerics_warning(legacy_name=type(self).__name__)
--- DEBUG: Starting command:---
=======================================
🛠️  开始测试流程
Engine: milvus-p10 | Dataset: random-geo-radius-2048-angular-no-filters
=======================================
>>> [Step 1] 启动后台监控...
    监控进程 PID: 1806827
>>> [Step 2] 重置 Milvus...
 Container milvus-standalone  Stopping
 Container milvus-standalone  Stopped
 Container milvus-standalone  Removing
 Container milvus-standalone  Removed
 Container milvus-etcd  Stopping
 Container milvus-minio  Stopping
 Container milvus-etcd  Stopped
 Container milvus-etcd  Removing
 Container milvus-etcd  Removed
 Container milvus-minio  Stopped
 Container milvus-minio  Removing
 Container milvus-minio  Removed
 Network milvus  Removing
 Network milvus  Removed
    🧹 清理宿主机数据目录: /home/dzh/project/vdtuner/vector-db-benchmark-master/engine/servers/milvus-single-node/volumes
 Network milvus  Creating
 Network milvus  Created
 Container milvus-minio  Creating
 Container milvus-etcd  Creating
 Container milvus-etcd  Created
 Container milvus-minio  Created
 Container milvus-standalone  Creating
 Container milvus-standalone  Created
 Container milvus-etcd  Starting
 Container milvus-minio  Starting
 Container milvus-minio  Started
 Container milvus-etcd  Started
 Container milvus-standalone  Starting
 Container milvus-standalone  Started
>>> [Step 3] 等待服务启动 (90s)...
    等待中... (10s/120s)
    ✅ Milvus 服务已就绪
>>> [Step 4] 运行 Benchmark...
Running experiment: milvus-p10 - random-geo-radius-2048-angular-no-filters
established connection
/home/dzh/project/vdtuner/vector-db-benchmark-master/datasets/random-geo-radius-2048-angular/random_geo_100k_no_filters already exists
Experiment stage: Configure
Experiment stage: Upload

0it [00:00, ?it/s]
1it [00:00,  1.07it/s]
192it [00:01, 249.70it/s]
704it [00:01, 985.43it/s]
1159it [00:01, 1622.98it/s]
1491it [00:01, 1767.33it/s]
1920it [00:01, 2277.12it/s]
2253it [00:01, 2160.68it/s]
2560it [00:01, 2215.43it/s]
2944it [00:01, 2558.21it/s]
3712it [00:02, 3799.55it/s]
4615it [00:02, 5144.93it/s]
5632it [00:02, 6480.28it/s]
6586it [00:02, 7327.18it/s]
7585it [00:02, 8074.10it/s]
8573it [00:02, 8593.86it/s]
9507it [00:02, 8810.99it/s]
10496it [00:02, 8995.60it/s]
11456it [00:02, 9150.34it/s]
12449it [00:02, 9375.99it/s]
13440it [00:03, 9513.16it/s]
14400it [00:03, 9464.45it/s]
15400it [00:03, 9622.48it/s]
16381it [00:03, 9677.92it/s]
17352it [00:03, 9602.37it/s]
18314it [00:03, 7358.42it/s]
19313it [00:03, 8003.37it/s]
20288it [00:03, 8345.50it/s]
21248it [00:03, 8651.59it/s]
22272it [00:04, 8986.28it/s]
23232it [00:04, 9088.90it/s]
24256it [00:04, 9316.37it/s]
25216it [00:04, 9254.07it/s]
26240it [00:04, 9485.48it/s]
27264it [00:04, 9640.27it/s]
28235it [00:04, 9431.71it/s]
29184it [00:04, 9383.61it/s]
30144it [00:04, 9323.74it/s]
31168it [00:04, 9461.69it/s]
32128it [00:05, 9463.06it/s]
33088it [00:05, 9490.28it/s]
34038it [00:05, 6787.68it/s]
34983it [00:05, 7403.11it/s]
35968it [00:05, 7972.91it/s]
36953it [00:05, 8462.47it/s]
37893it [00:05, 8716.93it/s]
38912it [00:05, 9018.45it/s]
39878it [00:06, 9199.83it/s]
40896it [00:06, 9400.72it/s]
41856it [00:06, 9343.36it/s]
42850it [00:06, 9516.05it/s]
43840it [00:06, 9513.97it/s]
44821it [00:06, 9599.90it/s]
45786it [00:06, 9436.43it/s]
46765it [00:06, 9539.72it/s]
47722it [00:06, 7521.10it/s]
48542it [00:07, 7347.69it/s]
49472it [00:07, 7743.42it/s]
50368it [00:07, 8063.66it/s]
51328it [00:07, 8394.66it/s]
52288it [00:07, 8622.31it/s]
53168it [00:07, 8333.47it/s]
54015it [00:07, 8192.21it/s]
54848it [00:07, 8101.15it/s]
55732it [00:07, 8309.63it/s]
56576it [00:08, 8312.39it/s]
57472it [00:08, 8496.50it/s]
58402it [00:08, 8731.64it/s]
59280it [00:08, 8745.37it/s]
60224it [00:08, 8866.00it/s]
61184it [00:08, 8987.88it/s]
62084it [00:08, 6459.49it/s]
62976it [00:08, 6936.12it/s]
63936it [00:08, 7517.57it/s]
64755it [00:09, 7675.98it/s]
65664it [00:09, 7937.81it/s]
66560it [00:09, 8122.79it/s]
67456it [00:09, 8278.42it/s]
68304it [00:09, 8273.73it/s]
69184it [00:09, 8370.98it/s]
70128it [00:09, 8679.13it/s]
71004it [00:09, 8291.38it/s]
71872it [00:09, 8374.94it/s]
72768it [00:09, 8463.76it/s]
73664it [00:10, 8498.49it/s]
74560it [00:10, 8545.94it/s]
75520it [00:10, 8794.06it/s]
76480it [00:10, 8953.63it/s]
77377it [00:10, 6126.59it/s]
78272it [00:10, 6704.36it/s]
79232it [00:10, 7379.57it/s]
80132it [00:10, 7791.72it/s]
81024it [00:11, 8085.47it/s]
81942it [00:11, 8386.95it/s]
82820it [00:11, 8031.06it/s]
83693it [00:11, 8223.49it/s]
84544it [00:11, 8225.82it/s]
85504it [00:11, 8548.39it/s]
86400it [00:11, 8634.70it/s]
87273it [00:11, 8627.11it/s]
88184it [00:11, 8767.88it/s]
89088it [00:12, 8706.72it/s]
89962it [00:12, 8696.50it/s]
90834it [00:12, 8454.37it/s]
91683it [00:12, 8426.67it/s]
92528it [00:12, 7380.78it/s]
93290it [00:12, 7258.75it/s]
94032it [00:12, 7199.20it/s]
94848it [00:12, 7350.40it/s]
95616it [00:12, 7396.22it/s]
96384it [00:12, 7440.35it/s]
97280it [00:13, 7781.17it/s]
98176it [00:13, 8049.30it/s]
99136it [00:13, 8400.74it/s]
100000it [00:13, 7458.46it/s]
Upload time: 13.80813460657373
Total import time: 44.21613475494087
Experiment stage: Search

0it [00:00, ?it/s]
4it [00:00,  5.43it/s]
10it [00:00, 14.01it/s]
30it [00:00, 47.85it/s]
58it [00:01, 95.93it/s]
110it [00:01, 192.31it/s]
184it [00:01, 325.48it/s]
272it [00:01, 468.57it/s]
358it [00:01, 573.46it/s]
440it [00:01, 638.31it/s]
520it [00:01, 680.57it/s]
594it [00:01, 663.10it/s]
669it [00:01, 686.78it/s]
743it [00:01, 701.07it/s]
833it [00:02, 757.38it/s]
923it [00:02, 798.03it/s]
1005it [00:02, 713.26it/s]
1104it [00:02, 787.19it/s]
1186it [00:02, 699.89it/s]
1260it [00:02, 707.93it/s]
1350it [00:02, 758.44it/s]
1437it [00:02, 789.02it/s]
1528it [00:02, 820.49it/s]
1612it [00:03, 742.04it/s]
1702it [00:03, 784.58it/s]
1792it [00:03, 814.58it/s]
1884it [00:03, 843.20it/s]
1977it [00:03, 866.48it/s]
2065it [00:03, 813.90it/s]
2155it [00:03, 835.43it/s]
2240it [00:03, 785.75it/s]
2320it [00:03, 775.15it/s]
2400it [00:04, 780.98it/s]
2490it [00:04, 813.64it/s]
2579it [00:04, 831.28it/s]
2667it [00:04, 844.48it/s]
2752it [00:04, 785.77it/s]
2832it [00:04, 751.42it/s]
2919it [00:04, 782.34it/s]
3016it [00:04, 834.37it/s]
3115it [00:04, 878.63it/s]
3209it [00:05, 892.53it/s]
3299it [00:05, 887.29it/s]
3391it [00:05, 895.58it/s]
3481it [00:05, 758.75it/s]
3562it [00:05, 769.03it/s]
3646it [00:05, 785.00it/s]
3727it [00:05, 779.19it/s]
3807it [00:05, 725.27it/s]
3892it [00:05, 756.36it/s]
3976it [00:06, 779.26it/s]
4056it [00:06, 782.88it/s]
4142it [00:06, 802.02it/s]
4225it [00:06, 807.11it/s]
4307it [00:06, 747.00it/s]
4389it [00:06, 765.48it/s]
4479it [00:06, 803.14it/s]
4566it [00:06, 820.68it/s]
4650it [00:06, 825.50it/s]
4740it [00:06, 846.85it/s]
4833it [00:07, 867.87it/s]
4921it [00:07, 820.53it/s]
5004it [00:07, 811.11it/s]
5086it [00:07, 805.13it/s]
5170it [00:07, 809.53it/s]
5255it [00:07, 819.75it/s]
5344it [00:07, 839.93it/s]
5439it [00:07, 868.90it/s]
5532it [00:07, 886.88it/s]
5621it [00:08, 877.51it/s]
5709it [00:08, 847.85it/s]
5798it [00:08, 859.03it/s]
5885it [00:08, 847.79it/s]
5974it [00:08, 859.20it/s]
6062it [00:08, 860.93it/s]
6162it [00:08, 898.90it/s]
6253it [00:08, 900.14it/s]
6344it [00:08, 869.74it/s]
6432it [00:08, 853.91it/s]
6518it [00:09, 815.65it/s]
6600it [00:09, 799.01it/s]
6691it [00:09, 830.30it/s]
6775it [00:09, 828.47it/s]
6859it [00:09, 825.67it/s]
6942it [00:09, 787.30it/s]
7026it [00:09, 801.32it/s]
7107it [00:09, 793.45it/s]
7187it [00:09, 755.19it/s]
7263it [00:10, 726.28it/s]
7340it [00:10, 735.92it/s]
7416it [00:10, 737.92it/s]
7491it [00:10, 730.76it/s]
7565it [00:10, 730.25it/s]
7645it [00:10, 750.27it/s]
7724it [00:10, 760.31it/s]
7805it [00:10, 772.87it/s]
7892it [00:10, 800.30it/s]
7978it [00:10, 817.17it/s]
8065it [00:11, 831.55it/s]
8149it [00:11, 804.43it/s]
8231it [00:11, 808.67it/s]
8313it [00:11, 811.51it/s]
8395it [00:11, 810.16it/s]
8477it [00:11, 792.81it/s]
8557it [00:11, 758.68it/s]
8634it [00:11, 747.78it/s]
8710it [00:11, 746.29it/s]
8785it [00:11, 744.93it/s]
8864it [00:12, 757.86it/s]
8946it [00:12, 774.46it/s]
9024it [00:12, 756.00it/s]
9100it [00:12, 732.49it/s]
9174it [00:12, 731.32it/s]
9248it [00:12, 729.39it/s]
9322it [00:12, 718.20it/s]
9394it [00:12, 715.52it/s]
9472it [00:12, 732.42it/s]
9546it [00:13, 725.97it/s]
9619it [00:13, 722.57it/s]
9692it [00:13, 707.44it/s]
9763it [00:13, 680.59it/s]
9835it [00:13, 690.00it/s]
9918it [00:13, 728.83it/s]
9994it [00:13, 733.81it/s]
10000it [00:13, 731.29it/s]
Experiment stage: Done
Results saved to:  /home/dzh/project/vdtuner/vector-db-benchmark-master/results
>>> [Step 5] 收尾工作...
    监控日志已保存。
📊 测试结果摘要:
0.37981
724.6473155515542
0.003939031763002275
line1:  0.003939031763002275
line1:  724.6473155515542
line1:  0.37981
numeric_values:  [0.003939031763002275, 724.6473155515542, 0.37981]
[102] 12645 0.37981 0.003939031763002275 93
/bin/sh: 1: Syntax error: "(" unexpected
/data/dzh/venv/lib/python3.10/site-packages/botorch/acquisition/multi_objective/monte_carlo.py:110: NumericsWarning: qExpectedHypervolumeImprovement has known numerical issues that lead to suboptimal optimization performance. It is strongly recommended to simply replace

	 qExpectedHypervolumeImprovement 	 --> 	 qLogExpectedHypervolumeImprovement 

instead, which fixes the issues and has the same API. See https://arxiv.org/abs/2310.20708 for details.
  legacy_ei_numerics_warning(legacy_name=type(self).__name__)
--- DEBUG: Starting command:---
=======================================
🛠️  开始测试流程
Engine: milvus-p10 | Dataset: random-geo-radius-2048-angular-no-filters
=======================================
>>> [Step 1] 启动后台监控...
    监控进程 PID: 1820656
>>> [Step 2] 重置 Milvus...
 Container milvus-standalone  Stopping
 Container milvus-standalone  Stopped
 Container milvus-standalone  Removing
 Container milvus-standalone  Removed
 Container milvus-etcd  Stopping
 Container milvus-minio  Stopping
 Container milvus-etcd  Stopped
 Container milvus-etcd  Removing
 Container milvus-minio  Stopped
 Container milvus-minio  Removing
 Container milvus-etcd  Removed
 Container milvus-minio  Removed
 Network milvus  Removing
 Network milvus  Removed
    🧹 清理宿主机数据目录: /home/dzh/project/vdtuner/vector-db-benchmark-master/engine/servers/milvus-single-node/volumes
 Network milvus  Creating
 Network milvus  Created
 Container milvus-minio  Creating
 Container milvus-etcd  Creating
 Container milvus-etcd  Created
 Container milvus-minio  Created
 Container milvus-standalone  Creating
 Container milvus-standalone  Created
 Container milvus-minio  Starting
 Container milvus-etcd  Starting
 Container milvus-minio  Started
 Container milvus-etcd  Started
 Container milvus-standalone  Starting
 Container milvus-standalone  Started
>>> [Step 3] 等待服务启动 (90s)...
    等待中... (10s/120s)
    ✅ Milvus 服务已就绪
>>> [Step 4] 运行 Benchmark...
Running experiment: milvus-p10 - random-geo-radius-2048-angular-no-filters
established connection
/home/dzh/project/vdtuner/vector-db-benchmark-master/datasets/random-geo-radius-2048-angular/random_geo_100k_no_filters already exists
Experiment stage: Configure
Experiment stage: Upload

0it [00:00, ?it/s]
1it [00:00,  1.64it/s]
64it [00:00, 84.09it/s]
232it [00:01, 337.28it/s]
768it [00:01, 1241.29it/s]
1152it [00:01, 1756.74it/s]
1536it [00:01, 2188.10it/s]
1847it [00:01, 2278.23it/s]
2240it [00:01, 2619.80it/s]
2553it [00:01, 2734.24it/s]
2944it [00:01, 3024.02it/s]
3520it [00:01, 3721.03it/s]
4160it [00:02, 4438.73it/s]
4864it [00:02, 5098.66it/s]
5504it [00:02, 5455.74it/s]
6592it [00:02, 6993.62it/s]
7552it [00:02, 7682.71it/s]
8512it [00:02, 8160.72it/s]
9600it [00:02, 8851.80it/s]
10496it [00:02, 8843.78it/s]
11520it [00:02, 9197.71it/s]
12488it [00:02, 9338.93it/s]
13429it [00:03, 9359.42it/s]
14464it [00:03, 9605.54it/s]
15488it [00:03, 9750.17it/s]
16464it [00:03, 5869.32it/s]
17472it [00:03, 6711.07it/s]
18496it [00:03, 7461.26it/s]
19518it [00:03, 8128.17it/s]
20518it [00:03, 8608.42it/s]
21504it [00:04, 8893.80it/s]
22464it [00:04, 9030.28it/s]
23424it [00:04, 9119.89it/s]
24384it [00:04, 9122.84it/s]
25344it [00:04, 9146.95it/s]
26275it [00:04, 9082.77it/s]
27195it [00:04, 9052.58it/s]
28109it [00:04, 8936.28it/s]
29048it [00:04, 9067.58it/s]
29973it [00:04, 9120.76it/s]
30912it [00:05, 9178.78it/s]
31833it [00:05, 5711.56it/s]
32743it [00:05, 6416.05it/s]
33618it [00:05, 6950.59it/s]
34624it [00:05, 7658.43it/s]
35584it [00:05, 8114.47it/s]
36581it [00:05, 8613.37it/s]
37500it [00:06, 8748.03it/s]
38416it [00:06, 8822.83it/s]
39360it [00:06, 8894.85it/s]
40270it [00:06, 8883.57it/s]
41173it [00:06, 8790.41it/s]
42063it [00:06, 8613.16it/s]
42932it [00:06, 8533.63it/s]
43791it [00:06, 8300.41it/s]
44626it [00:06, 7914.74it/s]
45423it [00:06, 7677.23it/s]
46195it [00:07, 7659.10it/s]
46964it [00:07, 6644.16it/s]
47808it [00:07, 7071.25it/s]
48640it [00:07, 7403.46it/s]
49473it [00:07, 7660.43it/s]
50330it [00:07, 7918.97it/s]
51264it [00:07, 8252.06it/s]
52224it [00:07, 8560.90it/s]
53184it [00:07, 8787.53it/s]
54144it [00:08, 9011.16it/s]
55104it [00:08, 9146.12it/s]
56061it [00:08, 9270.89it/s]
56991it [00:08, 9071.33it/s]
57920it [00:08, 9004.95it/s]
58823it [00:08, 9011.17it/s]
59726it [00:08, 9014.09it/s]
60726it [00:08, 9305.18it/s]
61658it [00:09, 5606.12it/s]
62656it [00:09, 6422.92it/s]
63616it [00:09, 7075.74it/s]
64512it [00:09, 7493.15it/s]
65452it [00:09, 7978.46it/s]
66330it [00:09, 8029.86it/s]
67189it [00:09, 8135.77it/s]
68043it [00:09, 7908.79it/s]
68864it [00:09, 7863.12it/s]
69671it [00:10, 7896.63it/s]
70475it [00:10, 7785.54it/s]
71296it [00:10, 7808.96it/s]
72128it [00:10, 7905.48it/s]
73024it [00:10, 8099.88it/s]
73938it [00:10, 8401.13it/s]
74816it [00:10, 8476.26it/s]
75667it [00:10, 7057.73it/s]
76608it [00:10, 7644.21it/s]
77504it [00:11, 7985.15it/s]
78400it [00:11, 8153.30it/s]
79296it [00:11, 8360.93it/s]
80256it [00:11, 8537.44it/s]
81216it [00:11, 8724.64it/s]
82112it [00:11, 8700.10it/s]
82988it [00:11, 8701.20it/s]
83867it [00:11, 8726.37it/s]
84800it [00:11, 8864.99it/s]
85760it [00:11, 8989.65it/s]
86661it [00:12, 8933.69it/s]
87556it [00:12, 8915.03it/s]
88449it [00:12, 8789.68it/s]
89344it [00:12, 8770.98it/s]
90222it [00:12, 6061.33it/s]
91072it [00:12, 6547.96it/s]
91968it [00:12, 7108.98it/s]
92869it [00:12, 7593.33it/s]
93824it [00:13, 8018.41it/s]
94720it [00:13, 8164.29it/s]
95571it [00:13, 8165.21it/s]
96448it [00:13, 8323.23it/s]
97362it [00:13, 8557.11it/s]
98304it [00:13, 8785.09it/s]
99256it [00:13, 8999.09it/s]
100000it [00:13, 7290.31it/s]
Upload time: 14.147327900864184
Total import time: 44.53902677586302
Experiment stage: Search

0it [00:00, ?it/s]
4it [00:00,  5.11it/s]
14it [00:00, 19.42it/s]
39it [00:01, 59.94it/s]
65it [00:01, 100.04it/s]
130it [00:01, 220.45it/s]
214it [00:01, 368.53it/s]
286it [00:01, 455.63it/s]
356it [00:01, 517.93it/s]
423it [00:01, 557.29it/s]
498it [00:01, 608.88it/s]
572it [00:01, 645.61it/s]
648it [00:01, 673.76it/s]
727it [00:02, 707.00it/s]
800it [00:02, 710.56it/s]
878it [00:02, 730.85it/s]
953it [00:02, 721.41it/s]
1032it [00:02, 739.67it/s]
1107it [00:02, 723.03it/s]
1180it [00:02, 620.00it/s]
1257it [00:02, 659.21it/s]
1337it [00:02, 694.85it/s]
1412it [00:02, 708.87it/s]
1493it [00:03, 737.57it/s]
1595it [00:03, 817.53it/s]
1678it [00:03, 804.59it/s]
1760it [00:03, 757.65it/s]
1837it [00:03, 747.41it/s]
1921it [00:03, 773.13it/s]
1999it [00:03, 765.92it/s]
2077it [00:03, 749.94it/s]
2153it [00:03, 729.89it/s]
2233it [00:04, 749.25it/s]
2319it [00:04, 778.00it/s]
2398it [00:04, 693.65it/s]
2470it [00:04, 671.53it/s]
2559it [00:04, 711.91it/s]
2637it [00:04, 727.22it/s]
2720it [00:04, 752.94it/s]
2804it [00:04, 776.98it/s]
2883it [00:04, 765.79it/s]
2963it [00:05, 771.61it/s]
3043it [00:05, 777.86it/s]
3122it [00:05, 756.25it/s]
3200it [00:05, 762.80it/s]
3277it [00:05, 752.41it/s]
3353it [00:05, 749.03it/s]
3429it [00:05, 732.30it/s]
3503it [00:05, 731.58it/s]
3577it [00:05, 730.22it/s]
3653it [00:05, 738.29it/s]
3727it [00:06, 726.77it/s]
3811it [00:06, 759.17it/s]
3888it [00:06, 760.86it/s]
3981it [00:06, 808.65it/s]
4080it [00:06, 860.40it/s]
4167it [00:06, 859.14it/s]
4253it [00:06, 854.59it/s]
4339it [00:06, 806.71it/s]
4423it [00:06, 814.71it/s]
4505it [00:07, 811.54it/s]
4587it [00:07, 773.57it/s]
4665it [00:07, 767.66it/s]
4743it [00:07, 694.17it/s]
4814it [00:07, 634.66it/s]
4896it [00:07, 676.58it/s]
4980it [00:07, 720.07it/s]
5067it [00:07, 760.97it/s]
5145it [00:07, 736.09it/s]
5233it [00:08, 775.77it/s]
5312it [00:08, 750.42it/s]
5388it [00:08, 745.60it/s]
5475it [00:08, 779.60it/s]
5554it [00:08, 778.04it/s]
5633it [00:08, 778.15it/s]
5712it [00:08, 768.36it/s]
5790it [00:08, 756.71it/s]
5874it [00:08, 778.47it/s]
5961it [00:08, 800.43it/s]
6042it [00:09, 799.39it/s]
6126it [00:09, 809.06it/s]
6207it [00:09, 806.96it/s]
6288it [00:09, 792.75it/s]
6371it [00:09, 803.03it/s]
6460it [00:09, 827.99it/s]
6556it [00:09, 866.68it/s]
6657it [00:09, 909.13it/s]
6754it [00:09, 926.71it/s]
6847it [00:10, 575.62it/s]
6922it [00:10, 373.70it/s]
6980it [00:10, 405.15it/s]
7038it [00:10, 428.99it/s]
7113it [00:10, 493.19it/s]
7177it [00:10, 525.91it/s]
7242it [00:11, 555.52it/s]
7306it [00:11, 566.88it/s]
7371it [00:11, 587.39it/s]
7448it [00:11, 637.16it/s]
7529it [00:11, 684.03it/s]
7603it [00:11, 699.72it/s]
7684it [00:11, 731.32it/s]
7772it [00:11, 772.61it/s]
7867it [00:11, 823.60it/s]
7954it [00:12, 836.45it/s]
8039it [00:12, 780.74it/s]
8119it [00:12, 752.22it/s]
8196it [00:12, 736.82it/s]
8271it [00:12, 736.04it/s]
8346it [00:12, 698.62it/s]
8417it [00:12, 690.68it/s]
8487it [00:12, 667.01it/s]
8555it [00:12, 665.99it/s]
8629it [00:13, 686.10it/s]
8701it [00:13, 693.09it/s]
8787it [00:13, 739.47it/s]
8867it [00:13, 753.17it/s]
8943it [00:13, 747.23it/s]
9023it [00:13, 753.20it/s]
9102it [00:13, 763.80it/s]
9181it [00:13, 769.61it/s]
9259it [00:13, 759.08it/s]
9335it [00:13, 745.42it/s]
9410it [00:14, 429.39it/s]
9488it [00:14, 496.20it/s]
9558it [00:14, 539.15it/s]
9624it [00:14, 557.06it/s]
9706it [00:14, 621.32it/s]
9776it [00:14, 637.03it/s]
9849it [00:14, 659.95it/s]
9933it [00:14, 709.54it/s]
10000it [00:15, 662.39it/s]
Experiment stage: Done
Results saved to:  /home/dzh/project/vdtuner/vector-db-benchmark-master/results
>>> [Step 5] 收尾工作...
    监控日志已保存。
📊 测试结果摘要:
0.40005999999999997
657.6310602294717
0.004203999741002916
line1:  0.004203999741002916
line1:  657.6310602294717
line1:  0.40005999999999997
numeric_values:  [0.004203999741002916, 657.6310602294717, 0.40005999999999997]
[103] 12752 0.40005999999999997 0.004203999741002916 107
